tree
version=v4
num_class=1
num_tree_per_iteration=1
label_index=0
max_feature_idx=42
objective=lambdarank
feature_names=x_norm y_norm radius_norm vx_norm vy_norm speed_norm orientation_sin orientation_cos orientation_known angular_velocity_norm translation_residual_norm rotation_residual_norm rotation_score_norm direction_score_norm speed_score_norm rigidity_score_norm motion_reliability visible_streak_norm lost_frames_norm appearance_distance association_quality yolo_confidence is_current_target bg_certified distance_to_centroid_norm speed_minus_peer_median_norm rotation_score_peer_z direction_score_peer_z rigidity_score_peer_z appearance_peer_z history_mean_speed_norm history_mean_angular_velocity_norm history_mean_translation_residual_norm history_mean_rotation_score_norm history_mean_direction_score_norm history_mean_appearance_distance history_std_speed_norm history_std_angular_velocity_norm history_std_translation_residual_norm history_std_rotation_score_norm history_std_direction_score_norm history_std_appearance_distance history_length_norm
feature_infos=[0.023437527939677238:0.97688722610473633] [0.034432891756296158:0.96392875909805298] [0.053096525371074677:0.1973479837179184] [-0.0080459257587790489:0.009354742243885994] [-0.0070236730389297009:0.0059997495263814926] [1.6123552768476657e-06:0.0093742832541465759] [-0.99997174739837646:0.99999529123306274] [-0.99999368190765381:1] none [-0.54599446058273315:0.55592876672744751] [0:0.092281647026538849] none [0:0.072172954678535461] [0:0.99946087598800659] [0:0.11707045137882233] [0:0.0078225545585155487] [0:0.99996823072433472] [0.033333331346511841:1] none [0.00012260675430297852:2] [0.00039127969648689032:0.99996823072433472] [0:0.99794524908065796] [0:1] none [0.00074696843512356281:0.48266205191612244] [-0.0052215233445167542:0.0059342398308217525] [-1.4680711030960083:4.1000180244445801] [-2.1915533542633057:4.0590243339538574] [-0.9187544584274292:4.2065086364746094] [-3.0406723022460938:3.4346854686737061] [8.0617763842383283e-07:0.0079342853277921677] [-0.28176912665367126:0.4193059504032135] [0:0.14316053688526154] [0:0.072172954678535461] [0:0.90268337726593018] [3.9807386201573536e-05:2] [8.0617763842383283e-07:0.0031374881509691477] [0:0.28885024785995483] [0:0.085645973682403564] [0:0.033846057951450348] [0:0.49838733673095703] [0:0.99925148487091064] [0.125:1]
tree_sizes=2621 2925 2939 2727 3029 3048 3345 3344 2939 3264 3030 3044 2626 2827 3253 3037 2929 3266 3375 3039 2736 2519 2837 2955 3276 2939 3048 3160 3054 2727 2731 3248 3044 3053 2942 2719 2729 2830 3149 2614 2512 3152 2719 2944 2627 3164 2631 3258 2619 3286 2824 3152 3374 2733 2520 3181 2833 2735 3265 3049

Tree=0
num_leaves=23
num_cat=0
split_feature=31 16 22 38 2 0 30 36 30 30 2 2 3 29 2 1 32 31 40 9 34 27
split_gain=2491.73 1238.26 549.368 261.301 247.788 243.706 110.036 117.473 84.934 76.8492 73.9288 36.9474 33.8791 30.4719 29.9557 23.2531 14.5793 12.9589 3.16868 6.7058 1.96825 1.91921
threshold=0.037376912310719497 0.98084324598312389 1.0000000180025095e-35 0.0035549283493310217 0.11981283873319627 0.90531975030899059 0.0031597313936799769 0.00053025805391371261 0.0044841971248388299 0.0026392390718683605 0.10051277279853822 0.12587991356849673 0.0017452143365517261 0.80717387795448314 0.10773930698633195 0.26625956594944006 0.0070609599351882943 0.20725982636213305 0.15201202780008319 0.0048026505392044791 0.28679421544075018 2.9180650711059575
decision_type=2 2 2 2 2 2 2 2 2 2 2 2 2 2 2 2 2 2 2 2 2 2
left_child=1 4 3 9 14 8 12 -8 10 -3 17 -5 -6 -12 21 -16 -10 -2 19 -4 -7 -1
right_child=5 2 18 11 6 20 7 -9 16 -11 13 -13 -14 -15 15 -17 -18 -19 -20 -21 -22 -23
leaf_value=-0.096739812164317429 -0.08664357429473997 -0.050089833318305257 0.0085286500011786288 -0.065645724105327638 0.077823449849435525 -0.094832515574743592 -0.024257614018796073 0.066054191337860807 -0.08808037534585389 -0.093244979788775773 0.091646636667947368 0.041513756019541659 0.0065713915026851576 0.020174836226810607 0.017846161390135798 -0.069849905227987716 0.039569595763853105 0.056084318070773333 0.09259645983535035 0.080358649544108401 -0.010118880617485159 -0.011473701342919612
leaf_weight=29.673079294851053 6.487032998702488 125.2860988030443 5.2646827786229542 8.7107560589211044 193.42117824329762 18.35177579079755 82.033643450937234 62.662701866240241 7.3895259206183237 708.47976860508788 597.40841975074727 47.595377701334655 18.461059236433357 15.957340897643006 15.709261490963401 13.025183459045364 2.3886323925107718 1.2770909070968626 39.416510182665661 8.7479814365506154 0.97482828760985185 0.96919727744534512
leaf_count=1222 265 4000 68 267 1168 772 1642 438 143 17952 1996 506 306 213 284 418 17 3 112 35 20 25
internal_value=-0.000268927 -0.0387693 -0.0704308 -0.0797928 0.0330444 0.0801604 0.0487988 0.0150381 0.0855478 -0.086828 0.0878647 0.0240796 0.0716754 0.0898231 -0.0608076 -0.0229183 -0.0561196 -0.0594462 0.0841312 0.0557372 -0.0912676 -0.0944907
internal_weight=2009.69 1359.46 943.501 890.072 415.955 650.235 356.579 144.696 630.908 833.766 621.13 56.3061 211.882 613.366 59.3767 28.7344 9.77816 7.76412 53.4292 14.0127 19.3266 30.6423
internal_count=31872 28443 22940 22725 5503 3429 3554 2080 2637 21952 2477 773 1474 2209 1949 702 160 268 215 103 792 1247
is_linear=0
shrinkage=0.05


Tree=1
num_leaves=26
num_cat=0
split_feature=34 7 16 30 2 38 19 1 30 39 24 26 0 2 35 38 0 40 34 19 34 31 1 41 17
split_gain=5660.4 2102.21 2078.63 934.031 587.422 547.122 405.747 352.497 302.855 284.488 275.365 196.831 166.224 161.406 136.24 134.456 127.644 112.427 97.368 140.937 80.0064 20.438 13.9582 12.2757 9.78936
threshold=0.24333363026380542 0.89425009489059459 0.97203209996223461 0.0031272314954549079 0.12249197438359262 0.0058516415301710376 0.0034932494163513188 0.33192814886569982 0.0038368580862879757 0.0041434669401496657 0.22155421227216723 -0.050783922895789139 0.37640704214572912 0.1087399832904339 0.012372157070785763 0.021482250653207306 0.79849058389663707 0.14004287868738177 0.35556218028068548 0.034976482391357429 0.13135586678981784 -0.05099609121680259 0.55834957957267772 0.004982555517926813 0.058333335444331176
decision_type=2 2 2 2 2 2 2 2 2 2 2 2 2 2 2 2 2 2 2 2 2 2 2 2 2
left_child=1 3 4 11 10 6 -4 -6 13 20 -3 17 22 14 -2 -7 23 -1 19 -15 -5 -13 -10 -14 -20
right_child=8 2 5 9 7 15 -8 -9 12 -11 -12 21 16 18 -16 -17 -18 -19 24 -21 -22 -23 -24 -25 -26
leaf_value=-0.074486335553653263 0.072972187638625771 0.030690783592837875 0.070701877703714874 -0.088632603109967859 0.063519557858230505 0.047574907303046331 -0.074258622415815156 -0.0015423111418964176 0.030084171471558438 0.070285417752939311 -0.085750616654466094 0.051643135822950048 -0.096001795296325354 0.084192589536733115 -0.090941730417540514 -0.08041970940240184 0.069555998720742335 0.04660637277703885 0.067743862086593984 0.036509633603506633 -0.02447765759350851 0.08963184250088535 0.082238376303387012 -0.025400365398291866 0.091587508835379583
leaf_weight=28.995480204932392 23.799421910196543 70.254583662375808 48.416178613901138 126.05461677443236 466.2977434201166 124.73691422119737 2663.037293684436 375.35779059957713 22.824656771495938 47.916271694004536 178.14463792555034 43.296179657801986 47.900033032521605 398.16680238954723 24.952110439538956 23.581485565751791 16.204410078004003 52.105142645537853 59.824977695941925 257.38921622186899 80.319017605856061 484.81200137361884 34.342549279332161 8.0423617251217348 1013.3997429125011
leaf_count=149 32 206 82 1302 643 260 23056 1246 60 66 1530 118 256 342 213 176 28 84 65 511 332 406 36 36 711
internal_value=0.000188972 -0.0286941 -0.0441431 0.0419423 0.014598 -0.0665306 -0.0716451 0.0345362 0.0730734 -0.0384409 -0.0528266 0.075503 -0.000799925 0.078445 -0.0110642 0.0268225 -0.0509592 0.0029328 0.0809741 0.0655551 -0.0639024 0.0866209 0.0622904 -0.0864763 0.0903227
internal_weight=6720.17 4813.33 3949.83 863.499 1090.05 2859.77 2711.45 841.656 1906.85 254.29 248.399 609.209 129.314 1777.53 48.7515 148.318 72.1468 81.1006 1728.78 655.556 206.374 528.108 57.1672 55.9424 1073.22
internal_count=31946 29656 27199 2457 3625 23574 23138 1889 2290 1700 1736 757 416 1874 245 436 320 233 1629 853 1634 524 96 292 776
is_linear=0
shrinkage=0.05


Tree=2
num_leaves=26
num_cat=0
split_feature=31 20 22 24 17 2 25 2 7 36 37 24 34 24 40 5 5 24 22 29 2 25 29 41 17
split_gain=4174.6 2087.73 993.605 735.682 523.076 487.246 507.609 331.651 303.549 254.207 159.71 135.137 113.76 252.328 173.004 159.558 81.1052 68.7787 61.9047 51.0013 44.2168 8.77244 12.8986 5.45165 3.48657
threshold=0.040429620072245605 0.98219570517539989 1.0000000180025095e-35 0.36830478906631475 0.24166666716337207 0.12122971192002298 -0.00084188737673684944 0.12903869897127154 0.76798865199089061 0.00064004890737123798 0.044760059565305717 0.21772087365388873 0.24333363026380542 0.29447844624519354 0.14727820456027987 0.0035414807498455052 0.0024926555342972283 0.37273794412612921 1.0000000180025095e-35 0.043180560693144805 0.16244622319936755 -6.2065424572210745e-05 -1.0044149756431577 0.0020529165631160144 0.10833333432674409
decision_type=2 2 2 2 2 2 2 2 2 2 2 2 2 2 2 2 2 2 2 2 2 2 2 2 2
left_child=1 5 4 12 7 11 17 -3 -5 -8 -6 16 13 15 -15 -2 -1 -7 -13 23 -21 24 -23 -4 -14
right_child=3 2 19 8 10 6 9 -9 -10 -11 -12 18 21 14 -16 -17 -18 -19 -20 20 -22 22 -24 -25 -26
leaf_value=0.063660376834427143 0.083277603550669238 -0.063875703499115227 0.058426177618314735 0.080776508187404603 -0.076531479413435882 0.062450743190670323 -0.025815848825415579 0.057679219772232553 -0.089446862309351116 0.033809483623387732 -0.035411720085587781 -0.082110903413095154 0.070932186755355411 -0.045270702646032238 0.059395151243534373 -0.00028726717902739931 -0.052914578908457459 -0.0085125628028287804 0.03721853902847113 -0.029362710758945566 0.071638376559514091 0.084003464881454132 0.039829502825392542 0.087169800150746671 0.086148780652087698
leaf_weight=33.744602434337139 473.98162890039384 93.991104376735166 32.111376389861107 34.034877330064774 1872.5860508070327 647.52536564040929 430.56071487627923 136.13636268326081 103.94220153614879 304.15937709622085 273.13927748333663 156.01655416376889 73.909786604344845 87.651320677250624 70.181629696860909 64.923952873796225 25.192028272897005 35.805401865392923 11.119119096547363 23.502097569406033 18.505160734057426 39.307355754077435 33.626194059848785 88.851412639021873 845.06070878729224
leaf_count=70 444 887 50 31 19505 876 2241 313 988 584 2133 1632 71 515 147 251 152 92 30 96 20 34 66 71 663
internal_value=0.000515568 -0.0270226 -0.0554405 0.063558 -0.0636361 0.0168668 0.0277395 0.0079709 -0.0471787 -0.00111975 -0.0713161 -0.0511546 0.0726288 0.0569711 0.0013507 0.0732283 0.0137798 0.0587254 -0.0739981 0.0636993 0.0157618 0.0835586 0.0644511 0.080081 0.0850034
internal_weight=6009.57 4182.95 2538.82 1826.62 2375.85 1644.12 1418.05 230.127 137.977 734.72 2145.73 226.072 1688.64 696.739 157.833 538.906 58.9366 683.331 167.136 162.97 42.0073 991.904 72.9335 120.963 918.97
internal_count=31962 28752 23075 3210 22838 5677 3793 1200 1019 2825 21638 1884 2191 1357 662 695 222 968 1662 237 116 834 100 121 734
is_linear=0
shrinkage=0.05


Tree=3
num_leaves=24
num_cat=0
split_feature=31 38 20 24 5 24 7 2 35 3 1 30 17 24 38 24 1 40 36 24 5 40 34
split_gain=3526.05 1632.85 975.288 536.28 398.605 420.672 270.492 268.202 231.866 188.863 159.932 152.621 146.113 100.742 100.087 95.0131 76.0014 93.4896 55.0046 36.9832 34.9161 33.1373 18.8127
threshold=0.034772275015711791 0.0026428065029904251 0.96371763944625866 0.36830478906631475 0.0031799726421013479 0.30491694808006292 0.76798865199089061 0.11512076109647752 0.10646334290504457 0.0017452143365517261 0.25467909872531896 0.0032001541694626216 0.25833334028720861 0.05038577318191529 0.0032518398948013787 0.22258144617080691 0.10890023410320283 0.26797817647457128 0.00074355816468596469 0.28874336183071142 0.0038875832688063387 0.23397780954837802 0.34218244254589086
decision_type=2 2 2 2 2 2 2 2 2 2 2 2 2 2 2 2 2 2 2 2 2 2 2
left_child=1 2 8 11 5 -4 -5 22 21 13 -10 16 -11 -9 15 -13 17 -2 -6 -18 -16 -1 -3
right_child=3 7 4 6 18 -7 -8 9 10 12 -12 14 -14 -15 20 -17 19 -19 -20 -21 -22 -23 -24
leaf_value=-0.065394952315638272 -0.087272718897239115 -0.081347494150607685 0.00067155869650493277 0.074386243056755008 -0.077800850872877123 -0.070922531969092109 -0.083379315608149096 -0.04693652736439017 0.05589032479601589 0.043353723881224049 -0.010137331082575814 0.029300195818008121 -0.058190804619554629 0.050903419589272629 0.072102079152649143 -0.06298176134018757 0.078142697406969497 0.068281072052109273 -0.027930065891610231 0.058606350969937743 0.0109090374658403 0.017205023363289735 0.0035190839965232577
leaf_weight=80.961854806169868 16.000890262424946 53.159862933680415 444.44981169991661 36.942823298275471 1418.3916678284295 380.08838673646096 95.440750941634178 26.586252572014928 265.75107987597585 60.344610124826431 139.35061542526819 75.775012297555804 82.972491314634681 700.87569078989327 104.82901978865266 42.813621837645769 1049.0912033459172 21.367864787578583 59.036683162674308 338.16363315470517 30.406398460268974 13.824942387640474 7.3333155550062648
leaf_count=647 150 623 2658 40 16133 4207 1111 180 411 148 586 249 633 1485 118 334 978 22 445 645 93 38 45
internal_value=0.000288139 -0.0274828 -0.0465433 0.0575231 -0.0602854 -0.0323772 -0.0391258 0.0298515 0.0167327 0.036943 0.0332085 0.0651648 -0.0154307 0.0472682 0.0292875 -0.00426409 0.071532 0.00113603 -0.0758283 0.0734261 0.0585245 -0.0532937 -0.0711696
internal_weight=5543.96 3733.13 2801.86 1810.83 2301.97 824.538 132.384 931.272 499.888 870.779 405.102 1678.45 143.317 727.462 253.824 118.589 1424.62 37.3688 1477.43 1387.25 135.235 94.7868 60.4932
internal_count=31979 28239 25125 3740 23443 6865 1151 3114 1682 2446 997 2589 781 1665 794 583 1795 172 16578 1623 211 685 668
is_linear=0
shrinkage=0.05


Tree=4
num_leaves=27
num_cat=0
split_feature=34 31 16 0 0 22 2 25 0 29 6 2 7 35 5 5 25 34 40 1 42 1 5 34 14 1
split_gain=2939.73 1104.64 1022.74 409.81 387.463 384.006 210.535 199.593 199.238 175.348 121.145 106.573 130.895 96.2111 70.697 66.3798 46.1242 39.0065 36.353 29.5487 26.7521 41.4356 22.2842 14.0748 10.8672 1.0311
threshold=0.22762667387723926 0.048042146489024169 0.98299238085746776 0.74029171466827404 0.69671961665153515 1.0000000180025095e-35 0.12122971192002298 -0.0027758056530728932 0.14208630472421649 -0.33873300254344935 0.62814128398895275 0.1670140624046326 0.90810120105743419 0.034454708918929107 0.0035414807498455052 0.0040494154673069724 -0.00068745922180823971 0.31807482242584234 0.17569567263126376 0.36068877577781683 0.78125000000000011 0.50689861178398143 0.003295199829153717 0.28679421544075018 0.0041477191261947164 0.55834957957267772
decision_type=2 2 2 2 2 2 2 2 2 2 2 2 2 2 2 2 2 2 2 2 2 2 2 2 2 2
left_child=1 2 4 8 6 7 -1 -4 10 15 -3 12 16 -14 -10 20 -11 19 -6 -17 21 -2 -7 -22 -5 -13
right_child=9 3 5 24 18 22 -8 -9 14 11 -12 25 13 -15 -16 17 -18 -19 -20 -21 23 -23 -24 -25 -26 -27
leaf_value=-0.043299413338828342 0.072493017600122306 -0.081444295732711114 0.036589763534885245 -0.081194193891570787 -0.083566733067151608 0.07305236798694581 0.025155360021610115 -0.064519379227184093 0.072229594626565669 0.069058957285422926 0.072889875697641368 0.061938236105944226 0.035182513758736357 -0.041642206297033621 0.0059720766269229083 0.054206107089901895 0.0010294292840055575 0.051146539549145914 -0.015042548480273706 -0.071387825147190345 0.059970440131939085 -0.0011858141307772088 0.015502018847575964 0.076881215627434857 0.0073207503930583437 0.079632750633801139
leaf_weight=130.29062908538617 45.861182637512684 39.326601149514318 49.500881664454937 63.393980311695486 120.93528675567359 48.151232872158289 778.73339651338756 1885.5464683384635 402.5952810253948 100.91743531823158 17.667446494102478 39.909774906933308 63.808466780930758 109.01068404503167 44.931053271517158 5.6338220797479179 33.018335856497288 26.335316058248281 23.597597576677799 15.970275307074187 172.36065248772502 32.136696297675371 26.563021179288626 787.82734163478017 3.4978288337588301 65.799913451075554
leaf_count=1232 56 366 228 749 1292 66 2456 21823 484 123 15 60 216 696 169 14 99 49 138 145 317 85 87 771 14 59
internal_value=-0.000507227 -0.0248029 -0.0367074 0.0389695 0.00319558 -0.0576165 0.0153069 -0.0619153 0.0544036 0.0583975 -0.0331707 0.0305364 0.015507 -0.0132377 0.0656056 0.0689401 0.05242 0.0111613 -0.0725592 -0.0376869 0.0715948 0.0425051 0.0530666 0.0739112 -0.076526 0.0735954
internal_weight=5133.32 3634.73 3063.32 571.412 1053.56 2009.76 909.024 1935.05 504.52 1498.59 56.994 412.465 306.755 172.819 447.526 1086.13 133.936 47.9394 144.533 21.6041 1038.19 77.9979 74.7143 960.188 66.8918 105.71
internal_count=31809 29119 27322 1797 5118 22204 3688 22051 1034 2690 381 1253 1134 912 653 1437 222 208 1430 159 1229 141 153 1088 763 119
is_linear=0
shrinkage=0.05


Tree=5
num_leaves=27
num_cat=0
split_feature=34 9 16 24 5 22 2 25 6 32 9 31 36 2 3 24 29 30 22 25 13 29 2 22 29 25
split_gain=2527.55 1033.07 731.118 405.715 270.221 266.997 180.011 148.905 144.421 152.861 136.509 133.128 129.374 118.188 124.329 44.2135 43.1973 38.7301 25.5947 24.1074 23.5438 22.4674 17.5315 28.0013 7.20861 0.53182
threshold=0.23387677967548373 0.029286806471645836 0.97731086611747753 0.30761218070983892 0.0035297344438731675 1.0000000180025095e-35 0.1087399832904339 -0.0026595909148454662 0.49194628000259405 0.0029865833930671219 -0.048013681545853608 0.033558145165443427 0.00072699916199781011 0.11764355376362802 0.0018714344478212299 0.22765421122312549 0.48672457039356237 0.0021733181783929472 1.0000000180025095e-35 6.2550036091124652e-05 0.27409890294075018 -0.26034989953041071 0.1101319268345833 1.0000000180025095e-35 0.34314866364002233 -0.0020359650952741499
decision_type=2 2 2 2 2 2 2 2 2 2 2 2 2 2 2 2 2 2 2 2 2 2 2 2 2 2
left_child=1 2 6 4 15 7 -1 -4 9 -5 -8 13 -6 18 16 -3 -15 -16 -2 22 -21 -7 23 -13 -24 -10
right_child=11 3 5 8 12 21 10 -9 25 -11 -12 19 -14 14 17 -17 -18 -19 -20 20 -22 -23 24 -25 -26 -27
leaf_value=-0.075453622512724208 -0.075824057616945106 0.068588098603013778 0.016739038506939238 -0.06930798097273734 -0.044779107445331742 0.070999476716164231 0.047397739677863628 -0.062222298843447543 0.067916227757389772 0.022352393125562715 -0.0031390965577120927 -0.020644134803176464 0.044504619326302494 0.056424690378797576 0.021504091750924888 0.032743240420363744 0.0062133942591170175 -0.069859045060346153 0.021349724894061142 -0.011180879804856296 0.057777181329303685 0.010416527721483307 0.073311231024196288 0.070143345265342841 0.051331632768658875 0.046560125487329906
leaf_weight=62.961820600088686 26.098771126940846 389.35538329929113 61.435358742251992 171.07544184662402 109.03062910214067 35.150506500154734 193.23712336272001 1740.195201218361 18.374346621334553 61.276221923530102 427.84777836687863 13.693489171564577 63.318582084029913 389.19401837699115 18.514595255255699 114.07630695216358 48.413995500653982 28.445771550759673 8.5368704050779325 18.080357015132904 36.380398470908403 27.225347463041544 737.05229535698891 19.890592522919178 50.353261770680547 20.314426619559526
leaf_count=861 336 563 338 2123 1020 43 500 21031 21 312 1840 101 138 654 65 438 189 249 27 62 57 106 726 20 94 62
internal_value=-0.000503653 -0.0232131 -0.03978 0.021366 0.0420773 -0.0559973 0.00442898 -0.0595219 -0.0302379 -0.0451429 0.0126353 0.05638 -0.0119101 0.0362071 0.042602 0.0605468 0.0508965 -0.0341409 -0.051946 0.0682891 0.0350951 0.0451383 0.0704456 0.0335993 0.0719726 0.0581584
internal_weight=4889.53 3494.87 2548.05 946.821 675.781 1864.01 684.047 1801.63 271.04 232.352 621.085 1394.65 172.349 519.204 484.568 503.432 437.608 46.9604 34.6356 875.45 54.4608 62.3759 820.99 33.5841 787.406 38.6888
internal_count=31976 29396 24719 4677 2159 21518 3201 21369 2518 2435 2340 2580 1158 1520 1157 1001 843 314 363 1060 119 149 941 121 820 83
is_linear=0
shrinkage=0.05


Tree=6
num_leaves=30
num_cat=0
split_feature=34 25 0 0 36 1 31 1 31 0 20 34 3 40 2 2 2 29 2 5 27 30 12 2 29 9 30 5 2
split_gain=2146.78 918.87 687.361 562.582 460.237 262.43 228.163 181.164 140.476 112.651 109.172 103.941 97.5635 76.5613 76.5474 68.9062 30.1002 28.7091 39.6783 38.4209 25.8642 21.5704 19.2262 13.2444 11.9769 6.57977 5.91808 9.4959 3.68448
threshold=0.22485619783401492 -0.00054580331197939802 0.69929018616676342 0.1606002822518349 0.00058818332036025833 0.092415429651737227 0.048042146489024169 0.32321648299694067 0.034772275015711791 0.7079855501651765 0.95359894633293163 0.37249372899532324 0.0014073042548261585 0.17162900418043139 0.11560932546854021 0.16876113414764407 0.13385386019945147 0.17723350226879123 0.16362600773572925 0.0026746549410745506 2.4831144809722905 0.0036659907782450323 0.018036270514130596 0.12689898163080218 -0.2833560556173324 -0.053260710090398782 0.003523457446135581 0.002968208747915924 0.10969382524490358
decision_type=2 2 2 2 2 2 2 2 2 2 2 2 2 2 2 2 2 2 2 2 2 2 2 2 2 2 2 2 2
left_child=1 2 3 7 6 -5 10 -1 11 15 -3 12 14 22 -2 -6 -15 26 19 -19 -14 -8 -4 25 -25 -13 28 -28 -10
right_child=8 4 13 5 9 -7 21 -9 17 -11 -12 23 20 16 -16 -17 -18 18 -20 -21 -22 -23 -24 24 -26 -27 27 -29 -30
leaf_value=0.003025466263222512 -0.070269751569328034 -0.016490868884484335 -0.074781003103990412 -0.073362483487474137 0.0090404308141985631 0.055750487335902446 0.046996400380718978 -0.075945058969869653 0.047800808782253873 -0.075979323850426023 -0.063720055373097439 0.052545357934356364 -0.066638800453914501 -0.04097779936369849 0.033363942374346964 0.077936279915286732 0.053705227453002519 0.032676761879002814 0.073286947960847115 -0.070503922385693418 0.022396542428849069 -0.021458848858784716 -0.013790029158789137 0.073376982406981608 0.038998860981809609 0.0065830911962232452 0.070853823713847783 0.021735662494500221 0.07031133971104632
leaf_weight=164.18751666601747 18.160508120432496 135.13529499620199 225.35198057908565 40.681752419099212 260.95357020758092 753.78093116544187 55.028784465976059 129.12225144915283 27.859366005286574 34.087882347404957 1383.1823983108625 14.582698412239553 39.546321239322424 14.439836960285904 267.3949644099921 41.227445516735315 17.45565328001976 28.793415943160653 35.49601899087429 11.941404059529303 9.6810816600918752 13.849476296454666 14.240881081670521 133.73185674846172 36.016830287873745 16.222601272165775 20.455349519848824 20.535322032868862 686.97041887417436
leaf_count=1079 267 772 3100 463 1168 1794 146 1623 73 452 17956 32 391 155 729 54 42 86 36 74 33 108 121 138 78 48 21 73 731
internal_value=-8.45984e-05 -0.0220106 0.00945453 0.0272225 -0.0442395 0.0490551 -0.0554911 -0.0318792 0.0525314 0.00887502 -0.0595301 0.0324564 0.0153241 -0.0615752 0.0265509 0.0186662 0.0108974 0.065393 0.0354239 0.00146479 -0.0490318 0.0331219 -0.0712282 0.0608373 0.0663538 0.0293088 0.0683648 0.0473505 0.069502
internal_weight=4650.11 3282.73 1359.26 1087.77 1923.46 794.463 1587.2 293.31 1367.39 336.269 1518.32 535.337 334.783 271.488 285.555 302.181 31.8955 832.051 76.2308 40.7348 49.2274 68.8783 239.593 200.554 169.749 30.8053 755.82 40.9907 714.83
internal_count=31843 29033 8377 4959 20656 2257 18982 2702 2810 1674 18728 1716 1420 3418 996 1222 197 1094 196 160 424 254 3221 296 216 80 898 94 804
is_linear=0
shrinkage=0.05


Tree=7
num_leaves=30
num_cat=0
split_feature=34 25 24 36 7 1 31 1 32 1 17 17 31 29 3 4 7 2 2 7 40 2 34 29 2 2 25 1 31
split_gain=1891.26 824.784 866.564 369.553 287.292 206.405 186.127 130.208 128.669 98.4632 93.0124 120.398 83.4726 69.4841 44.9676 39.0787 38.3664 38.1045 29.5433 28.1051 21.5276 19.1104 14.0935 9.378 20.8128 5.03459 3.19025 5.76934 5.21212
threshold=0.24694764614105227 -0.0005244271014817058 0.28724779188632971 0.00058818332036025833 0.87377294898033153 0.094678498804569258 0.05532681196928025 0.90529265999794017 0.0041191743221133956 0.33192814886569982 0.72500002384185802 0.27500000596046453 0.033558145165443427 -0.56130871176719654 0.0015745374257676306 1.9566948139981836e-05 0.98328930139541637 0.12199999764561655 0.13348329067230227 0.92850330471992504 0.29088863730430609 0.16972421854734424 0.28679421544075018 0.53535839915275585 0.16362600773572925 0.12973552942276004 5.0788084990927027e-06 0.11209464818239213 0.096260275691747679
decision_type=2 2 2 2 2 2 2 2 2 2 2 2 2 2 2 2 2 2 2 2 2 2 2 2 2 2 2 2 2
left_child=1 2 5 6 15 25 9 -7 -6 -3 11 -5 13 17 18 -4 -12 20 -15 -8 -2 -16 -19 26 -25 -1 27 -14 -28
right_child=12 3 4 10 8 7 19 -9 -10 -11 16 -13 23 14 21 -17 -18 22 -20 -21 -22 -23 -24 24 -26 -27 28 -29 -30
leaf_value=-0.076785025126707152 -0.05887251014910784 -0.037044688127199625 0.063198167398434729 0.020045580816690493 -0.056558834196833975 0.055188202213196015 0.057850075387491762 -0.067061611470873403 0.014210426748894467 -0.064581597449270015 -0.0095532947025209671 -0.055976853325779112 0.034817252948314246 -0.018870496548943985 -0.073600835960317204 -0.016604050671869663 0.057045836163287039 0.03128713724801286 0.033731276675142773 -0.01504594357336988 0.038289828222762827 0.040382562465681948 0.06422483878470607 -0.0025203521015123792 0.069993362555027624 -0.017421384697715959 0.030096165271820675 0.067990310050886571 0.067188422041983928
leaf_weight=31.41563692688942 10.538987930864097 492.36348407086916 74.969528509303927 116.92524928227067 478.2259065574035 696.08405707683414 40.13467850163579 21.671895926818252 73.758533902466297 983.62432896764949 27.895460799336433 92.377243041992188 16.687326795421541 33.579416215419769 18.207191275432709 18.769497307017446 91.372843112796545 42.255839124321938 119.50484224036336 18.971353610046208 10.317860206589101 3.8662330880761138 201.28648877888918 17.082828044891357 22.300243735313416 4.7875424809753886 21.34410447627306 626.06890213675797 21.607659384608269
leaf_count=401 109 5602 128 429 6005 1487 74 211 442 13347 159 939 42 229 223 146 185 116 296 111 33 11 255 71 24 28 58 709 26
internal_value=-0.000348346 -0.0198705 0.0091322 -0.0416459 -0.0333515 0.0455131 -0.0519408 0.0514088 -0.0470937 -0.0554271 0.00646403 -0.0136141 0.054323 0.0369857 0.012461 0.0472127 0.0415192 0.0531245 0.0221454 0.0345915 -0.0112537 -0.0527514 0.0586613 0.0647676 0.0392562 -0.069614 0.0661735 0.0671845 0.0498602
internal_weight=4428 3263.35 1399.68 1863.66 645.723 753.959 1535.09 717.756 551.984 1475.99 328.571 209.302 1164.65 439.557 175.158 93.739 119.268 264.399 153.084 59.106 20.8568 22.0734 243.542 725.091 39.3831 36.2032 685.708 642.756 42.9518
internal_count=31896 29694 8848 20846 6721 2127 19134 1698 6447 18949 1712 1368 2202 1272 759 274 344 513 525 185 142 234 371 930 95 429 835 751 84
is_linear=0
shrinkage=0.05


Tree=8
num_leaves=26
num_cat=0
split_feature=31 20 38 2 2 25 5 7 7 40 1 29 27 30 36 1 13 7 37 19 1 9 25 13 1
split_gain=1644.52 945 406.467 228.836 214.233 170.184 132.927 142.558 117.409 101.74 89.0225 81.9941 69.5326 54.5176 53.2306 46.8081 44.5748 23.4249 20.9083 15.3894 9.28734 7.99971 7.50647 9.39755 4.81962
threshold=0.034772275015711791 0.98219570517539989 0.0022927459795027976 0.12249197438359262 0.10181798040866853 -3.1846013371250585e-05 0.0031799726421013479 0.91954767704010021 0.90094172954559337 0.19922770559787753 0.32735091447830206 0.5092851221561433 1.0029018521308901 0.0016517496551387014 0.00044691609218716627 0.80577921867370617 0.00067345364368520688 0.80726343393325817 0.045287437736988075 0.0045616626739501962 0.87920954823493969 -0.022597790695726868 -0.00023146653984440488 0.10376304015517236 0.12119881063699724
decision_type=2 2 2 2 2 2 2 2 2 2 2 2 2 2 2 2 2 2 2 2 2 2 2 2 2
left_child=1 3 6 13 17 15 7 -3 22 11 -7 -10 14 19 -4 -5 -15 -2 -8 -1 -11 -14 24 -24 -6
right_child=4 2 12 5 8 10 18 -9 9 20 -12 -13 21 16 -16 -17 -18 -19 -20 -21 -22 -23 23 -25 -26
leaf_value=0.013991678034024771 0.033318807061389316 0.031938604874495645 -0.03096002335792879 0.045568496788999657 0.039059069078149211 0.024173622546153822 -0.06657353547968424 -0.044000508003666949 0.022285351417251915 0.061345673266195645 -0.026221646700574669 -0.069077017134162033 0.016201707150579333 0.028792351995179322 0.025045759563673727 0.0053195412066387613 -0.047108914045676367 -0.070727380357913219 -0.034682404059498455 -0.069104971113868111 0.028787689173068939 0.059608529606985421 0.01443180624151998 0.057003826431302002 0.066267391947124457
leaf_weight=5.6126626245677462 5.5991831682622424 71.45888648647815 86.08250030502677 516.29867005441338 21.875755161046982 156.98554425127804 946.50350211095065 428.11707756249234 311.63026369502768 212.31633243896067 195.81184277776629 25.683504823595285 13.663593921810387 39.940556365996599 81.750750562176108 84.290744306519628 35.699685096740723 41.565122331492603 57.970671409275383 89.068889054469764 27.367994152009487 66.985959872603416 18.014488585293293 54.349047686904669 602.81012230552733
leaf_count=37 21 382 893 1207 35 546 14633 5322 1405 348 1522 305 75 200 412 296 398 631 738 1269 55 159 68 91 755
internal_value=-0.000345318 -0.0215559 -0.0444956 0.0142284 0.045811 0.0237688 -0.054278 -0.0330961 0.0496942 0.032918 -0.00379214 0.0151453 0.0146968 -0.0390014 -0.00369312 0.0399379 -0.00717779 -0.0579401 -0.0647693 -0.0640843 0.0577631 0.0525431 0.0635141 0.0467469 0.0653785
internal_weight=4197.45 2876.24 1752.53 1123.71 1321.21 953.387 1504.05 499.576 1274.05 576.998 352.797 337.314 248.483 170.322 167.833 600.589 75.6402 47.1643 1004.47 94.6816 239.684 80.6496 697.049 72.3635 624.686
internal_count=31803 28089 22614 5475 3714 3571 21075 5704 3062 2113 2068 1710 1539 1904 1305 1503 598 652 15371 1306 403 234 949 159 790
is_linear=0
shrinkage=0.05


Tree=9
num_leaves=29
num_cat=0
split_feature=34 37 24 5 32 6 16 32 26 36 1 29 5 19 2 31 30 24 36 2 41 4 4 24 19 9 19 2
split_gain=1513.58 675.028 392.17 352.044 290.501 166.371 156.638 125.895 125.774 86.5272 77.267 69.5752 65.142 63.0089 98.6694 42.1485 41.5658 39.3922 32.5465 31.8021 28.9316 15.4752 11.0203 10.9608 22.5849 9.46683 5.31995 3.5949
threshold=0.25069467723369604 0.030052864924073223 0.30080968141555792 0.0034023862099274997 0.0025136317126452927 0.49194628000259405 0.83750316500663768 0.0041191743221133956 -0.050783922895789139 0.00071191895403899263 0.31291171908378607 -0.2833560556173324 0.0031799726421013479 0.02985864877700806 0.17218530178070071 0.034772275015711791 0.0038961432874202733 0.13100054860115054 0.00060847192071378242 0.11095909401774408 0.0017338558682240548 -0.0020599630661308761 0.00086222367826849233 0.37962952256202703 0.056166291236877448 0.0011920407996512952 0.092061877250671401 0.14022843539714816
decision_type=2 2 2 2 2 2 2 2 2 2 2 2 2 2 2 2 2 2 2 2 2 2 2 2 2 2 2 2
left_child=1 4 3 8 6 7 10 -4 -3 -5 -1 16 -8 19 -15 18 23 -18 20 -6 -13 -20 27 25 -25 -2 -7 -17
right_child=11 2 5 9 13 26 12 -9 -10 -11 -12 15 -14 14 -16 22 17 -19 21 -21 -22 -23 -24 24 -26 -27 -28 -29
leaf_value=0.031073616917516977 0.050612532061847793 -0.016058442679342973 -0.052181601440230756 -0.031697012221172216 -0.050103408750082137 0.025520933184289208 -0.038858068366526201 0.023046016824641569 0.057452602519251918 0.022410374571772466 -0.053585057023174613 -0.062921981609046537 -0.064427755406932907 -0.032502976875477402 0.059896231348548906 0.037967736410780481 -0.075189451744950134 0.038679421927835501 0.069679142562853527 0.044597462350060867 0.0059615774744627295 0.014962132651915833 0.020339065810636037 -0.029612783763279579 0.062001423383899905 0.065264681537292937 0.062434156933461049 0.064826342770617149
leaf_weight=81.208292981609702 164.03074860572815 65.125952739268541 359.81134230038151 234.11978878173977 8.9421404078602773 15.810213489457963 367.86075304402038 65.157060502097011 516.53958204528317 106.90779151022434 39.101646179333329 20.619272075593472 814.34892806923017 136.06979139801115 35.641377182677388 22.30216149892658 9.9073735401034337 24.026721645146608 20.534647151827812 94.952061049640179 51.186642568558455 34.169825933873653 26.236168015748262 10.014930525794627 16.892263427376747 572.74131787195802 37.760307770222425 63.64632385969162
leaf_count=329 273 469 5075 2576 130 78 4251 354 1034 382 355 196 13036 1356 87 65 92 78 25 297 277 122 65 90 25 717 56 80
internal_value=-0.000602154 -0.0187073 0.00654934 0.0255905 -0.0411228 -0.0301416 -0.050984 -0.0406205 0.0492085 -0.0147191 0.003344 0.0514174 -0.056511 0.00549732 -0.0130883 0.0275642 0.0585123 0.00423368 0.00766619 0.0360466 -0.0144111 0.0363836 0.0497371 0.0609155 0.0280631 0.0620756 0.0522073 0.0583738
internal_weight=4015.67 2979.36 1401.23 922.693 1578.12 478.539 1302.52 424.968 581.666 341.028 120.31 1036.31 1182.21 275.605 171.711 238.695 797.613 33.9341 126.51 103.894 71.8059 54.7045 112.185 763.679 26.9072 736.772 53.5705 85.9485
internal_count=31970 29865 10024 4461 19841 5563 17971 5429 1503 2958 684 2105 17287 1870 1443 830 1275 170 620 427 473 147 210 1105 115 990 134 145
is_linear=0
shrinkage=0.05


Tree=10
num_leaves=27
num_cat=0
split_feature=32 30 24 20 26 6 22 2 7 30 1 6 22 6 36 36 7 6 24 20 29 1 4 25 27 24
split_gain=1301.71 580.919 526.566 250.48 218.832 206.15 180.1 164.538 128.35 112.115 101.797 83.5247 70.054 63.3697 61.9506 54.7013 49.0642 29.7332 21.2651 18.5609 16.3758 11.1502 9.00963 8.52646 12.5793 4.2641
threshold=0.002913884818553925 0.0030757313361391429 0.30491694808006292 0.96173229813575756 -0.01278101187199354 0.41632828116416937 1.0000000180025095e-35 0.11051005497574808 0.96901842951774608 0.0044841971248388299 0.32321648299694067 0.13253859430551532 1.0000000180025095e-35 0.11719202250242235 0.00052422465523704897 0.00079627017839811753 0.99876978993415844 -0.30110995471477503 0.23550552874803546 0.42886926233768469 0.59580504894256603 0.62139987945556652 -0.001188857539091259 -0.00010747845954028888 0.84216737747192394 0.074961412698030486
decision_type=2 2 2 2 2 2 2 2 2 2 2 2 2 2 2 2 2 2 2 2 2 2 2 2 2 2
left_child=1 2 4 10 13 19 7 18 -6 11 16 -9 15 -1 -11 -5 -3 -12 -2 -4 23 -22 -7 25 -25 -8
right_child=6 3 5 12 8 22 20 9 -10 14 17 -13 -14 -15 -16 -17 -18 -19 -20 -21 21 -23 -24 24 -26 -27
leaf_value=-0.058140141906968312 0.014176700099222495 0.054718610128048677 0.021786892167563281 -0.060590117376989966 0.062451065890925722 0.059662852967203098 0.040580931587370313 0.01976500728781351 0.017293700861957705 -0.063350318727940197 0.040713766307023114 0.052269701791837202 0.038323765533759505 0.018251093003521377 0.020558220834055344 0.0126735239373312 -0.022495144519684401 -0.061610650975032301 -0.067234604969164571 -0.062878977525288898 -0.012368466155266766 0.047210286794115361 0.012725346659417542 0.0051161775703754192 0.058861220027837002 0.065350399921943317
leaf_weight=86.162074929103255 9.0674170255660993 85.115703303366899 6.1513529252260915 993.76637425133958 286.79840471036732 35.888580994680524 24.497442990541458 436.81427570432425 349.57782597653568 46.980394402518868 7.6369880475103846 363.03099337778986 18.297773001715541 38.855043655261397 39.921407919377089 25.823892988264561 26.413518711924553 46.305607652291656 52.538504276424646 317.42437409702688 12.5779962874949 18.493986960500479 15.039587872102855 16.980170752853155 30.396186113357544 424.50086180493236
leaf_count=1141 51 173 28 16738 496 59 41 2041 1709 676 28 839 52 232 167 125 92 416 868 5113 53 44 94 82 50 553
internal_value=-0.000489174 -0.0236839 0.00196542 -0.0478768 0.0258343 -0.0465013 0.0362674 0.023201 0.037711 0.0287051 0.00920622 0.034565 -0.0569777 -0.0344415 -0.0250086 -0.0587239 0.0363946 -0.0466466 -0.0552171 -0.0612073 0.0596725 0.023459 0.0463137 0.0618877 0.0401024 0.0640922
internal_weight=3815.06 2339.26 1135.9 1203.36 761.393 374.504 1475.8 948.353 636.376 886.747 165.472 799.845 1037.89 125.017 86.9018 1019.59 111.529 53.9426 61.6059 323.576 527.447 31.072 50.9282 496.375 47.3764 448.998
internal_count=31961 26496 8872 17624 3578 5294 5465 4642 2205 3723 709 2880 16915 1373 843 16863 265 444 919 5141 823 97 153 726 132 594
is_linear=0
shrinkage=0.05


Tree=11
num_leaves=27
num_cat=0
split_feature=34 9 16 0 22 2 25 30 0 25 34 39 31 36 30 22 32 31 32 9 17 2 39 6 7 19
split_gain=1178.5 585.266 384.971 237.07 144.925 132.324 124.95 112.146 121.564 84.971 52.5457 41.3763 39.323 32.9479 26.445 25.9698 20.1549 16.2602 11.9861 7.29833 7.11088 9.44683 2.40627 2.85312 2.2626 1.92867
threshold=0.25441154837608343 0.029286806471645836 0.98507279157638561 0.74029171466827404 1.0000000180025095e-35 0.11323481053113939 -0.00089538836618885387 0.0042838321533054122 0.084302887320518508 -0.0030944697791710492 0.35556218028068548 0.0042887160088866958 -0.04296536557376384 0.00088729403796605777 0.0044841971248388299 1.0000000180025095e-35 0.031177734024822715 0.0061664581298828134 0.0073268082924187192 0.024349199607968334 0.10833333432674409 0.12759415060281756 0.00031364778988063341 0.13587720692157748 0.94148835539817821 0.032738506793975837
decision_type=2 2 2 2 2 2 2 2 2 2 2 2 2 2 2 2 2 2 2 2 2 2 2 2 2 2
left_child=1 2 5 7 9 19 -7 8 -3 -4 11 12 16 -9 -14 18 -2 -6 -5 -1 21 -12 23 -22 -23 -13
right_child=10 3 4 15 17 6 -8 13 -10 -11 20 25 14 -15 -16 -17 -18 -19 -20 -21 22 24 -24 -25 -26 -27
leaf_value=-0.066912292444450683 -0.075368519121088731 -0.065384283924139169 0.053182699654795523 -0.065966241201085532 0.00058992591196382936 0.031047743584829327 -0.012858095278516134 -0.059348496285352381 0.041777615224633718 -0.052100480546053242 0.011899299797419287 0.06111633402640796 0.033164679675500151 0.028177558786598153 -0.032548391321438518 0.04419557484723393 0.033246456562435737 0.060164517895250506 0.015974482772327433 1.9790333093520606e-05 0.028453553440356872 0.037421909472444802 0.063214091740179154 0.059389878837648291 0.06127488689533616 0.043077179068792791
leaf_weight=72.462340144906193 13.80351806804538 26.809502234682441 18.716003600507975 80.281239295378327 18.402318147942424 280.03246294520795 381.81881744181737 40.772458342835307 602.44968861620873 1184.36614324525 18.128625351935625 100.85500509664416 201.04390175640583 13.800869416445492 15.781067559495566 5.5255348645150653 5.3306946791708461 29.420558389276266 4.3524832725524893 4.311244659125804 16.824318937957287 22.197881676256657 429.50307453051209 20.009048819541931 40.727064251899719 31.747371573001146
leaf_count=1295 139 485 58 1460 90 1015 2909 658 2142 19681 79 163 614 48 135 14 16 49 24 41 58 41 607 32 60 72
internal_value=0.000507652 -0.015785 -0.0301328 0.0210872 -0.0470227 -0.0015039 0.00573749 0.0311467 0.0371155 -0.0504198 0.0496278 0.0348655 0.0221527 -0.0371056 0.0282544 -0.0547165 -0.0449606 0.0377217 -0.0616149 -0.0632018 0.0594856 0.0445142 0.0619869 0.0463847 0.0535774 0.0571522
internal_weight=3679.47 2763.52 1989.53 773.992 1250.91 738.625 661.851 683.833 629.259 1203.08 915.952 368.562 235.959 54.5733 216.825 90.1593 19.1342 47.8229 84.6337 76.7736 547.39 81.0536 466.336 36.8334 62.9249 132.602
internal_count=31985 29969 25138 4831 19878 5260 3924 3333 2627 19739 2016 1139 904 706 749 1498 155 139 1484 1336 877 180 697 90 101 235
is_linear=0
shrinkage=0.05


Tree=12
num_leaves=23
num_cat=0
split_feature=31 16 38 0 36 7 30 24 1 1 17 38 5 0 34 9 5 0 36 0 3 6
split_gain=1053.59 620.231 220.119 199.497 143.416 134.597 130.931 98.1428 84.0487 69.771 56.4959 55.5919 46.1248 52.3547 36.764 32.2382 27.5738 23.8698 23.5669 12.1547 4.06564 3.21041
threshold=0.042120410129427917 0.98329460620880138 0.0027640202315524225 0.90531975030899059 0.00024707544071134185 0.88993513584136974 0.0029245181940495972 0.070523668080568327 0.092415429651737227 0.10124753043055536 0.27500000596046453 0.0034460022579878573 0.0038731930544599895 0.072781108319759383 0.26831933856010443 -0.057546827942132943 0.0049783021677285441 0.454249918460846 0.00058818332036025833 0.44025984406471258 -0.00096407069941051293 0.11390240490436555
decision_type=2 2 2 2 2 2 2 2 2 2 2 2 2 2 2 2 2 2 2 2 2 2
left_child=1 4 5 9 11 6 -3 19 -9 20 -7 15 13 -11 18 -1 -14 -13 -4 -6 -2 -16
right_child=3 2 14 -5 7 10 -8 8 -10 12 -12 17 16 -15 21 -17 -18 -19 -20 -21 -22 -23
leaf_value=0.0065795844577730845 -0.021639851452485988 0.05046188772353534 -0.017931366930598779 -0.06530702704347835 -0.012068753070243285 -0.010077750110733454 -0.045359859304116568 -0.060141176450447732 0.02693629872769291 -0.036242336482938058 -0.055204732090027187 0.032688598532169273 0.023614266181145219 0.05467193966012758 0.034042892657881123 -0.04985796232935083 -0.061342293402144844 -0.030005718548674676 0.028640381480670159 -0.075037932035507959 -0.073801070525786425 0.063515386465373677
leaf_weight=30.826072176918387 8.0585045395419019 66.239886213093996 69.602636814583093 39.515946853905916 11.176877817139028 74.855604727286845 74.880606492515653 27.792538340669125 794.51314612198621 15.488017762079833 1037.4498058669269 48.656385408714414 50.852120090276003 851.11062822490931 20.572888981550932 134.90333922160789 10.720655035227535 20.965247727930546 43.151542756706476 26.834756472148001 8.5344469258561713 27.467086389660835
leaf_count=246 78 231 725 738 77 746 1287 409 3294 218 19144 217 216 1691 78 1687 84 199 219 255 95 39
internal_value=-0.000226675 -0.0174206 -0.0392869 0.0435904 0.0108133 -0.0463484 -0.000343948 0.0202724 0.0239238 0.0482094 -0.0521796 -0.0237035 0.0500386 0.0530072 0.0157052 -0.0393839 0.00807824 0.0136518 -1.30524e-05 -0.0573066 -0.0511385 0.0518455
internal_weight=3494.17 2509.89 1414.22 984.28 1095.67 1253.43 141.12 860.317 822.306 944.764 1112.31 235.351 928.171 866.599 160.794 165.729 61.5728 69.6216 112.754 38.0116 16.593 48.04
internal_count=31973 28853 22469 3120 6384 21408 1518 4035 3703 2382 19890 2349 2209 1909 1061 1933 300 416 944 332 173 117
is_linear=0
shrinkage=0.05


Tree=13
num_leaves=25
num_cat=0
split_feature=31 38 21 22 35 0 35 36 22 7 0 27 40 1 0 1 22 29 25 41 9 29 36 1
split_gain=971.201 546.801 326.113 191.964 179.535 176.053 80.382 78.5194 71.9912 66.3004 80.2799 57.9061 52.9681 52.8616 46.0536 42.2659 31.6726 12.0674 7.72038 6.89705 5.77334 4.5014 6.69222 1.1732
threshold=0.033558145165443427 0.0035549283493310217 0.8551769256591798 1.0000000180025095e-35 0.11527179554104806 0.90531975030899059 0.077722117304801955 0.00017858284991234544 1.0000000180025095e-35 0.90094172954559337 0.13552708178758624 2.0817270278930669 0.18403173983097079 0.80577921867370617 0.42501328885555273 0.88818624615669262 1.0000000180025095e-35 -0.25146497786045069 -2.4315368136740286e-05 0.0065939065534621486 0.087750360369682326 -1.2182081937789915 0.00034487512311898177 0.12119881063699724
decision_type=2 2 2 2 2 2 2 2 2 2 2 2 2 2 2 2 2 2 2 2 2 2 2 2
left_child=1 2 4 6 8 9 -4 -6 -1 18 12 13 -11 14 -3 -12 -15 -5 23 -7 -20 -13 -23 -2
right_child=5 11 3 17 7 19 -8 -9 -10 10 15 21 -14 16 -16 -17 -18 -19 20 -21 -22 22 -24 -25
leaf_value=-0.051806032078909062 0.039633356363725565 0.035540865744864106 -0.059421559004499136 0.063719416072696489 -0.042967789532871795 -0.062941192995325107 -0.034441452333832515 0.042721875074323741 0.053477109581506976 -0.065859752628387322 0.042320305162077597 0.062383958060150048 0.027824529196696535 -0.058255601760490466 -0.0029904112770719237 -0.025698962008364447 0.044122840478880945 0.016511023491859119 0.011260209980399232 0.020550476939811237 0.051898622425393698 0.012974163628134503 0.049300038046694028 0.059138802761768298
leaf_weight=119.67696071695536 16.331185236573219 216.29572159983218 676.61046272050589 34.271618448197842 29.464304113294929 40.651444291695952 625.94241712591611 227.4197998396121 17.932186130434275 32.171018360182643 398.27509414311498 62.311305243521929 26.884006073698401 34.0042106769979 120.35623020865023 23.583295645192266 8.8378680273890478 23.438787112012506 17.452175438404083 2.1756606828421345 18.048557888716459 16.123794192448258 78.372194115072489 458.59297525323927
leaf_count=2042 34 814 13706 52 364 839 8606 790 36 508 1228 110 134 379 871 192 21 118 83 13 34 87 179 776
internal_value=-0.000238409 -0.0183925 -0.031893 -0.0434938 0.00811691 0.0399585 -0.047453 0.0327649 -0.0377995 0.044259 0.030829 0.0257578 -0.0234581 0.0151247 0.0217975 0.038466 -0.0366113 0.0451538 0.0568276 -0.0583276 0.0327766 0.0512323 0.0433025 0.0585528
internal_weight=3325.22 2291.06 1754.76 1360.26 394.493 1034.17 1302.55 256.884 137.609 991.338 480.913 536.301 59.055 379.494 336.652 421.858 42.8421 57.7104 510.425 42.8271 35.5007 156.807 94.496 474.924
internal_count=32016 28175 25714 22482 3232 3841 22312 1154 2078 2989 2062 2461 642 2085 1685 1420 400 170 927 852 117 376 266 810
is_linear=0
shrinkage=0.05


Tree=14
num_leaves=29
num_cat=0
split_feature=34 37 0 38 26 22 16 0 29 32 5 2 22 17 0 0 2 9 1 35 2 2 9 1 25 9 2 31
split_gain=810.46 406.18 347.346 219.02 199.132 165.621 147.375 105.482 90.3681 55.0964 43.6885 42.8147 50.9987 39.9708 30.6968 28.3367 27.4195 22.1553 17.4055 16.4608 27.8248 16.1337 23.0031 13.4706 12.7175 11.1739 6.47261 2.48022
threshold=0.22762667387723926 0.030052864924073223 0.71085646748542797 0.0036782399984076623 -0.01278101187199354 1.0000000180025095e-35 0.85659006237983715 0.082508694380521788 -0.33873300254344935 0.0025919351028278474 0.0039024202851578598 0.16612013429403308 1.0000000180025095e-35 0.84166666865348827 0.42501328885555273 0.37308631837368017 0.12488645315170289 0.092557728290557875 0.52870965003967296 0.018064271658658985 0.12759415060281756 0.11051005497574808 0.050592703744769103 0.88362404704093944 -0.0010887613170780239 0.0087472884915769118 0.16806118190288546 0.034772275015711791
decision_type=2 2 2 2 2 2 2 2 2 2 2 2 2 2 2 2 2 2 2 2 2 2 2 2 2 2 2 2
left_child=1 3 4 5 9 6 -1 -6 10 -3 21 12 13 -10 16 -12 -5 -17 -16 20 -4 22 -2 -23 -14 -7 -21 -13
right_child=8 2 19 14 7 25 -8 -9 11 -11 15 27 24 -15 18 17 -18 -19 -20 26 -22 23 -24 -25 -26 -27 -28 -29
leaf_value=0.0054929175597818701 -0.060654364604180826 -0.054159033932535551 -0.052036875736614467 -0.01161002657357308 -0.062862878756096474 0.0099268059704647194 -0.054190907525039238 0.035854179887219027 0.0010033821555912165 -0.0014015725797185709 0.051872208219322993 0.037340384711365734 0.055487893435418469 -0.065100626089535138 -0.048571935600392288 -0.06492452039648737 0.050050395911615586 0.035454154514975307 0.017104019830761659 -0.06490012671265484 0.03566742447431475 0.0577836589542211 0.042529783945257325 0.022741067462526573 0.0082353878222677489 0.062262783803214865 0.00087742928368440213 0.061508069057535732
leaf_weight=116.54555311240256 6.5333979930728701 86.873290514107794 29.81071575731039 22.63794108107686 27.296407061628997 15.116492860019205 906.0847939515952 678.39218746311963 104.04790695570409 113.41286006756127 14.655736995860932 25.273016851395369 43.525149324908853 28.299122331663966 18.697425724938512 16.497617080807689 81.633152233436704 7.2529191076755515 19.898160802200437 141.42161325132474 11.981928048655389 537.84194991923869 18.311145881190896 30.732238709926605 21.514012031257153 33.369180146604776 3.8135818541049948 35.059584364295006
leaf_count=790 105 1693 592 204 554 70 17830 2878 650 1007 32 59 78 343 223 181 229 22 145 2915 35 981 61 96 67 59 39 57
internal_value=0.000180581 -0.0154535 0.00665588 -0.0353487 0.0194722 -0.0431018 -0.0473902 0.0319522 0.0406987 -0.0244403 0.0508686 0.0156658 0.00430489 -0.0135135 0.0226744 -0.000794962 0.0366804 -0.034077 -0.0151355 -0.0552004 -0.0266462 0.054208 0.0140983 0.0559328 0.0402188 0.0464762 -0.0631788 0.0521582
internal_weight=3196.53 2306.99 1093 1213.98 905.975 1071.12 1022.63 705.689 889.544 200.286 631.825 257.719 197.386 132.347 142.867 38.4063 104.271 23.7505 38.5956 187.028 41.7926 593.419 24.8445 568.574 65.0392 48.4857 145.235 60.3326
internal_count=31995 29263 9713 19550 6132 18749 18620 3432 2732 2700 1478 1254 1138 993 801 235 433 203 368 3581 627 1243 166 1077 145 129 2954 116
is_linear=0
shrinkage=0.05


Tree=15
num_leaves=27
num_cat=0
split_feature=34 7 20 5 38 24 2 5 38 31 37 22 2 3 1 31 24 7 40 1 36 34 35 4 26 26
split_gain=770.61 348.044 336.466 138.333 132.485 99.506 94.908 87.2224 53.3882 49.826 44.2124 53.4901 39.715 40.3652 27.6078 21.2962 21.1045 20.5976 20.4544 17.2487 15.1739 6.36409 8.8322 11.4109 3.47621 1.35252
threshold=0.24333363026380542 0.90094172954559337 0.96859836578369152 0.002930026152171195 0.0058516415301710376 0.094354975968599333 0.10669768974184991 0.0031799726421013479 0.021482250653207306 0.038881113752722747 0.035150080919265754 1.0000000180025095e-35 0.11764355376362802 0.0018714344478212299 0.84500020742416393 0.0050317246932536372 0.3330527544021607 0.76798865199089061 0.29088863730430609 0.61067754030227672 0.0010203495039604606 0.34218244254589086 0.027650514617562297 -9.4139348220778616e-05 -0.25310474634170527 2.569182395935059
decision_type=2 2 2 2 2 2 2 2 2 2 2 2 2 2 2 2 2 2 2 2 2 2 2 2 2 2
left_child=1 3 5 16 7 20 -7 -4 -6 12 11 -5 18 14 -14 -12 24 -18 25 -15 -3 22 -11 -24 -1 -2
right_child=9 2 4 10 8 6 -8 -9 -10 21 15 -13 13 19 -16 -17 17 -19 -20 -21 -22 -23 23 -25 -26 -27
leaf_value=0.035031956989976097 -0.065854309990244317 -0.067022963429023238 -0.025578985133380722 -0.050249517078883921 0.038939357851451945 -0.063077603054775791 0.024002248981956398 -0.052487948520361205 -0.060432273492496136 0.055842647387980462 -0.016779983724076943 0.047902796274913458 0.043468726974540128 -0.059826781403388686 -0.01710068114039771 0.039050204744374706 0.043815378925323022 -0.041333712597110224 0.032031396657597147 0.010815733743919996 0.0084688173189435313 0.058123946453283976 0.048364581082717018 0.0080040385773069277 0.060021828595946118 -0.016837792825538021
leaf_weight=20.423583287745714 15.012446844950324 42.631147091276944 522.52491465676576 71.246949369087815 74.653630773536861 32.765101876109838 433.73937302920967 721.07398976618424 15.52432377450168 82.320736907422543 25.022308008745313 16.339217968285084 263.80548802576959 13.445820307359098 19.736819565296173 49.843245958909392 17.266828980296854 10.663557635620235 8.1355297043919546 20.888513576239347 7.6077131256461135 297.46566281095147 39.865571547299623 31.462544339708984 186.68811664916575 2.4534562341868869
leaf_count=74 247 386 7755 1438 299 701 1879 15671 229 170 311 46 697 191 93 246 53 157 43 90 27 561 92 119 332 26
internal_value=0.000374003 -0.0145875 -0.0237052 0.0278127 -0.0369681 0.0105332 0.0177643 -0.0412112 0.0213572 0.0426673 -0.00765359 -0.0316051 0.0281836 0.0330179 0.0392073 0.0204149 0.0522541 0.0110012 -0.0308259 -0.0177591 -0.055649 0.0536084 0.0445469 0.0309185 0.0577377 -0.0602536
internal_weight=3042.61 2248.01 1850.52 397.494 1333.78 516.743 466.504 1243.6 90.178 794.593 162.452 87.5862 343.478 317.877 283.542 74.8656 235.042 27.9304 25.6014 34.3343 50.2389 451.115 153.649 71.3281 207.112 17.4659
internal_count=31933 29604 26947 2657 23954 2993 2580 23426 528 2329 2041 1484 1387 1071 790 557 616 210 316 281 413 942 381 211 406 273
is_linear=0
shrinkage=0.05


Tree=16
num_leaves=26
num_cat=0
split_feature=31 16 22 2 17 2 5 36 1 4 21 17 1 7 40 7 16 36 29 9 29 5 27 27 2
split_gain=646.528 389.938 240.881 159.757 103.264 100.999 94.8157 91.7732 70.1487 57.2669 42.3859 39.4572 36.1801 33.2246 29.5536 27.2904 26.0511 12.1272 7.80158 9.76075 4.6274 3.89549 7.25981 0.201497 0.176089
threshold=0.043609214946627624 0.98507279157638561 1.0000000180025095e-35 0.12199999764561655 0.20833333581686023 0.10669768974184991 0.0028767164330929522 0.00045954163942951714 0.65195709466934215 -0.0033287173137068744 0.95324236154556286 0.29166667163372045 0.25467909872531896 0.8819531798362733 0.20796205103397372 0.90094172954559337 0.98124128580093395 0.0013724858290515842 -0.011144007090479134 0.0033291158033534889 -0.33873300254344935 0.0031511094421148305 0.52488380670547496 -0.87897753715515126 0.13348329067230227
decision_type=2 2 2 2 2 2 2 2 2 2 2 2 2 2 2 2 2 2 2 2 2 2 2 2 2
left_child=1 3 4 11 8 15 10 -8 -3 -6 -5 17 -13 21 16 -2 -15 -1 24 -20 -16 -7 -23 -17 -4
right_child=5 2 18 6 9 13 7 -9 -10 -11 -12 12 -14 14 20 23 -18 -19 19 -21 -22 22 -24 -25 -26
leaf_value=-0.058419058527517789 0.023279008139807791 0.040539074784103082 0.048085168012740563 0.037934135282748221 0.011185221018430988 0.057688962152813696 -0.024358367616251278 0.021824358626233886 -0.073834623191551055 -0.04724698615258402 -0.027208268874928221 0.022923676105291158 -0.061708194100625148 0.036522844400262718 0.055845020293877883 -0.023664703268904252 0.0017944854929050011 0.015736001623533249 -0.017368782836335077 0.046536074149169764 0.029715432494484492 0.011229035639383539 0.053702029586996929 -0.062312463333760476 0.064755470214709066
leaf_weight=100.22823362285271 13.663448579609392 60.081956558860838 22.107689701020718 403.1809573720675 43.546196474693716 305.90612143930048 196.69491044827737 234.96962924394757 16.206218990962952 930.9557059679646 25.923183017410338 40.24795335251838 17.202942264266312 129.69758031517267 116.58863035216928 2.0006241314113167 92.204537998419255 5.4327550809830418 8.6850475594401377 15.546758607029913 24.289749633520842 15.569312311708925 31.140586461871862 27.209418955259025 34.323076710104942
leaf_count=1873 77 323 52 1169 564 604 2254 899 236 20644 228 271 352 384 248 41 801 41 64 46 80 65 66 607 52
internal_value=0.00034476 -0.0136267 -0.0338449 0.00872681 -0.0402438 0.0400235 0.0173296 0.000772794 0.0156012 -0.0446271 0.0339446 -0.0365004 -0.00304043 0.0444951 0.0336987 -0.0339033 0.0221653 -0.0544945 0.0489858 0.023851 0.051581 0.0554759 0.0400771 -0.0605364 0.0591756
internal_weight=2913.6 2155.33 1131.45 1023.88 1050.79 758.27 860.769 431.665 76.2882 974.502 429.104 163.112 57.4509 715.397 362.78 42.8735 221.902 105.661 80.6626 24.2318 140.878 352.616 46.7099 29.21 56.4308
internal_count=32041 29068 21981 7087 21767 2973 4550 3153 559 21208 1397 2537 623 2248 1513 725 1185 1914 214 110 328 735 131 648 104
is_linear=0
shrinkage=0.05


Tree=17
num_leaves=29
num_cat=0
split_feature=34 37 0 17 22 2 25 2 36 29 40 36 24 31 34 39 31 36 17 29 35 22 6 17 2 9 2 39
split_gain=640.289 298.45 239.392 141.864 129.573 111.226 110.719 76.4669 64.8943 39.7738 38.4438 34.4196 29.4978 27.4256 23.1918 20.3897 25.0038 18.2104 16.8889 16.4141 15.2884 10.4096 8.03058 5.96747 4.54934 2.2325 1.31772 0.735926
threshold=0.25441154837608343 0.030052864924073223 0.71085646748542797 0.14166666567325595 1.0000000180025095e-35 0.10669768974184991 -0.00059120162040926505 0.12249197438359262 0.00058120902394875895 0.59580504894256603 0.17162900418043139 0.00079627017839811753 0.17903463542461398 0.11900128424167634 0.37249372899532324 0.0046359137631952771 -0.027860501781105992 0.00012805289588868621 0.5249999761581422 -0.011144007090479134 0.018064271658658985 1.0000000180025095e-35 -0.46536426246166224 0.10833333432674409 0.128637470304966 -0.037217998877167695 0.11377789080142976 0.00031364778988063341
decision_type=2 2 2 2 2 2 2 2 2 2 2 2 2 2 2 2 2 2 2 2 2 2 2 2 2 2 2 2
left_child=1 3 5 7 8 13 -7 12 -5 14 22 18 -1 -3 15 16 -2 -9 25 -6 -12 -20 -4 24 -16 -11 -17 -25
right_child=9 2 10 4 19 6 -8 17 -10 11 20 -13 -14 -15 23 26 -18 -19 21 -21 -22 -23 -24 27 -26 -27 -28 -29
leaf_value=0.035098341493183798 -0.024279198144130765 -0.062643644331776174 -0.011232844669962737 -0.049954208095621608 0.059328697717114014 0.037646945784712706 -0.00021392082790797578 -0.0081014398181904392 -0.010510261895343435 -0.025926854197221218 0.039646123689202138 0.045420288342420657 -0.060462901469699529 0.037398751422472044 0.012664636638012851 0.03500527300077886 0.031938273180619974 0.046039258052541776 -0.035738712064252352 -0.0018024685304958441 -0.027909223739796901 0.041613183958010197 -0.062280448240666378 0.043587186637596725 0.046828259586655874 -0.076801288916929028 0.057228277584823739 0.059349753321231963
leaf_weight=9.5610186979174596 21.958208315074444 51.045957094058394 8.6982352416962367 744.69308249396272 32.028259525075555 444.45258943550289 340.84009776264429 18.6361995190382 121.94438948109746 4.2448800243437335 13.728296171873806 24.925097171217203 36.70984120760113 7.2143135946243993 13.77250601351261 13.983289515599607 152.54347520507872 84.72253786213696 7.1717885956168184 16.363268952816725 18.416504871100187 8.3230001926422119 132.53438674611971 21.89313730597496 42.261556021869183 11.990616962313648 76.592291042208672 256.13881503418088
leaf_count=42 169 1213 131 17164 63 1849 3334 91 1379 54 47 69 816 34 68 56 578 220 101 81 249 22 3280 71 90 85 159 517
internal_value=-0.000530603 -0.0141056 0.00526574 -0.0325961 -0.0399709 0.0162733 0.0212348 0.0124687 -0.0444226 0.042514 -0.0480768 0.002424 -0.0403922 -0.0498334 0.0462946 0.0349954 0.0247662 0.0362933 -0.0317067 0.0390396 0.00126778 0.0058146 -0.0592376 0.0551292 0.0388005 -0.0657758 0.0542172 0.0582692
internal_weight=2737.39 2081.59 1016.93 1064.66 915.029 843.553 785.293 149.63 866.637 655.799 173.377 56.6554 46.2709 58.2603 599.143 265.077 174.502 103.359 31.7303 48.3915 32.1448 15.4948 141.233 334.066 56.0341 16.2355 90.5756 278.032
internal_count=32032 29993 10137 19856 18687 6430 5183 1169 18543 2039 3707 331 858 1247 1708 962 747 311 262 144 296 123 3411 746 158 139 215 588
is_linear=0
shrinkage=0.05


Tree=18
num_leaves=30
num_cat=0
split_feature=32 37 24 5 34 20 22 6 42 36 0 19 0 6 30 30 31 30 42 31 6 29 30 29 4 17 4 6 40
split_gain=541.58 310.502 273.102 145.895 119.837 91.1733 98.7623 80.5074 54.8259 54.586 50.665 64.7225 58.5306 37.514 31.3974 27.1543 27.0021 23.9022 30.0766 24.4978 22.4878 21.1269 16.6599 21.6358 11.1265 6.92945 4.7191 3.75517 2.68366
threshold=0.0028460574103519325 0.029798674397170547 0.27758213877677923 0.003499650396406651 0.30098859965801245 0.93615138530731212 1.0000000180025095e-35 0.46763075888156896 0.96875000000000011 0.00081964844139292847 0.47279927134513861 0.01629695296287537 0.082508694380521788 -0.076022252440452562 0.0039107115007936963 0.0036542015150189404 -0.10159644111990927 0.0036893548676744108 0.65625000000000011 -0.028879118151962754 0.065936584025621428 0.75231909751892101 0.0037661431124433879 -1.2737276554107664 -0.00081682726158760477 0.12499999627470972 -0.0012414927477948365 0.14015149325132373 0.26797817647457128
decision_type=2 2 2 2 2 2 2 2 2 2 2 2 2 2 2 2 2 2 2 2 2 2 2 2 2 2 2 2 2
left_child=1 5 3 8 10 17 15 20 -3 -5 12 14 28 -14 -12 -7 -13 18 -1 -19 -4 22 25 -24 -23 -6 -9 -8 -2
right_child=4 2 7 9 21 6 27 26 -10 -11 11 16 13 -15 -16 -17 -18 19 -20 -21 -22 24 23 -25 -26 -27 -28 -29 -30
leaf_value=-0.048927099559710557 -0.056719341705682928 -0.013107285084742416 -0.060257461356870393 -0.036233011743183496 0.037511550542314281 -0.039834462618571639 0.059216406932714662 0.048250209933350212 0.051745226182171561 0.026726818214442373 0.042023130339685605 0.058372108384024672 -0.0089281425752861798 0.035507116790255394 -0.053430528922446832 -0.05982456295691773 -0.038816556369279442 0.047938021252833335 0.035721156169813299 -0.072050513349208672 -0.028002629915598327 0.039676031073193403 0.060532807777895714 -0.031770841270105578 -0.028983226461817474 0.054844980082393018 0.008446633827169139 0.021220764302683305 0.0035953812766241415
leaf_weight=11.772819289937614 21.504259523004297 36.041693908162415 131.32662873249501 97.075627553043887 81.412340395152569 398.19283716077916 16.386758536100391 22.097941813990474 307.19948086794466 52.167334374971688 59.874610770493746 6.7910325620323411 56.23321486171335 292.88325378205627 9.1568013578653318 313.18053451552987 104.90874485578388 5.0840762034058598 59.833993276581168 14.377090098336337 96.484022799879313 9.09028801135719 10.17427806556225 13.742770297452806 13.211314395070074 343.61892548203468 11.718829138204454 13.074089635163544 1.8833920378237952
leaf_count=186 473 210 3201 1717 240 8469 32 55 909 192 279 16 558 1332 155 9003 1550 14 208 168 1698 28 24 108 75 814 113 56 17
internal_value=0.000159516 -0.0181404 0.00509619 0.0270115 0.0284798 -0.039185 -0.0449819 -0.0361027 0.0449172 -0.0141942 0.0126609 -0.00902858 0.0231802 0.0283447 0.0287793 -0.0487067 -0.0324422 0.00794907 0.021322 -0.0398936 -0.0467787 0.0469847 0.0493391 0.00834851 -0.000495552 0.0516207 0.0350955 0.043605 -0.051914
internal_weight=2610.5 1586.01 754.112 492.484 1024.49 831.902 740.834 261.627 343.241 149.243 553.235 180.731 372.504 349.116 69.0314 711.373 111.7 91.068 71.6068 19.4612 227.811 471.25 448.948 23.917 22.3016 425.031 33.8168 29.4608 23.3877
internal_count=31900 26231 8095 3028 5669 18136 17560 5067 1119 1909 4380 2000 2380 1890 434 17472 1566 576 394 182 4899 1289 1186 132 103 1054 168 88 490
is_linear=0
shrinkage=0.05


Tree=19
num_leaves=27
num_cat=0
split_feature=32 40 24 5 34 1 6 7 37 6 19 2 6 0 2 25 29 3 37 17 24 30 0 40 24 24
split_gain=484.114 285.74 234.995 192.167 103.057 99.3843 95.7867 68.7087 61.8246 53.069 58.0701 83.4197 36.4504 72.1428 35.0748 28.4594 22.5267 20.7151 18.8509 13.8031 13.2736 12.7917 23.6661 10.8202 9.0289 5.16064
threshold=0.0027532156091183428 1.0000000180025095e-35 0.28098160028457647 0.003499650396406651 0.30098859965801245 0.28040979802608496 0.49194628000259405 0.72937968373298656 0.029798674397170547 0.4014939963817597 0.028257817029953006 0.1670140624046326 0.11719202250242235 0.23390356451272967 0.11673445627093317 -0.00012946659262524915 0.87620094418525707 0.0023340955376625065 0.068927604705095305 0.97500002384185802 0.2825725674629212 0.0037661431124433879 0.3938301950693131 0.20796205103397372 0.37553149461746221 0.2083939611911774
decision_type=2 2 2 2 2 2 2 2 2 2 2 2 2 2 2 2 2 2 2 2 2 2 2 2 2 2
left_child=1 2 3 8 9 -5 18 15 -1 10 14 -12 23 -14 -2 25 21 19 -4 -11 -19 24 -23 -9 -6 -3
right_child=4 7 6 5 16 -7 -8 12 -10 17 11 -13 13 -15 -16 -17 -18 20 -20 -21 -22 22 -24 -25 -26 -27
leaf_value=0.00881429429824249 -0.014803643980953586 0.059054722169244289 -0.058322804822437395 0.012734162929242407 0.051090752989684157 -0.053661853721903643 0.046118988108586625 -0.056908613806544717 0.050138471271009968 0.060856199685508573 -0.025079018413545789 0.043581218886562939 0.01213051183123044 -0.057114997034618947 0.039050336705717427 -0.052548997221608829 -0.015962332956807306 -0.062343941649061624 -0.010774780396348093 0.022729042055578415 0.040757542979324123 0.053918562039117594 -0.037093266451901766 -0.013235156246789843 0.010219998414286965 0.013473987858318118
leaf_weight=134.6852280984167 38.383627913892269 19.291824498213831 186.76907566469163 111.30707524809986 384.03612377494574 112.52941061370075 26.781586341559887 415.37853849353269 278.0691138682887 73.594516858458519 204.22734097926877 55.431033343076706 66.899409718345851 84.067920717410743 133.91853649541736 9.1543709365650994 14.065622106194494 6.7150615621358138 24.023631731048226 37.356680588796735 4.3602593652904034 14.920376300811769 12.024738270789383 15.408399151638148 14.590148298535494 9.9943144139833731
leaf_count=1083 610 43 4290 802 956 2372 86 12477 707 177 2686 231 948 2244 591 296 69 117 311 173 15 40 109 232 112 99
internal_value=0.000226743 -0.0177539 0.00067007 0.016509 0.0272593 -0.0207353 -0.0416624 -0.0436817 0.0367079 0.0128775 0.0046148 -0.0103107 -0.0479579 -0.0265518 0.0270371 0.0206099 0.0453115 0.0418514 -0.0529803 0.0483367 -0.0217399 0.0473693 0.013429 -0.0553808 0.0496242 0.0444581
internal_weight=2487.98 1494.36 874.165 636.591 993.624 223.836 237.574 620.195 412.754 553.987 431.961 259.658 581.754 150.967 172.302 38.4405 439.637 122.027 210.793 110.951 11.0753 425.571 26.9451 430.787 398.626 29.2861
internal_count=31876 25990 9651 4964 5886 3174 4687 16339 1790 4600 4118 2917 15901 3192 1201 438 1286 482 4601 350 132 1217 149 12709 1068 142
is_linear=0
shrinkage=0.05


Tree=20
num_leaves=24
num_cat=0
split_feature=22 16 32 24 25 30 35 1 0 6 29 24 35 37 38 38 39 40 25 31 6 17 38
split_gain=422.739 352.402 138.373 106.64 85.2299 81.4135 86.0906 79.0761 57.4372 53.8392 29.9916 23.511 19.919 19.5785 18.6563 17.4285 14.6173 13.9023 11.2185 18.9563 6.87271 3.3108 2.89204
threshold=1.0000000180025095e-35 0.98507279157638561 0.0028460574103519325 0.36494031548500067 -0.00076010558404959727 0.0030757313361391429 0.077722117304801955 0.094678498804569258 0.41136083006858831 -0.02932658419013023 0.49825373291969305 0.36494031548500067 0.028837030753493312 0.067676059901714339 0.0052005730103701362 0.032039400190114982 0.00094877701485529553 0.24842049181461337 -0.00010747845954028888 0.002258685184642673 0.62814128398895275 0.10833333432674409 0.0066596576943993577
decision_type=2 2 2 2 2 2 2 2 2 2 2 2 2 2 2 2 2 2 2 2 2 2 2
left_child=1 3 5 4 7 6 -3 -1 -6 12 18 -11 -4 -7 20 -16 17 -12 21 -20 -5 -2 -21
right_child=10 2 9 14 8 13 -8 -9 -10 11 16 -13 -14 -15 15 -17 -18 -19 19 22 -22 -23 -24
leaf_value=-0.058479588551757361 0.035431443718841112 -0.050786325000503646 0.0083651237926509209 -0.06300490762427173 0.019928657493205749 -0.053803153852750953 0.0024069079112275333 0.03699288845183716 -0.015364040886449843 0.030390723964059875 -0.073255426137379939 -0.056318072999916528 -0.059119391640824741 0.0053848447644397933 0.023447040546944166 -0.058836179880985134 0.031084963976274721 0.019324271801069447 -0.03623627158959928 0.059093304714145069 0.027930976593056253 0.056783523168489961 0.025778995188561662
leaf_weight=21.967152273282409 26.101647008210421 127.52207885240205 16.238344293087721 52.139578773174435 221.40604897984304 471.82379421847872 186.15101835294627 428.803870908916 238.35491771413945 126.70411366131157 8.2187968511134368 7.4229044690728179 31.119190934114158 14.218534735962747 16.187477570027117 9.3087403126992267 18.881035979837179 6.6363584361970416 8.7218310385942441 15.72449914366007 1.6260523609817017 291.61651521269232 15.133209917694328
leaf_count=452 69 3431 184 1375 1442 15160 2220 1744 2537 842 75 173 646 228 122 212 64 30 69 31 7 735 57
internal_value=0.0003255 -0.00910198 -0.0303219 0.0119431 0.0167974 -0.0392576 -0.0193112 0.0322211 0.00163815 0.00905278 0.0477464 0.0252108 -0.0362853 -0.0520642 -0.0433361 -0.00768153 0.00259791 -0.0332863 0.0519902 0.0259224 -0.0597949 0.055146 0.0440774
internal_weight=2362.03 1970.99 981.2 989.794 910.532 799.715 313.673 450.771 459.761 181.485 391.034 134.127 47.3575 486.042 79.2618 25.4962 33.7362 14.8552 357.298 39.5795 53.7656 317.718 30.8577
internal_count=31905 30775 22884 7891 6175 21039 5651 2196 3979 1845 1130 1015 830 15388 1716 334 169 105 961 157 1382 804 88
is_linear=0
shrinkage=0.05


Tree=21
num_leaves=22
num_cat=0
split_feature=22 16 31 2 21 36 24 7 32 3 5 32 30 24 29 29 17 25 3 17 10
split_gain=410.393 290.49 123.499 110.63 62.5683 60.1284 57.9014 57.4781 47.5133 46.2567 44.7583 24.7436 21.4026 16.798 16.2526 11.0785 12.0507 1.82354 2.06441 1.28138 0.253978
threshold=1.0000000180025095e-35 0.98507279157638561 0.036094171926379211 0.10669768974184991 0.8859442174434663 0.00057490915060043346 0.2307136878371239 0.92850330471992504 0.0027239220216870312 0.0033272119471803312 0.0009694631735328586 0.003733371384441853 0.0037261194083839659 0.33498856425285345 -0.14597245305776593 0.59580504894256603 0.80833333730697643 -8.8721630163490759e-05 -0.0028643183177337046 0.10833333432674409 0.012088294606655838
decision_type=2 2 2 2 2 2 2 2 2 2 2 2 2 2 2 2 2 2 2 2 2
left_child=1 3 5 20 9 10 -7 13 -6 -5 -3 -9 15 -4 -14 17 -17 19 -19 -2 -1
right_child=12 2 7 4 8 6 -8 11 -10 -11 -12 -13 14 -15 -16 16 -18 18 -20 -21 -22
leaf_value=-0.059432201200396134 0.039804692319987636 0.0074934550143402612 0.05455013763515857 0.028261364461374339 -0.018299157981814293 0.035389705890388395 -0.037535765898635741 -0.036128672907457186 0.017713673353854997 -0.041983917607163905 -0.047284191702630263 0.022000146133917736 0.035047729739851784 0.0023285140254299969 -0.062858284623005856 -0.027404975560478103 0.043323667846330204 0.05571318672198812 0.022422406967977187 0.055888082772810294 -0.017407304228686936
leaf_weight=53.419318341184407 25.192035268992186 39.431547493673861 56.472702119499445 498.17516161105596 200.3892213772051 50.006118276156485 57.375517018139362 59.475624730810523 166.99484383827075 23.729446834884584 613.2423465650063 25.464784717187285 8.536832217127083 21.160843486897647 6.6564914323389521 8.7800744585692883 15.06601869314909 8.2553653270006198 14.528665551915763 271.5861620940268 1.3761045206338156
leaf_count=1651 69 377 161 2343 2460 373 1406 1151 1081 305 19089 117 32 198 74 66 52 16 70 739 29
internal_value=-0.00046589 -0.00988317 -0.0298204 0.00961191 0.0138828 -0.0382719 -0.00356221 0.00968413 -0.00192584 0.0249933 -0.0439684 -0.0186487 0.0484472 0.0405265 -0.00907964 0.0510114 0.0172267 0.0534708 0.03632 0.0546611 -0.0587077
internal_weight=2225.32 1866.71 922.629 944.084 889.289 760.056 107.382 162.574 367.384 521.905 652.674 84.9404 358.602 77.6335 15.1933 343.408 23.8461 319.562 22.784 296.778 54.7954
internal_count=31859 30741 22872 7869 6189 21245 1779 1627 3541 2648 19466 1268 1118 359 106 1012 118 894 86 808 1680
is_linear=0
shrinkage=0.05


Tree=22
num_leaves=25
num_cat=0
split_feature=22 36 24 2 37 17 24 25 25 3 40 2 37 2 40 29 19 5 17 4 17 24 25 0
split_gain=366.867 237.574 108.361 105.436 100.6 97.4042 79.7402 61.0159 54.7239 49.0759 45.8591 36.6631 29.3773 27.7199 22.2685 22.1364 20.0191 19.6519 11.8658 9.37224 4.3457 8.63697 0.551348 0.334006
threshold=1.0000000180025095e-35 0.00034764062729664152 0.22965359687805179 0.12903869897127154 0.049650352448225028 0.64166665077209484 0.21772087365388873 -3.8838443288113915e-05 -0.0013564607943408189 0.00071620123344473552 0.18403173983097079 0.11673445627093317 0.029798674397170547 0.17380877584218982 0.28627975285053259 -0.011144007090479134 0.0034932494163513188 0.0032857819460332398 0.47499999403953558 -0.0024590676184743638 0.10833333432674409 0.19225006550550464 -8.8721630163490759e-05 0.34387411177158361
decision_type=2 2 2 2 2 2 2 2 2 2 2 2 2 2 2 2 2 2 2 2 2 2 2 2
left_child=1 4 7 10 5 6 -1 12 -5 11 -4 -6 -3 -9 -11 20 -7 18 -17 -19 21 -2 -22 -20
right_child=15 2 3 8 9 16 -8 13 -10 14 -12 -13 -14 -15 -16 17 -18 19 23 -21 22 -23 -24 -25
leaf_value=0.027590997242430595 -0.0015018536577428212 0.013770123828610072 -0.05674426629641699 0.033951264615276575 -0.03214553673255631 0.054515629734570629 -0.03374868846222507 -0.0033531152557059207 -0.010013412477872317 -0.058259730968200585 0.00029580433693699739 0.036434587566707678 0.050301674116888663 0.054466317427343328 0.052536978544838214 -0.012363321065358174 -0.049524442024850082 0.021263403221197991 0.0567570737579342 -0.064998939455828603 0.055854814500892275 0.05306311568939992 0.041441103251591151 0.037106983468003417
leaf_weight=89.839663855731487 11.551442929543557 77.274160579312593 120.20537220826373 126.09294098708779 23.430002993904054 3.8900344669818869 126.2382277874276 171.86563327023759 158.97915446339175 30.839310039766133 49.666486554779112 98.146956016309559 198.74038613215089 22.558686273172498 4.489741548895835 10.111775767058132 484.41898462944664 4.198640650138258 15.950976617634298 8.133263858035205 236.93239281419665 18.245238795876503 22.067901346832514 14.675140134990214
leaf_count=559 50 616 3450 751 606 17 2457 1768 2425 701 564 583 577 86 10 61 15533 31 35 87 684 45 71 59
internal_value=-0.000211581 -0.009298 0.00828917 -0.00910132 -0.0281816 -0.0362373 -0.0082356 0.0250905 0.00948372 0.00798277 -0.040163 0.0230636 0.0401608 0.00359994 -0.0431207 0.0471648 -0.0485859 0.0170752 0.0336952 -0.0362373 0.0526161 0.0325477 0.0547908 0.0488123
internal_weight=2128.54 1786.68 925.383 454.944 861.293 704.387 216.078 470.439 285.072 156.906 169.872 121.577 276.015 194.424 35.3291 341.867 488.309 53.0698 40.7379 12.3319 288.797 29.7967 259 30.6261
internal_count=31826 30703 10237 7190 20466 18566 3016 3047 3176 1900 4014 1189 1193 1854 711 1123 15550 273 155 118 850 95 755 94
is_linear=0
shrinkage=0.05


Tree=23
num_leaves=26
num_cat=0
split_feature=31 36 17 2 24 25 2 32 25 7 29 24 24 22 7 24 32 25 6 41 22 4 5 24 2
split_gain=329.017 194.832 90.5982 87.5492 82.1053 78.3358 77.9215 56.4991 54.7546 39.8442 38.2089 36.8922 31.3727 29.8064 25.5814 36.0408 46.2859 17.3721 15.6088 12.5344 10.5597 6.42158 6.22899 5.25865 1.06025
threshold=0.034772275015711791 0.00033957324922084814 0.82499998807907116 0.12199999764561655 0.36830478906631475 -0.0012920621666125951 0.12625496089458468 0.0027239220216870312 -0.0019245293224230407 0.76798865199089061 -0.2081818804144859 0.21772087365388873 0.36609348654747015 1.0000000180025095e-35 0.93085125088691723 0.22558574378490451 0.0044001881033182153 8.4265968325780718e-05 0.0033492343500256543 0.77810069918632518 1.0000000180025095e-35 0.0028548419941216712 0.0036315832985565071 0.2415047958493233 0.12625496089458468
decision_type=2 2 2 2 2 2 2 2 2 2 2 2 2 2 2 2 2 2 2 2 2 2 2 2 2
left_child=1 2 6 11 14 12 19 -7 24 -6 -8 18 -5 -10 21 17 -17 -16 -3 -1 -13 22 -2 -23 -4
right_child=4 3 8 5 9 7 10 -9 13 -11 -12 20 -14 -15 15 16 -18 -19 -20 -21 -22 23 -24 -25 -26
leaf_value=-0.052439015383038051 0.050888109194286824 -0.03253266842313652 0.024610858786378673 0.042176483485979459 0.049088121603478453 -0.016255533008165946 0.040969250391861563 0.021228604082221381 -0.051175125222251365 -0.058641834338647926 -0.0067528410152149013 -0.054329077997881253 -0.025813979795985837 0.017187290337886969 0.050832063388498119 -0.032753162151842187 0.034174236984562886 0.0091023668196553009 0.03869259535387326 0.049565935066470813 0.0087146821534784587 -0.014314620284919586 0.017193425223643671 0.040029469756853765 0.056024023512586868
leaf_weight=78.093476860318333 260.621951200068 11.181231393478813 7.5726994387805489 202.41866648104042 10.514228986576198 235.86828359100036 63.34058607975021 173.65062567498535 413.10326138674282 34.153858905192465 119.84516380541027 83.924445325508714 17.853984571062028 16.128651773557067 108.94839573279023 48.356577063445002 53.208836307749152 32.902203431352973 20.112457172945142 2.3764682272449127 6.9284108504652968 7.5185138303786543 15.844621713273225 8.6640048399567586 8.462067097425459
leaf_count=2342 865 164 72 845 35 3924 442 1094 14224 1123 1735 2679 332 83 300 804 188 247 107 14 48 44 106 36 16
internal_value=7.02308e-06 -0.0126488 -0.0314353 0.00508115 0.0318104 0.0126031 -0.00816264 -0.000347928 -0.0451665 -0.0327641 0.00988099 -0.0334899 0.0365738 -0.0485724 0.0372421 0.0250943 0.0023006 0.0412843 0.0130245 -0.0488551 -0.0494788 0.0472263 0.049026 0.0154172 0.0435042
internal_weight=2041.59 1460.86 708.922 751.938 580.733 629.792 263.656 409.519 445.267 44.6681 183.186 122.147 220.273 429.232 536.065 243.416 101.565 141.851 31.2937 80.4699 90.8529 292.649 276.467 16.1825 16.0348
internal_count=31869 28121 18928 9193 3748 6195 4533 5018 14395 1158 2177 2998 1177 14307 2590 1539 992 547 271 2356 2727 1051 971 80 88
is_linear=0
shrinkage=0.05


Tree=24
num_leaves=29
num_cat=0
split_feature=34 0 37 26 30 38 24 0 29 32 40 22 36 29 39 32 30 6 30 24 6 22 31 37 1 31 34 32
split_gain=287.857 188.183 148.692 77.0676 69.6373 65.3915 51.7564 47.7625 41.6574 35.8814 27.3446 23.4424 17.3103 13.6076 12.7049 12.3665 13.4236 10.2095 9.00493 21.9109 7.25456 12.4137 5.43418 4.529 4.41713 1.66565 1.57662 0.963299
threshold=0.25069467723369604 0.71085646748542797 0.029798674397170547 -0.039413256570696824 0.0036542015150189404 0.0039043368306010966 0.30491694808006292 0.082508694380521788 -0.56130871176719654 0.0027239220216870312 0.17162900418043139 1.0000000180025095e-35 0.00074355816468596469 0.59580504894256603 0.00011185275434399956 0.017553722485899929 0.001432391698472202 -0.18377802520990369 0.0038368580862879757 0.15252587199211123 -0.46536426246166224 1.0000000180025095e-35 0.034772275015711791 0.029309717006981376 0.88581135869026195 0.031328799203038223 0.35556218028068548 0.0073268082924187192
decision_type=2 2 2 2 2 2 2 2 2 2 2 2 2 2 2 2 2 2 2 2 2 2 2 2 2 2 2 2
left_child=1 2 4 9 6 -6 -1 -5 15 -4 20 12 13 -10 -12 18 -17 -16 24 -20 21 -3 -14 -13 -2 -18 -25 -22
right_child=8 10 3 7 5 -7 -8 -9 11 -11 14 23 22 -15 17 16 25 -19 19 -21 27 -23 -24 26 -26 -27 -28 -29
leaf_value=0.0026741059788306099 0.053440797920651234 -0.046212337498695417 -0.048483596974038361 -0.056021849023671313 -0.05392378699435673 0.018268357396101578 -0.041311028582229604 0.026938793740301906 -0.0015072423486852744 0.0017585717649182709 0.046810549818607515 0.0075296577307524719 0.0098510437742540119 -0.052114734414393439 0.018011137560316103 -0.035056907021052172 0.018710822778293425 -0.046032134771393479 -0.062013741036257487 0.051305051948962267 -0.059156165239263793 0.055397667418451368 0.052843934580497957 0.031037843468560661 0.020842780363507916 0.049787765970472506 0.053750465185756859 -0.014590691954399694
leaf_weight=292.12203825521283 229.97710696794093 9.5704648846294713 55.833206774666905 17.115561855956912 192.59340505721048 36.920201868750155 85.696802837541327 460.87687416607514 57.145286673679948 94.654986959882081 7.2929267846047869 9.7193196304142457 15.45260396320373 16.330350650474429 8.8774330699816364 8.6886612577363866 10.038097100332381 16.854472533799708 5.500081421807411 11.520680995658038 205.73147390433587 3.2592922747135153 14.073697192594407 18.051658311858773 12.673979835584758 10.366649273782967 28.861154027283192 1.9877582127228368
leaf_count=4408 791 339 1832 600 7395 333 2424 2957 422 1090 31 38 84 246 112 44 51 383 72 48 7890 5 40 77 67 34 92 45
internal_value=-0.000484696 -0.0110611 -0.00299477 0.0140438 -0.0206207 -0.0422819 -0.00738531 0.0238575 0.0345919 -0.017079 -0.0502068 0.0139753 -0.000309387 -0.0133038 -0.00751743 0.0459016 0.0143818 -0.0240902 0.0493643 0.013278 -0.0565363 -0.01826 0.0314034 0.0395107 0.0518307 0.0360879 0.045841 -0.0588016
internal_weight=1937.79 1489.39 1235.81 628.481 607.332 229.514 377.819 477.992 448.399 150.488 253.574 159.634 103.002 73.4756 33.0248 288.765 29.0934 25.7319 259.672 17.0208 220.549 12.8298 29.5263 56.6321 242.651 20.4047 46.9128 207.719
internal_count=31950 29844 21039 6479 14560 7728 6832 3557 2106 2922 8805 999 792 668 526 1107 129 495 978 120 8279 344 124 207 858 85 169 7935
is_linear=0
shrinkage=0.05


Tree=25
num_leaves=26
num_cat=0
split_feature=22 16 32 35 0 24 24 25 1 6 19 30 30 32 29 29 31 30 27 21 0 30 1 39 17
split_gain=256.346 214.896 131.496 72.6865 64.0969 60.2502 63.82 50.159 35.3874 28.2542 32.4148 21.8225 19.3141 9.95064 9.5867 9.55539 8.27952 8.13869 7.8504 4.18667 6.96628 4.0856 2.1699 0.491378 0.435811
threshold=1.0000000180025095e-35 0.97945997118949901 0.0028798455605283384 0.077722117304801955 0.69671961665153515 0.061387583613395698 0.22765421122312549 1.0008200206357289e-05 0.099069330841302886 -0.016885672695934769 0.029545247554779056 0.0037261194083839659 0.0044256313703954228 0.0073268082924187192 0.010401027742773296 -0.29410320520400995 0.10283770784735681 0.0029245181940495972 0.031828097999095924 0.65509775280952465 0.38790778815746313 0.0022033506538718943 0.52301603555679332 0.0010812369873747232 0.10833333432674409
decision_type=2 2 2 2 2 2 2 2 2 2 2 2 2 2 2 2 2 2 2 2 2 2 2 2 2
left_child=1 5 3 16 -5 13 7 -7 -8 10 -4 14 -11 23 19 -13 -3 -15 21 20 -2 -16 -20 -1 -21
right_child=11 2 9 4 -6 6 8 -9 -10 12 -12 15 -14 17 18 -17 -18 -19 22 24 -22 -23 -24 -25 -26
leaf_value=-0.074797311930867846 0.054236944137767522 -0.053819636016543507 0.023382456326308934 -0.0088274471705108715 -0.059011176736927608 0.042686856272635049 -0.056403230835051492 0.0067782392798260115 0.0031485243146554169 0.029450033968244013 -0.055513233288036139 0.027742545862479408 -0.052374286613141488 0.043272222066858296 -0.043309771077789862 -0.048823463969076254 0.0017775944398532558 -0.045573328277124209 0.016786472002382542 0.039048123494813812 0.0025964384361795443 0.012641089107385609 0.047469265880041828 -0.033137947392456263 0.055023038704681629
leaf_weight=19.710966998711235 13.134790778160097 300.00798301934265 23.754834374412894 294.51473725028336 80.337836591759697 242.9512621765025 26.711850948864594 162.44615099951625 249.15567865222692 126.99419757025316 26.706127984914929 6.5727156437933445 6.7463480401784173 3.651965565979479 4.3072402477264387 7.985929271206258 6.7843940528109661 4.8066346757113934 10.19438927806914 16.057897569611669 12.335606809705494 7.6449969187378883 19.434419635683298 3.1670186677947632 183.28168392460793
leaf_count=257 41 13964 257 5707 2797 848 739 1207 2783 953 724 28 229 12 33 69 146 72 43 52 46 60 68 44 661
internal_value=0.000118752 -0.00772096 -0.0244453 -0.0345638 -0.0197111 0.0126057 0.0157504 0.0283501 -0.00280068 0.0129831 -0.0186399 0.0440354 0.0249645 -0.0541349 0.0472881 -0.0146952 -0.0525884 -0.00669515 0.0243617 0.0514019 0.0302698 -0.00930906 0.037805 -0.0706597 0.0539375
internal_weight=1859.4 1578.45 865.846 681.645 374.853 712.602 681.265 405.397 275.868 184.202 50.461 280.95 133.741 31.3366 266.391 14.5586 306.792 8.4586 41.581 224.81 25.4704 11.9522 29.6288 22.878 199.34
internal_count=31840 30739 24777 22614 8504 5962 5577 2055 3522 2163 981 1101 1182 385 1004 97 14110 84 204 800 87 93 111 301 713
is_linear=0
shrinkage=0.05


Tree=26
num_leaves=27
num_cat=0
split_feature=32 0 30 0 7 6 36 27 4 29 2 0 33 2 2 30 0 0 6 36 7 35 40 40 3 6
split_gain=236.655 148.341 144.885 97.1106 75.6722 65.0343 64.0135 56.9154 45.9953 32.4012 56.7517 28.0783 21.864 45.2185 19.6342 19.4373 18.1562 12.1992 11.0844 7.40796 6.28993 5.17486 4.03996 1.43824 1.13708 0.788566
threshold=0.0027239220216870312 0.71085646748542797 0.0034129641717299823 0.15842524915933612 0.97145026922225963 0.49194628000259405 0.00072699916199781011 1.0029018521308901 -0.00097304923110641528 -0.45863978564739222 0.1670140624046326 0.21381879597902301 0.0031659476226195697 0.12199999764561655 0.10969382524490358 0.0044841971248388299 0.41834877431392675 0.34973329305648809 0.11390240490436555 0.0004639893450075761 0.58655452728271495 0.01499452441930771 0.21514704078435901 0.24097780138254168 0.00092972852871753286 -0.48620580136775965
decision_type=2 2 2 2 2 2 2 2 2 2 2 2 2 2 2 2 2 2 2 2 2 2 2 2 2 2
left_child=1 2 3 5 -5 -1 11 9 -8 12 16 -4 13 -2 21 18 -11 -17 -16 -12 -3 23 25 -9 -14 -22
right_child=7 20 6 4 -6 -7 8 14 -10 10 19 -13 24 -15 15 17 -18 -19 -20 -21 22 -23 -24 -25 -26 -27
leaf_value=-0.050136541222339549 -0.05637719975047252 0.029361456198402216 -0.015673102068284209 0.047591435367601673 0.0045310362401064785 0.044692159940994187 -0.069284517481883856 -0.012433070880240404 0.041738923732737014 -0.0062173206633953804 0.0076921531243002196 -0.052730645812235577 0.053179062583467857 0.024294499311349492 0.03054121003039752 0.037193947863259774 -0.042096448446212791 -0.050952723693179713 0.050358084047280809 0.058026106560012315 -0.032378850735264517 -0.050782377608392618 -0.0063296746890374265 0.031551792244667476 0.030855043109087679 -0.058401662359437168
leaf_weight=93.074767666403204 19.468492408748716 1.5902517791837443 70.408929797820747 154.16497242124751 298.64226145111024 21.555745652876794 11.037244052626191 2.8323746137320978 40.934610798023641 94.108363206963986 9.9406008562073094 196.71226060576737 45.327548454515636 114.77850477257743 126.77631785860285 5.6620662519708267 55.798563014948741 8.7432911721989495 181.23462912812829 30.682623101398349 7.1416840676683924 6.5229044449515641 4.2034017210826269 2.817061728797853 12.469403302296994 171.27662124997005
leaf_count=2897 492 8 2243 859 3656 93 66 57 148 1116 132 7976 192 735 714 32 1273 178 710 78 258 242 70 23 86 7546
internal_value=6.89893e-05 -0.0148137 -0.00630366 0.00885531 0.0192642 -0.0320721 -0.033204 0.0222789 0.0172981 0.00906818 -0.00553313 -0.0430577 0.023508 0.0122651 0.0373121 0.0396726 -0.0197628 -0.0161411 0.0423268 0.04619 -0.0555134 -0.0234768 -0.0564083 0.0109463 0.0489695 -0.0575463
internal_weight=1787.91 1070.74 886.531 567.438 452.807 114.631 319.093 717.163 51.9719 382.574 190.53 267.121 192.044 134.247 334.589 322.416 149.907 14.4054 308.011 40.6232 184.212 12.1723 182.622 5.64944 57.797 178.418
internal_count=31880 25820 17938 7505 4515 2990 10433 6060 214 4104 2599 10219 1505 1227 1956 1634 2389 210 1424 210 7882 322 7874 80 278 7804
is_linear=0
shrinkage=0.05


Tree=27
num_leaves=28
num_cat=0
split_feature=9 16 24 2 32 1 24 3 7 1 30 30 29 6 36 2 37 6 2 2 20 7 37 30 24 29 27
split_gain=209.623 150.311 68.7866 66.8523 63.9105 49.4957 47.8054 45.1956 41.2365 49.6853 40.6431 37.2609 30.7645 19.9945 18.3107 13.7474 10.5604 10.0571 9.73019 8.39521 7.23843 5.9486 4.98991 2.62185 2.61207 0.930198 0.449596
threshold=0.029286806471645836 0.97945997118949901 0.36494031548500067 0.12199999764561655 0.0028460574103519325 0.10890023410320283 0.070523668080568327 0.0017452143365517261 0.89787140488624584 0.26239226758480078 0.0043938604649156341 0.0032492743339389567 0.53535839915275585 0.58033692836761486 0.00098336796509102009 0.11743079870939256 0.0011696432484313848 0.0033492343500256543 0.17878455668687823 0.10922662168741228 0.80675753951072704 0.86662113666534435 0.068927604705095305 0.0038238466950133447 0.37059721350669866 -1.4704620242118833 2.9180650711059575
decision_type=2 2 2 2 2 2 2 2 2 2 2 2 2 2 2 2 2 2 2 2 2 2 2 2 2 2 2
left_child=1 3 5 17 8 20 16 -8 11 -10 12 -3 -7 23 -12 25 -5 22 -17 -19 -2 -22 -1 26 -25 -6 -4
right_child=2 4 13 6 15 10 7 -9 9 -11 14 -13 -14 -15 -16 18 -18 19 -20 -21 21 -23 -24 24 -26 -27 -28
leaf_value=-0.060582463227176489 0.023787337456137318 0.032775187332210451 -0.057247141996491627 0.024475848174864992 -0.0070357251932410356 0.040624452771317321 0.028011503756093899 -0.014640604598579524 -0.018516289169012864 -0.052611902632051656 -0.055571999527233365 -0.042879325681885183 -0.0048696872808254845 0.04133068390705022 0.032363671947888438 0.005433440765458767 -0.066929857612149354 -0.053415458322377388 0.053648172675473851 0.008100717124025162 0.020458751849745986 -0.065677585045897616 -0.013934793424299525 0.031311398384188463 -0.037415418976378262 -0.052951388288244465 -0.01004204838326244
leaf_weight=34.045843424741179 2.7618439374491599 38.793979446403682 29.874700700631369 3.2093425206840065 1.6223522778600443 426.41127222939394 325.73016333952546 76.018876501126215 167.52247426472604 301.72547275666147 17.26422753487714 26.5391650875099 40.47803456406109 6.1611520536243907 7.9686558507382861 96.842811837559566 19.345662661828101 7.1009877277538207 10.778589356690643 16.927686726674438 1.81173172593117 15.773018920794128 7.7015637713484457 1.4918765742331737 2.1732520880177617 8.7753943149000389 0.99429766181856294
leaf_count=1082 16 365 1302 12 25 2589 1704 789 5387 12949 613 1180 569 38 37 1398 303 276 29 201 6 422 160 9 126 309 26
internal_value=-6.6444e-05 -0.0122959 0.0251727 0.00862178 -0.0279935 0.0301519 0.0159084 0.0199246 -0.0353335 -0.040505 0.0333318 0.00186022 0.0366783 -0.0367486 -0.0276264 0.00527186 -0.0534368 -0.0379164 0.0107117 -0.0114865 -0.0447192 -0.0561798 -0.0525042 -0.0514497 -0.00872525 -0.0470331 -0.0560895
internal_weight=1695.84 1142.68 553.164 490.08 652.6 512.469 424.304 401.749 534.581 469.248 492.122 65.3331 466.889 40.6953 25.2329 118.019 22.555 65.7761 107.621 24.0287 20.3466 17.5848 41.7474 34.5341 3.66513 10.3977 30.869
internal_count=31922 26169 5753 4527 21642 4252 2808 2493 19881 18336 3808 1545 3158 1501 650 1761 315 1719 1427 477 444 428 1242 1463 135 334 1328
is_linear=0
shrinkage=0.05


Tree=28
num_leaves=27
num_cat=0
split_feature=9 16 32 24 2 25 2 24 7 29 3 20 5 6 4 41 2 1 3 6 25 24 1 4 40 28
split_gain=194.346 125.34 71.6233 61.9865 52.4637 38.0801 39.2337 36.6074 36.3757 37.4389 36.2699 28.7704 23.7879 20.8754 16.5472 13.5194 13.3791 12.61 10.3952 7.56816 6.83409 5.80274 3.90151 3.20301 1.56352 0.107541
threshold=0.029286806471645836 0.97945997118949901 0.0028460574103519325 0.36494031548500067 0.12199999764561655 -0.00081277228309772898 0.13706316053867343 0.10714414715766908 0.91380706429481517 0.23696463555097583 0.0016609486192464831 0.97883614897727977 0.0037853370886296038 0.58033692836761486 -0.0033287173137068744 0.0055482860188931235 0.11743079870939256 0.55834957957267772 0.00071620123344473552 0.048466393724083907 -5.354554559744428e-06 0.20981206744909289 0.14151885360479358 -0.0022807031637057658 0.26797817647457128 3.0833146572113042
decision_type=2 2 2 2 2 2 2 2 2 2 2 2 2 2 2 2 2 2 2 2 2 2 2 2 2 2
left_child=1 4 5 8 15 6 -3 17 20 12 -9 -11 -10 23 -7 19 24 -6 -18 -1 22 -22 -2 -5 -4 -25
right_child=3 2 16 13 7 14 -8 10 9 11 -12 -13 -14 -15 -16 -17 18 -19 -20 -21 21 -23 -24 25 -26 -27
leaf_value=-0.052269367270147207 0.016180148759126461 -0.038473709818432407 -0.052770898435158801 0.0015091913844092546 -0.039664172261107009 0.002729829542506888 0.013857167134414454 0.026927278031168973 0.033038362545296657 0.014914100670969155 -0.012860333500030824 -0.065434717480521459 -0.0048421817188338276 0.041593017942940264 -0.046789224278379164 0.04294474742743664 0.022179714378780305 0.020312591161579588 -0.010991372470058918 -0.010967095622322053 -0.0067820258058898441 0.039933912980133657 0.052471846892672924 -0.057514487966141725 0.0043619202508030797 -0.018869641346993364
leaf_weight=42.928840377833694 8.9451275374740344 74.153805582085624 8.5962855024263245 2.537672984879463 38.518540823832154 17.6403308135923 67.671772348228842 288.2917317384854 209.99505353323184 22.317533210851252 70.775414302479476 20.665881189052016 51.281907767988741 6.4803153844550243 338.27047300105914 4.3391128396615377 78.005366011057049 10.581182740628718 32.968850969802588 15.678111690096555 10.46147091407329 16.088752274867147 150.89854777627625 28.451263343682516 1.2019498767331231 1.4233310371637333
leaf_count=1459 50 2260 311 56 466 515 1026 1525 1484 204 718 709 867 40 16026 40 828 72 628 241 104 116 701 1338 25 40
internal_value=-0.000392253 -0.0124665 -0.027249 0.0244289 0.00695766 -0.0356163 -0.0135819 0.0135264 0.029256 0.0185017 0.0190708 -0.024326 0.0256133 -0.0356741 -0.0443341 -0.0351821 0.00724427 -0.0265915 0.0123149 -0.0415898 0.0466184 0.0219486 0.0505541 -0.051905 -0.0460075 -0.0563441
internal_weight=1619.17 1089.62 618.509 529.547 471.113 497.736 141.826 408.167 490.654 304.26 359.067 42.9834 261.277 38.8926 355.911 62.9461 120.772 49.0997 110.974 58.607 186.394 26.5502 159.844 32.4123 9.79824 29.8746
internal_count=31849 26140 21619 5709 4521 19827 3286 2781 4235 3264 2243 913 2351 1474 16541 1740 1792 538 1456 1700 971 220 751 1434 336 1378
is_linear=0
shrinkage=0.05


Tree=29
num_leaves=24
num_cat=0
split_feature=31 21 2 38 17 0 24 6 5 7 24 2 7 2 5 36 24 0 2 3 7 9 40
split_gain=190.985 129.741 89.5922 84.7048 56.5541 60.0504 41.0407 36.8978 69.8403 37.1978 31.4019 19.3832 18.076 12.8476 11.6209 11.0539 9.96486 9.95687 8.96686 7.88962 5.26678 4.08015 0.0246946
threshold=0.048042146489024169 0.91708001494407665 0.11353842541575433 0.0053900324273854503 0.99166667461395275 0.34646518528461462 0.36830478906631475 0.11719202250242235 0.0031198643846437339 0.91046524047851574 0.29565016925334936 0.12587991356849673 0.76798865199089061 0.10669768974184991 0.0038731930544599895 0.00043853750685229903 0.21459157764911654 0.13899360597133639 0.14350901544094088 -0.0010568776051513849 0.9045553207397462 0.18135386705398562 0.17162900418043139
decision_type=2 2 2 2 2 2 2 2 2 2 2 2 2 2 2 2 2 2 2 2 2 2 2
left_child=1 2 16 7 10 -6 13 9 -9 -3 -4 -5 -8 20 17 -13 19 -15 -16 -1 -2 -18 -22
right_child=6 3 4 11 5 -7 12 8 -10 -11 -12 15 -14 14 18 -17 21 -19 -20 -21 22 -23 -24
leaf_value=0.04730904253253345 0.022757936411065577 0.0018200941335194431 0.027335445242861713 -0.047858862599296149 0.023090339309055692 -0.039044652635420646 0.041983951876665843 0.02926338484031776 -0.042525737865020501 -0.048994733884844696 -0.0056738763333272317 -0.0084093165945721537 -0.054923626348200562 0.013349727741791476 -0.032723125108287253 0.050054204835186203 -0.057218452222264085 0.045895396695247698 0.026855581308593248 -0.04098852234949843 -0.049562344308892267 0.019076645076296778 -0.014666861644539429
leaf_weight=4.0375259201973677 4.0771370604634267 40.657478306209669 350.2212189687416 6.4143140628002575 64.247330731363036 95.554815327282995 5.6900172494351891 57.536592655815184 79.594721609260887 309.66870892443694 90.256469283252954 9.6303034741431457 17.394569771364331 27.079542258754373 8.3089133109897393 42.087357139214873 59.576349763199687 246.48807036899962 18.811729645356536 4.0871433923020941 4.4431296051479876 1.3564737644046534 1.148399003781378
leaf_count=21 35 1005 2230 191 969 2850 33 615 3101 13303 1525 123 837 236 101 147 2891 1188 109 87 146 19 29
internal_value=-0.000434499 -0.00963783 0.00511432 -0.0277122 0.0113419 -0.0140755 0.0330273 -0.0345162 -0.0124112 -0.043109 0.0205741 0.0289601 -0.0302859 0.0378187 0.0396464 0.0392147 -0.0484077 0.0427342 0.00808797 0.00326653 -0.0174098 -0.0552394 -0.0457078
internal_weight=1548.37 1214.93 669.337 545.589 600.28 159.802 333.442 487.458 137.131 350.326 440.478 58.132 23.0846 310.357 300.688 51.7177 69.0575 273.568 27.1206 8.12467 9.66867 60.9328 5.59153
internal_count=31791 29077 10592 18485 7574 3819 2714 18024 3716 14308 3755 461 870 1844 1634 270 3018 1424 210 108 210 2910 175
is_linear=0
shrinkage=0.05


Tree=30
num_leaves=24
num_cat=0
split_feature=31 21 38 2 3 24 1 0 7 24 1 7 29 1 17 5 24 3 7 36 22 9 24
split_gain=164.161 120.423 82.9818 79.059 48.2252 45.1542 35.7237 59.3022 31.0848 30.9662 26.8185 21.628 20.1025 20.0286 16.6813 16.4834 15.2825 16.6576 12.4019 10.615 6.37418 6.11644 3.90598
threshold=0.032394660636782653 0.89270344376564037 0.002841775538399816 0.12199999764561655 0.0017452143365517261 0.36721420288085943 0.34446594119071966 0.23390356451272967 0.88993513584136974 0.070523668080568327 0.099069330841302886 0.76798865199089061 0.52230322360992443 0.79274797439575206 0.15833333879709247 0.004302655579522253 0.22651118785142901 -0.00019862912449752909 0.93085125088691723 0.00034203656832687562 1.0000000180025095e-35 -0.086425542831420885 0.23466990888118747
decision_type=2 2 2 2 2 2 2 2 2 2 2 2 2 2 2 2 2 2 2 2 2 2 2
left_child=1 3 6 16 9 10 7 -3 -8 -5 22 -7 15 19 -6 -12 17 -1 -14 -4 -15 -18 -2
right_child=5 2 13 4 14 11 8 -9 -10 -11 12 -13 18 20 -16 -17 21 -19 -20 -21 -22 -23 -24
leaf_value=0.03163702072711197 0.0096024501254770439 0.018953046177987858 -0.0059883693535995597 -0.036476238879516697 0.02351795409326201 0.043301655812339288 -0.0051726430138342924 -0.037679004844336034 -0.050614064698077645 0.029816692127495898 0.04077963202624519 -0.055144375652812376 0.03042570058608279 -0.058474987387264733 -0.040108576390829535 -0.0013609505512722664 -0.010425338992061559 -0.047425758423194651 -0.0268769953681081 0.032299017058952252 0.01490916531066344 -0.055027880621296557 -0.06226287876163749
leaf_weight=14.832360467407854 2.1145243849605304 73.047293751966208 23.722745703998953 17.855997005943209 12.921246624551712 6.5017306730151203 44.258210902102292 122.63587403099518 260.02753453725018 307.44810973992571 309.64553894870915 22.447141819284298 15.964407125720752 10.21780837792903 40.894423029851168 25.009987747296691 9.6905707287369278 10.503223242238162 20.29846854833886 71.788758411537856 3.5462146885693064 49.649562618229538 7.567002241499722
leaf_count=154 11 1549 435 333 77 38 1319 4900 12118 2211 1902 1155 114 261 1127 254 339 193 313 542 20 2404 186
internal_value=0.000156086 -0.0101236 -0.0247213 0.00906405 0.0188261 0.0270484 -0.033337 -0.0165497 -0.0440432 0.0260772 0.0316374 -0.0323264 0.0338147 0.0146431 -0.0246814 0.0376356 -0.0343534 -0.00169582 -0.00151048 0.0228258 -0.0398388 -0.0480375 -0.0471374
internal_weight=1482.59 1073.04 609.244 463.795 379.12 409.549 499.969 195.683 304.286 325.304 380.6 28.9489 370.918 109.276 53.8157 334.656 84.6757 25.3356 36.2629 95.5115 13.764 59.3401 9.68153
internal_count=31955 27982 21144 6838 3748 3973 19886 6449 13437 2544 2780 1193 2583 1258 1204 2156 3090 347 427 977 281 2743 197
is_linear=0
shrinkage=0.05


Tree=31
num_leaves=29
num_cat=0
split_feature=32 0 26 1 7 1 29 2 5 7 35 35 5 41 1 7 1 2 1 24 38 36 1 2 0 22 7 21
split_gain=160.935 111.953 99.0765 61.3072 116.972 53.2948 44.1369 40.1587 28.6388 27.7753 25.6448 25.6082 39.5706 23.9482 19.7165 26.6046 16.0786 10.2964 9.46791 6.11934 5.45964 5.18437 6.21952 5.16621 3.57484 3.5625 2.11051 0.705912
threshold=0.0027239220216870312 0.69929018616676342 -1.0000000180025095e-35 0.65195709466934215 0.9165293574333192 0.11433785408735277 -0.49949845671653742 0.1670140624046326 0.0039024202851578598 0.91380706429481517 0.037176765501499183 0.077722117304801955 0.0031062887283042078 0.0014137372490949931 0.83298131823539745 0.98934274911880504 0.5771394968032838 0.1101319268345833 0.32735091447830206 0.180885024368763 0.0020588912302628164 0.00030125631019473081 0.63262799382209789 0.13839093595743182 0.76903387904167186 1.0000000180025095e-35 0.9165293574333192 0.89854440093040477
decision_type=2 2 2 2 2 2 2 2 2 2 2 2 2 2 2 2 2 2 2 2 2 2 2 2 2 2 2 2
left_child=1 2 11 5 -5 -4 8 9 14 13 -11 25 -13 -8 17 -16 18 -2 -10 -3 26 22 -9 -18 -22 -1 -21 -23
right_child=6 19 3 4 -6 -7 7 21 16 10 -12 12 -14 -15 15 -17 23 -19 -20 20 24 27 -24 -25 -26 -27 -28 -29
leaf_value=-0.055240189238419092 -0.01135982639884759 0.016915662872975825 -0.036537373527548586 0.043925058586925747 -0.056311005725233003 0.019976117305755471 -0.044968763118898289 -0.035186912342691452 0.015218123982714655 0.012294986060809284 -0.031993567724234923 0.043376863531255444 -0.054817015157116115 0.033945544745679943 0.037106507244136083 -0.038808105386960029 -0.015365431652522602 0.047671074853007478 -0.054396347543564219 -0.037480255871344036 0.028487053507952012 0.03838556076148554 0.04546456807317744 0.050051495441090735 -0.042908790868183319 0.010357064513538057 -0.058146241627352338 0.057438442785338377
leaf_weight=105.58070881047752 7.2931950078345826 2.7199934599921098 45.929046009667218 41.565072898287326 91.660152192926034 379.56135205295868 10.534242031164466 3.8598266784101716 6.4202273697592345 49.475458454573527 92.874647188000381 19.215068412479013 19.85238625947386 59.521787988487631 31.31052920082584 16.996573561104015 3.612245535477995 212.24676642892882 15.470242152456192 22.08185209822841 3.0916000218130639 19.404351665638387 3.718073439784348 10.059713058173655 2.0710359583608806 1.8148293867707241 123.05109725065995 26.446508655324578
leaf_count=6979 237 42 1066 295 3249 4654 158 112 61 810 1873 210 1113 424 212 293 78 1122 358 1020 35 80 20 58 105 16 7220 90
internal_value=0.000148526 -0.0135193 -0.00507694 0.00453688 -0.024944 0.0138045 0.0207418 0.00583205 0.033743 -0.00396908 -0.0166222 -0.041533 -0.00664378 0.0216134 0.0393235 0.010151 -0.00821371 0.0456674 -0.0342063 -0.0521409 -0.0534942 0.0441535 0.00507151 0.0328985 -0.0024692 -0.0540464 -0.0552799 0.0503666
internal_weight=1427.44 858.194 705.179 558.716 133.225 425.49 569.244 265.835 303.409 212.406 142.35 146.463 39.0675 70.056 267.847 48.3071 35.5624 219.54 21.8905 153.016 150.296 53.4288 7.5779 13.672 5.16264 107.396 145.133 45.8509
internal_count=31990 26004 17582 9264 3544 5720 5986 3567 2419 3265 2683 8318 1323 582 1864 505 555 1359 419 8422 8380 302 132 136 140 6995 8240 170
is_linear=0
shrinkage=0.05


Tree=32
num_leaves=27
num_cat=0
split_feature=34 0 9 2 25 40 0 41 5 29 41 32 2 6 2 20 6 22 35 17 30 33 5 32 0 29
split_gain=144.107 103.771 77.366 55.4872 70.4413 33.3406 26.7778 26.3184 20.9399 20.5726 14.5458 12.6292 12.0353 10.488 13.1468 8.95366 7.69219 9.07828 6.54673 5.48933 4.49069 4.39662 3.0973 2.0615 1.66364 0.960841
threshold=0.27327723801136022 0.71085646748542797 0.029286806471645836 0.12488645315170289 -0.0010316193220205603 0.17162900418043139 0.11738155782222749 0.0070400584954768428 0.0032546859001740818 -0.56130871176719654 0.0011987426551058891 0.017553722485899929 0.13010288774967196 0.20945010334253314 0.16486076265573504 0.65665337443351757 -0.46536426246166224 1.0000000180025095e-35 0.073098499327898039 0.69166666269302379 0.000384260158170946 0.00027662926004268234 0.0040360100101679572 0.0073268082924187192 0.38286139070987707 0.010401027742773296
decision_type=2 2 2 2 2 2 2 2 2 2 2 2 2 2 2 2 2 2 2 2 2 2 2 2 2 2
left_child=1 2 3 7 -5 16 12 -1 -8 11 21 20 -4 14 -12 -13 17 -3 19 -7 -2 -11 -22 -18 -15 -23
right_child=9 5 6 4 -6 18 8 -9 -10 10 13 15 -14 24 -16 -17 23 -19 -20 -21 22 25 -24 -25 -26 -27
leaf_value=-0.042942901144963581 0.015672056239986364 -0.042648473322429076 -0.05160524766322136 0.027200099713077824 -0.014333432282274808 0.028000086354197925 0.037875659111199181 0.054882255349674197 0.0065354823761647673 0.004010500928515133 -0.01235191030260345 -0.034684760352841897 0.010437665931123922 0.049413532350990365 0.046454807916961986 0.031306610103020001 -0.057706750690832136 0.049891768311850083 -0.049616307680876437 -0.018338351535621328 0.053555082716750406 -0.021953815814088572 0.017475168945496708 -0.0050441049449132741 0.021524155332084738 -0.066456282562041766
leaf_weight=137.03590906551108 10.427338710054753 6.1495949528180045 15.729019073303791 138.66232740320265 378.52138765191194 18.039320005569614 151.04290454392321 6.4039615418296298 82.811848614364862 5.1219732393510631 30.288060436025262 7.3758723624050644 14.141339493915437 25.102180262096226 12.668997311033307 12.360713342204688 131.16127677855548 3.2332102656364441 3.9691519546322516 8.7860195501707476 124.89629350230098 3.2873534774407727 7.5228883558884254 2.088625900913029 9.7227205056697112 4.9571467461064458
leaf_count=6461 67 332 645 1025 10467 216 961 73 1349 50 341 36 204 125 48 79 7968 6 113 281 706 41 61 51 66 63
internal_value=-0.000508746 -0.00836378 -0.00168706 -0.0108254 -0.00316686 -0.0437363 0.0211586 -0.0382257 0.0268527 0.0333757 0.0141474 0.0440032 -0.022846 0.0224559 0.00565378 0.00616126 -0.0538589 -0.00902617 0.00336826 0.0127094 0.0491525 -0.0323991 0.0516517 -0.056925 0.0424453 -0.053006
internal_weight=1351.51 1097.78 924.349 660.624 517.184 173.427 263.725 143.44 233.855 253.732 91.1484 162.583 29.8704 77.782 42.9571 19.7366 142.633 9.38281 30.7945 26.8253 142.847 13.3665 132.419 133.25 34.8249 8.2445
internal_count=31835 30152 21185 18026 11492 8967 3159 6534 2310 1683 734 949 849 580 389 115 8357 338 610 497 834 154 767 8019 191 104
is_linear=0
shrinkage=0.05


Tree=33
num_leaves=27
num_cat=0
split_feature=32 34 24 30 36 1 34 22 0 33 6 41 6 32 4 19 40 36 0 6 1 37 9 0 1 1
split_gain=127.753 104.206 87.9811 79.3057 59.5423 40.494 39.8903 39.1052 27.1244 32.7509 25.2038 20.0734 17.4282 17.1558 15.4913 14.8828 12.4568 16.0064 11.3758 8.92193 8.38357 6.90803 5.73324 1.74695 1.57884 0.133963
threshold=0.0027239220216870312 0.056484365835785873 0.30491694808006292 0.0036659907782450323 0.00072699916199781011 0.65195709466934215 0.37249372899532324 1.0000000180025095e-35 0.42171847820281988 0.0031659476226195697 0.49194628000259405 0.00093904606183059524 -0.048596497625112527 0.0016561351367272439 -0.0029985235305503006 0.01918059587478638 0.16783888638019565 4.901501415588428e-05 0.39094255864620214 0.079304751008749022 0.51737895607948314 0.035150080919265754 -0.0016611430328339336 0.31362649798393255 0.84115007519721996 0.16179326176643374
decision_type=2 2 2 2 2 2 2 2 2 2 2 2 2 2 2 2 2 2 2 2 2 2 2 2 2 2
left_child=1 2 3 5 -5 -1 8 16 11 15 14 18 -13 -9 -4 -10 17 -3 -2 -18 -11 22 -8 -24 25 -23
right_child=6 7 10 4 -6 -7 21 13 9 20 -12 12 -14 -15 -16 -17 19 -19 -20 -21 -22 24 23 -25 -26 -27
leaf_value=0.032168441747192265 -0.032883812365666724 0.0072748109850133726 0.0031067267980811296 -0.04881238961088194 0.023822954541457164 -0.011532229285483276 -0.0056605454506172027 -0.040668248765470483 0.011108966585328228 -0.0071227202651547141 0.032655671046205384 -0.0023633967791030805 0.034028380362056347 0.051237982670515561 -0.054410205847541297 -0.030780987102789977 -0.035318863333888173 -0.052358162416581325 0.045497662273108537 0.023005323940180417 0.050730471834754987 0.032842351769825244 0.048893030388720927 0.022264262309735206 0.025435911195907386 0.054911514364162521
leaf_weight=258.15047890332062 22.415804514661435 11.718673369381575 13.3712539835833 80.512369611882605 42.399010386317968 66.087867639726028 10.561770875938235 6.4240340096876052 28.631175412330776 7.939764743205159 10.353003094904123 40.356346069369465 174.11522702174261 15.73828348238021 87.481427263352089 76.228291997686028 14.486969243735077 189.0135843452299 4.8475449141114941 10.47301447438076 25.117928992491215 6.1330742184072724 14.726320603862407 15.206111339852212 8.1093014460057002 77.632145238108933
leaf_count=1912 404 447 393 3747 189 1011 79 39 445 215 64 676 1406 84 4060 1852 638 13246 29 215 151 57 67 82 54 443
internal_value=0.000798925 -0.0116012 0.000391465 0.0103043 -0.0237663 0.0232531 0.0203083 -0.0385107 0.012007 -0.00566303 -0.0392039 0.0220701 0.0272015 0.0239921 -0.0468289 -0.0193463 -0.0447271 -0.048858 -0.0178306 -0.010903 0.0370342 0.0438488 0.0256489 0.0365223 0.051508 0.0537022
internal_weight=1318.23 806.21 558.355 447.15 122.911 324.238 512.021 247.855 379.652 137.917 111.206 241.735 214.472 22.1623 100.853 104.859 225.692 200.732 27.2633 24.96 33.0577 132.369 40.4942 29.9324 91.8745 83.7652
internal_count=32005 26045 11376 6859 3936 2923 5960 14669 5178 2663 4517 2515 2082 123 4453 2297 14546 13693 433 853 366 782 228 149 554 500
is_linear=0
shrinkage=0.05


Tree=34
num_leaves=26
num_cat=0
split_feature=9 38 0 1 7 9 24 2 1 25 1 30 35 30 6 20 29 6 31 6 15 4 29 29 38
split_gain=112.664 72.5334 64.3042 51.8677 64.196 58.4686 40.4553 25.7842 23.4393 25.7454 21.5686 15.0365 14.271 18.4448 13.12 9.27938 8.27754 8.13644 6.33037 5.72291 2.13709 2.00111 1.46441 1.06872 0.478095
threshold=0.029286806471645836 0.0036782399984076623 0.71085646748542797 0.26239226758480078 0.96901842951774608 -0.0089468257501721365 0.36494031548500067 0.12391385063529016 0.10890023410320283 -0.00037510746915359045 0.91170522570610057 0.0041564519051462421 0.035930125042796142 0.0045665705110877761 0.58033692836761486 0.85898140072822582 -1.3880336284637449 -0.0052387714385986319 0.00085017745732329797 0.7127041518688203 0.0010671229683794083 -0.0025331568904221054 1.7243838906288149 1.7931464314460757 0.002841775538399816
decision_type=2 2 2 2 2 2 2 2 2 2 2 2 2 2 2 2 2 2 2 2 2 2 2 2 2
left_child=1 2 3 5 -5 -1 8 16 15 10 -10 -11 17 -14 21 -2 18 -9 -3 -17 -18 -8 24 -24 -4
right_child=6 7 22 4 -6 -7 14 12 9 11 -12 -13 13 -15 -16 19 20 -19 -20 -21 -22 -23 23 -25 -26
leaf_value=0.030995636481717409 0.038340153077165005 -0.028458868058527931 -0.056320413305292472 0.0064764514421459599 -0.041812483129019057 -0.019938959242993014 0.0058079436585598901 0.048355108328006158 0.042032950220747045 0.01927521651675311 -0.042618996350315602 -0.023523854788302944 0.016368383314486899 -0.050437643925525834 0.03646634343738557 -0.062483537396282068 -0.056207325819531119 0.012396289690671056 0.042919042491339036 0.030394170580889609 0.0064999565894103585 -0.055133830777061556 0.019134385180631014 -0.031308279588028058 -0.025042104638387037
leaf_weight=115.4902326692827 2.9084554193541399 5.8288762066513318 99.160581434611231 104.31630707159638 199.93651350296568 108.17956622352358 1.2417185907252193 53.236809910275042 214.57875644986052 103.36047254642472 7.02591080777347 24.645409945398569 98.991974045522511 10.547683145850895 4.3982292208820573 11.081434560474007 15.251938495785 23.37194762006402 4.7100670752115548 1.3117342442274083 1.2698024502024043 21.216632002848201 1.0123082241043442 1.3439268632791934 3.5361099238507441
leaf_count=1588 14 151 6802 2734 9152 3370 39 254 1594 1281 130 827 813 249 41 408 564 186 36 6 21 1403 27 95 87
internal_value=-0.000295813 -0.0105577 -0.0190471 -0.0118842 -0.0252891 0.00638164 0.0218395 0.0146167 0.0262163 0.0288857 0.0391697 0.0109165 0.0212613 0.00953747 -0.0364372 -0.0328051 -0.0302201 0.0376858 0.00439629 -0.0511177 -0.051292 -0.0516604 -0.0545912 -0.0103926 -0.0554953
internal_weight=1237.95 846.185 632.976 527.923 304.253 223.67 391.769 213.209 364.912 349.611 221.605 128.006 186.148 109.54 26.8566 15.3016 27.0607 76.6088 10.5389 12.3932 16.5217 22.4584 105.053 2.35624 102.697
internal_count=31872 26129 23855 16844 11886 4958 5743 2274 4260 3832 1724 2108 1502 1062 1483 428 772 440 187 414 585 1442 7011 122 6889
is_linear=0
shrinkage=0.05


Tree=35
num_leaves=24
num_cat=0
split_feature=34 0 9 25 2 40 1 0 7 1 29 2 17 2 38 35 2 6 0 31 9 39 38
split_gain=102.6 73.7418 59.8829 46.6467 51.621 41.6828 27.7812 19.5311 14.9873 12.7516 8.32186 8.96855 7.70855 9.18273 7.30006 6.88741 6.04787 5.95007 7.24523 3.8239 3.71979 2.16252 1.82782
threshold=0.32974646985530859 0.71085646748542797 0.029286806471645836 -0.00054580331197939802 0.12488645315170289 0.17569567263126376 0.76412475109100353 0.13178705424070361 0.96706482768058788 0.37755897641181951 0.33356796205043798 0.15009039640426639 0.20833333581686023 0.1251945495605469 0.0039043368306010966 0.018459063023328785 0.14870560914278033 -0.46536426246166224 0.76326844096183788 0.037376912310719497 0.0017264249618165197 0.00032924125844147062 0.0058516415301710376
decision_type=2 2 2 2 2 2 2 2 2 2 2 2 2 2 2 2 2 2 2 2 2 2 2
left_child=1 2 3 4 -1 17 -5 9 -9 -4 12 -12 13 19 15 -7 -15 18 -3 -2 -16 -14 -19
right_child=10 5 7 6 -6 14 -8 8 -10 -11 11 -13 21 16 20 -17 -18 22 -20 -21 -22 -23 -24
leaf_value=-0.028442855965300752 -0.046899604034991972 0.036316313132180297 0.0094818671633303386 -0.014725968340337296 0.021563051217409542 0.03034371563119781 -0.05552512604038462 0.040827080685511379 0.014433397350861757 -0.050113445246560584 -0.041260642653801353 0.033258003224277181 0.020684938860137086 0.046234897825761671 0.038104731246488881 -0.041050371289485243 0.0028523135814390917 -0.056132203416986715 -0.047313484406593449 0.016053675806480792 -0.0049656001184547136 0.054185332457037765 -0.011943829314098094
leaf_weight=70.547858040314168 4.5839117122814041 3.77643332374282 22.249605955556035 315.58927844499703 184.49124650284648 4.0960093578323713 47.382330155582167 91.387870324775577 133.09680700825993 13.764227580744771 5.9052659845910958 8.7289337171241623 6.8989353040233246 31.156643133610487 16.147466431371871 9.6372999029699695 10.892232339829205 106.51832624874078 4.7223604824393988 3.5567162744700909 6.7855563517659894 76.861285869963467 3.0223920084536067
leaf_count=2428 79 61 430 10858 1851 46 3142 717 1646 578 66 58 54 157 135 365 62 7982 286 35 105 538 84
internal_value=-0.000245821 -0.00584374 -0.000222651 -0.0086974 0.00767356 -0.0375571 -0.0201898 0.0198394 0.0253117 -0.0140336 0.0384595 0.00247209 0.0423437 0.0260199 0.00883299 -0.0191426 0.0353245 -0.0519203 -0.0102415 -0.0206475 0.0256858 0.0517027 -0.0550321
internal_weight=1181.8 1033.22 878.509 618.011 255.039 154.706 362.972 260.499 224.485 36.0138 148.584 14.6342 133.95 50.1895 36.6663 13.7333 42.0489 118.04 8.49879 8.14063 22.933 83.7602 109.541
internal_count=31763 30714 21650 18279 4279 9064 14000 3371 2363 1008 1049 124 925 333 651 411 219 8413 347 114 240 592 8066
is_linear=0
shrinkage=0.05


Tree=36
num_leaves=24
num_cat=0
split_feature=22 21 38 2 5 6 24 24 30 35 1 37 31 29 2 5 30 38 0 5 2 36 9
split_gain=102.902 82.3374 64.4486 63.0142 30.515 31.3102 28.149 32.7724 15.8692 15.8387 14.0295 9.29681 9.11137 8.48698 6.02514 4.92447 3.60448 3.35575 5.19013 2.03305 1.15775 0.939052 0.90763
threshold=1.0000000180025095e-35 0.91345861554145824 0.0035549283493310217 0.1087399832904339 0.0034892614930868153 -0.0020276566501706834 0.070523668080568327 0.22258144617080691 0.0039860177785158166 0.033833676949143417 0.79274797439575206 0.11552535742521287 0.096260275691747679 0.010401027742773296 0.12587991356849673 0.0031799726421013479 0.0018695336184464397 0.010665965732187034 0.38790778815746313 0.0055854900274425754 0.10922662168741228 0.00043853750685229903 0.25473314523696905
decision_type=2 2 2 2 2 2 2 2 2 2 2 2 2 2 2 2 2 2 2 2 2 2 2
left_child=1 3 4 19 5 -3 9 -8 13 -5 14 -6 -12 17 -4 16 -15 20 -19 22 -2 -10 -1
right_child=8 2 10 6 11 -7 7 -9 21 -11 12 -13 -14 15 -16 -17 -18 18 -20 -21 -22 -23 -24
leaf_value=-0.055005036487765328 0.021962145068767883 -0.041837575237533654 -0.01407173191703367 0.009331467189214241 -0.050592103439686377 -0.0034795130870570665 0.025158962399566172 -0.00092179953713836076 -0.055773906126564188 -0.064122276173284448 -0.05832229370534181 0.042526626800608425 0.039019225894247847 -0.0079660006569751193 0.03569356843004675 -0.020837510640444239 0.040285253202085931 0.047186661932954149 -0.0012042203459583334 0.01487470161389403 0.05365985336517573 -0.012843843736934002 -0.0023912125938669545
leaf_weight=39.989948719041422 4.9430579547770312 89.967727349721827 6.3192554414272299 11.634988236008214 143.74543422134593 128.62398874154314 273.90299086028244 214.26149252837058 2.6301068086177102 17.877743144752458 7.3308908520266396 2.0172894820570937 2.5749098435044289 4.9051800640299978 52.989579646848142 6.4043256966397157 13.313721721991895 13.074425458908083 9.0586934769526106 0.70904089510440726 85.950412306003273 3.1810004152357578 0.93137331726029415
leaf_count=2987 64 4306 198 206 10891 3553 2892 4669 38 452 210 6 15 53 447 68 90 70 54 9 600 42 27
internal_value=-0.000892457 -0.006623 -0.0229511 0.00605277 -0.0313437 -0.0193855 0.0108454 0.0137333 0.0385393 -0.0358074 0.0210455 -0.0490224 -0.0317617 0.0420021 0.0302458 0.014647 0.0275557 0.0477808 0.0281852 -0.0524005 0.0521938 -0.0376099 -0.0538931
internal_weight=1136.34 992.877 433.569 559.308 364.354 218.592 517.677 488.164 143.461 29.5127 69.2146 145.763 9.9058 137.65 59.3088 24.6232 18.2189 113.027 22.1331 41.6304 90.8935 5.81111 40.9213
internal_count=31947 30868 19626 11242 18756 7859 8219 7561 1079 658 870 10897 225 999 645 211 143 788 124 3023 664 80 3014
is_linear=0
shrinkage=0.05


Tree=37
num_leaves=25
num_cat=0
split_feature=34 0 7 1 1 30 0 38 29 40 1 30 32 34 1 17 19 4 39 6 0 31 35 32
split_gain=89.3958 72.9401 56.2106 70.2542 67.3605 38.6207 37.3566 36.469 22.3723 21.8914 15.7177 10.4378 6.98208 6.85947 6.41255 4.90469 4.87802 4.77067 4.67157 3.7305 5.22454 3.68221 3.66609 1.37615
threshold=0.26330868899822241 0.71085646748542797 0.96977725625038158 0.29692111909389501 0.1188427396118641 0.00437875371426344 0.13552708178758624 0.0022927459795027976 0.62086075544357311 0.17162900418043139 0.74170276522636425 0.0044841971248388299 0.023359116166830066 0.37249372899532324 0.53546753525733959 0.7749999761581422 0.071444869041442885 -0.00020569159823935476 0.00034308923932258045 -0.46536426246166224 0.76326844096183788 0.048042146489024169 0.046164646744728095 0.0073268082924187192
decision_type=2 2 2 2 2 2 2 2 2 2 2 2 2 2 2 2 2 2 2 2 2 2 2 2
left_child=1 2 5 4 -4 6 -1 -5 11 19 14 12 13 -2 22 16 -11 -14 -13 20 -3 -17 -10 -21
right_child=8 9 3 7 -6 -7 -8 -9 10 15 -12 18 17 -15 -16 21 -18 -19 -20 23 -22 -23 -24 -25
leaf_value=-0.02390399793698705 0.028563139023356884 0.029606005895630418 -0.037176369529882992 -0.03917409903389317 0.022180854286626327 -0.054813848311732777 0.032977336360319826 0.0015655253923838484 0.017478308508925604 0.03047491680025137 -0.065500429185931658 0.022103136184235664 0.033570405377996028 0.049337905740029678 0.041831477270989861 -0.047972855561978889 -0.034730055990947938 -0.026713881509581566 -0.056265163183271807 -0.055463214681817509 -0.046220142840236324 0.02360046714656578 -0.045002875508576567 -0.0072878639685449208
leaf_weight=33.264270121464506 82.473080441355705 3.0487533020786932 61.471740757580847 196.37323774700053 202.82404576486442 15.575824969913809 189.82457082357723 76.013892614282668 3.5276814196258846 12.86653085332364 8.6869836561381799 2.4930649837478986 4.7687695785425603 89.152432139962912 8.5997885251417738 5.4469178183935574 2.7270581559278062 6.6132779223844391 3.6642878316342831 92.852216604107525 4.3668124616960995 1.7931768517009912 4.1988389240577817 1.8375249933451403
leaf_count=986 711 65 2489 9468 3337 1014 2465 1365 58 202 68 26 37 660 60 284 68 59 79 7952 294 22 109 54
internal_value=8.73787e-05 -0.00682581 -0.00109176 -0.010067 0.00828705 0.0190485 0.0244271 -0.0278409 0.0290433 -0.042119 -0.014906 0.0349025 0.0370771 0.0395781 0.0142412 0.00208879 0.0176659 -0.000785029 -0.0258796 -0.0519296 -0.0152322 -0.0295333 -0.0177421 -0.0546143
internal_weight=1114.46 900.287 775.348 536.683 264.296 238.665 223.089 272.387 214.178 124.939 25.0133 189.165 183.008 171.626 16.3263 22.8337 15.5936 11.382 6.15735 102.105 7.41557 7.24009 7.72652 94.6897
internal_count=31932 30065 21124 16659 5826 4465 3451 10833 1867 8941 295 1572 1467 1371 227 576 270 96 105 8365 359 306 167 8006
is_linear=0
shrinkage=0.05


Tree=38
num_leaves=28
num_cat=0
split_feature=34 0 37 30 2 26 38 7 40 6 35 41 6 5 0 1 17 17 5 19 6 22 31 34 4 34 2
split_gain=87.5903 62.3999 54.0674 31.0679 39.5165 30.4768 29.5014 23.7981 23.0472 19.4256 9.57277 21.0261 8.63457 6.37389 5.62562 5.31266 4.69426 4.35589 4.32812 4.13639 4.11325 6.18462 3.73949 3.02151 2.37439 2.05813 1.77384
threshold=0.26831933856010443 0.7079855501651765 0.028857713565230373 0.0037399679422378544 0.13348329067230227 -0.16861078888177869 0.0039043368306010966 0.99852657318115245 0.17162900418043139 0.16342544555664065 0.035930125042796142 0.0014261933392845096 0.11719202250242235 0.003618952003307641 0.3661517351865769 0.84790217876434337 0.82499998807907116 0.19166667014360431 0.0040494154673069724 0.071444869041442885 -0.46536426246166224 1.0000000180025095e-35 0.048042146489024169 0.34218244254589086 0.00078457160270772885 0.23084913194179538 0.11461028456687929
decision_type=2 2 2 2 2 2 2 2 2 2 2 2 2 2 2 2 2 2 2 2 2 2 2 2 2 2 2
left_child=1 2 3 4 -1 9 -5 -7 20 -4 15 13 14 24 -13 18 19 -17 26 -10 21 -3 -18 -14 -12 -22 -2
right_child=10 8 5 6 -6 7 -8 -9 16 -11 11 12 23 -15 -16 17 22 -19 -20 -21 25 -23 -24 -25 -26 -27 -28
leaf_value=-0.035775680342920883 0.017425018932728031 -0.04186932343927055 -0.032659903895945953 -0.050678112717248036 0.0080943931279372616 0.024502022442469004 0.014814153362167935 -0.012476225850121954 0.028071532471220208 0.01561140030262638 -0.023884022272428709 0.02452279684128772 0.021395948675518649 0.016590914130309328 -0.019450083141036412 -0.030218580663831519 -0.047808913738203784 0.031873948149371119 0.0066365184205525486 -0.029441874087920109 -0.054212401695214033 0.042867090702087343 0.023144461444718833 0.050094720237271552 -0.070186852652547635 -0.0051309159706435896 0.05230252971707075
leaf_weight=73.767846741480753 5.1913334331475189 4.9441639887518241 55.192828424042091 86.976889842539094 162.92702344991267 261.50645475788042 20.889336913824081 51.509549077600241 14.67041361960583 32.366417482029647 8.4214037233032304 18.538323843851689 15.010560777038334 5.4089179686270645 10.675507500767706 3.8468235372565669 5.2624429656425482 5.8301996672526002 6.5679012537002555 3.0381073222961268 89.851699741440825 2.4223655611276627 1.9344707836862651 37.649349048733711 4.9295860957354298 2.4130267840810111 67.934746672399342
leaf_count=3502 131 350 2331 6692 3563 3260 333 784 231 607 122 174 132 75 138 48 274 55 74 75 8155 6 25 266 31 81 500
internal_value=-0.000136259 -0.00686274 -0.00136671 -0.0158647 -0.00567106 0.0111124 -0.0379753 0.0183966 -0.0394741 -0.0148415 0.0305264 0.0196378 0.0305372 -0.0270685 0.00834203 0.0424341 0.00345562 0.00667239 0.04664 0.0171581 -0.0501333 -0.0122119 -0.0282404 0.0424654 -0.0446798 -0.0529975 0.050095
internal_weight=1059.68 869.673 745.136 344.561 236.695 400.575 107.866 313.016 124.537 87.5592 190.005 100.634 81.8737 18.7599 29.2138 89.371 24.9054 9.67702 79.694 17.7085 99.6313 7.36653 7.19691 52.6599 13.351 92.2647 73.1261
internal_count=32015 30269 21072 14090 7065 6982 7025 4044 9197 2938 1746 938 710 228 312 808 605 103 705 306 8592 356 299 398 153 8236 631
is_linear=0
shrinkage=0.05


Tree=39
num_leaves=23
num_cat=0
split_feature=22 21 38 2 31 17 24 1 24 7 24 1 3 31 29 2 3 24 17 17 3 2
split_gain=85.6921 66.5511 64.5019 56.0761 28.1733 27.8209 27.294 22.9155 21.0014 20.1483 13.7929 13.3004 10.4494 8.45845 5.72833 5.28953 4.15888 3.16465 3.93537 2.65466 2.16512 0.885456
threshold=1.0000000180025095e-35 0.89270344376564037 0.0035549283493310217 0.11403447762131692 0.030225844122469429 0.99166667461395275 0.16203753650188449 0.34446594119071966 0.22864447534084323 0.91380706429481517 0.21459157764911654 0.79274797439575206 0.0028994790045544509 0.096260275691747679 0.53535839915275585 0.1251945495605469 -0.0012829853221774099 0.21459157764911654 0.99166667461395275 0.058333335444331176 -0.0054690020624548188 0.12488645315170289
decision_type=2 2 2 2 2 2 2 2 2 2 2 2 2 2 2 2 2 2 2 2 2 2
left_child=1 3 4 10 7 8 -7 -3 -5 -6 16 15 14 -13 19 -4 -1 -16 -19 -2 -12 -21
right_child=12 2 11 5 9 6 -8 -9 -10 -11 20 13 -14 -15 17 -17 -18 18 -20 21 -22 -23
leaf_value=0.045116730275763066 0.011789285679911422 -0.016324425276666492 -0.0072528208443346388 0.034102960776348681 0.038957711753046666 -0.050146199732251179 0.01050987432773513 -0.043383859129026821 0.0050201371717146469 -0.015836033111025535 0.018920681147476668 -0.055015074653420329 -0.025406951993180937 0.036801132036653743 0.033391780620577551 0.032875917353300844 -0.021262522520249152 -0.042824294510615674 0.027207865700914258 0.035437243908870944 -0.054904130667858646 0.051040953870541944
leaf_weight=4.4671944677829742 6.1585103683173648 136.83704825188033 8.9271810129284841 185.15983830019832 23.865362002747133 25.743487358558923 59.697936710028443 187.62286204920383 93.713807999622077 50.589167028432712 0.56336101423948903 7.6786042188759875 5.3349983673542729 2.723495326936245 5.5442950464785081 69.526766980066895 3.3484702189452937 3.779297546017915 2.5724957212805748 22.942944387206808 37.719108834862709 78.998305461369455
leaf_count=36 34 6414 266 1232 231 845 1496 13313 1422 1366 7 249 70 17 34 654 80 75 23 290 3113 560
internal_value=0.000751245 -0.00466701 -0.0171356 0.0101573 -0.0257094 0.0167552 -0.00813449 -0.0320571 0.0243827 0.00201088 -0.0412343 0.021214 0.0393107 -0.0298564 0.0423743 0.0282759 0.0174919 0.00861157 -0.0146182 0.0459768 -0.0533637 0.0479075
internal_weight=1023.51 898.184 487.77 410.413 398.914 364.315 85.4414 324.46 278.874 74.4545 46.0981 88.856 125.331 10.4021 119.996 78.4539 7.81566 11.8961 6.35179 108.1 38.2825 101.941
internal_count=31827 30741 22510 8231 21324 4995 2341 19727 2654 1597 3236 1186 1086 266 1016 920 116 132 98 884 3120 850
is_linear=0
shrinkage=0.05


Tree=40
num_leaves=22
num_cat=0
split_feature=22 2 25 0 37 24 30 24 19 17 3 3 24 37 6 6 29 17 2 6 38
split_gain=78.9823 61.4269 81.628 61.419 44.2611 35.3438 32.4747 17.9939 16.5861 15.1911 15.0121 10.6002 8.38709 5.7154 5.05604 4.44286 3.58149 4.61403 3.02286 2.54891 1.29042
threshold=1.0000000180025095e-35 0.12391385063529016 -0.00178476155269891 0.41136083006858831 0.028857713565230373 0.21772087365388873 0.004454393172636629 0.36609348654747015 0.0049973130226135263 0.82499998807907116 0.0030044334707781677 0.00092972852871753286 0.079630140215158476 0.0046738528180867442 0.5428704321384431 0.62814128398895275 0.13244355469942096 0.47499999403953558 0.11403447762131692 -0.48620580136775965 0.010665965732187034
decision_type=2 2 2 2 2 2 2 2 2 2 2 2 2 2 2 2 2 2 2 2 2
left_child=1 5 7 6 -5 9 -4 12 18 11 13 -1 -3 -2 -10 -9 20 -18 -7 -11 -15
right_child=10 2 3 4 -6 8 -8 15 14 19 -12 -13 -14 16 -16 -17 17 -19 -20 -21 -22
leaf_value=0.032569785836141514 -0.005274805639616271 -0.017044202502634758 0.013817257566502176 -0.048365106941853725 -0.0061584763058817093 -0.018538658235447876 -0.03835577862543621 -0.043538983923046504 -0.051679491527895652 0.022295722675167502 -0.042685255627307836 -0.032020891792668725 0.040615171413833792 0.050537650829844752 0.003884685095021977 0.032024936569737782 -0.023612098931923731 0.03385952370519648 0.046290180994260723 -0.05159497269756267 0.031968827021995369
leaf_weight=30.278660509968176 6.1825866829603902 6.0884143244475117 254.95334369456396 116.93836838472635 131.94551682111342 1.9577978483866889 32.788137455238029 8.3329176388215256 116.83193433785345 0.74774507433175941 4.8646500194445244 7.1150299315340808 135.71225876756944 75.618363221175969 4.1019205688498905 1.6786652877926815 3.795001056976619 13.716338835656641 4.7896979111246765 10.087882611202074 18.83022266253829
leaf_count=302 43 36 5519 7564 3347 121 1700 401 9416 8 63 176 1056 693 128 14 55 134 47 1015 127
internal_value=-0.000201187 -0.00554892 0.00120239 -0.0079651 -0.0261035 -0.0318281 0.00775989 0.0334477 -0.0455117 0.00458623 0.0371181 0.019766 0.0380375 0.0407348 -0.0497784 -0.0291113 0.0432997 0.0208017 0.027515 -0.045043 0.0472093
internal_weight=987.355 864.348 688.438 536.625 248.884 175.911 287.741 151.812 127.681 48.2293 123.007 37.3937 141.801 118.143 120.934 10.0116 111.96 17.5113 6.7475 10.8356 94.4486
internal_count=31965 30850 19637 18130 10911 11213 7219 1507 9712 1501 1115 478 1092 1052 9544 415 1009 189 168 1023 820
is_linear=0
shrinkage=0.05


Tree=41
num_leaves=28
num_cat=0
split_feature=34 0 5 0 1 36 37 40 6 29 2 1 2 5 7 39 37 19 36 6 22 17 19 2 31 32 39
split_gain=67.0154 53.1296 38.1171 58.4411 45.2645 41.9236 22.5003 16.5182 13.1565 13.0562 10.5598 8.90983 8.72642 7.95197 6.067 5.71758 5.02445 4.99917 4.45095 4.269 4.42755 3.61154 3.23963 2.99257 1.50854 1.26643 0.235423
threshold=0.26330868899822241 0.71085646748542797 0.0031799726421013479 0.14562085270881656 0.10124753043055536 0.00053623857093043636 0.036994580179452903 0.17569567263126376 0.49194628000259405 -0.33873300254344935 0.17218530178070071 0.78859341144561779 0.13348329067230227 0.0040494154673069724 0.8819531798362733 0.0004080776270711795 0.0018934189574792983 0.017056733369827274 0.00034764062729664152 -0.46536426246166224 1.0000000180025095e-35 0.7749999761581422 0.071444869041442885 0.12199999764561655 0.048042146489024169 0.0073268082924187192 0.001059553644154221
decision_type=2 2 2 2 2 2 2 2 2 2 2 2 2 2 2 2 2 2 2 2 2 2 2 2 2 2 2
left_child=1 2 3 8 -5 6 -4 19 -1 13 -7 12 17 16 -13 -15 -2 -11 -14 20 -3 22 -9 -18 -23 -21 -17
right_child=9 7 5 4 -6 10 -8 21 -10 11 -12 14 18 15 -16 26 23 -19 -20 25 -22 24 -24 -25 -26 -27 -28
leaf_value=-0.039038913346865406 -0.0072154670598169228 -0.036212244477192589 -0.038931302056643122 -0.053846498647408515 0.024285644413168689 0.0045461892385239393 -0.0027546613715330711 0.026526791340597551 0.029393507431930966 0.029010451399838023 0.050927328935492823 0.015003796179691109 -0.0077229006794569096 0.032339550857916947 -0.065595031114804525 -0.052682618593890868 0.018630282616374224 -0.048733692914831171 0.034156300417768397 -0.054516827513569656 0.039499666709518794 -0.044431192857402102 -0.030488941207732725 0.047176258563073677 0.012701493603712699 -0.0056446111770791577 -0.015973937874176964
leaf_weight=62.381121223326772 4.7865253905765703 4.2282732415478668 140.8140586304944 18.951774498214945 272.69140696898103 92.824230389203876 61.90250253607519 11.177640394773336 7.1669326182454816 2.1392122383695078 13.189017305150626 3.228691276162861 7.4438052498735479 3.7399264690466207 5.2403276511467993 2.566023550927639 12.264885352458803 6.1635532858781517 32.130984044633806 73.538597317528911 2.0943147167563438 3.6067022697534403 2.2428989710751912 86.429150342009962 1.043936838628724 1.598780761938541 1.8795506283640859
leaf_count=2874 36 345 10932 683 3513 1246 1773 193 72 26 56 31 135 28 72 50 252 206 257 8005 7 241 66 710 20 52 46
internal_value=-0.000634046 -0.00688804 -0.00179897 0.00921658 0.0190418 -0.0146745 -0.027952 -0.0407828 -0.0316703 0.0278788 0.0107384 0.00806494 0.016539 0.0377166 -0.0365284 -0.00877232 0.0414427 -0.0277376 0.0262829 -0.0502714 -0.00916385 0.0023827 0.0155446 0.0438513 -0.0316283 -0.0535647 -0.0429459
internal_weight=937.465 769.452 669.921 361.191 291.643 308.73 202.717 99.5311 69.5481 168.013 106.013 56.3466 47.8776 111.666 8.46902 8.1855 103.481 8.30277 39.5748 81.46 6.32259 18.0712 13.4205 98.694 4.65064 75.1374 4.44557
internal_count=31927 30078 21149 7142 4196 14007 12705 8929 2946 1849 1302 727 624 1122 103 124 998 232 392 8409 352 520 259 962 261 8057 96
is_linear=0
shrinkage=0.05


Tree=42
num_leaves=24
num_cat=0
split_feature=22 16 32 35 1 1 24 9 3 24 35 29 36 40 7 29 40 20 3 24 38 17 17
split_gain=65.7611 53.4225 37.5365 42.9813 39.3826 22.4133 19.2603 13.877 11.8523 11.2939 11.0086 10.2316 9.30871 7.00985 6.93823 5.28446 4.77518 3.61617 2.34503 4.59038 2.31447 1.32913 0.378958
threshold=1.0000000180025095e-35 0.95391818881034862 0.0028798455605283384 0.077722117304801955 0.3483570665121079 0.837274730205536 0.070523668080568327 0.016381228342652324 0.0031644519185647373 0.37273794412612921 0.033287571743130691 0.57061570882797252 0.00048975582467392098 0.20161920040845874 0.84901127219200145 0.098206922411918654 0.17763355374336245 0.42886926233768469 0.00055062069441191863 0.070523668080568327 0.0017438642680644991 0.85833334922790538 0.10833333432674409
decision_type=2 2 2 2 2 2 2 2 2 2 2 2 2 2 2 2 2 2 2 2 2 2 2
left_child=1 5 3 13 -5 6 10 12 15 -8 -1 -9 -4 -3 -7 18 20 -16 22 -20 -17 -18 -2
right_child=8 2 7 4 -6 14 9 11 -10 -11 -12 -13 -14 -15 17 16 21 -19 19 -21 -22 -23 -24
leaf_value=0.011111789455623446 0.029942380619569976 -0.0488478315323507 -0.024408305668325265 0.00825018651501566 -0.029696944778945546 0.034090990276299742 0.023244741942239449 0.035332118398656208 -0.040149186298601258 -0.030210785872205582 -0.06158305978039439 -0.021245442207143007 0.011469375821724618 6.1067217401759118e-06 0.0024475523808876569 0.0078297028979980032 0.010665996677422377 -0.053039651048939478 -0.017122492592953509 0.038670664649857127 -0.049150190951524592 0.045060185766157432 0.05191301624172328
leaf_weight=8.9187537555117178 7.045461878180503 118.96976186591201 34.066542526939884 136.78408907714766 135.03357999993023 2.5456486968323615 225.69221287383698 50.160888564772904 4.0912371557205907 9.4988680119859037 10.690046814735977 8.779015127103774 36.437084457604215 7.8210232963319859 3.4206503902096328 3.089212367776784 5.8143733395263535 16.617706101387739 3.9230322442017522 18.74322629859671 2.5718103516846895 6.4210798693820834 56.564481627545319
leaf_count=139 49 14357 1349 3364 6067 22 2198 752 63 646 237 240 575 322 53 45 56 486 34 211 54 51 546
internal_value=-9.02652e-05 -0.00502226 -0.0143463 -0.0219296 -0.0106409 0.0127155 0.0169763 0.00899491 0.0363118 0.020967 -0.0295841 0.0266911 -0.00596522 -0.0458578 -0.0340376 0.0396679 0.0139465 -0.0439016 0.0447824 0.0286986 -0.0215489 0.0307566 0.0499806
internal_weight=913.7 805.436 528.052 398.608 271.818 277.384 254.8 129.444 108.264 235.191 19.6088 58.9399 70.5036 126.791 22.584 104.173 17.8965 20.0384 86.2762 22.6663 5.66102 12.2355 63.6099
internal_count=31916 30807 27026 24110 9431 3781 3220 2916 1109 2844 376 992 1924 14679 561 1046 206 539 840 245 99 107 595
is_linear=0
shrinkage=0.05


Tree=43
num_leaves=26
num_cat=0
split_feature=34 0 2 25 24 21 19 40 5 3 29 17 2 4 19 19 29 2 31 24 40 31 34 2 36
split_gain=59.4802 48.9147 35.2589 40.0521 37.3746 29.2863 19.9658 19.1447 15.7229 12.1878 10.0028 5.99502 12.4742 5.88729 4.30302 3.78238 7.58221 3.28691 3.08128 6.57561 3.01982 2.28388 2.0477 1.40738 0.589346
threshold=0.27977168560028082 0.69929018616676342 0.12903869897127154 -0.0016839840100146828 0.21772087365388873 0.81982851028442394 0.0049973130226135263 0.16598320752382281 0.0039024202851578598 0.0015360183897428217 0.80717387795448314 0.20833333581686023 0.12625496089458468 0.00088766482076607655 0.021281540393829349 0.01918059587478638 -0.32648728787899012 0.15009039640426639 0.048042146489024169 0.2825725674629212 0.16783888638019565 0.043609214946627624 0.30098859965801245 0.16443767398595813 0.00060847192071378242
decision_type=2 2 2 2 2 2 2 2 2 2 2 2 2 2 2 2 2 2 2 2 2 2 2 2 2
left_child=1 2 4 9 8 -5 -6 18 -1 -4 11 12 14 -14 -2 24 -17 -12 23 -20 21 -13 -22 -3 -9
right_child=10 7 3 5 6 -7 -8 15 -10 -11 17 20 13 -15 -16 16 -18 -19 19 -21 22 -23 -24 -25 -26
leaf_value=0.024573087832589283 0.014018590645622801 -0.054479477770132269 0.043538520143302936 0.028385175602784887 0.040517897734275013 -0.0070688542223613666 -0.043033447844886864 0.0079233358597721095 -0.033337308563274916 -0.0090374861298916954 -0.048065050757002237 -0.034695679415754438 0.040917448925396782 -0.0059925189859308097 -0.047563324694271339 0.02136402374092828 -0.041948820959170768 0.0087462959615671569 0.029358097601059948 -0.046133528207358623 0.018988540073581427 0.030318496618016378 0.047910634986983301 -0.021226625301835726 0.04054885665796526
leaf_weight=48.120289681246504 3.8405664837919158 65.260429626796395 78.198094493243843 70.516207154956646 6.9145520697347811 312.93673885019962 101.79975231818389 2.657896593213084 14.454158628359435 12.44577969633974 4.0651059579104167 1.7031225592363619 34.396857290528715 7.9569043796509495 6.9191794150974602 8.580629447358664 8.4422625924926216 4.6004073852673173 3.5738229006528837 7.3602767331758514 8.7573903982993198 1.705649761483073 63.702937644440681 5.1513166716322294 4.3425155095756054
leaf_count=935 68 7707 472 628 140 10559 6841 85 1069 196 89 92 216 74 146 167 433 54 35 758 103 23 725 386 26
internal_value=-5.23513e-05 -0.00560215 -0.000423634 0.00660387 -0.0198 -0.000492057 -0.0373985 -0.0370184 0.0108823 0.0362998 0.0300392 0.033538 0.0200665 0.0321696 -0.0262595 0.00216617 -0.0106204 -0.0201202 -0.0484762 -0.0210666 0.0425851 -0.00266638 0.0447212 -0.052378 0.0307004
internal_weight=888.403 750.755 645.386 474.097 171.289 383.453 108.714 105.369 62.5744 90.6439 137.648 128.983 53.1135 42.3538 10.7597 24.0233 17.0229 8.66551 81.3458 10.9341 75.8691 3.40877 72.4603 70.4117 7.00041
internal_count=32027 30437 20840 11855 8985 11187 6981 9597 2004 668 1590 1447 504 290 214 711 600 143 8886 793 943 115 828 8093 111
is_linear=0
shrinkage=0.05


Tree=44
num_leaves=23
num_cat=0
split_feature=22 16 2 9 25 0 2 2 0 29 30 25 25 4 7 29 17 1 17 27 9 42
split_gain=58.5837 46.9574 23.9843 22.9104 20.1826 24.6782 18.0165 16.1425 22.3158 12.7845 9.95443 8.46064 8.32646 7.05738 4.79286 3.25835 3.06031 2.75395 2.54278 2.51882 1.50109 1.03682
threshold=1.0000000180025095e-35 0.98610299825668346 0.1087399832904339 0.033965315669775016 -0.00089538836618885387 0.41136083006858831 0.12973552942276004 0.13806623220443728 0.37640704214572912 1.0000000180025095e-35 0.0034129641717299823 -0.0035110538592562075 -0.00010747845954028888 -3.691233723657205e-05 0.90810120105743419 0.60859662294387828 0.10833333432674409 0.5039941966533662 0.95833334326744091 0.52488380670547496 0.19937840849161151 0.96875000000000011
decision_type=2 2 2 2 2 2 2 2 2 2 2 2 2 2 2 2 2 2 2 2 2 2
left_child=1 2 20 7 6 -6 -4 11 -9 10 -5 -3 15 19 -11 16 -2 -15 -17 -14 -1 -18
right_child=12 3 4 9 5 -7 -8 8 -10 14 -12 -13 13 17 -16 18 21 -19 -20 -21 -22 -23
leaf_value=-0.052378757934967324 0.017167118619931143 0.039715307061470723 -0.0020100773773849495 0.026664237101021539 0.014411783497718593 -0.017199307705474627 0.032616063022606744 0.0039780499753225926 -0.034963314263566012 0.014113349783234811 -0.029410010233274428 -0.044227679550420507 -0.0013197339670874804 -0.056034173750324323 -0.051892739548497324 -0.024518558371068273 0.016531102890321191 0.0013136066036727738 0.031865611610093617 0.045951623914936242 0.0027190338431367722 0.050911544845596082
leaf_weight=17.173465621774088 9.9177864547818881 2.3571422123350194 55.592429152806289 44.722023710026406 125.20381357183214 119.87946587917395 114.14861026313156 71.888762798509561 73.960545194218867 3.1779080857522777 8.7061830277089012 99.613577833748423 4.2994965771213192 3.6700374456122509 10.031094909645615 2.7904216926544896 3.5268838908523312 3.7132248785346746 3.2789598405361176 6.8878484731540084 1.2234203174011771 61.225598680088297
leaf_count=1885 78 16 1103 1001 1684 2876 959 3374 6432 90 629 9827 64 55 843 57 19 40 30 52 62 744
internal_value=-0.000256797 -0.00506414 0.00560972 -0.0197405 0.00813256 -0.00105745 0.0213302 -0.0267161 -0.0158728 0.00621277 0.0171544 -0.0419204 0.035626 0.00510843 -0.0361369 0.0424969 0.0453317 -0.0304762 0.00614141 0.0291668 -0.0487634 0.0493188
internal_weight=846.989 747.678 433.221 314.457 414.824 245.083 169.741 247.82 145.849 66.6372 53.4282 101.971 99.3103 18.5706 13.209 80.7397 74.6703 7.38326 6.06938 11.1873 18.3969 64.7525
internal_count=31920 30781 8569 22212 6622 4560 2062 19649 9806 2563 1630 9843 1139 211 933 928 841 95 87 116 1947 763
is_linear=0
shrinkage=0.05


Tree=45
num_leaves=28
num_cat=0
split_feature=38 37 0 1 1 0 0 5 4 32 2 6 25 3 31 1 21 31 40 4 9 2 33 2 9 6 28
split_gain=50.1773 53.2262 36.0637 33.1543 34.2449 32.815 19.7228 33.9229 23.2796 17.6442 12.0314 11.6657 10.7229 10.0493 8.53085 9.53239 7.25645 6.86771 4.03133 2.52299 1.61896 1.30649 1.1173 0.745649 0.722205 0.153841 0.0418674
threshold=0.0035549283493310217 0.033558772876858718 0.73028257489204418 0.3483570665121079 0.12119881063699724 0.46871817111969 0.13899360597133639 0.0034306545276194815 -0.0029985235305503006 0.0020018692594021563 0.11095909401774408 -0.5684760808944701 1.4806724266236417e-05 0.003608329221606255 0.058328818529844291 0.79874795675277721 0.92922288179397594 -0.03413423337042331 0.21754939109086993 0.0014487667940557005 0.052663100883364684 0.14908336102962497 0.0031659476226195697 0.10725653171539308 0.048724573105573661 -0.63371655344963063 3.4343796968460087
decision_type=2 2 2 2 2 2 2 2 2 2 2 2 2 2 2 2 2 2 2 2 2 2 2 2 2 2 2
left_child=1 3 6 4 17 -6 8 -8 -3 11 23 -5 -11 14 15 -12 19 -1 25 -15 -20 -16 -18 26 -25 -4 -2
right_child=10 2 18 9 5 -7 7 -9 -10 12 13 -13 -14 16 21 -17 22 -19 20 -21 -22 -23 -24 24 -26 -27 -28
leaf_value=0.024797231065243439 -0.048072469974438904 0.064967791873498604 -0.0053742417445539863 0.0034589610425923923 0.024933186640442525 -0.031193347468148738 0.034923829813558224 -0.0074457811114501359 -0.033822236571334083 0.018332832437694051 0.024004159924813032 -0.048427054597182342 -0.040832407635688059 -0.053884051782840642 0.050480817829425331 -0.014029127969374319 -0.0007838092637816093 -0.056300714888049178 -0.026799633055646269 0.009131572880396021 0.024931488773305269 0.027338528900075473 0.040813371683514746 -0.028703713245262715 0.012553926251908499 -0.052135361295182162 -0.0068997404977014761
leaf_weight=2.3004302936606136 5.075734765501692 6.2343745182733974 0.42270968202502146 11.690356957726179 84.201520592905581 36.545919483876787 138.83075193071272 70.88517602335196 33.932483155629598 20.724612157791857 138.30656835553236 127.47292584879324 10.831774795893578 7.4045775507111085 31.53399786632508 18.022892074193805 2.5733987137209615 29.367124632583 1.7873965608887363 1.6352017084136603 2.3100378504022956 12.862563909962772 3.1703302413225174 1.085106097860262 1.3182711761910466 23.833142723189667 0.43605735083110619
leaf_count=70 473 53 17 335 2228 2558 1511 1890 1656 744 1586 10678 1353 229 367 314 81 2363 60 39 39 127 14 77 30 2984 29
internal_value=-0.000109916 -0.00762823 0.00838782 -0.0214022 -0.00439779 0.00782901 0.0144956 0.0206353 -0.0172832 -0.0364694 0.0200702 -0.0440748 -0.00260613 0.0223407 0.0252738 0.0195581 -0.0165619 -0.0498308 -0.044101 -0.042711 0.00153469 0.0445259 0.0248237 -0.0373219 -0.00903423 -0.0515655 -0.0463749
internal_weight=824.795 601.371 278.236 323.135 152.415 120.747 249.883 209.716 40.1669 170.72 223.425 139.163 31.5564 215.51 200.726 156.329 14.7835 31.6676 28.3533 9.03978 4.09743 44.3966 5.74373 7.91517 2.40338 24.2559 5.51179
internal_count=31905 28539 8210 20329 7219 4786 5110 3401 1709 13110 3366 11013 2097 2757 2394 1900 363 2433 3100 268 99 494 95 609 107 3001 502
is_linear=0
shrinkage=0.05


Tree=46
num_leaves=23
num_cat=0
split_feature=22 21 38 24 17 24 38 6 0 1 7 6 3 1 38 36 19 29 13 17 5 25
split_gain=45.865 38.375 29.2714 25.0962 31.8027 25.4684 21.5121 20.1675 27.1939 18.8297 15.8053 11.9417 8.4726 7.06069 6.01904 5.51014 4.57411 4.37808 3.32723 2.43432 1.88158 1.1714
threshold=1.0000000180025095e-35 0.93042719364166271 0.002589484211057425 0.29676939547061926 0.99166667461395275 0.16575359553098681 0.0046219814103096732 -0.0020276566501706834 0.34646518528461462 0.90292266011238109 0.91380706429481517 0.033693840727210052 0.0030044334707781677 0.73808082938194286 0.021482250653207306 0.00035364775976631796 0.02985864877700806 0.15427552908658984 0.21969059854745868 0.10833333432674409 0.0032307704677805309 -0.00010747845954028888
decision_type=2 2 2 2 2 2 2 2 2 2 2 2 2 2 2 2 2 2 2 2 2 2
left_child=1 3 7 4 9 -6 11 10 -9 -1 -3 -5 17 15 -8 -4 -15 19 20 -2 -19 -21
right_child=12 2 13 6 5 -7 14 8 -10 -11 -12 -13 -14 16 -16 -17 -18 18 -20 21 -22 -23
leaf_value=0.021647220838436999 0.015072965592551852 -0.0015869947185715974 -0.0096060755946352286 -0.048693027943124884 -0.045737135837069356 0.0064708878898575642 0.031934690484015031 0.00858484104936111 -0.040436175316691775 -0.059639223382218845 -0.057936019419366713 -0.010818085721242963 -0.036373774161505237 0.014559479256860209 -0.020040105946478624 0.037303528900569663 -0.047809356135440115 0.0063617320060906134 0.029751065144137463 0.048853567295863792 -0.043169151735101212 0.024180504869138551
leaf_weight=248.75843375839759 8.682314277160911 15.242904672049916 7.7018997473642221 40.752125437487848 37.653800615342334 58.510595017694868 22.328836034517739 57.857582814176567 53.829696565982886 6.3936249306425443 68.195830699638464 42.967364244163036 3.3963460186496368 4.8191820911597443 6.5631739953532806 25.847609573276713 5.3200464477995411 4.1406640824861816 9.2630367148667556 50.860813000705086 2.2569900788366795 8.7200178075581842
leaf_count=3189 74 889 256 3606 1705 2577 333 2495 4411 172 7693 2405 59 114 327 347 222 74 75 693 61 78
internal_value=-0.000539026 -0.00480075 -0.0210414 0.00358669 0.0101693 -0.0142318 -0.0168579 -0.0293002 -0.0151909 0.0193855 -0.0477827 -0.0296116 0.0334248 0.0156748 0.0198525 0.0265682 -0.0195196 0.0366446 0.0118505 0.0420795 -0.0145854 0.0457013
internal_weight=790.063 702.743 238.815 463.928 351.316 96.1644 112.611 195.126 111.687 255.152 83.4387 83.7195 87.3202 43.6887 28.892 33.5495 10.1392 83.9238 15.6607 68.2631 6.39765 59.5808
internal_count=31855 30741 16427 14314 7643 4282 6671 15488 6906 3361 8582 6011 1114 939 660 603 336 1055 210 845 135 771
is_linear=0
shrinkage=0.05


Tree=47
num_leaves=29
num_cat=0
split_feature=27 37 0 6 1 1 7 1 40 38 19 20 9 22 5 1 0 30 29 1 1 40 41 40 41 3 31 31
split_gain=44.5952 32.624 33.3392 24.9324 19.5989 18.7084 49.0652 26.3216 20.1194 15.097 14.4588 12.8968 12.681 11.1519 9.7183 6.69844 4.2705 9.3195 4.53855 3.93039 2.72269 2.64188 2.42686 1.54656 1.10583 0.878406 0.772552 0.624027
threshold=1.8422023653984072 0.028857713565230373 0.41136083006858831 -0.0011371077271178363 0.13923011720180514 0.29120439291000372 0.93085125088691723 0.11433785408735277 0.20580574125051501 0.0052005730103701362 0.082729160785675063 0.82604023814201366 -0.077645044773817049 1.0000000180025095e-35 0.0047422791831195363 0.19771870225667956 0.454249918460846 0.0037399679422378544 0.075621783733367934 0.5261439085006715 0.88129279017448436 0.14004287868738177 0.0025752732763066892 0.2284909784793854 0.0013863547937944534 -0.0029173004440963264 0.045672580599784858 0.042120410129427917
decision_type=2 2 2 2 2 2 2 2 2 2 2 2 2 2 2 2 2 2 2 2 2 2 2 2 2 2 2 2
left_child=1 2 3 9 -5 7 14 12 -8 -1 -9 15 -3 -13 -7 -4 18 21 20 22 24 25 -20 -21 -2 -18 -19 -23
right_child=16 5 11 4 -6 6 8 10 -10 -11 -12 13 -14 -15 -16 -17 17 26 19 23 -22 27 -24 -25 -26 -27 -28 -29
leaf_value=-0.039996536179305354 0.027658521969964624 0.034908639044963774 0.041088008028373223 -0.04862044185397138 0.018773630305726239 0.030654229474713315 -0.033931066188195393 -0.0026649102727911247 0.011071488854985391 0.021050491326775101 0.037431064427352952 -0.049259299080349345 -0.040992782177405318 0.010175631926933625 -0.047614242197362378 -0.018779539419256606 0.018327495287663097 -0.04763388210576136 -0.034038277115244459 0.0057546503745179341 0.0015523691107361501 0.022234313626449304 0.01793560285118603 0.046022576180355775 0.053028837712911836 -0.030335754753695061 0.0012191451291247461 0.044334596950523907
leaf_weight=50.380297072930261 8.9878175094490853 6.3031494824681458 5.6956866424297941 11.174050352186894 95.944309790851548 73.463269131607376 102.06077715859283 29.245515101007186 32.178274067584425 11.940197275253011 94.452957413392141 94.92827027925523 23.016847062041052 8.2618178166449052 3.3175888812402254 14.462872436153701 0.59533680207096074 4.4429251267574719 4.1379661735845756 3.8660891230683756 3.3351806069258592 10.842438789200971 3.1465297960676253 6.9273689044639468 37.129283766029403 1.785759792313917 0.8929462581872939 9.0816960926167649
leaf_count=4074 149 165 60 726 3242 1426 5503 1298 546 174 769 10415 1192 114 189 315 10 235 131 94 75 169 62 43 373 150 14 164
internal_value=-0.000658035 -0.00530657 -0.0177031 -0.00325364 0.0113587 0.00468481 -0.0049646 0.0179377 -0.0231415 -0.0281526 0.028006 -0.0373658 -0.0240625 -0.0444487 0.0267037 -0.000721845 0.0311455 0.0138978 0.0378994 0.0153226 0.0456853 0.0281056 -0.0121331 0.03331 0.0487763 -0.0163466 -0.0405564 0.0339453
internal_weight=751.997 656.826 292.788 169.439 107.118 364.038 211.02 153.018 134.239 62.3205 123.698 123.349 29.32 103.19 76.7809 20.1586 95.1713 27.6411 67.5302 18.078 49.4523 22.3052 7.2845 10.7935 46.1171 2.3811 5.33587 19.9241
internal_count=31877 30208 19120 8216 3968 11088 7664 3424 6049 4248 2067 10904 1357 10529 1615 375 1669 742 927 330 597 493 193 137 522 160 249 333
is_linear=0
shrinkage=0.05


Tree=48
num_leaves=23
num_cat=0
split_feature=27 2 21 7 0 3 19 31 0 1 25 0 2 36 37 1 3 16 0 2 7 2
split_gain=38.4058 30.3227 40.4359 27.8379 26.8756 23.6033 15.3417 12.6591 13.2097 11.7664 13.4435 8.97391 7.38896 6.38132 5.40008 4.39304 3.76875 3.09075 2.38556 2.24919 1.68334 1.46465
threshold=1.6339657902717593 0.12199999764561655 0.84087085723876964 0.96977725625038158 0.36320692300796514 0.0013197601074352863 0.015700548887252811 0.050190525129437454 0.57312738895416271 0.29120439291000372 -0.00012946659262524915 0.15842524915933612 0.11217000335454942 0.00077895945287309598 0.045287437736988075 0.89300364255905162 0.0033272119471803312 0.14370470494031909 0.454249918460846 0.10825660452246667 0.91380706429481517 0.16325391829013827
decision_type=2 2 2 2 2 2 2 2 2 2 2 2 2 2 2 2 2 2 2 2 2 2
left_child=1 6 9 5 -5 -4 7 8 -1 11 -11 -3 20 17 -15 16 18 -8 -14 -9 -2 -18
right_child=12 2 3 4 -6 -7 13 19 -10 10 -12 -13 15 14 -16 -17 21 -19 -20 -21 -22 -23
leaf_value=-0.054340895693838299 0.011744198872285483 -0.012980507604917922 0.022512009373538699 0.00098332988473274238 -0.031054847582591312 -0.02856032266693101 -0.0023076771206904097 -0.0073893110413216076 0.013732436307340199 0.022452437773022426 -0.025157249182739667 0.042316978203349807 0.040763569256953958 -0.047478165645939589 0.016989983468790142 -0.022706875092748133 -0.033218151724669513 -0.052796475407091405 0.021233946540393026 0.045025214227750611 -0.042003045863583215 0.021578620814481975
leaf_weight=14.196238897508012 1.6138531016185869 7.7467562430538228 101.5454767383635 117.18020930304192 147.12825835653348 28.106047130713705 3.3149982169270507 2.1808493355056262 12.806713444355408 47.256350532989018 20.46067577030044 68.539962106617168 65.641596358735114 4.3201697409385797 7.4488558870507404 2.9246865886962032 2.2861195440636943 51.849192236142699 25.428669673448894 10.426008271751924 3.531796439550817 1.0900835557840762
leaf_count=1954 49 112 2956 4665 9114 1706 215 167 1298 420 547 494 777 283 154 65 109 5668 592 197 360 14
internal_value=0.000369682 -0.00416475 0.000679269 -0.00761258 -0.0169007 0.0113066 -0.0284024 -0.00357606 -0.0227182 0.0232598 0.00791043 0.0366063 0.0286418 -0.0428252 -0.00853988 0.031763 0.0336699 -0.0498575 0.0356004 0.0360814 -0.025978 -0.0146377
internal_weight=747.024 644.507 537.964 393.96 264.308 129.652 106.543 39.6098 27.003 144.004 67.717 76.2867 102.517 66.9332 11.769 97.3712 94.4465 55.1642 91.0703 12.6069 5.14565 3.3762
internal_count=31916 29950 20014 18441 13779 4662 9936 3616 3252 1573 967 606 1966 6320 437 1557 1492 5883 1369 364 409 123
is_linear=0
shrinkage=0.05


Tree=49
num_leaves=29
num_cat=0
split_feature=9 21 2 3 24 30 1 9 2 4 33 3 17 38 41 29 1 39 36 6 6 9 6 25 38 35 3 14
split_gain=39.0792 30.3772 24.0565 27.2708 23.7285 21.0152 19.0336 14.8374 13.3167 12.8791 11.7716 11.2427 10.8359 10.7617 10.6607 9.00745 7.9376 5.4072 8.20927 5.22916 4.8065 2.88845 2.67902 2.3202 3.26148 1.8636 1.06367 0.0578573
threshold=0.029286806471645836 0.94991686940193187 0.12199999764561655 0.0017452143365517261 0.35509859025478369 0.0044700899161398419 0.29692111909389501 -0.0098960059694945795 0.13010288774967196 0.0018844261649064722 0.0007871205743867905 0.00067183957435190688 0.19166667014360431 0.0052005730103701362 0.0082301716320216673 0.34314866364002233 0.13113623857498172 0.0040130882989615211 0.0005615799454972149 -0.48620580136775965 0.0072037980426102885 -0.090898979455232606 0.7127041518688203 -0.002309315605089068 0.0039043368306010966 0.028837030753493312 -0.00087406893726438273 0.003802102524787188
decision_type=2 2 2 2 2 2 2 2 2 2 2 2 2 2 2 2 2 2 2 2 2 2 2 2 2 2 2 2
left_child=1 2 14 5 9 -4 7 20 22 11 -9 15 -5 19 21 -2 -13 18 -11 -8 -3 -1 27 -10 -25 -15 -19 -6
right_child=4 6 3 12 8 -7 13 10 23 17 -12 16 -14 25 -16 -17 -18 26 -20 -21 -22 -23 -24 24 -26 -27 -28 -29
leaf_value=-0.0084704212640678185 0.041350124454604148 -0.0088178418367479607 0.015359941134311614 0.020460623888100084 -0.064989455887068212 -0.029466249218625562 -0.0045425434776518994 -0.055469802670661955 0.04255362698141385 -0.042481506629782277 0.011218115443991048 -0.055003315649383024 -0.034061989790815365 0.027820834486681413 0.054313347398985093 -0.0051711618878892982 0.014244411100744002 0.0029704567503556108 0.01555162153218302 -0.05562753075456997 0.045271369123893179 -0.043957191694634641 0.018322717001721372 -0.033784624750694991 0.034294120331064847 -0.018446956154270552 0.045191867431159535 -0.014617157109031362
leaf_weight=7.3034443843644103 105.1416876972653 5.4160400166874778 245.19888589245966 10.212058205623178 12.659738730057141 28.32302897964837 5.6503900188254184 14.797975761001 3.6921264475677162 13.446619795984594 10.893382520473095 3.547223378205671 54.379448458086699 4.6984201380982986 2.4293241798877707 11.304560483316889 46.861261559010018 2.4026415920816362 9.8300663956906629 61.29142242850503 12.937373111781197 39.923860415408853 0.65545344934798855 3.0867035411065427 2.1040274072438478 2.6531716256868094 3.7052200445905319 0.7353423419408508
leaf_count=525 1578 338 5876 99 1242 1479 327 1526 50 644 574 118 3729 86 47 437 1095 38 97 7347 197 4107 17 305 21 80 53 85
internal_value=-0.000241375 -0.00787805 -0.00108635 0.00371744 0.0173487 0.0106278 -0.0299375 -0.00374074 -0.029863 0.0229895 -0.0278326 0.0283399 -0.0252613 -0.0452122 -0.0332232 0.0368283 0.00839634 -0.00732425 -0.0183423 -0.0514459 0.0296789 -0.0387588 -0.0586539 0.0170041 -0.00510729 0.0109135 0.0313378 -0.0634317
internal_weight=725.281 506.108 387.77 338.113 219.173 273.522 118.338 44.0448 22.9334 196.239 25.6914 166.855 64.5915 74.2934 49.6566 116.446 50.4085 29.3845 23.2767 66.9418 18.3534 47.2273 14.0505 8.88286 5.19073 7.35159 6.10786 13.3951
internal_count=32117 26337 15862 11183 5780 7355 10475 2635 1720 4060 2100 3228 3828 7840 4679 2015 1213 832 741 7674 535 4632 1344 376 326 166 91 1327
is_linear=0
shrinkage=0.05


Tree=50
num_leaves=25
num_cat=0
split_feature=34 24 30 38 36 17 1 7 1 6 31 2 38 37 40 9 30 31 2 19 41 7 29 24
split_gain=34.5038 27.6635 31.434 30.8488 25.151 36.8385 24.9436 34.0661 27.6113 11.2768 17.2532 10.1024 6.55186 4.84479 3.98637 2.68637 2.43107 1.716 1.53563 1.94712 1.30327 1.27929 0.500457 0.331999
threshold=0.35556218028068548 0.30491694808006292 0.0036659907782450323 0.0053900324273854503 0.00050628831377252947 0.85833334922790538 0.74170276522636425 0.93085125088691723 0.11433785408735277 0.065936584025621428 -0.033020028844475739 0.1476085036993027 0.021482250653207306 0.035150080919265754 0.2284909784793854 -0.025244626216590401 0.0022603792604058985 0.0076554822735488423 0.12199999764561655 0.013934433460235597 0.0014137372490949931 0.99940016865730297 0.23696463555097583 0.094354975968599333
decision_type=2 2 2 2 2 2 2 2 2 2 2 2 2 2 2 2 2 2 2 2 2 2 2 2
left_child=1 2 6 9 5 -4 8 -8 -1 14 -11 -6 21 15 -3 -2 -14 -17 19 -15 -19 -5 23 -20
right_child=13 3 4 12 11 -7 7 -9 -10 10 -12 -13 16 18 -16 17 -18 20 22 -21 -22 -23 -24 -25
leaf_value=-0.036783706128033555 -0.016918337050999349 -0.049545067149382283 0.012046306099383168 0.039955571391124656 -0.0085632619290678912 -0.051414669644511184 0.030013121661200088 -0.047386354832077697 0.022535204111703632 0.055326177399416671 -0.025824062471393228 0.033475208562278091 -0.040974304601195138 0.034349832026910561 -0.0029520359487878131 0.0015930269762368127 0.020094336895421491 0.0091593742454444838 0.020544392125756955 -0.023491052713542526 0.047131925792944354 0.00428610074530283 0.019435149192594009 0.053222381881591729
leaf_weight=20.430372745613568 4.3647202996071455 63.200562064012047 33.666713006386999 20.169065548921942 30.1458366275765 68.20807241613511 22.124375946354121 36.266274734924082 244.12069894053275 6.5421126039582296 51.0257581625483 25.639889449346811 3.8186272124294183 2.7696247082203618 5.0854037095559752 5.7976630295161184 1.7241964443819595 3.9885367131791991 2.5393930524587622 1.4930615252815185 6.8286400348879397 3.1447155480273059 2.9707862655632189 29.802072919905186
leaf_count=895 60 8198 1704 251 468 7979 305 1665 5003 117 3595 293 283 90 157 75 69 43 39 41 74 72 46 412
internal_value=-8.78102e-05 -0.00354558 0.00238379 -0.021862 -0.0158555 -0.0305294 0.0113097 -0.0180479 0.0178329 -0.0325179 -0.0158148 0.0110074 0.024145 0.0356579 -0.0461679 0.0152295 -0.02181 0.0241557 0.0458453 0.0134763 0.0350905 0.0355184 0.0492739 0.0513497
internal_weight=695.867 635.313 480.602 154.71 157.661 101.875 322.942 58.3907 264.551 125.854 57.5679 55.7857 28.8566 60.5545 68.286 20.9796 5.54282 16.6148 39.5749 4.26269 10.8172 23.3138 35.3123 32.3415
internal_count=31934 31054 18312 12742 10444 9683 7868 1970 5898 12067 3712 761 675 880 8355 252 352 192 628 131 117 323 497 451
is_linear=0
shrinkage=0.05


Tree=51
num_leaves=28
num_cat=0
split_feature=32 24 5 21 37 1 16 29 2 5 1 2 6 6 35 0 17 31 2 1 6 24 1 31 1 6 22
split_gain=32.4462 42.1725 39.9514 25.5198 23.5739 23.9179 15.3033 13.4779 16.8593 12.8229 10.4999 12.6364 8.16673 8.12827 15.1988 10.2573 7.95303 7.8395 10.6978 5.87309 5.37541 3.54007 2.14632 3.44424 1.1254 0.229624 0.0541208
threshold=0.0027239220216870312 0.30491694808006292 0.003499650396406651 0.81219512224197399 0.005314877489581705 0.75828197598457348 0.87356176972389232 -0.45863978564739222 0.1670140624046326 0.0045836211647838363 0.26239226758480078 0.13284512609243396 0.065936584025621428 0.24566508829593661 0.034981053322553642 0.38790778815746313 0.12499999627470972 0.01391002628952265 0.12391385063529016 0.28040979802608496 0.67048934102058422 0.36721420288085943 0.4629622101783753 0.011740289162844421 0.67944464087486278 0.16342544555664065 1.0000000180025095e-35
decision_type=2 2 2 2 2 2 2 2 2 2 2 2 2 2 2 2 2 2 2 2 2 2 2 2 2 2 2
left_child=1 2 4 19 16 -6 -5 9 13 17 11 20 -13 14 -9 -15 -1 18 -2 -4 -3 -19 23 -10 -11 -24 -12
right_child=7 10 3 6 5 -7 -8 8 22 24 26 12 -14 15 -16 -17 -18 21 -20 -21 -22 -23 25 -25 -26 -27 -28
leaf_value=0.0036021580503059572 -0.03074509509088021 -0.052124477441868433 0.028749530606518744 0.012890838229517749 0.026638593980107091 -0.019256382135966393 -0.04330728344870835 0.016045436473219807 -0.039231596416950974 -0.048247713955379551 -0.053546409639312231 -0.032703017488311732 0.030725504171608083 0.028150083936108655 -0.035591831332361566 -0.035189498294033221 -0.056694892416656428 0.04445982990661429 0.026265269429957244 -0.025420498383553449 0.029384646154988522 -0.013093545227455598 0.049153936367204366 0.03630246595295121 0.0029678638620425626 0.025104086851753013 -0.0093107148068301941
leaf_weight=8.4841003111214395 9.3114549519959819 19.586768027045768 23.565376234357249 13.769786752993239 161.44021857791813 33.641366176074371 80.265889051952399 21.240717741777189 1.6504049906507159 4.9445233085425562 49.213483453553636 6.7934095654054572 13.713197152363135 25.194289572187699 39.561148699023761 7.5263549037044859 13.827599848038515 61.257188415154815 41.563551853178069 5.4541397566790684 1.6059277500025917 2.3732418128638519 15.920802245265806 2.5219941369723529 1.1729463820811359 4.8282791413366786 0.53650002460926671
leaf_count=131 531 2497 229 196 2873 1234 9457 732 81 251 7236 660 372 291 1857 296 844 960 530 225 16 143 122 37 46 59 24
internal_value=0.000239942 -0.0079362 0.000195612 -0.0224645 0.0130665 0.0186663 -0.0350291 0.0149825 0.00295088 0.0266753 -0.0378841 -0.0187192 0.00916939 -0.00687085 -0.017585 0.0129693 -0.0345958 0.0305154 0.0154394 0.0180608 -0.0449022 0.0421439 0.0386519 0.00461632 -0.0393905 0.0449691 -0.0532622
internal_weight=670.965 431.898 340.448 123.055 217.393 195.082 94.0357 239.067 118.444 120.623 91.4493 41.6993 20.5066 93.5225 60.8019 32.7206 22.3117 114.505 50.875 29.0195 21.1927 63.6304 24.9215 4.1724 6.11747 20.7491 49.75
internal_count=31930 25994 15189 10107 5082 4107 9653 5936 3475 2461 10805 3545 1032 3176 2589 587 975 2164 1061 454 2513 1103 299 118 297 181 7260
is_linear=0
shrinkage=0.05


Tree=52
num_leaves=30
num_cat=0
split_feature=2 30 33 0 1 37 3 38 17 24 36 7 32 2 3 1 22 0 5 19 4 33 2 40 24 32 22 24 1
split_gain=30.9266 31.1825 23.321 21.8471 36.2525 23.2537 20.808 17.3059 16.3645 15.9783 15.7391 11.1836 8.73071 8.20008 8.0495 10.4734 7.56722 7.06443 5.73515 5.44935 4.76432 3.86445 3.34575 2.65619 1.79423 1.42296 1.00556 0.295525 0.174655
threshold=0.12689898163080218 0.004202695796266199 0.0044417965691536674 0.41834877431392675 0.73808082938194286 0.031400160863995559 0.0002017185324802995 0.0052005730103701362 0.091666668653488173 0.21459157764911654 0.00091613069525919865 0.99847304821014415 0.0016693749348632993 0.10969382524490358 1.325621315118042e-05 0.28040979802608496 1.0000000180025095e-35 0.36049813032150274 0.0031062887283042078 0.0034932494163513188 -1.0000000180025095e-35 0.0031659476226195697 0.17878455668687823 0.17569567263126376 0.34269174933433538 0.0047107401769608268 1.0000000180025095e-35 0.2423970848321915 0.67944464087486278
decision_type=2 2 2 2 2 2 2 2 2 2 2 2 2 2 2 2 2 2 2 2 2 2 2 2 2 2 2 2 2
left_child=2 3 9 4 6 8 -2 10 -5 14 22 -7 -6 26 15 -1 19 28 -16 -11 -12 -19 -3 -18 -15 -26 27 -4 -9
right_child=1 7 13 5 12 11 -8 17 -10 16 20 -13 -14 24 18 -17 23 21 -20 -21 -22 -23 -24 -25 25 -27 -28 -29 -30
leaf_value=0.049407801719020261 0.040256306147010083 -0.055070926971632822 0.0024798477621324781 0.023528487412573428 -0.059142712384236379 0.01973927936164967 0.009429844261119133 0.025060712997082138 -0.034740036391284153 0.031417891497124255 -0.021505620300803371 -0.03315198463380678 -0.0074798776756413599 0.047670272672578735 -0.00012076445713891452 -0.018782843539246714 -0.02208550353341357 -0.032436216670539482 -0.056495156452786036 -0.047202102568698223 0.038788383149327921 0.034287876022718385 0.015921437431580917 0.036943475491948131 -0.028073830143817643 0.027334064097985535 0.015608977701541635 -0.042257777690452143 0.050218828922383919
leaf_weight=11.301576292200481 133.7997342570452 40.292033114412334 0.28616384696215691 14.259310568682848 12.077890895307062 84.937872681941371 93.472769993066322 5.1376828583888727 60.070265711285174 1.6171304642921303 5.0204734648577869 10.394572722667361 22.755699052591808 14.907269447692672 9.6785982146393525 9.6290004232432675 2.518498213030397 7.2287048522848618 7.4576244374620719 74.653608917607926 6.3875665049999935 2.042638941667974 1.317146181303541 3.3341750986874104 1.1433639634051354 1.5296622663736341 0.46079389145597804 3.4161206564749591 5.5841831965371966
leaf_count=230 2280 5536 13 103 735 2085 2343 82 4614 51 38 398 555 285 183 725 67 299 668 9699 42 11 92 53 155 28 16 503 25
internal_value=0.000453108 0.00625601 -0.020084 0.011374 0.0203958 -0.00260137 0.0276748 -0.0237553 -0.0233979 -0.0286931 -0.0385066 0.013688 -0.0265436 0.0266738 -0.00181621 0.018611 -0.0409797 0.0153327 -0.026417 -0.0451501 0.0126594 -0.0158287 -0.0525027 0.0120262 0.0412952 0.00244308 -0.0311102 -0.0390078 0.04133
internal_weight=646.712 504.779 141.934 431.768 262.106 169.662 227.273 73.0104 74.3296 120.19 53.0172 95.3324 34.8336 21.7434 38.0668 20.9306 82.1234 19.9932 17.1362 76.2707 11.408 9.27134 41.6092 5.85267 17.5803 2.67303 4.16308 3.70228 10.7219
internal_count=31914 19238 12676 13113 5913 7200 4623 6125 4717 11676 5708 2483 1290 1000 1806 955 9870 417 851 9750 80 310 5628 120 468 183 532 516 107
is_linear=0
shrinkage=0.05


Tree=53
num_leaves=24
num_cat=0
split_feature=34 24 25 1 1 38 36 0 3 3 6 0 38 32 22 2 38 38 7 7 4 37 16
split_gain=31.515 25.2606 26.4707 21.7755 26.1077 21.2974 16.6584 18.5762 9.30633 14.131 8.86686 8.85991 5.38554 3.93985 3.83562 2.83318 2.37538 1.97317 1.7456 1.63384 0.725037 0.635207 0.532625
threshold=0.35556218028068548 0.30491694808006292 -1.0000000180025095e-35 0.11433785408735277 0.73808082938194286 0.0053900324273854503 0.00061566833755932759 0.41458590328693395 -0.00010312237282050772 -0.0016389600932598112 0.25236733257770544 0.50795802474021923 0.021482250653207306 0.02007418125867844 1.0000000180025095e-35 0.12199999764561655 0.021482250653207306 0.010665965732187034 0.98089429736137401 0.9989508092403413 0.0018844261649064722 0.020260540768504146 0.85659006237983715
decision_type=2 2 2 2 2 2 2 2 2 2 2 2 2 2 2 2 2 2 2 2 2 2 2
left_child=1 2 3 11 -5 8 7 -4 9 -3 -8 -1 19 15 -10 17 -15 22 -14 -7 21 -17 -2
right_child=13 5 6 4 -6 12 10 -9 14 -11 -12 -13 18 16 -16 20 -18 -19 -20 -21 -22 -23 -24
leaf_value=-0.057131448905627671 -0.0049229431853589391 -0.042299843227583914 -0.0020921023233992472 0.028692645269019719 -0.012712611768468829 0.036747994596093937 0.014950762568434573 -0.038521324179556532 -0.051425031798317727 0.0059422137561120497 -0.046243672411747531 0.011775020959100732 0.011522368716710807 -0.031194873957105823 0.013116400187038555 0.024493697178024354 0.023084527600279858 -0.035124863829914844 -0.042591382395536281 -0.0042416730545379059 0.014306864735841416 0.049980446502958895 0.032784543091395536
leaf_weight=13.360813827370295 0.99646168714389149 29.907625824038405 68.010800922871567 154.330954846635 49.784411748172715 16.168242726824253 61.644449486921076 71.350269655376906 46.827275929128518 29.404938122315798 5.5648980860132715 6.4689860363141625 1.7968669201945875 2.6437699180096379 2.0375033682212225 5.9016097877174607 3.5133950402960181 1.2952794099692253 3.0818620088975877 2.6061129106674334 2.9322329191490999 33.032256688922644 2.1812881587538868
leaf_count=575 39 4282 4316 2705 2003 233 882 7344 5658 2063 97 323 72 32 47 58 62 30 297 93 40 518 89
internal_value=-0.000586931 -0.00406869 0.00180837 0.0136867 0.018581 -0.0231304 -0.0110729 -0.0208847 -0.0324829 -0.0186813 0.00928021 -0.0351663 0.0192259 0.0360889 -0.0485248 0.040983 -0.00132418 0.00253009 -0.0240912 0.0311314 0.0449365 0.0468273 0.0226123
internal_weight=614.842 562.346 430.516 223.945 204.115 131.83 206.57 139.361 108.177 59.3126 67.2093 19.8298 23.6531 52.4963 48.8648 46.3391 6.15716 4.47303 4.87873 18.7744 41.8661 38.9339 3.17775
internal_count=31858 30990 18245 5606 4708 12745 12639 11660 12050 6345 979 898 695 868 5705 774 94 158 369 326 616 576 128
is_linear=0
shrinkage=0.05


Tree=54
num_leaves=22
num_cat=0
split_feature=22 24 38 5 17 36 1 6 1 19 6 31 2 29 29 37 27 5 20 5 2
split_gain=30.4877 23.9147 25.3124 23.687 20.9668 17.6311 16.1372 23.0009 19.4029 9.24132 7.51517 13.1427 5.79655 4.04281 3.56718 2.92785 2.4727 2.14653 1.34837 1.24641 1.02486
threshold=1.0000000180025095e-35 0.30491694808006292 0.0041851773858070382 0.0034515790175646548 0.90833333134651195 0.00045954163942951714 0.73448938131332409 -0.51250299811363209 0.10371308773756029 0.046926110982894904 0.033693840727210052 -0.039699953049421303 0.11486773192882539 0.15427552908658984 0.2729835063219071 0.0031688265735283498 1.0029018521308901 0.0041087341960519561 0.20692097395658496 0.0032307704677805309 0.1101319268345833
decision_type=2 2 2 2 2 2 2 2 2 2 2 2 2 2 2 2 2 2 2 2 2
left_child=1 3 10 6 9 -6 8 -8 -1 -5 18 -12 -4 15 -14 -2 19 20 -3 -15 -17
right_child=13 2 12 4 5 -7 7 -9 -10 -11 11 -13 14 16 -16 17 -18 -19 -20 -21 -22
leaf_value=-0.037090451075888209 -0.01010801942561387 0.013475925951110133 -0.040112857230639336 0.024311648676124176 -0.044459149065053674 0.0097210475715731916 0.040206100781218578 -0.034938116197803688 0.022874676531475027 -0.0085045226862393939 0.052097158727522956 -0.029352960807486325 0.032723485814849809 0.002679999234342209 -0.018162300297646979 0.0080220670317954785 0.025975796485263814 -0.0034577991217611473 -0.050362153239825562 -0.040645375424774116 0.045677469916274652
leaf_weight=13.684419277531559 2.5282601448707274 0.45899757114238937 2.9216376328840878 34.280699447495863 58.924852123949677 19.61480797076365 13.317895108251831 34.658480142243207 180.33768955321284 53.854892418195959 4.6302079310407853 45.080687555659097 22.484234564006332 3.4034512126818282 3.3765446591423816 2.3782262396998695 5.7928080128040165 2.3687554374337187 45.961238459160086 2.0411847494542599 43.596405754797161
leaf_count=692 23 10 464 1625 8369 382 90 1678 3205 1920 88 4360 325 79 113 83 72 51 7398 75 743
internal_value=0.000115799 -0.00376437 -0.0228173 0.00210075 -0.0123608 -0.0309759 0.0120709 -0.0136836 0.0184768 0.00438901 -0.0350526 -0.0208887 0.0178525 0.0329822 0.0256507 0.0388813 0.00528213 0.0415963 -0.0494601 -0.0173491 0.0439418
internal_weight=595.696 533.587 124.914 408.674 166.675 78.5397 241.998 47.9764 194.022 88.1356 96.1311 49.7109 28.7824 62.1091 25.8608 50.8716 11.2374 48.3434 46.4202 5.44464 45.9746
internal_count=31845 30719 12758 17961 12296 8751 5665 1768 3897 3545 11856 4448 902 1126 438 900 226 877 7408 154 826
is_linear=0
shrinkage=0.05


Tree=55
num_leaves=28
num_cat=0
split_feature=9 21 6 5 32 24 1 2 3 1 5 24 37 7 1 4 2 7 4 20 32 6 6 25 25 34 34
split_gain=27.0197 19.6077 16.7537 15.9273 15.5386 15.2034 13.3788 12.7655 10.8756 10.3599 10.1121 8.57704 8.50292 8.04179 6.62895 5.47171 5.24138 4.35607 4.20296 3.37458 2.55939 1.59979 1.10761 0.908626 0.354571 0.310008 0.267094
threshold=0.016381228342652324 0.92240515351295482 -0.0029955791542306538 0.0034892614930868153 0.0034686317667365078 0.35509859025478369 0.33579342067241674 0.11323481053113939 0.0019870778778567915 0.10890023410320283 0.0022608217550441627 0.10714414715766908 0.0020330534316599373 0.91380706429481517 0.90292266011238109 -0.0035213558003306385 0.13048212975263598 0.90810120105743419 0.0014768057735636832 0.78508287668228161 0.0032487600110471253 0.44606898725032812 0.58033692836761486 0.00063540841802023362 0.00067867402685806166 0.18766522407531741 0.39375120401382452
decision_type=2 2 2 2 2 2 2 2 2 2 2 2 2 2 2 2 2 2 2 2 2 2 2 2 2 2 2
left_child=1 7 4 6 17 9 -4 23 11 19 14 -9 -10 -12 -11 -5 22 -3 -6 -2 21 -18 26 -1 -25 -21 -7
right_child=5 2 3 15 18 16 -8 8 12 10 13 -13 -14 -15 -16 -17 20 -19 -20 25 -22 -23 -24 24 -26 -27 -28
leaf_value=-0.049785090794409896 0.019476595378487241 -0.01399683837272029 0.029036313574034935 0.023840422217688277 -0.017279029220762212 -0.054663521377762883 -0.020704951707468087 -0.019943441457184678 0.046484966745194735 0.039466006085970569 0.031792660634038038 0.013967666095052934 -0.031094947099184974 0.0031116056578036288 -0.031303399416865961 -0.04492240586710166 -0.038833941433025154 -0.057124021429969432 0.03664774836104133 -0.052661361691742216 0.029236217657214642 0.022005342565228167 0.0078964076915767605 0.019483866332518723 -0.016105115254863925 -0.002837174714760431 -0.0030591907984775851
leaf_weight=11.084310628997624 1.7199381625396188 7.5569280569325192 32.805113677692134 2.6477086470113163 6.5369929649168608 9.5106020172534027 21.621220573259052 20.345874619961251 3.1308352153282639 67.018138626299333 34.505388093879446 151.87566550303018 27.614295676001348 79.240532611613162 2.7653317767544641 23.700505531480303 2.7110392071481324 46.653506590228062 6.0458873725146987 5.7100735753192566 3.7819663122063503 0.77675612503662694 0.54068486450705755 0.38661281531676728 0.42369582643732429 0.45101507427170862 0.38240795605816025
leaf_count=2251 14 776 772 59 357 1541 1567 686 35 989 737 4179 1905 3201 138 3925 405 7342 75 565 73 14 27 11 71 20 19
internal_value=0.000523374 -0.00772928 -0.0216964 -0.00622979 -0.0400326 0.0147953 0.00925922 0.00191946 0.00496095 0.0189206 0.0213788 0.00986948 -0.0219794 0.0120134 0.036259 -0.0373934 -0.0284343 -0.0514745 0.00942245 -0.0342869 0.00420695 -0.0234004 -0.0495561 -0.0463395 0.00225806 -0.0499196 -0.0531327
internal_weight=571.543 362.429 147.568 80.7745 66.7933 209.114 54.4263 214.861 202.967 191.41 183.529 172.222 30.7451 113.746 69.7835 26.3482 17.7035 54.2104 12.5829 7.88103 7.26976 3.4878 10.4337 11.8946 0.810309 6.16109 9.89301
internal_count=31754 24011 14873 6323 8550 7743 2339 9138 6805 5664 5065 4865 1940 3938 1127 3984 2079 8118 432 599 492 419 1587 2333 82 585 1560
is_linear=0
shrinkage=0.05


Tree=56
num_leaves=25
num_cat=0
split_feature=34 0 24 37 24 29 0 0 29 38 30 1 24 17 5 32 6 22 4 9 13 5 6 29
split_gain=27.8244 27.23 20.9671 19.8553 24.581 19.5523 12.4891 8.30338 7.73838 6.26308 3.72127 3.66942 5.4385 4.21126 3.54594 2.80145 2.44967 1.96661 1.85225 1.72164 1.71513 1.29008 0.987888 0.331985
threshold=0.25441154837608343 0.7079855501651765 0.10714414715766908 0.040965974330902107 0.14227212965488437 -1.0966188311576841 0.13552708178758624 0.5921093523502351 -0.49949845671653742 0.0036782399984076623 0.0029008134733885531 0.53546753525733959 0.21677962690591815 0.47499999403953558 0.0044387388043105611 0.023359116166830066 -0.46536426246166224 1.0000000180025095e-35 0.0040444822516292342 0.092557728290557875 0.0088791986927390116 0.002968208747915924 -0.10211719200015067 1.5763146877288821
decision_type=2 2 2 2 2 2 2 2 2 2 2 2 2 2 2 2 2 2 2 2 2 2 2 2
left_child=1 2 5 4 -4 10 -5 -7 14 16 -1 18 -13 -14 15 22 17 -3 19 -10 -11 -22 -2 -18
right_child=8 9 3 6 -6 7 -8 -9 11 20 -12 12 13 -15 -16 -17 23 -19 -20 -21 21 -23 -24 -25
leaf_value=0.038245042070162702 0.012779863662079958 -0.029326541542129599 0.03640597177909026 -0.013360114036536072 -0.010742893398198946 -0.055833353861780656 0.02781021779125974 0.024005723039555046 -0.023081508857261273 0.038933525609410921 -0.029972520703563845 0.044207726236596689 -0.030854982002748561 0.023827536790139152 -0.016747001454764678 0.0010325443581845229 -0.051053656677205655 0.031517232358083312 0.032937875172602243 0.012876089910969214 0.0098879617500710892 -0.029974279404041643 0.044212764143027584 -0.011023517567534905
leaf_weight=9.1308934325352293 3.6855970914475611 2.2057058908394529 30.913557485153433 21.922861341328826 206.11487414568546 33.055411068315152 99.405983970907982 3.0478485068888395 12.457204551668843 1.3621671353466798 1.7004263402777713 11.038238412933426 5.8701390621718001 6.2342534712515771 2.4806862557306877 4.5402637197403228 37.174126530706417 1.2830568272620442 1.3765062578022469 3.7013320226687929 3.4379890198470093 2.9347664397209883 47.132954281871207 1.1646431154222217
leaf_count=163 86 362 924 1337 14678 1626 1859 171 468 19 127 117 101 142 74 69 8083 8 7 69 137 165 900 266
internal_value=0.000729465 -0.00450097 -0.00018422 0.00395954 -0.00446656 -0.0312455 0.0203228 -0.048628 0.024681 -0.039099 0.0259073 0.00769666 0.0204029 -0.00302216 0.036292 0.0389237 -0.0465786 -0.00491374 -0.00926897 -0.0145745 0.0020502 -0.010045 0.0422237 -0.0501488
internal_weight=553.371 454.854 405.292 358.357 237.028 46.9346 121.329 36.1033 98.5172 49.5625 10.8313 40.6777 23.1426 12.1044 57.8395 55.3588 41.8275 3.48876 17.535 16.1585 7.73492 6.37276 50.8186 38.3388
internal_count=31958 29925 20885 18798 15602 2087 3196 1797 2033 9040 290 904 360 243 1129 1055 8719 370 544 537 321 302 986 8349
is_linear=0
shrinkage=0.05


Tree=57
num_leaves=24
num_cat=0
split_feature=27 0 5 2 3 40 36 33 6 2 2 29 1 0 30 29 37 2 7 7 32 19 12
split_gain=23.8233 17.7509 17.8095 18.9113 18.5498 17.7515 17.6266 11.3283 8.95315 8.51389 3.89366 3.03049 2.23527 2.21843 3.46518 2.31054 1.77306 0.969589 0.887751 0.551372 0.446643 0.163322 0.14674
threshold=1.6965348124504092 0.71085646748542797 0.0035201334394514565 0.12759415060281756 0.0002017185324802995 0.17569567263126376 0.00058818332036025833 0.0038525314303115015 0.28606480360031133 0.17218530178070071 0.11217000335454942 -0.79400253295898426 0.88581135869026195 0.45928063988685613 0.0037399679422378544 -0.2081818804144859 0.036994580179452903 0.16754776984453204 0.91380706429481517 0.58655452728271495 0.0025677968515083198 0.0080366134643554705 0.00034508208045735961
decision_type=2 2 2 2 2 2 2 2 2 2 2 2 2 2 2 2 2 2 2 2 2 2 2
left_child=1 2 3 7 -5 17 8 -1 -4 -8 18 22 13 15 -15 -12 -13 19 -2 -3 -19 -20 -7
right_child=10 5 6 4 -6 11 9 -9 -10 -11 12 16 -14 14 -16 -17 -18 20 21 -21 -22 -23 -24
leaf_value=-0.024360805689989121 0.011301856807689319 0.0065174321969872738 -0.035729641561644238 0.027094709663155747 -0.0021746363562020078 0.042879029394827024 -0.00056620843945108393 0.033095558136002526 0.0071704181329940928 0.054077551799287971 0.047376653272976445 -0.031879539101824436 -0.012255947262537939 0.028558336171477846 -0.018314903599965095 0.021117519105075047 0.011394628310632496 -0.019717715559991269 0.00084011724818751398 -0.05144221322041545 0.018158038407625903 -0.036428796969121588 0.014365129138115107
leaf_weight=57.187773895042483 1.0919271021848538 0.20081331999972363 71.042046231217682 122.30613404687028 96.244938373740297 4.632973061699885 44.467645772499964 9.168296814139465 14.27054169110488 7.4845973497722289 28.372921341680922 2.9102979222079721 2.4150779161136589 14.332357890991263 4.5356131386652114 15.378832272894213 5.1136195116559975 0.60677444958127924 0.27617260708939317 34.684536638145801 0.51648347161244601 2.054957173357252 2.009120466420427
leaf_count=4439 56 10 9646 2555 2405 67 879 396 888 45 459 253 78 398 240 301 196 102 16 8011 6 327 84
internal_value=0.000664421 -0.0033454 4.02619e-05 0.0071649 0.014254 -0.0310064 -0.0146925 -0.0160487 -0.0285537 0.00817873 0.0280101 0.0146666 0.0307731 0.0325992 0.0169359 0.0388246 -0.00609448 -0.0495023 -0.0195733 -0.0509363 -0.00195245 -0.0330868 0.0372624
internal_weight=541.304 472.847 422.172 284.907 218.551 50.6746 137.265 66.3561 85.3126 51.9522 68.4579 14.666 65.0348 62.6197 18.868 43.7518 8.02392 36.0086 3.42306 34.8853 1.12326 2.33113 6.64209
internal_count=31857 29982 21253 9795 4960 8729 11458 4835 10534 924 1875 600 1476 1398 638 760 449 8129 399 8021 108 343 151
is_linear=0
shrinkage=0.05


Tree=58
num_leaves=29
num_cat=0
split_feature=9 21 6 0 38 9 0 6 5 1 1 7 5 1 36 3 32 7 1 6 0 36 37 0 6 5 6 32
split_gain=20.9837 19.3176 16.9482 21.012 19.4603 14.6265 15.9868 13.0603 11.374 11.1777 11.1681 9.01343 8.38567 9.32913 9.19638 7.01552 5.7518 5.42979 4.96564 3.52669 3.25932 3.07232 2.85966 2.64472 1.80726 1.49317 0.114591 0.0899234
threshold=0.016381228342652324 0.9231584668159486 0.0072037980426102885 0.38286139070987707 0.0066596576943993577 -0.048013681545853608 0.42171847820281988 -0.17645307630300519 0.0034892614930868153 0.11209464818239213 0.86964362859725963 0.91380706429481517 0.0014032492763362827 0.69140890240669262 0.00039865358849056071 -0.0040608134586364022 0.0010371842072345319 0.99994167685508739 0.50689861178398143 0.44606898725032812 0.75481557846069347 0.00084275510744191717 0.078043173998594298 0.51100364327430736 0.7127041518688203 0.0029863248346373443 0.042874738574028022 0.02007418125867844
decision_type=2 2 2 2 2 2 2 2 2 2 2 2 2 2 2 2 2 2 2 2 2 2 2 2 2 2 2 2
left_child=1 5 4 8 22 10 15 -8 -4 21 16 18 13 -13 -14 -7 -1 -5 19 -11 -20 24 -3 -23 27 -6 -12 -2
right_child=9 2 3 17 25 6 7 -9 -10 11 26 12 14 -15 -16 -17 -18 -19 20 -21 -22 23 -24 -25 -26 -27 -28 -29
leaf_value=0.039642756228884135 -0.05576325921378289 -0.053892493258579935 0.030088450199552676 -0.047061749417673736 -0.0084086963272502185 -0.048575533782293789 0.015348004768243651 -0.039107395593337174 -0.024327654083753827 -0.025190674578478178 -0.054774769990550587 0.043147163151867701 -0.017658365212582045 -0.029492273670479182 0.013776875686150046 0.011099277708247757 0.0077803937445916922 0.025920584946229966 0.047747354831877489 0.023163232200690182 -0.012134799232582013 -0.034749208747279069 0.0027162020665401927 0.040725912768765152 0.01742545015327587 0.040063741362475397 -0.00868221222561112 -0.0055229616242930216
leaf_weight=36.761347401305102 7.1200658313464356 51.734538889460964 33.328434476163238 24.016123630222868 1.6513541096355755 4.2656973406556054 13.85819328992511 45.151531107316259 12.477389825187855 4.1734611209831227 3.3811854574887543 25.637104715540776 36.756731832574587 4.564903874823357 59.642355976859108 79.067262423981447 23.605028884514468 2.2051411867723791 33.585116810689215 13.612405513762495 2.0461670206859699 1.1086657356936487 2.2318360405042759 1.6396555029205044 0.51143233478069294 6.1245772535912693 0.577608130784938 0.32656816055532534
leaf_count=527 871 8647 897 3350 91 462 704 3654 1538 168 234 414 3199 280 1566 2593 1077 77 633 373 119 51 158 47 10 85 43 18
internal_value=0.000203749 -0.00722966 -0.0219581 -0.00532963 -0.0409624 0.00236342 -0.00658504 -0.0262761 0.0150626 0.0134406 0.0219628 0.0164429 0.00904329 0.0315747 0.00173246 0.00750483 0.0275134 -0.0401974 0.0334918 0.01108 0.0440712 -0.034132 -0.0515446 0.00913153 -0.0484246 0.0299846 -0.0511567 -0.0544747
internal_weight=531.162 340.437 133.769 72.0271 61.7423 206.668 142.343 59.0097 45.8058 190.725 64.3252 180.018 126.601 30.202 96.3991 83.333 60.3664 26.2213 53.4172 17.7859 35.6313 10.7064 53.9664 2.74832 7.95807 7.77593 3.95879 7.44663
internal_count=31886 24137 14843 5862 8981 9294 7413 4358 2435 7749 1881 6752 5459 694 4765 3055 1604 3427 1293 541 752 997 8805 98 899 176 277 889
is_linear=0
shrinkage=0.05


Tree=59
num_leaves=27
num_cat=0
split_feature=34 0 2 25 3 0 29 39 42 17 2 38 22 35 38 24 0 37 34 17 1 6 29 22 34 1
split_gain=19.1255 19.8022 18.047 18.7126 13.877 12.0646 8.28934 8.22597 8.08462 6.91173 6.34895 6.05669 4.66879 4.52447 3.79004 4.55065 2.67434 2.43619 2.34703 1.43138 1.39943 1.07071 0.967809 1.03331 0.885696 0.265148
threshold=0.25069467723369604 0.72657334804534923 0.12903869897127154 -0.00178476155269891 0.0002017185324802995 0.55553334951400768 -0.71256694197654713 0.0044500303920358428 0.84375000000000011 0.94166666269302379 0.16486076265573504 0.0022927459795027976 1.0000000180025095e-35 0.052647866308689124 0.010665965732187034 0.09734793379902841 0.78037589788436901 0.010880902875214817 0.31807482242584234 0.7749999761581422 0.86964362859725963 -0.18377802520990369 -1.1820359826087949 1.0000000180025095e-35 0.27977168560028082 0.54541853070259105
decision_type=2 2 2 2 2 2 2 2 2 2 2 2 2 2 2 2 2 2 2 2 2 2 2 2 2 2
left_child=1 2 5 8 -5 7 14 -1 -4 -7 12 22 13 -8 20 -16 19 -17 -14 -13 24 -18 23 -3 -2 -12
right_child=6 11 3 4 -6 9 10 -9 -10 -11 25 16 18 -15 15 17 21 -19 -20 -21 -22 -23 -24 -25 -26 -27
leaf_value=-0.035895325820732994 0.021569843676689109 -0.029290543787001647 -0.0035112884793309404 0.0097825679579788445 -0.014168936279310146 0.030477770883679579 -0.0032259826233954417 0.019582793909952264 0.045732836197693298 -0.035138479520736551 0.020883847794475597 0.049641693397028896 -0.013767973914496752 -0.050074003166708625 -0.040371193688031305 -0.01767906951324217 0.012288134135594781 0.036165114531405182 0.033605549186127459 -0.01171933655118754 0.0016700640641967449 -0.033170734565458819 -0.051418223921005125 0.022738542389934294 0.05218308983738125 0.046115388630542632
leaf_weight=63.304094994848128 4.842438063817105 1.3222049249452568 10.751267000567166 137.21222884871531 106.5208372095949 14.502015782520177 17.296750121866356 6.8245657084626137 34.107998737134039 4.4942163833620716 4.6681625369237718 2.0171038751141164 3.034433265682309 6.4355449518770902 2.3344098576344541 1.9921636615763407 1.2171304927032904 9.2377667558612284 8.0258715203963202 0.91691928554791946 1.8071371905389231 3.4649655146058649 27.570274617755786 0.69741981849074353 23.980285325204022 5.7964334767311811
leaf_count=7064 104 572 128 6072 5542 801 511 448 420 1000 77 36 52 267 43 30 63 209 150 95 56 356 7112 5 550 65
internal_value=-0.00021655 -0.00474762 -0.00127441 0.00481001 -0.000700295 -0.0208109 0.0206211 -0.0302971 0.0341115 0.0139731 0.00536596 -0.0390516 -0.00512897 -0.0174409 0.0357788 0.0125469 0.000748287 0.0259487 0.0205445 0.0323611 0.045345 -0.0212706 -0.0489853 -0.00974353 0.0479356 0.0376632
internal_weight=504.375 414.923 377.717 288.592 243.733 89.1249 89.4514 70.1287 44.8593 18.9962 45.2572 37.206 34.7926 23.7323 44.1942 13.5643 7.61612 11.2299 11.0603 2.93402 30.6299 4.6821 29.5899 2.01962 28.8227 10.4646
internal_count=31828 29714 21475 12162 11614 9313 2114 7512 548 1801 1122 8239 980 778 992 282 550 239 202 131 710 419 7689 577 654 142
is_linear=0
shrinkage=0.05


end of trees

feature_importances:
radius_norm=131
y_norm=112
x_norm=92
distance_to_centroid_norm=92
orientation_sin=78
appearance_peer_z=70
orientation_cos=61
speed_norm=58
history_mean_angular_velocity_norm=54
history_mean_speed_norm=53
visible_streak_norm=52
is_current_target=50
history_std_speed_norm=50
history_std_translation_residual_norm=49
speed_minus_peer_median_norm=47
history_mean_direction_score_norm=47
history_mean_translation_residual_norm=44
vx_norm=42
history_std_direction_score_norm=41
angular_velocity_norm=40
history_std_angular_velocity_norm=36
vy_norm=27
appearance_distance=27
history_mean_appearance_distance=25
motion_reliability=20
yolo_confidence=17
association_quality=16
direction_score_peer_z=15
history_std_appearance_distance=15
history_std_rotation_score_norm=14
rotation_score_peer_z=9
history_mean_rotation_score_norm=8
direction_score_norm=5
history_length_norm=5
rotation_score_norm=2
speed_score_norm=2
rigidity_score_peer_z=2
translation_residual_norm=1
rigidity_score_norm=1

parameters:
[boosting: gbdt]
[objective: lambdarank]
[metric: ndcg]
[tree_learner: serial]
[device_type: cpu]
[data_sample_strategy: bagging]
[data: ]
[valid: ]
[num_iterations: 200]
[learning_rate: 0.05]
[num_leaves: 31]
[num_threads: 0]
[seed: 20260911]
[deterministic: 0]
[force_col_wise: 0]
[force_row_wise: 0]
[histogram_pool_size: -1]
[max_depth: 5]
[min_data_in_leaf: 40]
[min_sum_hessian_in_leaf: 0.001]
[bagging_fraction: 0.8]
[pos_bagging_fraction: 1]
[neg_bagging_fraction: 1]
[bagging_freq: 1]
[bagging_seed: 22173]
[bagging_by_query: 0]
[feature_fraction: 0.85]
[feature_fraction_bynode: 1]
[feature_fraction_seed: 8630]
[extra_trees: 0]
[extra_seed: 5152]
[early_stopping_round: 0]
[early_stopping_min_delta: 0]
[first_metric_only: 0]
[max_delta_step: 0]
[lambda_l1: 0]
[lambda_l2: 1]
[linear_lambda: 0]
[min_gain_to_split: 0]
[drop_rate: 0.1]
[max_drop: 50]
[skip_drop: 0.5]
[xgboost_dart_mode: 0]
[uniform_drop: 0]
[drop_seed: 25851]
[top_rate: 0.2]
[other_rate: 0.1]
[min_data_per_group: 100]
[max_cat_threshold: 32]
[cat_l2: 10]
[cat_smooth: 10]
[max_cat_to_onehot: 4]
[top_k: 20]
[monotone_constraints: ]
[monotone_constraints_method: basic]
[monotone_penalty: 0]
[feature_contri: ]
[forcedsplits_filename: ]
[refit_decay_rate: 0.9]
[cegb_tradeoff: 1]
[cegb_penalty_split: 0]
[cegb_penalty_feature_lazy: ]
[cegb_penalty_feature_coupled: ]
[path_smooth: 0]
[interaction_constraints: ]
[verbosity: -1]
[saved_feature_importance_type: 0]
[use_quantized_grad: 0]
[num_grad_quant_bins: 4]
[quant_train_renew_leaf: 0]
[stochastic_rounding: 1]
[linear_tree: 0]
[max_bin: 255]
[max_bin_by_feature: ]
[min_data_in_bin: 3]
[bin_construct_sample_cnt: 200000]
[data_random_seed: 5056]
[is_enable_sparse: 1]
[enable_bundle: 1]
[use_missing: 1]
[zero_as_missing: 0]
[feature_pre_filter: 1]
[pre_partition: 0]
[two_round: 0]
[header: 0]
[label_column: ]
[weight_column: ]
[group_column: ]
[ignore_column: ]
[categorical_feature: ]
[forcedbins_filename: ]
[precise_float_parser: 0]
[parser_config_file: ]
[objective_seed: 11763]
[num_class: 1]
[is_unbalance: 0]
[scale_pos_weight: 1]
[sigmoid: 1]
[boost_from_average: 1]
[reg_sqrt: 0]
[alpha: 0.9]
[fair_c: 1]
[poisson_max_delta_step: 0.7]
[tweedie_variance_power: 1.5]
[lambdarank_truncation_level: 30]
[lambdarank_norm: 1]
[label_gain: ]
[lambdarank_position_bias_regularization: 0]
[eval_at: 1]
[multi_error_top_k: 1]
[auc_mu_weights: ]
[num_machines: 1]
[local_listen_port: 12400]
[time_out: 120]
[machine_list_filename: ]
[machines: ]
[gpu_platform_id: -1]
[gpu_device_id: -1]
[gpu_use_dp: 0]
[num_gpu: 1]

end of parameters

pandas_categorical:null
