tree
version=v4
num_class=1
num_tree_per_iteration=1
label_index=0
max_feature_idx=44
objective=lambdarank
feature_names=x_norm y_norm radius_norm vx_norm vy_norm speed_norm orientation_sin orientation_cos orientation_known angular_velocity_norm translation_residual_norm rotation_residual_norm rotation_score_norm direction_score_norm speed_score_norm rigidity_score_norm motion_reliability visible_streak_norm lost_frames_norm appearance_distance association_quality yolo_confidence is_current_target bg_certified distance_to_centroid_norm speed_minus_peer_median_norm rotation_score_peer_z direction_score_peer_z rigidity_score_peer_z appearance_peer_z history_mean_speed_norm history_mean_angular_velocity_norm history_mean_translation_residual_norm history_mean_rotation_score_norm history_mean_direction_score_norm history_mean_appearance_distance history_std_speed_norm history_std_angular_velocity_norm history_std_translation_residual_norm history_std_rotation_score_norm history_std_direction_score_norm history_std_appearance_distance history_length_norm optical_spin_abs_norm optical_spin_evidence
feature_infos=[0.023437527939677238:0.97688722610473633] [0.034432891756296158:0.96392875909805298] [0.053096525371074677:0.1973479837179184] [-0.0080459257587790489:0.009354742243885994] [-0.0070236730389297009:0.0059997495263814926] [1.6123552768476657e-06:0.0093742832541465759] [-0.99997174739837646:0.99999529123306274] [-0.99999368190765381:1] none [-0.54599446058273315:0.55592876672744751] [0:0.092281647026538849] none [0:0.072172954678535461] [0:0.99946087598800659] [0:0.11707045137882233] [0:0.0078225545585155487] [0:0.99996823072433472] [0.033333331346511841:1] none [0.00012260675430297852:2] [0.00039127969648689032:0.99996823072433472] [0:0.99794524908065796] [0:1] none [0.00074696843512356281:0.48266205191612244] [-0.0052215233445167542:0.0059342398308217525] [-1.4680711030960083:4.1000180244445801] [-2.1915533542633057:4.0590243339538574] [-0.9187544584274292:4.2065086364746094] [-3.0406723022460938:3.4346854686737061] [8.0617763842383283e-07:0.0079342853277921677] [-0.28176912665367126:0.4193059504032135] [0:0.14316053688526154] [0:0.072172954678535461] [0:0.90268337726593018] [3.9807386201573536e-05:2] [8.0617763842383283e-07:0.0031374881509691477] [0:0.28885024785995483] [0:0.085645973682403564] [0:0.033846057951450348] [0:0.49838733673095703] [0:0.99925148487091064] [0.125:1] [0:0.29078683257102966] [0:0.16223746538162231]
tree_sizes=2726 2814 3247 2722 3254 3249 2733 3359 2944 3134 2839 3135 3363 3242 2818 3153 3451 3148 2837 2625 3038 2830 2725 3167 2928 2723 3145 2951 3257 2944 2608 2397 3042 3242 3065 2842 2848 2837 2838 3056 3465 3155 2511 3150 2847 3489 3275 2846 2847 3272

Tree=0
num_leaves=24
num_cat=0
split_feature=31 16 38 2 0 30 7 30 36 30 2 30 24 2 21 29 1 35 36 40 32 7 34
split_gain=2491.73 1238.26 419.136 247.788 243.706 159.064 205.376 110.036 117.473 84.934 73.9288 48.0217 39.2571 37.8967 36.042 30.4719 28.7657 23.1624 21.4681 17.2127 14.5793 12.9589 1.96825
threshold=0.037376912310719497 0.98084324598312389 0.0027640202315524225 0.11981283873319627 0.90531975030899059 0.0027097786078229551 0.92850330471992504 0.0031597313936799769 0.00053025805391371261 0.0044841971248388299 0.10051277279853822 0.00437875371426344 0.22651118785142901 0.11560932546854021 0.92379432916641246 0.80717387795448314 0.27447719871997839 0.11527179554104806 0.00058818332036025833 0.29660856723785406 0.0070609599351882943 0.74695953726768505 0.28679421544075018
decision_type=2 2 2 2 2 2 2 2 2 2 2 2 2 2 2 2 2 2 2 2 2 2 2
left_child=1 3 5 12 9 6 -3 14 -9 10 21 13 17 -4 -5 -12 -7 -1 -13 -14 -11 -2 -6
right_child=4 2 11 7 22 16 -8 8 -10 20 15 18 19 -15 -16 -17 -18 -19 -20 -21 -22 -23 -24
leaf_value=-0.044961370590295341 0.056084318070773354 0.066016017258169427 -0.082081116035981949 0.079901345792858583 -0.094832515574743592 -0.070527637316336086 -0.068103083071983261 -0.024257614018796073 0.066054191337860807 -0.08808037534585389 0.091646636667947368 -0.09065273459855068 -0.091712655078732136 0.054419576296701869 0.019338707911263211 0.020174836226810607 -0.096685929757928238 0.072399938478928907 0.041099131158827483 0.030616740909673291 0.039569595763853105 -0.086643574294739956 -0.010118880617485159
leaf_weight=8.2767730404157174 1.2770909070968617 37.446559442207217 4.58070470241364 182.64799363102065 18.35177579079755 147.55993452377152 110.785205050488 82.033643450937234 62.662701866240241 7.3895259206183237 597.40841975074727 9.6983161069219914 41.77481026633177 74.106845319853164 29.234243848710321 15.957340897643006 555.65587292122655 6.7061014405917367 3.6677374993450931 2.6190367749659336 2.3886323925107718 6.4870329987024888 0.97482828760985185
leaf_count=173 3 277 162 1062 772 4595 3950 1642 438 143 1996 257 1675 661 412 213 13007 55 31 46 17 265 20
internal_value=-0.000268927 -0.0387693 -0.0704308 0.0330444 0.0801604 -0.0813812 -0.0340064 0.0487988 0.0150381 0.0855478 0.0878647 0.0306406 -0.0608076 0.045543 0.0716754 0.0898231 -0.0913049 0.00881098 -0.0541549 -0.0839803 -0.0561196 -0.0594462 -0.0912676
internal_weight=2009.69 1359.46 943.501 415.955 650.235 851.448 148.232 356.579 144.696 630.908 621.13 92.0536 59.3767 78.6876 211.882 613.366 703.216 14.9829 13.3661 44.3938 9.77816 7.76412 19.3266
internal_count=31872 28443 22940 5503 3429 21829 4227 3554 2080 2637 2477 1111 1949 823 1474 2209 17602 228 288 1721 160 268 792
is_linear=0
shrinkage=0.05


Tree=1
num_leaves=25
num_cat=0
split_feature=34 22 16 7 2 26 38 0 30 29 24 0 0 29 31 31 2 35 7 1 41 1 9 39
split_gain=5603.99 2195.44 2297.21 667.185 578.569 554.961 446.735 376.874 275.294 255.176 166.865 164.952 126.827 76.4215 61.6164 59.3135 118.516 57.8926 35.8187 19.4182 13.9834 12.2203 6.60006 5.11239
threshold=0.24333363026380542 1.0000000180025095e-35 0.97731086611747753 0.87377294898033153 0.10669768974184991 -1.0000000180025095e-35 0.0056284519378095874 0.72657334804534923 0.0038368580862879757 0.22459787130355838 0.3330527544021607 0.37640704214572912 0.79849058389663707 0.033446189016103751 0.00085017745732329797 0.043609214946627624 0.12199999764561655 0.059041474014520652 0.84060665965080272 0.67944464087486278 0.004982555517926813 0.55834957957267772 0.014676557388156654 0.00043218805512879049
decision_type=2 2 2 2 2 2 2 2 2 2 2 2 2 2 2 2 2 2 2 2 2 2 2 2
left_child=1 2 4 5 -1 -4 -5 -6 9 15 17 21 20 22 -15 16 -2 -11 -12 -16 -13 -10 -3 -17
right_child=8 13 3 6 7 -7 -8 -9 11 10 18 12 -14 14 19 23 -18 -19 -20 -21 -22 -23 -24 -25
leaf_value=-0.092873659886296603 -0.01178753971038801 0.069049185807470631 -0.089341392018392474 -0.076340909564515752 0.032924101772969581 0.046383241428977512 0.015217099035210549 -0.067946978955828061 0.033326998950476923 0.062924384225755831 0.028417504526026722 -0.095936451039621798 0.06998353014852908 -0.067412077477949028 0.018854713520190077 0.077091553929110185 0.076586108956328086 -0.0060380671541695888 -0.094073120646297345 0.085630573693490142 -0.019815992238653879 0.083002102208190792 0.092964432826250679 0.092072744239605347
leaf_weight=113.05480753909796 40.811175970360637 48.881169745698571 110.30217713024467 2561.0868702573935 1145.2603134387173 231.9461401887238 140.21667840704322 99.807402198202908 22.4086096547544 118.95066058076918 6.8936427086591712 46.846534078940749 16.244119428098202 12.539303246885536 21.377885522320867 102.63706651329994 495.07700893841684 40.557515818625689 30.122601522132754 22.818460218608379 7.5910223685204974 33.964833870530128 307.39517737738788 962.12850560061634
leaf_count=1220 204 73 882 22842 2649 618 410 587 60 178 10 256 28 72 65 75 461 94 205 21 36 36 217 647
internal_value=3.96423e-05 -0.0287855 -0.0391319 -0.0632547 0.0149342 0.00250811 -0.0715845 0.02479 0.0721415 0.0771673 0.0232549 0.0010045 -0.0495756 0.0813089 0.0268258 0.0837679 0.0698465 0.0454612 -0.0711139 0.0544627 -0.0858708 0.0641811 0.0898857 0.0907023
internal_weight=6738.92 4814.69 4401.67 3043.55 1358.12 342.248 2701.3 1245.07 1924.23 1797.18 196.524 127.055 70.6817 413.012 56.7356 1600.65 535.888 159.508 37.0162 44.1963 54.4376 56.3734 356.276 1064.77
internal_count=31946 29656 29208 24752 4456 1500 23252 3236 2290 1874 487 416 320 448 158 1387 665 272 215 86 292 96 290 722
is_linear=0
shrinkage=0.05


Tree=2
num_leaves=29
num_cat=0
split_feature=34 31 16 0 22 36 0 36 31 3 2 6 2 5 22 34 38 2 35 25 32 44 21 38 40 1 26 21
split_gain=4073.67 1659.21 1390.79 526.039 505.67 430.448 341.327 296.732 290.204 299.252 255.651 172.185 167.249 119.401 115.476 80.4838 68.873 56.0326 77.4891 45.3428 45.1779 29.9288 25.3063 23.1572 16.3014 9.05571 7.86262 7.08713
threshold=0.22762667387723926 0.048042146489024169 0.98299238085746776 0.74029171466827404 1.0000000180025095e-35 0.00024707544071134185 0.13552708178758624 0.00058120902394875895 0.034772275015711791 0.0015745374257676306 0.12249197438359262 0.62814128398895275 0.11256612837314607 0.0035414807498455052 1.0000000180025095e-35 0.31807482242584234 0.0044972009491175422 0.1087399832904339 0.012132368981838228 0.00016492906433995816 0.009054528549313547 0.020120216533541683 0.94111943244934093 0.0121668903157115 0.19263194501399997 0.88581135869026195 -0.67513480782508839 0.84830656647682201
decision_type=2 2 2 2 2 2 2 2 2 2 2 2 2 2 2 2 2 2 2 2 2 2 2 2 2 2 2 2
left_child=1 2 5 6 7 16 11 -4 9 12 -7 -3 26 -8 -14 21 -1 18 -10 25 -21 -11 -6 -17 -5 -19 -2 -20
right_child=8 3 4 24 22 10 13 -9 17 15 -12 -13 14 -15 -16 23 -18 19 27 20 -22 -23 -24 -25 -26 -27 -28 -29
leaf_value=-0.060076208208201767 -0.0049359038800352488 -0.09373600288592325 -0.074943650469366463 -0.088032210298230648 0.076673762830366199 -0.041676299056204659 0.082068683481141214 -0.017512663483119719 0.07954951173549725 -0.089184707228103663 0.028276770048092321 0.082864455250401495 0.038023360387978246 0.0070419001017294801 0.084080275628098181 0.054765383653605983 0.012595270909119903 0.084270873799621934 -0.086359633440336397 -0.0038583619839649367 0.080192327404659203 0.017537317460158058 0.012742015718078321 -0.023310363496741933 0.01419036273111633 0.059511981577490151 -0.084215250522342189 -0.017327506130568601
leaf_weight=262.08905092999339 3.7808396480977562 48.923638510517776 1935.7076441477984 67.461746977642179 57.750893911346793 154.02985928766429 476.34251133538783 255.27125181630254 21.210607521235943 55.34245546720922 830.61638788320124 18.200550556182861 349.12682652659714 59.879248540848494 225.64055629819632 18.0632708594203 36.85868270508945 974.35419880226254 9.8802422657609004 31.627033174037933 31.151091076433659 7.0993098542094222 21.631479900330305 18.09151229634881 3.863142777234315 49.698824726045132 21.557104110717773 6.5729616209864608
leaf_count=1862 24 341 20315 745 85 1093 486 1772 19 334 2064 13 776 173 185 39 167 806 64 77 31 27 78 42 18 53 243 30
internal_value=0.000324717 -0.0266113 -0.0402574 0.0452249 -0.0637674 0.00134346 0.0604207 -0.0682634 0.0627791 0.03739 0.0173027 -0.0453378 0.0506496 0.0737192 0.0562189 -0.0430122 -0.0511041 0.0785073 0.0180016 0.0805856 0.0384518 -0.0769658 0.0596278 0.0161211 -0.0823759 0.0831285 -0.073022 -0.0613546
internal_weight=6051.82 4228.63 3553.96 674.671 2270.36 1283.59 603.346 2190.98 1823.2 698.702 984.646 67.1242 600.105 536.222 574.767 98.5965 298.948 1124.49 37.6638 1086.83 62.7781 62.4418 79.3824 36.1548 71.3249 1024.05 25.3379 16.4532
internal_count=31962 29212 27436 1776 22250 5186 1013 22087 2750 1670 3157 354 1228 659 961 442 2029 1080 113 967 108 361 163 81 763 859 267 94
is_linear=0
shrinkage=0.05


Tree=3
num_leaves=24
num_cat=0
split_feature=31 16 22 24 2 25 17 7 36 2 1 38 5 24 24 34 4 24 22 2 29 2 30
split_gain=3500.01 1619.65 864.824 561.913 410.445 482.982 370.951 287.007 240.567 189.96 179.616 163.195 162.811 139.839 103.641 80.9695 72.2206 59.6016 39.805 19.1586 17.6678 21.7797 2.57837
threshold=0.034772275015711791 0.98329460620880138 1.0000000180025095e-35 0.36830478906631475 0.11981283873319627 -0.0010021238122135399 0.24166666716337207 0.76798865199089061 0.0005615799454972149 0.12903869897127154 0.099069330841302886 0.0036782399984076623 0.003595689777284861 0.21459157764911654 0.35738745331764227 0.27327723801136022 -0.00043944134085904801 0.29447844624519354 1.0000000180025095e-35 0.1251945495605469 0.043180560693144805 0.16612013429403308 0.0030931073706597094
decision_type=2 2 2 2 2 2 2 2 2 2 2 2 2 2 2 2 2 2 2 2 2 2 2
left_child=1 4 6 10 13 14 9 -5 -7 -3 19 -8 17 16 -6 -14 -1 -12 -15 22 -4 -22 -2
right_child=3 2 20 7 5 8 11 -9 -10 -11 12 -13 15 18 -16 -17 -18 -19 -20 -21 21 -23 -24
leaf_value=-0.070844713045865912 -0.088525268653331171 -0.059815758261978796 0.079660309873413659 0.076534353122740262 0.061933935928765144 -0.031945001631811902 -0.072031259125480987 -0.084809196419115551 0.023836111662719109 0.056832977982640247 0.078231073183593236 -0.00103565290296538 -0.0017625559323205101 -0.08104422801604208 -0.0047125231985748282 0.070783808697801598 0.056919229069047221 0.054442099570041216 0.035194037238787619 0.019348891913120184 -0.002190931137685512 0.079231149898594241 -0.035848632460737453
leaf_weight=14.831526529043911 17.424865297973163 54.712512213503942 98.876967720687389 37.19728934019804 537.05419918894768 398.8932289602235 1831.5342617295682 98.815030232071877 373.14174137823284 92.52604718436487 1121.5658028777689 84.714913496747613 120.13503087125719 155.33914562640712 65.274513823911548 55.542053610086441 35.943196032196283 358.99292947631329 7.1949967369437209 5.854524537920951 17.784979923628274 14.177608534693716 4.9156906474381676
leaf_count=105 125 550 100 40 770 2303 20607 1111 809 254 1066 470 458 1877 176 71 95 814 25 19 85 13 36
internal_value=0.000128654 -0.0272889 -0.0551116 0.0570727 0.0111755 0.021198 -0.0630208 -0.0404477 -0.00498879 0.0133763 0.0649665 -0.0688948 0.0671039 -0.0531979 0.0547156 0.0214445 0.0189513 0.0725036 -0.0757149 -0.0585889 0.0691569 0.0352334 -0.0789671
internal_weight=5602.44 3782 2194.33 1820.44 1587.67 1374.36 2063.49 136.012 772.035 147.239 1684.43 1916.25 1656.24 213.309 602.329 175.677 50.7747 1480.56 162.534 28.1951 130.84 31.9626 22.3406
internal_count=31979 28239 22079 3740 6160 4058 21881 1151 3112 804 2589 21077 2409 2102 946 529 200 1880 1902 180 198 98 161
is_linear=0
shrinkage=0.05


Tree=4
num_leaves=29
num_cat=0
split_feature=34 25 24 16 6 1 38 22 1 29 2 38 1 22 38 7 2 5 25 3 24 1 6 24 2 27 25 2
split_gain=2871.89 1155.03 1354.65 550.682 359.32 312.783 224.827 196.916 192.567 181.599 169.409 167.06 154.425 129.83 154.944 80.012 68.2931 67.3047 56.1199 52.3763 47.5918 23.4797 37.4013 20.4445 16.7347 12.4224 8.86235 2.72781
threshold=0.22762667387723926 -0.00054580331197939802 0.2825725674629212 0.98234087228775036 0.49194628000259405 0.099069330841302886 0.0039043368306010966 1.0000000180025095e-35 0.32735091447830206 -0.43538248538970942 0.12973552942276004 0.003795489552430809 0.90292266011238109 1.0000000180025095e-35 0.0056284519378095874 0.99852657318115245 0.13486734032630923 0.0040494154673069724 -0.001178252976387739 -0.0027752849273383613 0.13100054860115054 0.88581135869026195 0.12677047401666644 0.38083797693252569 0.12973552942276004 1.916506886482239 -0.00078581835259683419 0.1413046792149544
decision_type=2 2 2 2 2 2 2 2 2 2 2 2 2 2 2 2 2 2 2 2 2 2 2 2 2 2 2 2
left_child=1 2 5 8 10 24 7 -5 15 17 -4 -10 -7 14 18 -3 -16 21 -11 -8 25 23 -23 -2 -1 -19 -15 -6
right_child=9 3 4 6 27 12 19 -9 11 13 -12 -13 -14 26 16 -17 -18 20 -20 -21 -22 22 -24 -25 -26 -27 -28 -29
leaf_value=-0.085016614650698943 0.075121243283517866 0.038249078843783368 -0.074150410370340689 -0.07075793502791651 0.049553345087275637 0.065344236853313864 -0.077633053798976115 0.045872665206137767 -0.059317353913162466 -0.0064254276080228396 -0.022459584151536559 0.018180420703605815 -0.072217390710009308 0.073950431941256931 -0.038023943607175967 -0.024344310614676189 0.051543223034911094 -0.081675645854338993 -0.078835333201691352 0.033371384372025796 0.048741046218932826 -0.012516057908433385 0.072484941568824526 0.035325020852736914 -0.0025824657659765265 0.0049442497291256188 0.045964895184082297 0.076032023954426459
leaf_weight=38.303280739113688 915.61336267367005 213.22988757770509 372.65806121751666 1441.8795486289309 24.05700215883553 733.92416888102889 11.514982735738156 36.477581560611725 208.78270055656321 68.021762244403362 277.36685879016295 103.44302864186466 20.19572142791003 119.78053425624967 23.845313936471939 66.269021417945623 157.41237023845315 11.478335954248907 43.323022339493036 70.460100524127483 29.1050617210567 21.399605745449662 30.77441181614995 36.140112673863769 7.3758677989244452 6.0304279103875151 46.1287547275424 44.411590673029423
leaf_count=392 936 598 4349 17436 65 1323 132 89 1520 345 2022 368 206 127 140 266 280 95 360 268 70 72 31 134 40 22 78 45
internal_value=-0.000392045 -0.0242653 0.00912582 -0.0478163 -0.0406738 0.0538578 -0.0633836 -0.0678511 -0.00672902 0.0576507 -0.0521622 -0.0336656 0.0615695 0.0312956 0.0111806 0.0233743 0.0396163 0.0691127 -0.0350503 0.017031 0.0101428 0.0718379 0.0380414 0.0736488 -0.0720463 -0.0531865 0.0664915 0.0675758
internal_weight=5179.4 3670.35 1518.29 2152.06 718.494 799.799 1560.33 1478.36 591.725 1509.05 650.025 312.226 754.12 458.512 292.602 279.499 181.258 1050.54 111.345 81.9751 46.6138 1003.93 52.174 951.753 45.6791 17.5088 165.909 68.4686
internal_count=31809 29119 8442 20677 6481 1961 17925 17525 2752 2690 6371 1888 1529 1330 1125 864 420 1360 705 400 187 1173 103 1070 432 117 205 110
is_linear=0
shrinkage=0.05


Tree=5
num_leaves=29
num_cat=0
split_feature=34 9 20 0 26 22 0 24 0 36 31 32 34 3 2 7 40 17 40 2 29 2 7 37 25 34 2 7
split_gain=2531.45 1075.89 703.914 465.359 201.273 197.868 175.303 169.019 151.264 135.799 132.621 119.235 118.844 93.8315 90.2188 47.5179 35.8815 33.8397 28.4471 23.0194 22.6263 50.8008 16.9481 15.1522 14.288 19.1168 14.3494 14.2013
threshold=0.23387677967548373 0.029286806471645836 0.98219570517539989 0.71085646748542797 -0.01278101187199354 1.0000000180025095e-35 0.69929018616676342 0.083079196512699141 0.082508694380521788 0.00060187524650245916 0.033558145165443427 0.0026444767136126761 0.37249372899532324 0.0014073042548261585 0.11764355376362802 0.58655452728271495 0.17569567263126376 0.15833333879709247 0.21514704078435901 0.15372706949710849 0.62086075544357311 0.16069215536117556 0.90094172954559337 0.040238365530967719 -0.00010747845954028888 0.29452645778656011 0.11051005497574808 0.99608704447746288
decision_type=2 2 2 2 2 2 2 2 2 2 2 2 2 2 2 2 2 2 2 2 2 2 2 2 2 2 2 2
left_child=1 2 6 4 11 9 7 -1 -6 -4 12 -3 13 14 -2 -5 -8 -15 -17 -7 24 22 -22 27 26 -26 -12 -14
right_child=10 3 5 15 8 19 16 -9 -10 -11 20 -13 23 17 -16 18 -18 -19 -20 -21 21 -23 -24 -25 25 -27 -28 -29
leaf_value=-0.077622448700653435 -0.066439429942545356 -0.067345741916931365 -0.064760476890594734 0.066041919667220214 -0.076884915896796871 -0.0023369728984070186 -0.076793789232127735 0.016615537032783675 0.053320218207329621 -0.018933296225524695 0.038775074570800004 0.021922414799502511 0.014169618883654176 0.027635734193701085 0.037080169843712776 -0.072029704109601828 -0.0026407991767188341 -0.071303215116315974 0.01746891071625583 0.061610082238447286 0.021084031906840356 0.074986869499710895 -0.081097425914547799 0.075102027262562168 0.0049019410719139921 0.064282641487748524 0.073497719653122615 0.061111699453882409
leaf_weight=50.551920007914305 22.157452711835504 62.444598097354174 1561.2460725010606 6.3787581324577323 22.263053725473583 24.291740094311535 78.496607634238899 618.22022682521492 638.34567817021161 181.44798023812473 34.685327311977744 90.307948483154178 24.896370582282543 10.706322722136973 239.09641331806779 130.20295395562425 20.617570877075195 35.721604259684682 9.1483676172792894 32.225247599184513 6.3262857049703589 23.22796206176281 8.8487194180488569 137.88150105066597 19.954777665436268 42.443748489022255 741.07825224101543 48.875806622207165
leaf_count=374 263 743 19227 6 288 82 885 2448 1585 1532 98 368 74 27 584 1641 116 340 46 55 9 23 77 147 61 60 732 85
internal_value=-0.000479628 -0.0230406 -0.0399179 0.0221276 0.0368761 -0.0570146 0.000162777 0.00938691 0.0488226 -0.0600026 0.0564874 -0.0147707 0.0363508 0.0164227 0.0280806 -0.0598781 -0.0615491 -0.0483862 -0.0660715 0.034562 0.0683627 0.0297577 -0.0398292 0.0651069 0.0700939 0.0456698 0.0719971 0.0456712
internal_weight=4922.09 3526.19 2567.1 959.091 813.361 1799.21 767.886 668.772 660.609 1742.69 1395.9 152.753 519.335 307.682 261.254 145.73 99.1142 46.4279 139.351 56.517 876.565 38.403 15.175 211.654 838.162 62.3985 775.764 73.7722
internal_count=31976 29396 24719 4677 2984 20896 3823 2822 1873 20759 2580 1111 1520 1214 847 1693 1001 367 1687 137 1060 109 86 306 951 121 830 159
is_linear=0
shrinkage=0.05


Tree=6
num_leaves=24
num_cat=0
split_feature=31 16 32 0 2 25 5 0 24 2 34 25 36 17 5 30 24 2 32 7 36 29 2
split_gain=2153.52 1181.56 435.248 357.145 352.418 304.065 221.263 195.423 142.83 134.719 108.131 78.384 70.2798 66.344 64.2652 51.6015 47.2156 41.5019 27.8714 25.7463 25.1598 21.3295 3.89792
threshold=0.042120410129427917 0.98166847229003917 0.0032487600110471253 0.90531975030899059 0.12122971192002298 -0.00084188737673684944 0.0014490585308521988 0.41136083006858831 0.27125261723995214 0.10114151239395143 0.26330868899822241 -0.00054580331197939802 0.00043470320815686142 0.35833333432674414 0.0024926555342972283 0.004140441771596671 0.36609348654747015 0.12941937148571017 0.0063436534255743035 0.82661813497543346 0.0013724858290515842 0.033446189016103751 0.14510200172662738
decision_type=2 2 2 2 2 2 2 2 2 2 2 2 2 2 2 2 2 2 2 2 2 2 2
left_child=1 4 6 9 13 17 8 -7 -3 19 12 -8 -4 20 -15 16 -11 -6 -17 -2 -1 -12 -5
right_child=3 2 10 22 5 7 11 -9 -10 15 21 -13 -14 14 -16 18 -18 -19 -20 -21 -22 -23 -24
leaf_value=-0.069999156055286643 0.048422166626647389 0.044195168137151707 -0.048580641853135778 -0.073662713684216993 0.021575426413697689 0.027682068907431565 -0.039233963044791723 -0.029744077802585242 -0.078639674078653632 0.064171423260439703 0.067079171938253399 -0.06595828045545063 0.01931269809006271 0.049027320982920196 -0.053005559025582585 -0.041132376030462825 0.012923149523809144 0.058207138928385187 0.051451329523288417 -0.075291880544677725 0.021067482886545762 0.01243115486602759 -0.0097228356195279576
leaf_weight=133.68447798211128 4.4463612139225033 86.123282580752857 69.334436494857073 52.361921213567257 95.008618569001555 310.11627345345914 358.5780270434916 281.82519151736051 31.505869931948837 1195.7031699661165 77.896802976727486 1252.5402257693931 82.356860771775246 29.785455301403999 29.946585264056921 18.473487326875333 47.290019286796451 455.54721949622035 12.955648351460693 21.439729331061244 7.607184510678052 23.754418944939971 2.8393185157328835
leaf_count=1713 10 265 740 731 267 1000 3890 1771 426 1661 107 16896 406 93 275 150 247 703 25 276 40 127 24
internal_value=-6.24259e-05 -0.0217139 -0.0462419 0.0530341 0.0144797 0.0252259 -0.0552074 0.000337247 0.0109094 0.0583332 0.014913 -0.0600384 -0.0118346 -0.0464177 -0.00215722 0.060635 0.0622336 0.0519362 -0.00255801 -0.0530313 -0.0649825 0.0545542 -0.0706054
internal_weight=4681.12 3325.61 1982.09 1355.51 1343.52 1142.5 1728.75 591.941 117.629 1300.31 253.343 1611.12 151.691 201.024 59.732 1274.42 1242.99 550.556 31.4291 25.8861 141.292 101.651 55.2012
internal_count=31843 28719 22857 3124 5862 3741 21477 2771 691 2369 1380 20786 1146 2121 368 2083 1908 970 175 286 1753 234 755
is_linear=0
shrinkage=0.05


Tree=7
num_leaves=30
num_cat=0
split_feature=34 25 24 16 38 2 0 42 22 34 22 29 31 24 22 35 24 30 21 24 24 25 2 32 31 29 27 0 37
split_gain=1899.69 742.654 905.116 413.947 257.778 168.141 187.939 151.914 129.123 124.519 107.939 105.276 100.932 86.6031 73.1747 69.9966 67.0504 57.7136 34.6291 18.704 26.1298 21.6094 18.0175 13.8812 10.7705 9.46816 5.7407 3.99065 2.54943
threshold=0.22485619783401492 -0.0005244271014817058 0.28561507165431982 0.9695802927017213 0.0039043368306010966 0.12903869897127154 0.73689875006675731 0.96875000000000011 1.0000000180025095e-35 0.34218244254589086 1.0000000180025095e-35 0.010401027742773296 0.034772275015711791 0.10399341955780984 1.0000000180025095e-35 0.034731084480881698 0.22258144617080691 0.004140441771596671 0.91218987107276928 0.35109464824199682 0.36830478906631475 -0.00020348942780401555 0.1756609529256821 0.02007418125867844 0.05532681196928025 0.33356796205043798 1.916506886482239 0.449525997042656 0.029066969640553001
decision_type=2 2 2 2 2 2 2 2 2 2 2 2 2 2 2 2 2 2 2 2 2 2 2 2 2 2 2 2 2
left_child=1 2 7 13 8 10 -7 16 -5 12 -4 -9 14 22 15 -2 -1 -15 -6 21 -21 -14 -3 25 -25 28 -27 -16 -11
right_child=9 3 5 4 18 6 -8 11 -10 23 -12 -13 19 17 27 -17 -18 -19 -20 20 -22 -23 -24 24 -26 26 -28 -29 -30
leaf_value=0.020077925950677502 0.026124060105481725 -0.072916146357991582 -0.067934618083285089 -0.061827905420099541 -0.020116339814333532 0.015307797013370381 -0.072978072795822857 0.062300797915460317 0.037549177999974835 0.057223009509848967 0.061841096857046522 -0.0026955354889779235 0.063889087893643365 0.030311226981346379 0.069712112144237601 -0.029213908474208763 -0.06770374839461131 -0.014878134585476717 0.042321999949466546 0.050493225807306079 -0.04712039944823071 0.022841502836669955 0.025645945222848701 0.013934367061817474 0.060406996209816315 0.019372601469034342 0.058487862517576719 0.041174390624353685 0.069519626613732885
leaf_weight=54.035154946148396 115.2603813726455 36.295374732464552 310.04839332960546 1331.3244114015251 31.574539670720696 214.95261668413877 82.643453839235008 544.57788110151887 32.884257663041353 82.840490750968456 16.140441490337253 70.240251431241632 227.55430726706982 210.74119255691767 38.106962323188782 111.38289272226393 35.049792756326497 105.29581672511995 70.103136599063873 17.080379575490955 10.09361764974892 39.013064097613096 4.7901112399995318 25.204809032380581 25.278803482651711 18.836314344778657 21.086118757724762 27.26162177324295 544.67169037088752
leaf_count=166 451 344 4341 18407 223 1027 1085 989 97 124 34 519 282 698 42 793 350 525 253 36 98 113 18 72 29 48 42 65 625
internal_value=-0.000219659 -0.0212235 0.00721979 -0.0419312 -0.0536842 -0.0366036 -0.00937179 0.046052 -0.0594067 0.0505195 -0.0613437 0.0548829 0.0333193 0.00632663 0.0124361 -0.00108042 -0.0148273 0.0152558 0.0229256 0.0539669 0.0138497 0.0579895 -0.0610886 0.0644873 0.0379261 0.0664366 0.0409568 0.0586103 0.0679899
internal_weight=4454.37 3150.7 1327.69 1823.01 1465.89 623.785 297.596 703.903 1364.21 1303.67 326.189 614.818 585.753 357.122 292.012 226.643 89.0849 316.037 101.678 293.741 27.174 266.567 41.0855 717.918 50.4836 667.435 39.9224 65.3686 627.512
internal_count=31896 29076 8511 20565 18980 6487 2112 2024 18504 2820 4375 1508 1880 1585 1351 1244 516 1223 476 529 134 395 362 940 101 839 90 107 749
is_linear=0
shrinkage=0.05


Tree=8
num_leaves=26
num_cat=0
split_feature=31 16 38 0 22 36 6 7 24 40 3 30 42 42 27 5 6 36 29 3 41 5 34 9 24
split_gain=1668.62 970.343 465.297 279.29 203.604 149.118 131.563 108.942 177.718 195.505 77.0053 73.6157 67.9406 65.2702 53.83 45.528 39.3141 38.9653 21.9595 13.0939 12.8448 12.012 12.744 2.44367 0.260975
threshold=0.034772275015711791 0.97575050592422496 0.002589484211057425 0.90531975030899059 1.0000000180025095e-35 0.00034203656832687562 -0.59209036827087391 0.90094172954559337 0.28098160028457647 0.20796205103397372 0.0018311053281649949 0.0040154927410185346 0.59375000000000011 0.84375000000000011 0.65841889381408703 0.0038731930544599895 -0.48620580136775965 0.00044691609218716627 -0.011144007090479134 0.00075557734817266475 0.0065939065534621486 0.0031511094421148305 0.32974646985530859 -0.090898979455232606 0.33498856425285345
decision_type=2 2 2 2 2 2 2 2 2 2 2 2 2 2 2 2 2 2 2 2 2 2 2 2 2
left_child=1 5 4 7 6 11 -3 21 15 -10 13 12 -1 -7 17 -9 -12 -4 -6 -16 -13 24 -23 -5 -2
right_child=3 2 14 23 18 10 -8 8 9 -11 16 20 -14 -15 19 -17 -18 -19 -20 -21 -22 22 -24 -25 -26
leaf_value=-0.03195053701764751 0.067690714994033202 0.019772224154850575 -0.026081070506137716 -0.014582197697942499 0.068774789432148362 -0.014996919355560712 -0.059027873834166383 0.059535874891098101 -0.052651323300901026 0.054473713789225844 0.064096395980890827 -0.065414691020185031 0.020641898518431508 0.043842145936354861 0.055377433384998231 0.0096390712890767442 -0.018963902029325061 0.021899471406111995 0.0023578921972344383 0.013330397546536069 0.022498399958508525 0.030285032798571629 0.06579548245618011 -0.068860131162917573 0.058939616083239735
leaf_weight=95.548127493821084 525.59583375789225 54.447651607915759 76.900590782985091 2.8037866093218318 31.918365471065044 51.32108564209193 1504.5793050875654 340.82497504539788 100.83272663876414 72.226745860651135 15.713918529450892 56.340068927034736 167.72338350676 521.82943547144532 79.461954778060317 53.270713988691568 95.798616696149111 91.628722027875483 20.128052422776818 25.046382185071707 4.0044426731765261 56.675043109804392 49.865920454263687 49.470045444555581 75.124288208782673
leaf_count=933 605 323 703 29 42 390 21697 512 995 155 20 592 707 1306 199 289 543 415 89 111 19 160 60 799 110
internal_value=-0.000315722 -0.0216109 -0.0427886 0.0460923 -0.0530131 0.0179659 -0.0562649 0.0507498 0.0343239 -0.00788636 0.0311712 -0.0099819 0.00150605 0.0385566 0.017515 0.0528327 -0.00679371 -1.89392e-05 0.0436179 0.0455223 -0.0593092 0.0638547 0.0473628 -0.0662772 0.0666961
internal_weight=4219.08 2892.39 1884.11 1326.69 1611.07 1008.28 1559.03 1274.42 567.155 173.059 684.663 323.616 263.272 573.151 273.038 394.096 111.513 168.529 52.0464 104.508 60.3445 707.261 106.541 52.2738 600.72
internal_count=31803 28089 23579 3714 22151 4510 22020 2886 1951 1150 2259 2251 1640 1696 1428 801 563 1118 131 310 611 935 220 828 715
is_linear=0
shrinkage=0.05


Tree=9
num_leaves=28
num_cat=0
split_feature=34 31 21 38 2 24 22 25 29 6 2 40 31 5 24 30 24 36 21 9 24 4 24 35 7 1 1
split_gain=1534.82 691.696 410.286 319.843 311.613 240.252 186.39 107.222 77.6123 76.0855 74.0237 49.9894 43.9037 43.5402 42.2116 39.5595 37.6518 30.0866 29.429 25.5242 15.2478 14.6037 13.5688 26.4039 6.81414 5.18892 2.78445
threshold=0.25069467723369604 0.042120410129427917 0.8551769256591798 0.0036782399984076623 0.11673445627093317 0.31193716824054724 1.0000000180025095e-35 -3.8838443288113915e-05 -0.2833560556173324 0.46763075888156896 0.12587991356849673 0.20161920040845874 0.034772275015711791 0.0035297344438731675 0.21772087365388873 0.0038961432874202733 0.13100054860115054 0.00077895945287309598 0.80766090750694286 0.050592703744769103 0.29447844624519354 0.0012035170220769944 0.37553149461746221 0.059767315164208419 0.99981370568275463 0.88129279017448436 0.51737895607948314
decision_type=2 2 2 2 2 2 2 2 2 2 2 2 2 2 2 2 2 2 2 2 2 2 2 2 2 2 2
left_child=1 2 4 6 14 13 -4 -6 15 11 -5 -7 17 20 -1 22 -17 18 -10 -15 -3 26 25 -24 -19 -2 -14
right_child=8 5 3 10 7 9 -8 -9 12 -11 -12 -13 21 19 -16 16 -18 24 -20 -21 -22 -23 23 -25 -26 -27 -28
leaf_value=0.0075312677242912436 0.064165907235386052 0.061531568212846978 -0.051197543583427645 -0.055840805285065187 0.047157462773552178 -0.056980094174639395 0.042707285168922193 -0.0066376283345801427 -0.069423294708593264 0.046203512593935597 0.03074759474365879 0.035473396266519124 0.042354693796709246 -0.02661585330930559 -0.068852448291161814 -0.073382145293120191 0.039171608712267741 0.021191412419592506 0.0039085403135781785 0.041007900829242737 0.020364876591604748 0.014519612953530735 -0.031878997631605836 0.062232893648583823 0.065105342309005193 0.042959849227969728 0.065305991287645346
leaf_weight=21.15403525903821 693.27995207160711 320.80971866752952 1640.592747897259 27.833068154752254 278.26288252463564 93.864075307734311 53.881468029692769 138.26200807839632 15.927636357955633 29.630583578720689 172.68963407352567 16.583926819264889 28.012284632772207 24.793950859457254 116.63699935097247 9.5250316448509675 24.305118124932051 19.724522441625595 70.864224459044635 29.50525476410985 25.532398549839854 24.90576895698905 11.116258947178723 18.932157956063747 17.474450848996639 38.852268595248461 59.899104509502649
leaf_count=120 901 463 22609 333 807 1280 151 973 142 78 661 76 75 168 1957 92 78 69 387 84 105 59 96 27 22 81 76
internal_value=-0.000610164 -0.0187625 -0.0300611 -0.0411241 0.00776533 0.0323781 -0.0481881 0.0293275 0.0519084 -0.0238616 0.0185114 -0.0429043 0.0266169 0.052052 -0.0571561 0.0593897 0.00628458 0.00598187 -0.0101865 0.0102068 0.0585641 0.0490438 0.0617355 0.0275113 0.0429846 0.0631007 0.0585514
internal_weight=4022.85 2990.03 2449.31 1895 554.316 540.72 1694.47 416.525 1032.82 140.079 200.523 110.448 236.808 400.641 137.791 796.011 33.8301 123.991 86.7919 54.2992 346.342 112.817 762.181 30.0484 37.199 732.132 87.9114
internal_count=31970 29865 27611 23754 3857 2254 22760 1780 2105 1434 994 1356 830 820 2077 1275 170 620 529 252 568 210 1105 123 91 982 151
is_linear=0
shrinkage=0.05


Tree=10
num_leaves=25
num_cat=0
split_feature=31 16 22 0 2 17 25 0 7 2 1 25 32 17 17 3 30 39 29 33 36 43 32 3
split_gain=1261.7 723.92 339.023 233.548 220.285 175.9 175.609 118.88 97.8135 128.782 91.5285 83.2136 59.8194 35.8899 51.5022 33.2685 18.0376 20.2008 15.4863 25.4929 15.0357 14.2527 2.70469 1.86158
threshold=0.031328799203038223 0.98329460620880138 1.0000000180025095e-35 0.90531975030899059 0.11981283873319627 0.24166666716337207 -0.00059120162040926505 0.40783654153347021 0.90094172954559337 0.10969382524490358 0.65195709466934215 -0.0026009464636445041 0.0044776457361876973 0.35833333432674414 0.82499998807907116 0.0017452143365517261 0.0031720574479550128 0.003420745139010251 -0.011144007090479134 0.00087705766782164585 0.0016177166253328326 0.033308027312159545 0.011816931422799827 0.0023340955376625065
decision_type=2 2 2 2 2 2 2 2 2 2 2 2 2 2 2 2 2 2 2 2 2 2 2 2
left_child=1 4 5 8 13 10 15 -8 16 21 -3 -7 -11 20 -15 -6 23 -18 -4 -20 -1 -10 -5 -2
right_child=3 2 18 22 6 11 7 -9 9 12 -12 -13 -14 14 -16 -17 17 -19 19 -21 -22 -23 -24 -25
leaf_value=-0.064734220017720154 0.063712177537482276 0.038000670884275896 0.062042883227327254 -0.065211237453912566 0.044498633179514288 0.039475756159678022 0.022500979765314184 -0.02771517526665004 -0.069889605621854145 0.021775848665601196 -0.070454800013233246 -0.055064946257976616 0.05679161986806272 0.041454647528442301 -0.06369357999688724 -0.0015412844580714915 -0.0030486581561947252 0.060526521170586579 -0.036300703706112873 0.053405211677445219 0.024697000946570308 0.016530636209752345 -0.0071482211591592532 0.046697011937901683
leaf_weight=101.86817706096917 533.93106535542756 83.148014541598968 64.909323977306485 47.770535232499242 449.04122026264668 23.031491853296757 238.31480641104281 231.23292163107544 32.007364138960838 271.09685375262052 24.327011040877551 1294.9516661865637 223.89453885518014 24.169495489448309 20.690416637808084 42.913474073633552 23.696686666458845 25.218189131468534 12.153126645833256 19.169600240886211 4.4302512221038333 5.1806627437472335 2.3653611503541461 30.453753158450127
leaf_count=1667 721 447 97 876 1027 107 942 1858 495 1276 308 20769 397 98 307 178 110 38 73 41 24 34 18 53
internal_value=-0.000500314 -0.019833 -0.0422349 0.0420771 0.0108146 -0.0483713 0.0196436 -0.00223475 0.0467122 0.0309325 0.0130285 -0.0533842 0.0376968 -0.0451052 -0.00737349 0.0404876 0.0603322 0.0302836 0.0482238 0.0185533 -0.0608115 -0.0577328 -0.0626652 0.0628783
internal_weight=3829.97 2634.35 1521.69 1195.62 1112.66 1425.46 961.502 469.548 1145.48 532.179 107.475 1317.98 494.991 151.158 44.8599 491.955 613.3 48.9149 96.2321 31.3227 106.298 37.188 50.1359 564.385
internal_count=31961 27943 21842 4018 6101 21631 4005 2800 3124 2202 755 20876 1673 2096 405 1205 922 148 211 114 1691 529 894 774
is_linear=0
shrinkage=0.05


Tree=11
num_leaves=28
num_cat=0
split_feature=34 37 0 26 32 16 0 0 5 40 42 29 3 2 9 3 30 0 44 40 26 42 1 2 7 7 35
split_gain=1244.63 553.384 416.94 268.982 246.037 168.577 147.476 79.2956 70.667 68.983 67.331 59.7299 51.9052 48.5808 48.473 31.714 28.5666 39.8585 27.3967 22.0045 13.0905 12.1777 18.4637 6.70098 6.48495 4.12724 0.51967
threshold=0.24333363026380542 0.031400160863995559 0.74029171466827404 -0.039413256570696824 0.0025136317126452927 0.89034748077392589 0.082508694380521788 0.50052335858345043 0.0031198643846437339 0.13520390540361407 0.71875000000000011 -0.33873300254344935 0.0014073042548261585 0.16612013429403308 0.07134424522519113 0.0015745374257676306 0.0040589666459709415 0.37640704214572912 0.029631600715219978 0.20370239764451983 0.039643956348299987 0.84375000000000011 0.50689861178398143 0.10969382524490358 0.50957638025283825 0.72937968373298656 0.044870875775814063
decision_type=2 2 2 2 2 2 2 2 2 2 2 2 2 2 2 2 2 2 2 2 2 2 2 2 2 2 2
left_child=1 4 3 9 5 10 -5 12 -7 -3 -1 16 -6 14 15 -13 21 -18 -9 25 -21 22 -2 -23 -16 -4 -19
right_child=11 2 19 6 7 8 -8 18 -10 -11 -12 13 -14 -15 24 -17 17 26 -20 20 -22 23 -24 -25 -26 -27 -28
leaf_value=-0.05532384630529167 0.057033563772343344 -0.054172266644556072 -0.0074784471770743474 -0.067093047975459827 0.033032481730728362 -0.033609333971891212 0.038741301446976267 -0.052353847871713093 -0.0615071325509019 -0.0012349423958506534 0.027230489161898182 0.0042332699212516648 -0.032314949820542685 0.062721493943253867 0.062664350343319894 -0.070103859511278926 0.060268260631769016 -0.06868607686950666 0.053649193328975199 -0.05021930019913376 0.035108500831119702 0.029700084111867333 -0.0068955115995133045 0.060803769906593121 0.029049342513788535 -0.067024614954289338 -0.028730243978635418
leaf_weight=31.837300263345242 27.847135033458471 112.07052895147353 3.2331324592232695 33.504621885716915 167.54286322463304 328.22257074178196 766.73574637109414 58.596050221472979 769.1085245590657 135.13936275616288 98.765618534758687 93.697306321933866 36.228795375674963 68.300891499966383 33.488593570888042 15.922139520756899 13.589348949491979 8.5012370459735376 5.9810490086674681 7.3519552443176535 8.7453879453241807 20.733871357515454 18.239143172279 634.5973674915731 29.95442845672369 167.63952899444848 3.2832014411687842
leaf_count=425 47 1750 30 572 774 4058 2933 806 13478 989 357 477 360 101 44 199 26 103 12 88 38 91 77 964 118 3036 32
internal_value=0.000362019 -0.0169091 0.00786996 0.020158 -0.0373432 -0.0468147 0.034232 0.00601001 -0.0532008 -0.0253552 0.00683861 0.0490428 0.0213132 0.0273211 0.0130699 -0.00710027 0.056209 0.00392869 -0.0418676 -0.0607115 -0.0045202 0.058092 0.0321238 0.0598664 0.0474902 -0.065948 -0.0606722
internal_weight=3698.86 2730.7 1234.42 1047.45 1496.28 1227.93 800.24 268.349 1097.33 247.21 130.603 968.155 203.772 241.363 173.062 109.619 726.791 25.3738 64.5771 186.97 16.0973 701.418 46.0863 655.331 63.443 170.873 11.7844
internal_count=31985 29706 9436 6244 20270 18318 3505 1952 17536 2739 782 2279 1134 939 838 676 1340 161 818 3192 126 1179 124 1055 162 3066 135
is_linear=0
shrinkage=0.05


Tree=12
num_leaves=30
num_cat=0
split_feature=34 30 24 36 2 0 20 0 22 1 43 34 38 0 26 4 33 2 0 32 16 30 0 2 43 29 1 29 0
split_gain=1079.18 472.519 505.806 321.988 178.634 138.015 101.006 94.8889 89.6667 63.3093 65.8521 59.0519 53.0033 44.6484 44.1605 43.8804 35.9274 37.0604 27.6308 22.1921 16.7965 13.2484 15.7406 11.5197 15.5306 9.22097 8.87911 6.65614 5.86795
threshold=0.24333363026380542 0.0030931073706597094 0.22765421122312549 0.00058818332036025833 0.13181778043508532 0.73689875006675731 0.96997767686843883 0.3938301950693131 1.0000000180025095e-35 0.75828197598457348 0.013939622789621355 0.30817763507366186 0.0040404677856713542 0.66607710719108593 -1.0000000180025095e-35 -0.00089579462655819942 0.0030386134749278431 0.12488645315170289 0.43168073892593389 0.0047107401769608268 0.9963759481906892 0.0038368580862879757 0.38790778815746313 0.11136212572455408 0.049235926941037185 -0.37166315317153925 0.43028177320957189 0.58425384759902965 0.32055780291557318
decision_type=2 2 2 2 2 2 2 2 2 2 2 2 2 2 2 2 2 2 2 2 2 2 2 2 2 2 2 2 2
left_child=1 2 9 6 8 -6 7 -3 -4 14 -11 16 -8 15 -1 -5 17 20 -19 -15 -2 23 -23 24 -13 -18 -24 -25 -27
right_child=11 3 4 13 5 -7 12 -9 -10 10 -12 21 -14 19 -16 -17 25 18 -20 -21 -22 22 26 27 -26 28 -28 -29 -30
leaf_value=0.0085713824494358503 -0.059252573735643493 0.025915612798811188 -0.053945498353705518 -0.0086438303223812189 0.019403397667370162 -0.055490430163627674 -0.0563432834128378 -0.049987834044486597 0.047783229516928469 -0.042479340988969147 0.05597778709056115 -0.023492549963645935 -0.0039576293814508117 -0.067455928953372643 0.053809169645368853 0.044911994882528075 0.060777765372877914 0.03741511255090426 -0.0089492542673668303 0.022298789872140973 0.044303169870112111 0.049764451681018659 0.020008199885642453 0.059559512019218178 0.057316212177450698 -0.0099435062981800861 -0.064709306735832042 0.031972748120942099 0.042545066974362916
leaf_weight=62.404796120710671 20.960574106313292 83.858045103028417 331.8081993390806 54.106951156631112 276.0704585313797 78.070460537448525 924.14819920668378 79.064320812933147 22.417058787308633 41.585211369907483 27.251590814441442 10.276378706097605 51.110370714217424 19.029789255931977 417.88777622114867 127.17312194686383 71.459641769528389 103.24693258292973 45.973212335258722 9.8835604675114137 3.9975392743945113 16.591515682637695 5.1940629594027978 554.17366440221667 11.854414939880369 8.4853497482836264 5.5177579745650291 26.643036499619484 11.992989744991062
leaf_count=423 240 346 5438 249 1551 1271 16976 808 63 469 52 98 401 306 931 401 118 324 285 28 12 37 26 869 17 60 63 75 36
internal_value=-0.000197492 -0.0164771 0.00557001 -0.0370271 -0.0223384 0.00278327 -0.0475212 -0.0109997 -0.0473912 0.0415465 -0.00325803 0.0470953 -0.0536048 0.0197532 0.0479614 0.0289674 0.027189 0.0137016 0.0231662 -0.037055 -0.0415983 0.0554441 0.0204076 0.0569943 0.0203995 0.0523188 -0.0254297 0.0583512 0.0213457
internal_weight=3502.24 2605.87 1257.5 1348.37 708.366 354.141 1138.18 162.922 354.225 549.129 68.8368 896.367 975.259 210.193 480.293 181.28 266.116 174.178 149.22 28.9133 24.9581 630.251 27.3033 602.947 22.1308 91.938 10.7118 580.817 20.4783
internal_count=31973 29713 10198 19515 8323 2822 18531 1154 5501 1875 521 2260 17377 984 1354 650 1075 861 609 334 252 1185 126 1059 115 214 89 944 96
is_linear=0
shrinkage=0.05


Tree=13
num_leaves=29
num_cat=0
split_feature=34 5 24 36 6 7 1 32 31 22 2 34 31 43 3 7 26 29 4 17 32 5 29 31 29 24 29 2
split_gain=1007.01 458.298 505.156 307.586 149.547 143.86 136.167 91.3522 78.7886 59.2017 48.4592 46.928 40.9789 39.7478 30.0968 26.4179 25.9311 22.5614 13.7802 9.37827 7.20186 7.01378 8.87953 6.49748 3.23152 4.06974 2.37013 1.5594
threshold=0.25069467723369604 0.0031952154822647576 0.30491694808006292 0.00057490915060043346 0.4014939963817597 0.96901842951774608 0.80577921867370617 0.003961000358685852 0.050190525129437454 1.0000000180025095e-35 0.17218530178070071 0.35556218028068548 0.034772275015711791 0.017712962813675407 0.001950978650711477 0.9165293574333192 -0.11944000050425528 -0.49949845671653742 -0.00031916503212414676 0.20833333581686023 0.023359116166830066 0.0031198643846437339 -0.98792994022369374 0.058328818529844291 0.33356796205043798 0.22864447534084323 -0.046349966898560517 0.11377789080142976
decision_type=2 2 2 2 2 2 2 2 2 2 2 2 2 2 2 2 2 2 2 2 2 2 2 2 2 2 2 2
left_child=1 2 5 8 7 16 -7 -4 9 -3 13 12 14 -5 17 -10 -1 -2 -6 -16 24 26 -23 -22 27 -26 -14 -13
right_child=11 3 4 10 18 6 -8 -9 15 -11 -12 20 21 -15 19 -17 -18 -19 -20 -21 23 22 -24 -25 25 -27 -28 -29
leaf_value=0.011329560508748514 0.040218574049425693 -0.055043519788860934 -0.057428058929223293 -0.0096834743929496078 0.050633913832825776 0.022621765611143384 -0.056026003813988146 0.0087923400291666891 0.048050727352208417 0.022716580443580103 0.068518128533867392 0.040969609915394549 0.057715571659652402 0.037132493650185727 0.016863673748778139 -0.030925166635166208 0.059609986892002892 0.0010069949003132961 -0.0074323058898869325 -0.06652022873112283 0.0079902174764358985 0.057959220792493917 0.0066076028775042999 0.054533662839683694 0.059545844218861603 0.02145974857045967 0.037141923244000459 0.060890175653161051
leaf_weight=31.261680245399475 78.475095661357045 926.02335307607427 336.53896730160341 167.2433356475085 45.552723735570908 391.24369939975441 63.046367531642318 61.293059032410383 25.30774325504899 24.630927510559559 31.16007299721241 18.816810201853514 118.97833183035254 61.070510976016521 4.0017359554767635 16.841930169612169 296.72887623403221 68.230445580556989 12.789989443495868 12.792106179520486 15.251413255929949 13.522640042006968 20.738002587109804 14.560540303587912 14.074302144348623 16.508977606892586 24.406403522007167 412.63792011141777
leaf_count=212 251 17285 6019 1315 114 2217 929 479 69 109 54 58 205 237 16 169 610 397 113 174 58 25 64 23 20 64 72 658
internal_value=-0.000150338 -0.0160678 0.0054994 -0.0373842 -0.0362703 0.0298719 0.0116079 -0.0472292 -0.0500421 -0.053007 0.0110537 0.0474065 0.0329878 0.00294641 0.0147902 0.0165086 0.0550567 0.0221122 0.0379938 -0.0468199 0.05732 0.0495597 0.027945 0.0317547 0.0588974 0.0403172 0.0544951 0.0601181
internal_weight=3323.73 2490.73 1238.46 1252.28 456.175 782.281 454.29 397.832 992.804 950.654 259.474 832.995 341.145 228.314 163.499 42.1497 327.991 146.706 58.3427 16.7938 491.85 177.645 34.2606 29.812 462.038 30.5833 143.385 431.455
internal_count=32016 29931 10693 19238 6725 3968 3146 6498 17632 17394 1606 2085 1204 1552 838 238 822 648 227 190 881 366 89 81 800 84 277 716
is_linear=0
shrinkage=0.05


Tree=14
num_leaves=25
num_cat=0
split_feature=32 37 0 34 34 22 16 22 2 24 31 0 2 0 29 2 19 2 5 35 31 7 40 21
split_gain=833.3 487.006 318.197 191.704 149.34 145.477 154.751 113.756 76.5647 74.5618 65.0202 62.7929 55.7404 30.0352 17.5792 14.0765 14.4433 13.7474 13.0501 10.8605 10.693 6.12524 3.84249 1.17137
threshold=0.0029544805875048046 0.030052864924073223 0.73028257489204418 0.060314696282148368 0.30098859965801245 1.0000000180025095e-35 0.85659006237983715 1.0000000180025095e-35 0.10669768974184991 0.29303485155105596 0.048042146489024169 0.42842167615890508 0.12587991356849673 0.41136083006858831 0.80717387795448314 0.10969382524490358 0.013934433460235597 0.15840839594602588 0.0040494154673069724 0.026739761233329776 0.11900128424167634 0.74695953726768505 0.23751655220985415 0.98799371719360363
decision_type=2 2 2 2 2 2 2 2 2 2 2 2 2 2 2 2 2 2 2 2 2 2 2 2
left_child=1 5 3 9 8 6 12 -5 20 -3 11 -10 -1 -8 15 16 -6 -16 -17 -12 -2 -7 23 -4
right_child=4 2 22 7 14 21 13 -9 10 -11 19 -13 -14 -15 17 18 -18 -19 -20 -21 -22 -23 -24 -25
leaf_value=-0.053992429908255868 -0.062168803602284953 0.04276133832150783 -0.063642298023217081 -0.039951219885353044 0.047231230451187017 0.063691242899572661 -0.043726533642703187 0.060410605429469882 0.025284152835722107 -0.003420018098010397 0.059903271135577654 -0.013475510386726853 0.026636107818632116 -0.062381523714671788 -0.036932522613211644 0.055706703936139537 -0.043428579851972862 0.041220502327111851 0.01767644056266475 0.032316788997312114 0.014626292196713117 0.023525797799898697 -0.010505831400347897 -0.016509430956779945
leaf_weight=27.161199369002134 33.005025218240917 465.89867405313998 136.1342800729908 164.38056636694819 8.4997979030013067 23.841799467802048 415.76192742167041 33.122238226234913 271.09941738471389 107.35817946819589 86.614783938974142 168.83018503151834 88.901085795834661 483.66276445239782 9.4490008838474768 519.47674012184143 7.1849372237920752 11.21458777412772 24.788495749235153 68.284804224967957 4.8395446948707095 18.242808246985078 4.0243826173245898 2.1651037577539674
leaf_count=469 668 1515 2939 2686 22 34 7441 54 1392 963 150 1638 281 10088 64 968 84 27 113 230 38 65 34 32
internal_value=0.000118841 -0.0199489 0.00680051 0.0194994 0.032703 -0.0430283 -0.0468117 -0.0229005 0.01586 0.0341217 0.0202721 0.0104127 0.00746717 -0.0538163 0.0509973 0.0526662 0.00558756 0.0054277 0.0540102 0.0480275 -0.0522246 0.0472305 -0.0616268 -0.0630282
internal_weight=3183.94 1970.66 913.083 770.76 1213.29 1057.57 1015.49 197.503 632.674 573.257 594.829 439.93 116.062 899.425 580.614 559.95 15.6847 20.6636 544.265 154.9 37.8446 42.0846 142.324 138.299
internal_count=31995 26601 8223 5218 5394 18378 18279 2740 4116 2478 3410 3030 750 17529 1278 1187 106 91 1081 380 706 99 3005 2971
is_linear=0
shrinkage=0.05


Tree=15
num_leaves=28
num_cat=0
split_feature=34 25 24 36 1 6 17 24 38 29 22 17 17 1 2 25 24 6 5 19 34 9 2 9 1 2 17
split_gain=759.404 337.069 382.8 208.122 141.876 120.938 92.9366 74.6822 72.3679 59.6731 59.5441 55.9969 80.9252 47.5515 41.4331 44.1308 38.65 31.3383 28.7416 25.7162 19.6757 13.5628 13.2827 20.6519 9.24696 1.47256 0.678238
threshold=0.23387677967548373 -0.00059120162040926505 0.30491694808006292 0.00058818332036025833 0.094678498804569258 0.46763075888156896 0.50833332538604747 0.20688226073980334 0.0061127783264964828 -0.42635717988014216 1.0000000180025095e-35 0.72500002384185802 0.27500000596046453 0.90292266011238109 0.1670140624046326 -0.00097520547569729377 0.346490427851677 0.14727812260389331 0.0038579941028729085 0.046624898910522468 0.31807482242584234 0.07134424522519113 0.11051005497574808 0.092557728290557875 0.88581135869026195 0.13213793933391574 0.058333335444331176
decision_type=2 2 2 2 2 2 2 2 2 2 2 2 2 2 2 2 2 2 2 2 2 2 2 2 2 2 2
left_child=1 2 4 6 26 8 7 -3 -4 18 -8 12 -5 -6 15 16 -11 -13 22 -17 21 -20 23 -2 -24 -7 -1
right_child=9 3 5 11 13 25 10 -9 -10 14 -12 17 -14 -15 -16 19 -18 -19 20 -21 -22 -23 24 -25 -26 -27 -28
leaf_value=-0.029831326929935453 -0.057428352633950568 0.033277980108709075 -0.051262180051349471 0.019448613042513798 0.043193249989551777 0.031497596751038158 -0.049121625430818577 -0.058498593319433904 0.019445540082268009 0.041093016703555869 0.020822380070614752 0.051425376255744421 -0.049167418726495556 -0.041650215065758833 0.057421823560195789 0.0065457638053839197 -0.032104356028414549 -0.021161558558508167 -0.059066080140378278 -0.052677938714861185 0.03842203038860173 0.036257667735191887 0.056009848504911613 0.044075784860430726 0.022681632526317993 0.056737750452259608 -0.070330477403877434
leaf_weight=3.2421877216547754 6.2082290314137962 68.368210868909955 278.61875194334425 101.61503102444112 507.69096500333399 13.484159315004943 887.37896540993825 31.579809298738837 41.034472910687327 97.964351199567318 30.986063405871391 78.414860770106316 72.983622031286359 16.311514629982412 57.550238497555256 38.536859170533717 21.268465729430318 17.706919759511948 11.926066590473058 33.622390442993492 21.394299782812595 4.4658626131713381 495.69118831679225 15.637202084064482 23.650282584130764 26.510202374309301 28.345079670660198
leaf_count=52 106 354 5340 448 1734 73 18222 579 308 279 124 227 1009 244 107 221 287 113 130 313 60 17 951 42 78 43 472
internal_value=0.000388826 -0.0149472 0.00825243 -0.031413 0.0342453 -0.0318854 -0.0417635 0.0039878 -0.042153 0.0411888 -0.0467416 0.00753056 -0.00935009 0.0404779 0.0206002 0.00928724 0.0278778 0.0379737 0.0499905 -0.0213922 0.00760893 -0.0325043 0.0529302 0.0139783 0.0545386 0.0492039 -0.0672165
internal_weight=3032.19 2204.27 915.237 1289.03 555.59 359.648 1018.31 99.948 319.653 827.915 918.365 270.72 174.599 524.002 248.942 191.392 119.233 96.1218 578.973 72.1592 37.7862 16.3919 541.187 21.8454 519.341 39.9944 31.5873
internal_count=31933 29342 8266 21076 2502 5764 19279 933 5648 2591 18346 1797 1457 1978 1207 1100 566 340 1384 534 207 147 1177 148 1029 116 524
is_linear=0
shrinkage=0.05


Tree=16
num_leaves=31
num_cat=0
split_feature=34 0 25 0 36 1 17 6 6 17 40 40 41 1 16 25 27 24 6 17 1 33 2 24 40 29 38 39 3 3
split_gain=628.311 327.072 318.675 182.692 169.08 115.295 103.016 95.25 62.6283 49.4061 44.2906 41.5446 26.6364 21.9758 20.835 19.3935 14.3197 12.7273 13.7751 12.6146 12.4677 11.9787 11.5429 11.2404 8.79781 6.15146 5.08525 3.40334 3.20235 1.85357
threshold=0.22485619783401492 0.7079855501651765 -0.00076010558404959727 0.14931314438581469 0.00055357374367304157 0.092415429651737227 0.47499999403953558 0.49194628000259405 0.11390240490436555 0.72500002384185802 0.19922770559787753 0.20580574125051501 0.006043951492756606 0.82698941230773937 0.59495249390602123 -0.00020348942780401555 0.65841889381408703 0.37273794412612921 0.43173274397850042 0.82499998807907116 0.74494609236717235 0.00038472109008580452 0.16876113414764407 0.17397964745759967 0.1330319941043854 0.48672457039356237 0.0080370334908366221 0.00012219409109093252 -0.0027752849273383613 -0.00042916159145534033
decision_type=2 2 2 2 2 2 2 2 2 2 2 2 2 2 2 2 2 2 2 2 2 2 2 2 2 2 2 2 2 2
left_child=1 2 3 7 6 -5 -4 -1 10 -6 14 23 13 -12 24 17 20 25 -19 27 -17 -14 -16 -3 -2 -10 -25 -13 -18 -21
right_child=8 11 4 5 9 -7 -8 -9 15 -11 12 19 21 -15 22 16 28 18 -20 29 -22 -23 -24 26 -26 -27 -28 -29 -30 -31
leaf_value=-0.04098889205713957 0.054145040651228098 0.023574734283132774 0.017101474110063915 -0.062147408291589074 -0.0048083315484011646 0.043529726269798806 -0.039801550879998093 0.053191501325889193 0.057367494836352118 0.03914106424986187 0.039568267387879386 0.057291045560938184 -0.079687182827181652 -0.004231384229230045 -0.053777635102492831 -0.03059583944598231 0.058329506086806308 -0.038770575994664873 0.046186198859834542 -0.0021517481620143891 0.041725950705555986 0.0049677813668734302 0.04164400291521763 -0.06126211180798339 -0.010618875976746781 0.029127442247267116 -0.010775927606634414 0.010779938320967505 0.028751653693471421 -0.055380904544750975
leaf_weight=134.87711026519537 8.6993901096284407 3.5324369836598626 89.261892461683601 26.446517059579492 158.35118483612314 470.81905102776363 693.49936719774269 32.54449868761003 370.88395595923066 106.0464017894119 206.18911791080609 7.0030937604606178 6.3937955982983103 33.019773963838816 30.015717385336757 16.349725628271703 17.267922971397638 7.1538613848388222 10.607296295464037 2.3309592846781024 8.092001084238289 9.359076824039219 2.795913938432931 351.78447962901555 10.831408666446803 23.710388049483299 5.539387045428156 8.8813594728708249 27.031098287552595 5.2280949894338828
leaf_count=2201 20 16 650 469 1191 1638 13844 60 739 318 724 11 28 188 465 139 38 87 28 27 23 52 6 8553 93 86 73 82 97 95
internal_value=0.000488407 -0.0138238 -0.00445317 0.0226041 -0.021633 0.037796 -0.0332991 -0.0224744 0.0385101 0.0129003 0.0207785 -0.0554451 0.0293655 0.0335298 -0.0208153 0.0497698 0.0246634 0.0538853 0.0117246 0.00871156 -0.0059531 -0.0320977 -0.0446555 -0.0596257 0.0194604 0.0557485 -0.0605117 0.0334643 0.0413143 -0.041136
internal_weight=2884.55 2096.15 1711.85 664.687 1047.16 497.266 782.761 167.422 788.4 264.398 307.304 384.3 254.962 239.209 52.3424 481.096 68.7407 412.356 17.7612 23.4435 24.4417 15.7529 32.8116 360.856 19.5308 394.594 357.324 15.8845 44.299 7.55905
internal_count=32041 29228 20371 4368 16003 2107 14494 2261 2813 1509 1576 8857 992 912 584 1237 297 940 115 215 162 80 471 8642 113 825 8626 93 135 122
is_linear=0
shrinkage=0.05


Tree=17
num_leaves=28
num_cat=0
split_feature=34 37 0 38 26 22 16 0 32 40 31 2 0 30 35 2 1 43 38 22 33 16 6 24 6 1 24
split_gain=620.675 330.251 219.753 168.104 131.786 115.107 114.822 84.5714 53.749 42.1817 38.1034 36.6019 25.9578 24.7815 20.6437 19.4614 19.3571 18.9267 12.4531 11.808 8.57819 6.98943 6.62081 5.38592 8.87904 3.29578 1.92917
threshold=0.25069467723369604 0.030052864924073223 0.71085646748542797 0.0036782399984076623 -0.039413256570696824 1.0000000180025095e-35 0.83750316500663768 0.082508694380521788 0.0026444767136126761 0.17162900418043139 0.033558145165443427 0.12199999764561655 0.42501328885555273 0.0044700899161398419 0.018064271658658985 0.11051005497574808 0.86708810925483715 0.027717176824808124 0.037164222449064262 1.0000000180025095e-35 0.00083640919183380913 0.99050152301788341 -0.46536426246166224 0.36139622330665594 0.62814128398895275 0.88581135869026195 0.074961412698030486
decision_type=2 2 2 2 2 2 2 2 2 2 2 2 2 2 2 2 2 2 2 2 2 2 2 2 2 2 2
left_child=1 3 4 5 8 6 -1 -6 -3 22 11 19 15 16 -11 -5 -13 -14 -15 21 -7 -2 -4 25 -25 26 -12
right_child=10 2 9 12 7 20 -8 -9 -10 14 23 13 17 18 -16 -17 -18 -19 -20 -21 -22 -23 -24 24 -26 -27 -28
leaf_value=0.0040680340235566539 -0.064826204814183747 -0.051952271852253012 -0.013177951211950326 -0.051948593902420695 -0.059996052458575679 0.0091104670551836412 -0.051387465254728419 0.032100471277721941 0.0020837988772499628 0.049724023134993245 0.03678816336211644 0.040047227382721207 -0.033794446093153102 -0.063454605588726135 -0.031838322037137025 0.03753277844207685 -0.023533079976235178 0.041537717778231772 0.039096090644136661 0.020216880374040867 0.058794373216112333 0.012756136728951137 -0.060882328236756093 -0.012564299619909411 0.053416598144407447 0.030023307859562677 0.055454547647723666
leaf_weight=105.83127692202106 14.439415347762411 74.016756000928581 8.3921958804130536 5.647445509210228 25.100006465800107 13.561809462495146 781.1536269010976 604.79539475450292 118.86510594328865 14.141235649585726 22.927068781107664 223.86887926049531 31.72138109896332 8.8692238610237819 14.950289939530192 91.529039524495602 12.015415869653223 10.257436452433465 3.4406097009778014 7.8815539237111798 25.445428580977023 3.212711337953805 125.02138042007573 8.7296192124485987 10.285322010517119 18.775653604418039 324.74300830811262
leaf_count=789 251 1725 131 134 605 70 18001 2922 1137 47 60 686 400 134 240 345 69 34 10 30 48 24 3275 75 21 50 719
internal_value=-0.00051737 -0.0140876 0.00677464 -0.0333738 0.0172776 -0.0410692 -0.0447736 0.0283413 -0.0188131 -0.0461832 0.0416507 0.0272228 0.0177614 0.0330925 0.00814358 0.0318564 0.0367229 -0.014849 -0.0340077 -0.0289286 0.04218 -0.0507792 -0.0580019 0.0517995 0.0240109 0.0531722 0.0543326
internal_weight=2709.62 2050.43 985.282 1065.15 822.777 925.992 886.985 629.895 192.882 162.505 659.188 273.728 139.155 248.194 29.0915 97.1765 235.884 41.9788 12.3098 25.5337 39.0072 17.6521 133.414 385.461 19.0149 366.446 347.67
internal_count=32032 29903 10082 19821 6389 18908 18790 3527 2862 3693 2129 1204 913 899 287 479 755 434 144 305 118 275 3406 925 96 829 779
is_linear=0
shrinkage=0.05


Tree=18
num_leaves=25
num_cat=0
split_feature=31 16 38 2 0 22 25 30 2 5 3 17 2 36 7 0 1 22 40 29 3 36 4 31
split_gain=574.308 342.492 179.185 106.155 105.028 85.8288 69.7153 61.836 55.5961 35.2811 34.9861 33.7523 31.3502 27.6255 26.3556 25.8969 19.8479 17.0049 14.6275 12.9045 12.5561 10.7498 1.59046 1.01351
threshold=0.033558145165443427 0.97309064865112316 0.0026924398262053732 0.12199999764561655 0.90531975030899059 1.0000000180025095e-35 -0.0029556242516264315 0.0041240472346544274 0.10669768974184991 0.0038731930544599895 0.0017452143365517261 0.4083333313465119 0.1251945495605469 0.00098336796509102009 0.79125416278839122 0.14562085270881656 0.25467909872531896 1.0000000180025095e-35 0.29660856723785406 -0.24121094495058057 0.0043337265960872182 0.0013724858290515842 0.0019593341276049618 0.036094171926379211
decision_type=2 2 2 2 2 2 2 2 2 2 2 2 2 2 2 2 2 2 2 2 2 2 2 2
left_child=1 3 5 11 8 6 -3 10 14 15 -5 21 18 -9 -2 -10 -13 -14 -4 -7 -11 -1 -16 -6
right_child=4 2 12 7 23 19 -8 13 9 20 -12 16 17 -15 22 -17 -18 -19 -20 -21 -22 -23 -24 -25
leaf_value=-0.056257180983709736 0.041496746702447296 0.032586001741323936 -0.048837707795459664 0.036471848711503892 -0.0098952870293064592 0.059219040416729568 -0.045416044272836555 -0.029388310134338038 0.020807018553195208 0.015907899592993498 -0.0015387374704616378 0.034710913549972036 0.0133533708776204 0.029029553161259145 -0.061059759734639667 0.050068355463769511 -0.056468447673133297 0.052469295627211678 0.036893117253831813 -0.00027933352383882013 -0.049515106406114361 0.011696446819743626 -0.0077327698555998206 -0.057991299391142004
leaf_weight=67.515840478939936 9.0591564811766165 28.890357527881861 24.365912793204192 374.68113474082202 1.6149116782471562 20.867903620004654 918.31977859465405 71.751687060575932 89.822674556169659 62.230005549266934 72.072570996358991 22.700618482660506 117.94526045583189 27.134167082607746 18.893207348883156 555.7558950134553 7.0076735317707053 35.827322140336037 5.4074320308864108 15.608567103743551 7.3170570936053982 6.0196035038679829 1.8416835144162167 27.582595004932955
leaf_count=1404 31 238 419 1181 29 39 22084 792 552 354 425 112 889 74 433 1515 151 84 13 104 90 41 22 824
internal_value=-9.5014e-05 -0.0154658 -0.0316455 0.0136426 0.0359391 -0.0401016 -0.0430051 0.0224426 0.0396027 0.0423943 0.03035 -0.0326342 0.0136454 -0.0132284 -0.0266034 0.0460356 0.0120648 0.0227471 -0.0325744 0.0344311 0.00842043 -0.0506122 -0.0568969 -0.0557469
internal_weight=2590.23 1816.12 1167.23 648.883 774.117 983.687 947.21 545.64 744.92 715.126 446.754 103.244 183.546 98.8859 29.794 645.579 29.7083 153.773 29.7733 36.4765 69.5471 73.5354 20.7349 29.1975
internal_count=31900 28050 23870 4180 3850 22465 22322 2472 2997 2511 1606 1708 1405 866 486 2067 263 973 432 143 444 1445 455 853
is_linear=0
shrinkage=0.05


Tree=19
num_leaves=23
num_cat=0
split_feature=31 36 2 5 2 3 0 21 24 37 2 37 0 29 16 3 6 15 0 6 7 32
split_gain=494.112 327.17 141.421 117.529 98.3017 95.3742 81.7649 64.7665 55.4655 42.9489 36.4392 33.0097 32.0719 30.8486 26.833 23.3069 22.6575 21.3572 20.7068 13.9408 10.1227 7.28985
threshold=0.045672580599784858 0.00033957324922084814 0.12451204657554628 0.0031198643846437339 0.12973552942276004 0.0017452143365517261 0.90906813740730297 0.88716059923172008 0.21772087365388873 0.067676059901714339 0.10181798040866853 0.084224805235862746 0.49405446648597723 -0.034656602889299386 0.95033299922943126 0.00055062069441191863 0.34103247523307806 0.00018226725660497325 0.12076077982783319 -0.063908345997333513 0.82661813497543346 0.0024396871449425821
decision_type=2 2 2 2 2 2 2 2 2 2 2 2 2 2 2 2 2 2 2 2 2 2
left_child=1 3 8 4 16 7 10 -4 15 14 20 -7 -6 21 -5 -3 -1 -10 -15 -11 -2 -12
right_child=6 2 5 9 12 11 -8 -9 17 19 13 -13 -14 18 -16 -17 -18 -19 -20 -21 -22 -23
leaf_value=-0.051229073235958413 0.036633585172778524 0.036848392626022158 0.04225252763620331 -0.017169791251773064 0.021583548541115133 -0.02422506856806346 -0.056511180836187606 0.0094328900286896195 -0.053506317270683106 -0.044252695434537602 0.033901939959290757 0.043237224612385577 -0.025435716122624144 -0.017823858986940513 -0.054311172822413684 -0.037066229086964393 0.025739103885125417 0.014442307931466239 0.033246859176594604 0.053061430216468301 -0.059601659802082763 0.054894426795008527
leaf_weight=116.69635278452188 2.8493718225508919 33.920671667903662 308.3250969867222 55.182082586921751 157.31681824056432 149.25491646304727 20.930753028253093 293.86938104405999 126.20589840668254 4.1429548412561443 54.235145760234445 19.694809932261705 46.133159633725882 21.800556039437652 496.76516310451552 14.432570276781915 9.8119856081902963 12.308155249804257 171.18189016450197 12.995715984143315 10.379112073220311 337.96577314846218
leaf_count=2681 12 161 1078 654 1065 2147 675 2807 3092 62 274 77 740 217 14022 176 60 115 589 74 247 851
internal_value=8.53288e-05 -0.0128145 0.00751473 -0.0344614 -0.0106751 0.0169736 0.0387229 0.0262788 -0.0314018 -0.0482099 0.0421427 -0.0161527 0.0108495 0.0440102 -0.0506357 0.0144822 -0.0451044 -0.0474083 0.0274154 0.0283948 -0.0377551 0.0520851
internal_weight=2476.4 1857.06 958.012 899.044 329.958 771.144 619.343 602.194 186.867 569.086 598.412 168.95 203.45 585.183 551.947 48.3532 126.508 138.514 192.982 17.1387 13.2285 392.201
internal_count=31876 29011 9653 19358 4546 6109 2865 3885 3544 14812 2190 2224 1805 1931 14676 337 2741 3207 806 136 259 1125
is_linear=0
shrinkage=0.05


Tree=20
num_leaves=27
num_cat=0
split_feature=32 37 0 26 34 22 16 0 1 43 2 38 17 31 31 29 22 2 32 27 9 42 26 21 43 19
split_gain=442.429 281.187 174.194 106.788 100.155 95.8273 110.894 65.7509 52.0707 44.9303 65.832 51.8692 32.8156 17.7722 15.7494 15.3041 19.1839 19.3774 7.79839 8.29878 4.93694 2.63237 1.41595 1.05636 0.445889 0.649267
threshold=0.0027532156091183428 0.033558772876858718 0.73370134830474865 -0.01278101187199354 0.30098859965801245 1.0000000180025095e-35 0.9411187767982484 0.13552708178758624 0.31862467527389532 0.038500366732478149 0.11697986721992494 0.0058516415301710376 0.32500000298023229 0.096260275691747679 0.043609214946627624 -0.32648728787899012 1.0000000180025095e-35 0.16244622319936755 0.017553722485899929 1.204777777194977 0.014676557388156654 0.78125000000000011 -0.59886348247528065 0.98799371719360363 0.06480391696095468 0.014193087816238405
decision_type=2 2 2 2 2 2 2 2 2 2 2 2 2 2 2 2 2 2 2 2 2 2 2 2 2 2
left_child=1 5 3 14 9 6 8 -5 -1 10 13 -12 -8 -2 -3 18 17 -17 21 -20 -7 -6 -18 -4 25 -11
right_child=4 2 23 7 15 20 12 -9 -10 24 11 -13 -14 -15 -16 16 22 -19 19 -21 -22 -23 -24 -25 -26 -27
leaf_value=0.029343403243290423 -0.05933561407636289 -0.055611496035643387 -0.05913326271234054 -0.018897138416169256 0.03097434057048672 0.0162474228259246 -0.018272454336813303 0.036402591797979215 -0.03859101045070825 0.052243907158526809 -0.0039045609439866632 0.031273575190788917 -0.05123689698675965 0.018958270082319661 0.0031744302671422157 -0.019119468839589031 0.03151822978239683 0.044229004419792245 -0.0078202110013321068 0.044582069434754512 0.057020243056967124 0.054938080900728326 0.055709117791193308 -0.0077926756951787746 0.057425071309453901 0.027596034005937482
leaf_weight=77.413778329035267 41.826717147603631 45.999534422531724 79.486230208538473 61.828018076717854 16.540245631709695 12.198615534231065 88.080299670342356 384.38724726438522 43.066421707626432 8.5807541254907864 207.88438790617511 209.88436316605657 596.91127862071153 8.2275839205831272 14.901903050020335 30.275758650153875 13.269300974905489 18.678893607109785 11.313342594541611 20.255847319960594 23.266359629109502 264.39751842804253 34.821261920034885 1.3459430430084456 41.101273970678449 10.664922414347528
leaf_count=436 1070 1320 2491 859 59 54 1197 1709 518 28 2314 912 17226 78 154 223 37 54 59 57 56 717 87 22 95 73
internal_value=0.000330597 -0.0171786 0.00934019 0.0202288 0.0270007 -0.0357086 -0.0392605 0.0287151 0.00494203 0.0125733 0.00728056 0.0138012 -0.0470309 -0.0463469 -0.0414083 0.0455308 0.027719 0.00545299 0.050956 0.0261393 0.0438261 0.0536421 0.0498123 -0.0583841 0.0528162 0.0406231
internal_weight=2366.61 1428.89 587.949 507.117 937.722 840.937 805.472 446.215 120.48 528.17 467.823 417.769 684.992 50.0543 60.9014 409.552 97.0452 48.9547 312.507 31.5692 35.465 280.938 48.0906 80.8322 60.347 19.2457
internal_count=31905 26042 6555 4042 5863 19487 19377 2568 954 4570 4374 3226 18423 1148 1474 1293 401 277 892 116 110 776 124 2513 196 101
is_linear=0
shrinkage=0.05


Tree=21
num_leaves=25
num_cat=0
split_feature=31 16 2 30 7 7 24 24 25 42 1 36 24 32 25 37 24 31 25 3 1 10 37 2
split_gain=403.523 247.875 81.0973 79.7393 85.5551 79.0963 90.1651 76.814 66.1426 55.7141 55.1708 41.2583 30.374 64.7976 30.4967 27.3531 16.8866 10.2524 6.73222 9.39952 5.33017 1.74172 1.02714 0.573185
threshold=0.033558145165443427 0.98507279157638561 0.1087399832904339 0.0030580745078623299 0.91380706429481517 0.89787140488624584 0.36609348654747015 0.14650183916091922 -0.0008697205630596726 0.90625000000000011 0.2859106063842774 0.00057490915060043346 0.22466973215341571 0.0035275050904601817 0.00038819400651846086 0.067676059901714339 0.2307136878371239 -0.053452413529157632 -0.00023146653984440488 0.00071620123344473552 0.1234005279839039 0.002103153034113348 0.10743939131498338 0.16528169065713885
decision_type=2 2 2 2 2 2 2 2 2 2 2 2 2 2 2 2 2 2 2 2 2 2 2 2
left_child=1 2 22 4 17 18 12 -6 9 -4 -10 15 14 -14 -7 -5 -13 -3 20 21 -2 -20 -1 -22
right_child=5 3 8 11 7 6 -8 -9 10 -11 -12 16 13 -15 -16 -17 -18 -19 19 -21 23 -23 -24 -25
leaf_value=-0.059277734813100003 0.020613801228540785 -0.0046677446326517935 -0.0098531918413164461 -0.050878826626382538 0.055158662920838986 0.049474649925335498 -0.059001596366690272 -0.035730606287719867 0.01863037580207803 0.0388454576837255 -0.018930926758257659 0.032712856973430328 -0.031949353373733426 0.037997404311433322 -0.0038984804439072675 0.031521684253947461 -0.034628156046130919 0.050681383719368089 0.026835390353754249 -0.0079594860177869993 0.055825895450346066 0.056850944445581954 -0.008118177088561265 0.038746826499947595
leaf_weight=43.918936446076259 13.430460119619964 9.8914706036448461 76.773013608530164 469.80999461654574 25.18247895874083 132.4250246360898 35.196724970825016 212.92496627825312 166.97212455049157 244.15766641683877 232.92758758889977 22.093089389614761 59.146925269626081 72.702976563945413 33.30514208227396 9.6626119692809862 14.616548977792261 48.114507047459483 11.458492612466218 11.40078294277191 247.79480729298666 15.18100496008992 1.354557318612932 15.233380671590565
leaf_count=1358 52 154 648 15360 100 377 1110 4858 954 977 2759 150 880 266 228 125 341 210 52 61 725 38 29 47
internal_value=-0.000541952 -0.0141754 0.00622609 -0.0334007 -0.0126589 0.0326741 0.0156111 -0.0259276 0.0103319 0.0272014 -0.00324042 -0.0452519 0.0246041 0.00661548 0.0387897 -0.0491561 0.00569267 0.0413238 0.050622 0.0295984 0.0533977 0.0453783 -0.0579556 0.0549873
internal_weight=2225.68 1578.4 766.104 812.296 296.113 647.276 332.777 238.107 720.83 320.931 399.9 516.182 297.58 131.85 165.73 479.473 36.7096 58.006 314.499 38.0403 276.459 26.6395 45.2735 263.028
internal_count=31859 28023 6725 21298 5322 3836 2861 4958 5338 1625 3713 15976 1751 1146 605 15485 491 364 975 151 824 90 1387 772
is_linear=0
shrinkage=0.05


Tree=22
num_leaves=24
num_cat=0
split_feature=22 16 37 17 24 25 42 7 1 1 9 24 29 5 4 32 24 17 13 17 24 25 0
split_gain=373.493 262.132 137.657 70.4367 68.4606 85.3949 57.7874 52.8118 38.9259 34.6098 31.0159 26.7247 26.645 23.0903 17.4574 19.314 15.9539 15.0621 8.73068 6.07127 13.2733 0.697378 0.0173322
threshold=1.0000000180025095e-35 0.98507279157638561 0.047963431105017669 0.30833333730697637 0.36245970427989965 -0.00089538836618885387 0.65625000000000011 0.9165293574333192 0.79874795675277721 0.77300861477851879 0.1260202378034592 0.2423970848321915 -0.011144007090479134 0.0032857819460332398 -0.0024590676184743638 0.0053618282545357951 0.32917442917823797 0.47499999403953558 0.21042697876691821 0.12499999627470972 0.16401036083698275 -8.8721630163490759e-05 0.34387411177158361
decision_type=2 2 2 2 2 2 2 2 2 2 2 2 2 2 2 2 2 2 2 2 2 2 2
left_child=1 4 3 9 5 6 -1 16 -7 -3 -5 -9 19 17 -6 -16 -4 -14 -15 20 -2 -21 -19
right_child=12 2 7 10 14 8 -8 11 -10 -11 -12 -13 13 18 15 -17 -18 22 -20 21 -22 -23 -24
leaf_value=-0.0096574986827353479 -0.011184020982095474 0.021476927547178469 0.050993643953053738 -0.047073771908840635 0.03121787899643352 0.0030336304551509762 0.040595297220737458 0.018349470239680726 -0.053037185236165955 -0.053264405314827491 0.033980488352098298 -0.032260743694479621 -0.015934076651148529 -0.067174192092895588 -0.060877627281815096 -0.0058155851353295859 -0.0035644466355916533 0.057239748929152894 0.014199230917120395 0.056790973728278765 0.052052971193080493 0.04116349356614759 0.03972583687999242
leaf_weight=69.962485688738525 11.641632545739411 63.628558795899153 62.308641799725592 589.67789614084177 8.280959611758588 411.91416795784608 304.66768380114809 40.404582912568003 32.462000933475792 19.374821772798896 11.370617089793084 70.030890766298398 11.143473379313944 8.8232879899442178 47.235836355481297 24.116932996548712 16.838141596876085 16.177343301475052 4.5072360485792151 236.13186861714348 25.458838418126106 20.597163572907448 14.622019898146389
leaf_count=703 46 587 244 19122 59 3518 1292 381 538 391 86 1827 61 93 1405 342 208 35 25 668 67 69 59
internal_value=-0.000292306 -0.00960984 -0.0290971 -0.0395332 0.00934644 0.01366 0.0312098 0.00856847 -0.00117227 0.00360426 -0.0454865 -0.0137457 0.0469019 0.0147256 -0.0346359 -0.0426045 0.039487 0.032842 -0.0405898 0.0528843 0.0324373 0.0557018 0.0504357
internal_weight=2121.38 1772.27 873.634 684.052 898.64 819.006 374.63 189.582 444.376 83.0034 601.049 110.435 349.103 55.2734 79.6337 71.3528 79.1468 41.9428 13.3305 293.83 37.1005 256.729 30.7994
internal_count=31826 30703 22846 20186 7857 6051 1995 2660 4056 978 19208 2208 1123 273 1806 1747 452 155 118 850 113 737 94
is_linear=0
shrinkage=0.05


Tree=23
num_leaves=28
num_cat=0
split_feature=32 40 24 5 22 34 7 1 7 33 0 30 0 30 35 24 20 32 4 4 40 29 34 29 39 34 36
split_gain=334.342 191.499 156.037 148.505 94.5379 78.9921 74.5312 73.6187 52.9105 46.6364 53.0934 30.4434 30.3784 27.7848 51.7595 19.024 13.9892 10.5916 10.2857 9.56199 7.99634 7.07586 6.11986 5.04367 3.48899 3.23119 2.21734
threshold=0.0027532156091183428 1.0000000180025095e-35 0.2825725674629212 0.003499650396406651 1.0000000180025095e-35 0.35556218028068548 0.86662113666534435 0.31862467527389532 0.99809086322784435 0.0030386134749278431 0.42842167615890508 0.0039254594594240197 0.084302887320518508 0.0030757313361391429 0.077722117304801955 0.37687681615352636 0.42886926233768469 0.02007418125867844 -0.0012414927477948365 0.00033335979969706392 0.27275286614894872 1.0000000180025095e-35 0.13687508553266528 0.33356796205043798 0.00032924125844147062 0.20899332314729693 0.00072699916199781011
decision_type=2 2 2 2 2 2 2 2 2 2 2 2 2 2 2 2 2 2 2 2 2 2 2 2 2 2 2
left_child=1 2 3 8 13 9 18 -5 -1 10 12 -12 -2 14 -3 21 -8 23 -4 -19 -17 -11 -6 24 -7 -15 -25
right_child=5 4 6 7 22 17 16 -9 -10 15 11 -13 -14 25 -16 20 -18 19 -20 -21 -22 -23 -24 26 -26 -27 -28
leaf_value=0.044765363653653481 -0.042454748282004733 -0.045117558935233393 0.052935702076607818 0.0059275837597491691 0.0077552853724493541 0.032580709168675386 0.024581254762063878 -0.057141498539548023 0.0015905289706382832 0.05275338040253124 -0.0013574700589699439 -0.049265756380998914 0.02325522684468714 -0.056608833121147929 0.017890451716972202 -0.052531911738219063 -0.05400238094015837 0.042515662322396994 -0.0060939035119075106 -0.019583900640938935 0.041450167485179878 0.02215146791886739 0.055140042562293545 0.0066667686093757469 0.055304352878759469 0.009902683851072033 0.040751604393447119
leaf_weight=253.84160151612014 17.967713616788387 142.43325548339635 19.883075954392556 102.69345415197313 10.136777769774197 24.179756458848715 5.3251761626452199 82.961688208393753 98.450510626658797 90.350921607576311 92.155726083787158 50.849765420891345 257.46113766171038 277.88996753143147 41.579315084032714 6.7628413364291173 161.27039598021656 12.602857926860453 11.119319721125065 10.568022923544047 2.3424299154430628 26.498337764292955 22.367987424135208 9.9304923210293072 193.64484108611941 1.5608499823138107 9.1067179851233941
leaf_count=1109 431 4162 52 880 63 95 32 2263 692 325 1115 1033 1647 11480 623 211 4466 47 109 43 6 207 65 54 611 22 26
internal_value=-9.0676e-05 -0.016462 -0.000261613 0.0136993 -0.0404392 0.0249621 -0.0381469 -0.0224106 0.0327385 0.0140879 0.00601865 -0.0186165 0.0188305 -0.0462294 -0.0308606 0.0406362 -0.0513588 0.0475864 0.0322353 0.0145542 -0.0266448 0.0460605 0.0410354 0.050743 0.0529423 -0.0562034 0.0241918
internal_weight=2035.93 1231.51 735.545 537.947 495.968 804.422 197.598 185.655 352.292 544.389 418.434 143.005 275.429 463.463 184.013 125.955 166.596 260.033 31.0024 23.1709 9.10527 116.849 32.5048 236.862 217.825 279.451 19.0372
internal_count=31869 26018 9603 4944 16415 5851 4659 3143 1801 4975 4226 2148 2078 16287 4785 749 4498 876 161 90 217 532 128 786 706 11502 80
is_linear=0
shrinkage=0.05


Tree=24
num_leaves=26
num_cat=0
split_feature=34 9 16 0 25 22 30 0 2 25 31 27 2 4 2 36 17 2 20 2 0 38 34 2 21
split_gain=295.074 166.653 129.937 71.1443 46.7141 46.0821 45.8984 42.4416 41.642 48.5557 24.7968 24.1216 22.4917 16.9996 16.1928 14.0154 10.4031 5.95068 5.15168 3.69442 4.65422 4.51325 1.40655 3.97561 0.173279
threshold=0.25069467723369604 0.029286806471645836 0.97945997118949901 0.75790327787399303 -0.0027189177926629777 1.0000000180025095e-35 0.0043938604649156341 0.12076077982783319 0.11512076109647752 -0.0012368396855890749 0.064631838351488127 1.916506886482239 0.12046078965067865 0.0019208770827390256 0.12199999764561655 0.0011081844568252566 0.4916666597127915 0.15562078356742862 0.82604023814201366 0.12304872274398805 0.66607710719108593 0.0031444340711459522 0.32974646985530859 0.14715690910816195 0.79919898509979259
decision_type=2 2 2 2 2 2 2 2 2 2 2 2 2 2 2 2 2 2 2 2 2 2 2 2 2
left_child=1 2 8 6 12 -6 7 -3 16 -10 11 13 -4 14 -2 -8 -1 -15 -5 20 -13 -21 23 24 -12
right_child=10 3 4 18 5 -7 15 -9 9 -11 22 19 -14 17 -16 -17 -18 -19 -20 21 -22 -23 -24 -25 -26
leaf_value=-0.059425866591964638 -0.031341900397524151 -0.016029441437780158 -0.05358568032274276 0.011527566716403566 -0.039723955260600775 0.022505457518910487 -0.056690754816430003 0.034340851870356244 0.032126458862302476 -0.0065899459700738492 0.032638079431682503 -0.017285063387822673 0.051499745728886118 -0.068909413389882018 0.023282765091572639 0.030130799538189607 -0.0017738276129707371 0.0043393731159690032 -0.055888612086276025 0.014255551742861831 0.041768183299162029 0.049519596258769956 0.053751958187264082 0.011536527291813618 0.051829582324591054
leaf_weight=30.545120777096599 14.378491105511783 47.929335995577276 5.6676681917160776 2.7547303503379217 634.86825338588096 30.595005026087165 21.645443746354434 301.40390846598893 126.80512159690261 220.33150937408209 8.8346073376014811 5.5117059741169196 21.905224760062993 7.1716177463531476 121.79923240002245 5.1682643219828597 10.489567563869057 4.0259510986506939 32.868145010434091 11.142336554825304 6.0837143622338772 92.957711227238178 126.9511181935668 10.196801792830227 27.452142162248492
leaf_count=1065 261 856 173 45 20896 159 609 1818 599 1923 47 53 101 81 609 26 173 34 1401 77 27 293 476 42 106
internal_value=-0.000348619 -0.0109241 -0.0212283 0.016118 -0.0341853 -0.0368335 0.0225444 0.0274039 0.0019333 0.00760438 0.0357651 0.025921 0.0287798 0.0123728 0.0173287 -0.0394745 -0.0450813 -0.044377 -0.0505029 0.0429251 0.0145544 0.0459167 0.0504627 0.0405365 0.0481577
internal_weight=1929.48 1492.98 1081.21 411.77 693.036 665.463 376.147 349.333 388.171 347.137 436.505 263.071 27.5729 147.375 136.178 26.8137 41.0347 11.1976 35.6229 115.695 11.5954 104.1 173.435 46.4836 36.2867
internal_count=31950 29844 25089 4755 21329 21055 3309 2674 3760 2522 2106 1435 274 985 870 635 1238 115 1446 450 80 370 671 195 153
is_linear=0
shrinkage=0.05


Tree=25
num_leaves=24
num_cat=0
split_feature=22 38 35 37 0 43 17 38 31 35 31 29 5 2 33 4 17 36 17 24 25 1 2
split_gain=276.915 206.027 185.403 118.659 74.2259 72.6049 58.8764 44.6973 33.3625 30.4362 30.7451 17.1949 18.4048 14.5048 10.8921 9.63044 8.88162 6.28187 4.81334 6.9574 2.60052 0.49599 0.355226
threshold=1.0000000180025095e-35 0.0035549283493310217 0.11527179554104806 0.028857713565230373 0.71085646748542797 0.049235926941037185 0.14166666567325595 0.028546675108373169 0.020540537312626842 0.035930125042796142 -1.0000000180025095e-35 -0.011144007090479134 0.0032307704677805309 0.11136212572455408 9.9459975899662836e-05 -0.0024590676184743638 0.4916666597127915 0.0013724858290515842 0.10833333432674409 0.19530098140239718 -1.0000000180025095e-35 0.71535104513168346 0.10922662168741228
decision_type=2 2 2 2 2 2 2 2 2 2 2 2 2 2 2 2 2 2 2 2 2 2 2
left_child=1 2 5 6 -5 8 -4 9 -1 13 -11 18 16 -3 -9 -14 -13 -16 19 -2 22 -7 -20
right_child=11 7 3 4 -6 21 -8 14 -10 10 -12 12 15 -15 17 -17 -18 -19 20 -21 -22 -23 -24
leaf_value=-0.049974945906044677 -0.0044310077146672393 -0.021376949590304353 0.022287342356532805 0.026044597803932507 -0.057651725885196514 0.030491643540539033 -0.036723398893164352 0.021606524890031519 -0.02020031434039676 -0.017186772052827731 0.027167454385519502 -0.0022804859282643899 0.023056825070632486 0.045801387599456976 -0.056766451502386212 -0.062296166839302586 0.050705605761573715 0.017953578752811776 0.038998509891617683 0.049662509248665658 0.028761963284227938 0.05521176334342455 0.055953706339742199
leaf_weight=412.78518618363887 9.8478280492126959 7.872976090759038 52.044174286536872 324.02551774540916 27.903218653053045 8.015681132674219 211.49183638254181 6.5154422409832504 124.30036234622821 55.492445538751781 126.68069721199572 10.954096706584094 4.528911290690302 170.99450014159083 22.043901345692579 8.0876825358718616 26.689355656504631 2.7330508287996045 13.62463593482971 13.433610040694473 13.581926483660935 14.004993116483091 184.24300610320643
leaf_count=16831 46 169 352 1900 961 69 4847 61 2886 611 797 60 32 724 460 84 88 30 68 42 53 41 628
internal_value=7.53581e-05 -0.00817779 -0.0186539 0.000288142 0.0192641 -0.0394687 -0.0250295 0.0231535 -0.0431344 0.0281343 0.0136365 0.0453217 0.0183007 0.0427421 -0.0334047 -0.0322143 0.0356268 -0.0481476 0.0510053 0.0275413 0.0534469 0.0479289 0.0549882
internal_weight=1851.9 1566.9 1174.57 615.465 351.929 559.106 263.536 392.333 537.086 361.041 182.173 284.991 50.26 178.867 31.2924 12.6166 37.6435 24.777 234.731 23.2814 211.45 22.0207 197.868
internal_count=31840 30739 27887 8060 2861 19827 5199 2852 19717 2301 1408 1101 264 893 551 116 148 490 837 88 749 110 696
is_linear=0
shrinkage=0.05


Tree=26
num_leaves=28
num_cat=0
split_feature=34 43 2 21 38 24 29 2 5 2 22 33 34 38 7 5 39 19 30 0 24 24 35 1 9 31 1
split_gain=247.358 151.727 129.161 125.961 85.6362 46.5532 29.9117 23.3665 23.3249 19.8074 20.1805 18.5788 17.5359 16.8531 15.0246 10.1242 9.10596 8.09509 6.79163 6.56379 6.20554 6.18134 8.91588 5.70879 3.43007 2.35217 1.90811
threshold=0.25441154837608343 0.025021528825163845 0.12488645315170289 0.84586077928543102 0.003795489552430809 0.10714414715766908 -0.33873300254344935 0.10669768974184991 0.0035090249730274086 0.16069215536117556 1.0000000180025095e-35 0.0048503074795007714 0.18766522407531741 0.0075250137597322473 0.72937968373298656 0.0040494154673069724 0.0004080776270711795 0.011091947555541994 0.0028784382157027726 0.1606002822518349 0.14019011706113818 0.38214848935604101 0.06041656248271466 0.88581135869026195 0.050592703744769103 0.034772275015711791 0.54541853070259105
decision_type=2 2 2 2 2 2 2 2 2 2 2 2 2 2 2 2 2 2 2 2 2 2 2 2 2 2 2
left_child=1 2 11 5 -5 -4 15 20 19 10 13 14 -13 -8 -1 21 -17 -10 -18 -9 -3 23 -23 -2 -12 26 -11
right_child=6 7 3 4 -6 -7 9 8 17 25 24 12 -14 -15 -16 16 18 -19 -20 -21 -22 22 -24 -25 -26 -27 -28
leaf_value=0.015772552054849738 0.050490461738595255 0.036024279846775545 -0.035532055539178056 -0.023380369158338465 0.02517194024981332 0.037332369511731078 -0.049243189401991259 0.0039812469802941279 0.044793679799824987 0.006473269624390438 0.011784200899253843 -0.045176974398596186 0.037155176881502328 0.008827600822192529 -0.050858250400884743 0.041880948114956872 0.027270692979089642 -0.012541433619461287 -0.058227293594869389 0.052715471039352438 -0.051241399840897484 -0.035989329504232219 0.049183585224270909 0.012398704031564763 0.050281771767353038 0.053724319097027441 0.039874291099683171
leaf_weight=8.3178333081305009 231.53900178335607 1.8100698739290226 24.223401623778045 624.25168971437961 105.40753139788285 175.64326798822731 23.901545152999461 7.5252651479095212 7.144699999131265 7.7852349672466543 10.796873243525626 11.476959643885495 12.431654420681296 24.559200694784522 257.00078072538599 7.9294411949813393 2.8910129852592927 24.228051328565925 5.4384473720565438 115.69831608561799 8.7324804859235865 5.0027263239026052 5.3322368785738945 11.066618969663976 13.767930785194038 21.136419773101807 9.9001963809132558
leaf_count=110 908 8 291 15995 713 967 399 104 44 51 56 443 106 162 9755 35 13 440 90 459 396 87 15 75 52 68 38
internal_value=0.000118171 -0.00970781 -0.0158073 -0.00670788 -0.0163416 0.0283684 0.0357363 0.0351315 0.0400664 0.0138394 -0.00160797 -0.0449273 -0.00259411 -0.0202303 -0.048718 0.0447492 0.00609487 0.00149617 -0.0288101 0.0497953 -0.0344356 0.0472001 0.00841714 0.0488109 0.0344839 0.0422073 0.0263043
internal_weight=1764.94 1383.89 1218.75 929.526 729.659 199.867 381.047 165.139 154.596 111.847 73.0255 289.227 23.9086 48.4607 265.319 269.199 16.2589 31.3728 8.32946 123.224 10.5426 252.941 10.335 242.606 24.5648 38.8219 17.6854
internal_count=31880 29831 28380 17966 16708 1258 2049 1451 1047 826 669 10414 549 561 9865 1223 138 484 103 563 404 1085 102 983 108 157 89
is_linear=0
shrinkage=0.05


Tree=27
num_leaves=26
num_cat=0
split_feature=34 0 37 30 26 38 1 0 40 6 29 30 4 9 41 17 33 19 6 15 24 3 39 6 1
split_gain=216.16 142.311 115.761 70.9894 57.6406 52.3365 51.3612 38.8021 37.8294 29.6742 27.5886 19.7234 17.2116 12.2807 13.2209 11.3924 9.62543 8.12701 6.00225 5.13274 4.82786 4.48927 1.93615 1.19359 0.82845
threshold=0.25069467723369604 0.71085646748542797 0.030052864924073223 0.0036659907782450323 -0.039413256570696824 0.0039043368306010966 0.3483570665121079 0.13178705424070361 0.17162900418043139 0.16342544555664065 0.75231909751892101 0.0044841971248388299 -0.00081682726158760477 0.022747121751308445 0.0010458157048560681 0.7749999761581422 9.9459975899662836e-05 0.047458231449127204 0.089647229760885253 0.00029007857665419584 0.36245970427989965 -0.0029173004440963264 0.0019366936176083984 -0.46536426246166224 0.38416139781475073
decision_type=2 2 2 2 2 2 2 2 2 2 2 2 2 2 2 2 2 2 2 2 2 2 2 2 2
left_child=1 2 3 6 9 -5 -1 -6 19 -4 11 13 -12 14 -2 18 -13 -14 -10 23 -15 -21 -17 -3 -19
right_child=10 8 4 5 7 -7 -8 -9 15 -11 12 16 17 20 -16 22 -18 24 -20 21 -22 -23 -24 -25 -26
leaf_value=0.01683303847595231 -0.01182507350200551 -0.032885788882138979 -0.032906138070026396 -0.053617142401581802 -0.014069323443661647 0.013749743194880629 -0.021797651973444063 0.028823141472080406 0.037133479535064191 0.017769477356820371 0.031662710873421818 0.039959096581958106 0.0057398362218061662 0.050253160337707596 0.034166331377782112 -0.051729023165707204 -0.059478517561899424 -0.028873855810988794 -0.021680909815038278 0.04139514726902771 0.012320434992864164 -0.039521673125085831 0.0096010765191764606 -0.057949858626972321 -0.079088645289709006
leaf_weight=152.84862359473482 17.417360262013972 9.4687860326375795 83.521353360265493 166.65127784945071 60.975676904898137 34.385993761010468 194.30244185612537 365.22592057846487 17.044853901490576 43.107634498272091 10.977378183044495 2.7007010616362077 4.8881160961464039 178.62658635340631 121.07365354988724 6.9136694115586561 6.885690932162106 2.684329826384781 4.9784276252612463 2.0807974096387625 9.5976505177095515 2.8763019517064086 1.2002643290907142 167.83766896347515 7.9536158479750156
leaf_count=2327 137 346 2297 7317 1162 337 4562 2370 155 568 66 9 66 776 669 240 132 59 95 8 106 89 24 7923 82
internal_value=-5.81874e-05 -0.00949876 -0.0022536 -0.0185179 0.0138785 -0.0420835 -0.00478929 0.022668 -0.0468689 -0.0156508 0.0340506 0.0379163 -0.0145973 0.0400054 0.0283389 0.00488833 -0.0303364 -0.0472413 0.0234741 -0.0554069 0.0483943 -0.00430879 -0.0425987 -0.0568033 -0.0699875
internal_weight=1676.22 1313.42 1101.02 548.188 552.831 201.037 347.151 426.202 212.401 126.629 362.805 336.302 26.5034 326.715 138.491 30.1372 9.58639 15.5261 22.0233 182.264 188.224 4.9571 8.11393 177.306 10.6379
internal_count=31922 29820 20940 14543 6397 7654 6889 3532 8880 2865 2102 1829 273 1688 806 514 141 207 250 8366 882 97 264 8269 141
is_linear=0
shrinkage=0.05


Tree=28
num_leaves=29
num_cat=0
split_feature=32 39 1 6 22 0 31 34 1 35 6 2 24 1 6 35 0 25 38 43 9 2 29 31 6 32 29 2
split_gain=205.058 139.254 101.04 95.7669 74.227 60.8812 60.3588 53.5947 40.6353 29.7412 46.0669 61.8371 25.7031 25.5763 18.8097 37.3095 15.1523 13.6398 12.9235 10.1798 8.05458 7.79479 6.2199 12.0307 8.61731 4.12151 1.10006 0.414423
threshold=0.0027532156091183428 9.3813043349655359e-05 0.30242420732975012 -0.4033179879188537 1.0000000180025095e-35 0.63584145903587352 0.061415445059537895 0.35556218028068548 0.10124753043055536 0.034981053322553642 0.4014939963817597 0.1756609529256821 0.36245970427989965 0.5097579061985017 0.11719202250242235 0.077722117304801955 0.41834877431392675 -0.00020348942780401555 0.0020588912302628164 0.025846904143691066 0.0046341011766344318 0.13516777008771899 -0.69761627912521351 0.0089270719327032583 0.012002235744148495 0.023359116166830066 0.26063023507595068 0.12224537134170534
decision_type=2 2 2 2 2 2 2 2 2 2 2 2 2 2 2 2 2 2 2 2 2 2 2 2 2 2 2 2
left_child=1 2 5 13 14 8 -5 9 -1 12 11 -11 17 -4 19 -16 -12 -2 -7 -3 -6 -14 25 24 -24 27 -25 -9
right_child=7 4 3 6 20 18 -8 22 -10 10 16 -13 21 -15 15 -17 -18 -19 -20 -21 -22 -23 23 26 -26 -27 -28 -29
leaf_value=-0.02393310508286272 0.042079948727912493 -0.055685584756044654 -0.053790632758327142 -0.041669605559058819 -0.0056492129426846654 -0.055789270829553754 0.028020661206281473 0.039470158004332442 0.034909619250539543 -0.026913763013941779 0.047597457567861469 0.051960009778647877 -0.051920555889621169 0.049197639272301918 -0.049496871450841223 0.018180199521284534 -0.016385632167940735 0.014538218809218961 0.045855178731961072 -0.0080185487983964517 0.05211392047285604 0.036849258427280512 0.02575089789847685 0.051876175979665484 -0.035878804050900152 0.017333704806869157 0.027212424044500739 0.056363122473446096
leaf_weight=32.660597487352788 115.95923241600394 228.63226759340614 5.9668303842190644 230.73002300551161 8.0731208734214324 27.878218000987548 35.167542475275695 15.252175776287912 241.8526528540533 140.55989103252068 52.198963777162135 29.181431474164128 12.05166099546477 52.32177974563092 56.855372348567471 30.769920108839869 10.678203337825833 75.481979010161012 2.7530129849910727 12.160131377633659 20.94533583521843 2.2929690135642877 12.971895277500154 31.143595332279801 8.5483966059982759 9.2885307017713767 9.7178111821413022 95.742447398602962
leaf_count=558 677 12197 131 5952 56 1135 317 108 1536 2599 241 95 452 260 2743 622 144 792 5 401 79 10 72 138 50 45 48 386
internal_value=-0.000262307 -0.0144237 -0.000255125 -0.0196629 -0.0392996 0.0203606 -0.0323819 0.0222246 0.0278473 0.0126907 0.000424191 -0.0131291 0.0264875 0.0379256 -0.0460777 -0.0257949 0.036645 0.0313527 -0.045493 -0.0533215 0.036391 -0.0362541 0.0449126 0.0311817 0.000763924 0.051718 0.0468007 0.054415
internal_weight=1607.84 986.767 629.331 324.186 357.436 305.144 265.898 621.069 274.513 438.404 232.618 169.741 205.786 58.2886 328.418 87.6253 62.8772 191.441 30.6312 240.792 29.0185 14.3446 182.665 62.3817 21.5203 120.283 40.8614 110.995
internal_count=31849 25992 9894 6660 16098 3234 6269 5857 2094 5010 3079 2694 1931 391 15963 3365 385 1469 1140 12598 135 462 847 308 122 539 186 494
is_linear=0
shrinkage=0.05


Tree=29
num_leaves=26
num_cat=0
split_feature=9 20 7 24 22 36 2 24 3 5 29 5 24 16 34 24 5 26 43 4 24 29 2 3 30
split_gain=183.762 128.732 58.9709 53.3221 51.317 43.2056 38.1565 34.6549 32.5157 29.5737 26.2687 27.0892 22.0983 19.2875 16.8943 8.56635 6.807 7.4852 6.47353 6.23979 5.69871 5.65101 3.25206 3.00589 1.07898
threshold=0.029286806471645836 0.9806933104991914 0.91380706429481517 0.37059721350669866 1.0000000180025095e-35 0.00055357374367304157 0.11722170934081079 0.070523668080568327 0.0018714344478212299 0.0030923159793019299 0.22459787130355838 0.0039153750985860833 0.27909545600414282 0.98084324598312389 0.11571510508656503 0.21348178386688235 0.0039319342467933902 -0.37464822828769678 0.030184123665094379 -0.00013729410420637575 0.35625863075256353 0.33356796205043798 0.13213793933391574 0.0028994790045544509 0.0035337774315848951
decision_type=2 2 2 2 2 2 2 2 2 2 2 2 2 2 2 2 2 2 2 2 2 2 2 2 2
left_child=1 6 16 10 5 9 15 18 -9 -3 11 -4 -7 -12 -6 19 20 -18 -8 -1 24 -16 -22 -17 -2
right_child=2 4 3 -5 14 12 7 8 -10 -11 13 -13 -14 -15 21 23 17 -19 -20 -21 22 -23 -24 -25 -26
leaf_value=-0.044534495176967524 0.052261776753318716 -0.021936257448549688 0.030434227266898276 -0.057966960686700514 -0.049409657370919666 0.015768696875465178 -0.059628141523786184 0.02202704212729301 -0.016067667529949425 -0.049242304936941476 0.011486955981761617 -0.013938211528309784 -0.031992190108473074 -0.05746537757132917 0.04724158242488314 -0.056881095978737521 0.036726227082117147 -0.040344370031038468 0.010038293612865181 0.028112136562847174 -0.014974096901066831 -0.0010542064552776377 0.037300454719914569 0.010312632990390909 0.028633402217651566
leaf_weight=3.8580634910613298 155.41255790344439 158.57429367932491 205.77538155415095 24.852339861448854 5.725028369575738 61.209067707881331 18.226939825341109 319.47400899836794 67.118627861142159 275.86809372657444 21.34108671778813 40.648002306930721 38.667972936062142 17.866945255082101 28.449360672384501 26.966154330410067 7.3955772393383086 4.0703503265976888 3.7168037518858901 6.5489417500793916 5.2621131390333158 7.5709426533430806 4.8211559187620878 1.4705947805196036 9.0996318152174336
leaf_count=68 740 4492 1625 1256 42 855 327 2044 832 14693 249 745 1302 709 129 1186 66 82 15 49 101 67 28 22 67
internal_value=-0.000656863 -0.0127642 0.0242734 0.0108718 -0.0283716 -0.0325454 0.00735106 0.0118804 0.0153888 -0.0393487 0.0170427 0.0230882 -0.00285605 -0.0205821 0.0245622 -0.0393889 0.0464592 0.00832491 -0.0479049 -0.000362455 0.0489019 0.0373362 0.0111305 -0.0531739 0.0511357
internal_weight=1519.99 1023.44 496.545 310.484 576.065 534.319 447.38 408.536 386.593 434.442 285.631 246.423 99.877 39.208 41.7453 38.8438 186.061 11.4659 21.9437 10.407 174.595 36.0203 10.0833 28.4367 164.512
internal_count=31791 26123 5668 4584 21580 21342 4543 3218 2876 19185 3328 2370 2157 958 238 1325 1084 148 342 117 936 196 129 1208 807
is_linear=0
shrinkage=0.05


Tree=30
num_leaves=23
num_cat=0
split_feature=31 16 38 5 2 2 2 21 3 42 1 0 29 32 33 2 17 19 6 34 1 16
split_gain=163.902 128.543 63.2109 49.5572 48.6228 36.6555 36.5782 31.4824 31.4379 24.239 22.139 21.2989 18.494 17.1626 12.4857 12.329 9.97905 9.13372 6.87395 2.03161 1.45077 0.890417
threshold=0.032394660636782653 0.96257278323173534 0.0026924398262053732 0.0031511094421148305 0.1413046792149544 0.10669768974184991 0.1087399832904339 0.81219512224197399 0.0018714344478212299 0.65625000000000011 0.78859341144561779 0.90531975030899059 0.80717387795448314 0.0024751146556809549 0.0001874129302450456 0.11627658084034921 0.15833333879709247 0.0056780576705932626 0.048466393724083907 0.573562651872635 0.92692518234252941 0.70850455760955822
decision_type=2 2 2 2 2 2 2 2 2 2 2 2 2 2 2 2 2 2 2 2 2 2
left_child=1 6 3 4 -3 17 19 -5 9 -8 15 12 13 -7 -14 -4 -10 -2 -12 -1 -19 -13
right_child=5 2 10 7 -6 11 8 -9 16 -11 18 21 14 -15 -16 -17 -18 20 -20 -21 -22 -23
leaf_value=-0.055265189351382027 0.031758847738502842 -0.0338117462001623 -0.047669913822711317 0.016428902137238827 0.010395374965920945 0.022014111640562925 -0.016991151130880636 -0.046538659760011251 0.016984848784222135 0.029440683283504 -0.064480760919890565 0.0034539561429179511 0.045253228953815824 0.044664240666483647 -0.03237954126157358 0.021388222887720111 -0.029928146436565141 -0.05424009285380979 0.0069247904526910549 0.011970548095178057 -0.0056175067472902223 -0.049782222922865778
leaf_weight=18.128644941374663 3.5108838435262468 129.33646059641615 5.9542800681665531 20.751256884774193 118.28659803397022 145.74672148237005 30.884918623138219 304.23303701286204 15.041303912643341 257.45044391346164 11.044170175679026 0.72841887455433418 6.3191414484754231 207.15706852544099 16.912322268821299 104.73039664886892 39.152108728885651 15.897811228409411 4.4296875605359665 0.85226719826459785 1.9587166090495873 7.456462710048072
leaf_count=927 25 4347 226 469 1995 1127 309 16166 104 1499 263 19 39 1181 276 1021 593 797 55 8 53 456
internal_value=0.000240759 -0.0101018 -0.022613 -0.0296626 -0.0127377 0.0272297 0.0140769 -0.0424799 0.0178674 0.0244256 0.00936514 0.0307897 0.0325583 0.0353985 -0.0102667 0.0172797 -0.0168357 -0.0353147 -0.04486 -0.0517982 -0.0494873 -0.0451842
internal_weight=1465.96 1060.28 698.766 572.607 247.623 405.688 361.51 324.984 342.529 288.335 126.159 384.32 376.135 352.904 23.2315 110.685 54.1934 21.3674 15.4739 18.9809 17.8565 8.18488
internal_count=31955 27982 24542 22977 6342 3973 3440 16635 2505 1808 1565 3098 2623 2308 315 1247 697 875 318 935 850 475
is_linear=0
shrinkage=0.05


Tree=31
num_leaves=21
num_cat=0
split_feature=22 16 37 2 17 24 1 2 43 43 30 1 29 3 40 39 17 1 31 5
split_gain=155.75 126.325 59.5241 54.9135 46.0078 42.4241 34.7455 28.7575 27.2047 19.5028 17.4589 14.5556 11.2347 10.0003 9.2038 7.15479 2.87664 5.59779 2.29759 1.6867
threshold=1.0000000180025095e-35 0.98507279157638561 0.063438963145017638 0.1087399832904339 0.17500000447034839 0.061387583613395698 0.79874795675277721 0.12795089930295947 0.049235926941037185 0.028955467045307163 0.003971716621890665 0.76412475109100353 0.53535839915275585 0.0018714344478212299 0.19049634039402011 0.00094877701485529553 0.10833333432674409 0.5261439085006715 0.12875780463218692 0.0031357192201539878
decision_type=2 2 2 2 2 2 2 2 2 2 2 2 2 2 2 2 2 2 2 2
left_child=1 3 4 18 11 9 -7 14 -6 -5 12 -3 16 -9 -4 -14 17 -2 -1 -18
right_child=10 2 7 5 8 6 -8 13 -10 -11 -12 -13 15 -15 -16 -17 19 -19 -20 -21
leaf_value=-0.055531979986067043 -0.0042038767360871249 0.032685016864620137 -0.045873495316426642 -0.064719018687311822 -0.036651267569937196 0.019040491778480412 -0.018457614719880399 0.049758495139341857 0.041928239082262418 0.037161893388719482 -0.03008289833097616 -0.052947124392204274 -0.033291277739393992 -0.019461233844584102 0.022652121011202841 0.03031309586658907 0.05271663291936473 0.049511722333383336 0.0019186375370818928 0.035559216228968765
leaf_weight=32.399474259000272 8.2269990388304013 34.622741936706007 16.045176972169433 24.033523636404428 441.79527645290364 518.95529529592022 69.300172427203506 40.922372556757182 10.500681999605147 5.0879185833036891 7.6289871400222173 4.8459388087503603 6.6122389454394606 5.4215431860648087 6.1670038672164074 9.5683022961020452 128.63517009350471 10.328609444200991 1.7667668452486385 26.621636746451259
leaf_count=1802 50 283 739 411 21204 4615 1015 280 57 29 78 159 71 134 87 51 699 39 47 140
internal_value=-3.23735e-05 -0.00675365 -0.0241405 0.00821293 -0.0302213 0.0116575 0.0145992 0.0192859 -0.0347385 -0.0462762 0.0410105 0.0211226 0.0440078 0.0414208 -0.0266918 0.00389608 0.0476982 0.0266987 -0.0525911 0.0500211
internal_weight=1409.49 1211.86 560.321 651.543 491.765 617.377 588.255 68.5561 452.296 29.1214 197.622 39.4687 189.993 46.3439 22.2122 16.1805 173.812 18.5556 34.1662 155.257
internal_count=31990 30862 22943 7919 21703 6070 5630 1240 21261 440 1128 442 1050 414 826 122 928 89 1849 839
is_linear=0
shrinkage=0.05


Tree=32
num_leaves=27
num_cat=0
split_feature=38 37 0 7 1 30 24 27 0 2 9 36 31 3 7 29 2 30 0 31 43 6 40 1 21 7
split_gain=135.389 112.811 81.553 48.2681 68.3935 46.0856 38.0499 29.2959 27.4287 18.1336 17.3959 17.2564 16.5332 16.0276 11.4097 6.48255 6.21617 6.40323 12.8493 5.34188 4.14397 2.88001 2.48996 2.30916 0.422717 0.38248
threshold=0.0023332625860348348 0.028857713565230373 0.74029171466827404 0.91380706429481517 0.29120439291000372 0.0036659907782450323 0.30491694808006292 1.8422023653984072 0.35550124943256384 0.10725653171539308 0.07134424522519113 0.00036573139368556445 -0.03824199736118316 0.0017452143365517261 0.84901127219200145 0.355443686246872 0.11217000335454942 0.0038368580862879757 0.3938301950693131 0.16639116406440738 0.049235926941037185 -0.63371655344963063 0.23397780954837802 0.84115007519721996 0.98855915665626537 0.91954767704010021
decision_type=2 2 2 2 2 2 2 2 2 2 2 2 2 2 2 2 2 2 2 2 2 2 2 2 2 2
left_child=1 5 3 13 -5 6 8 9 -1 21 11 -11 -7 -3 -8 -12 20 23 -19 24 25 -2 -14 -18 -4 -9
right_child=7 2 19 4 -6 12 14 16 -10 10 15 -13 22 -15 -16 -17 17 18 -20 -21 -22 -23 -24 -25 -26 -27
leaf_value=0.018628353466131231 0.024100528199296676 0.045740105312154035 -0.055087966735176019 0.023358855432001648 -0.024760387321378512 0.045386661058148016 0.020964919916222961 -0.0035580705866920278 -0.020567595402133338 -0.010621365949723616 0.044829362394495718 0.017978908448191371 -0.056132262233516778 -0.017933706579321532 -0.051660037851916432 -0.0044339015116209015 0.047730605239982724 0.045265824679567579 -0.034134297145840257 0.027237220075993569 0.036282392937120163 -0.051644189633086417 0.017675735138367871 0.022204664825432537 -0.0053034309124342875 -0.04379597584126993
leaf_weight=70.268579720053822 0.81788766384124656 104.72154036094435 52.55393850710243 164.24246539874002 132.51123493723571 3.4539604661986223 5.2924419348128131 0.9156147781759495 118.59358486207202 76.738324957201257 52.758248381316662 163.94538214197382 145.0940732548479 10.377606827765701 76.025307184550911 7.4302514488808802 113.88357988093048 11.578362138941886 7.6438488257117561 1.5002134451642621 2.2323896512389183 11.344896629918365 0.72743833810090919 12.401081121526657 0.65636398131027718 2.9591231383383274
leaf_count=1557 5 694 3185 1809 3257 28 91 16 3194 1325 341 1386 8984 222 4004 79 586 49 133 18 17 615 3 83 24 130
internal_value=-0.000548398 -0.0120092 0.0049082 0.0125608 0.00186088 -0.0307934 -0.0183618 0.0212845 -0.00596294 0.0124785 0.0149481 0.00885393 -0.053022 0.0398941 -0.0467361 0.0387748 0.0392652 0.0413315 0.0135652 -0.0518908 -0.00885459 -0.0451067 -0.0556462 0.0454181 -0.054583 -0.036968
internal_weight=1350.67 886.019 466.563 411.853 296.754 419.455 270.18 464.649 188.862 313.035 300.872 240.684 149.275 115.099 81.3177 60.1885 151.614 145.507 19.2222 54.7105 6.10713 12.1628 145.822 126.285 53.2103 3.87474
internal_count=31835 27070 9209 5982 5066 17861 8846 4765 4751 3751 3131 2711 9015 916 4095 420 1014 851 182 3227 163 620 8987 669 3209 146
is_linear=0
shrinkage=0.05


Tree=33
num_leaves=29
num_cat=0
split_feature=32 34 24 30 4 22 34 6 7 6 19 2 34 2 31 34 0 5 2 27 37 9 0 9 29 2 2 44
split_gain=132.539 107.189 83.0283 96.0548 41.871 37.7298 36.8654 34.1705 27.0146 26.2649 31.1116 42.7399 20.3842 19.6127 15.0877 9.34664 8.32366 8.43485 7.15612 6.50897 4.86037 5.17174 6.02967 4.71906 2.07304 1.05807 0.91304 0.458986
threshold=0.0027239220216870312 0.052564529702067382 0.28098160028457647 0.0036659907782450323 -0.0013141477247700093 1.0000000180025095e-35 0.37249372899532324 0.49194628000259405 0.97070041298866283 0.41632828116416937 0.037891089916229255 0.16612013429403308 0.043571533635258682 0.128637470304966 0.048042146489024169 0.12758113443851474 0.5242542326450349 0.0031511094421148305 0.13516777008771899 2.1611330509185795 0.036321267485618598 0.0096857948228716868 0.24598101526498797 -0.0013754197861999271 0.23696463555097583 0.1426937207579613 0.12391385063529016 0.0044858318287879237
decision_type=2 2 2 2 2 2 2 2 2 2 2 2 2 2 2 2 2 2 2 2 2 2 2 2 2 2 2 2
left_child=1 2 3 8 -5 14 9 12 -1 10 13 -12 -4 -2 19 -7 23 -18 -16 -3 21 22 -8 -11 26 -23 -22 -9
right_child=6 5 7 4 -6 15 20 27 -10 16 11 -13 -14 -15 18 -17 17 -19 -20 -21 24 25 -24 -25 -26 -27 -28 -29
leaf_value=0.047595166471497634 -0.001941372036252766 -0.05015824344305695 -0.045592023351537558 -0.070628130330953623 -0.0063682433286145453 -0.020054349363708153 0.033284726350166098 0.046888876283495251 0.015909137735419934 0.010819012567922096 -0.026160504309874461 0.036377280905489626 0.028305347272222892 0.034937736758037304 -0.027495480397255426 0.048829181407493871 0.034071459624854528 -0.052323427499651159 0.030174961582956253 -0.0047722665782911518 0.03478242962759185 0.050024752741554962 -0.026465044493398749 0.049038075025761955 0.02086862256559556 0.023583239313831328 0.056043316118495036 0.022882510119343415
leaf_weight=105.81927794939838 56.29493801202625 202.38953057280742 121.02863340359181 34.852450555888936 87.327450256794691 6.798495774157348 7.734139724634586 7.848457979038356 186.25570574216545 10.03526331251487 108.21470170398243 35.485327270813286 9.4477102467790228 98.754587152041495 11.468696994241329 13.396244397386907 5.2485493058338744 4.1690423232503235 8.4670720084104669 8.449723164085297 12.428786712698637 16.030701430514458 7.1953092124313116 61.439466210082173 7.1312710810452691 8.7662827335298044 67.990845611318946 7.3013160428963602
leaf_count=569 1263 14086 4899 933 2395 55 44 30 1768 120 2332 260 272 724 538 68 40 98 103 271 114 86 65 341 50 46 377 58
internal_value=0.000891241 -0.0116423 0.000544712 0.0119649 -0.0251233 -0.0387243 0.020923 -0.0318017 0.0275123 0.0130512 0.00615212 -0.0105727 -0.0400666 0.0216211 -0.0444566 0.0257877 0.0381444 -0.00552573 -0.00273046 -0.0483704 0.0441181 0.028387 0.00463445 0.0438953 0.0508549 0.0419536 0.053225 0.0374525
internal_weight=1317.77 810.851 559.881 414.255 122.18 250.97 506.919 145.626 292.075 379.642 298.75 143.7 130.476 155.05 230.775 20.1947 80.8923 9.41759 19.9358 210.839 127.277 39.7264 14.9294 71.4747 87.5509 24.797 80.4196 15.1498
internal_count=32005 26045 10924 5665 3328 15121 5960 5259 2337 5178 4579 2592 5171 1987 14998 123 599 138 641 14357 782 241 109 461 541 132 491 88
is_linear=0
shrinkage=0.05


Tree=34
num_leaves=27
num_cat=0
split_feature=9 16 32 24 2 5 24 25 5 29 1 38 6 4 7 17 6 30 35 2 6 5 36 0 20 4
split_gain=122.841 83.0906 38.6807 38.2983 36.9716 33.0849 32.7319 32.5583 28.4972 29.4902 24.2599 23.984 17.9623 17.6594 15.4888 12.2018 11.4779 9.73512 8.79097 8.34435 7.83504 7.80035 7.09443 5.72167 4.86513 2.15299
threshold=0.029286806471645836 0.97945997118949901 0.0028460574103519325 0.36494031548500067 0.12199999764561655 0.0031655923230573539 0.30491694808006292 -0.0016250052722170947 0.0035520845558494334 0.53535839915275585 0.094678498804569258 0.0053900324273854503 0.58033692836761486 -0.0033287173137068744 0.93762344121932995 0.99166667461395275 -0.0097695258446037752 0.0044256313703954228 0.033571111038327224 0.13119109719991687 0.048466393724083907 0.0049783021677285441 0.00098336796509102009 0.55553334951400768 0.92047905921936046 -0.0025331568904221054
decision_type=2 2 2 2 2 2 2 2 2 2 2 2 2 2 2 2 2 2 2 2 2 2 2 2 2 2
left_child=1 4 5 8 20 6 -3 19 9 10 -2 -9 25 -7 -11 21 18 -18 -4 -6 23 -10 -17 -1 -22 -5
right_child=3 2 16 12 7 13 -8 11 15 14 -12 -13 -14 -15 -16 22 17 -19 -20 -21 24 -23 -24 -25 -26 -27
leaf_value=-0.061253510332542942 -0.04953920632163672 0.0023801886657444957 0.0088254674368331738 0.0064555777888615998 0.008579084233575604 0.007910342462646448 -0.04325335428038049 -0.0086298200064754658 0.027659323056888119 0.036902443644051701 0.041903540915576291 0.025260125033901265 0.041097333444279183 -0.049243977484058406 -0.043994830449994846 -0.028857768575162063 0.02433086506282281 -0.047970906649435617 -0.042072785103697996 0.044499569731232008 0.019539494144531482 -0.016515485800099993 0.050780393258965918 -0.017116424329283397 -0.040531341425141525 -0.05592717711055132
leaf_weight=22.370392505079508 6.6606626035645595 101.39313055214006 15.241852361243216 1.2665324164554537 21.276787613984197 14.239422505488617 63.061489914311096 161.50318084983155 37.962785589043051 8.0116094066761452 255.0598069189582 75.92584996111691 5.7811380843631914 195.26966379914666 16.605767115950584 30.436648882459849 51.661755056353286 4.1819626260548821 17.344662869814783 74.478323116898537 8.8376201651990396 12.688793159089981 2.1609179824590674 12.180452696746213 4.1280981302261344 21.284981774399057
leaf_count=918 206 2058 298 39 179 501 3271 1784 492 72 1965 518 41 13962 365 1018 641 198 651 334 101 138 4 564 151 1403
internal_value=-0.00015245 -0.010958 -0.0251783 0.0227119 0.00633455 -0.0321943 -0.015274 0.0122407 0.0270199 0.0344831 0.0393967 0.00226811 -0.03249 -0.0453403 -0.0172544 0.00124545 0.00452032 0.0181678 -0.0187119 0.0366892 -0.0344779 0.0164875 -0.0222242 -0.0466127 -0.00111892 -0.0522983
internal_weight=1241.01 843.095 462.394 397.92 380.701 373.964 164.455 333.184 369.587 286.338 261.72 237.429 28.3327 209.509 24.6174 83.2491 88.4302 55.8437 32.5865 95.7551 47.5166 50.6516 32.5976 34.5508 12.9657 22.5515
internal_count=31872 26129 21580 5743 4549 19792 5329 2815 4260 2608 2171 2302 1483 14463 437 1652 1788 839 949 513 1734 630 1022 1482 252 1442
is_linear=0
shrinkage=0.05


Tree=35
num_leaves=25
num_cat=0
split_feature=9 21 2 3 38 24 6 0 25 7 1 29 1 17 6 6 2 3 36 24 43 9 24 26
split_gain=110.787 72.6462 51.5921 45.7246 45.5185 34.6797 33.9025 45.9688 27.8443 22.6024 23.562 30.3929 23.6322 18.1047 14.2469 12.2815 9.76922 5.9935 4.70024 4.1412 1.98194 1.14229 0.353444 0.168823
threshold=0.029286806471645836 0.92502695322036754 0.11403447762131692 0.0018714344478212299 0.0058516415301710376 0.37059721350669866 0.0072037980426102885 0.33964709937572485 -6.2065424572210745e-05 0.91380706429481517 0.30242420732975012 -0.79400253295898426 0.10890023410320283 0.15833333879709247 -0.48620580136775965 0.58033692836761486 0.12625496089458468 0.0029522485565394167 0.00047940360673237597 0.33672602474689489 0.038500366732478149 0.028237130492925647 0.24060026556253436 0.38873891532421118
decision_type=2 2 2 2 2 2 2 2 2 2 2 2 2 2 2 2 2 2 2 2 2 2 2 2
left_child=1 2 20 8 6 9 14 -8 -4 17 12 -12 -11 -5 -3 -7 23 19 -18 -2 21 -1 -22 -6
right_child=5 4 3 13 16 15 7 -9 -10 10 11 -13 -14 -15 -16 -17 18 -19 -20 -21 22 -23 -24 -25
leaf_value=-0.054186544780228774 0.04821492639467883 -0.0050468300660119966 0.024578545576741412 0.020103063240458297 -0.04667815975698577 -0.05495384827022403 0.010775559808753291 -0.04488243472885392 -0.0042675749326536814 -0.026239771242060152 0.035386354325235445 -0.014516288222526067 0.043597446309847951 -0.043304620883362704 -0.05697909518371759 0.036155913559801821 -0.0019365880371752431 -0.0095831317046485634 0.046554941476095242 0.015336019855536285 0.013005070299772352 0.005704094079691583 -0.016287510879203645 -0.010487882703674142
leaf_weight=38.739415252348408 107.87341368803754 14.880011909408493 230.83222899655811 13.534388261847196 2.8021733365021642 17.971002694685016 71.855013371328823 75.007624800200574 130.47844131622696 13.305751174222676 45.438036171719432 87.988332799868658 89.539853654801846 53.735832517500967 132.80843971570721 3.8544215103611341 6.2240353431552675 4.8902276065200558 22.840586706995964 11.790174132212995 1.0310658807866269 0.62769304448738594 1.1125363186001775 1.1284825401380656
leaf_count=2619 819 482 2515 95 103 1339 2192 3987 2920 438 473 1811 627 2199 8613 33 78 68 99 128 20 13 61 31
internal_value=-6.97693e-05 -0.010678 0.00192494 0.00712061 -0.0287164 0.0220133 -0.0349543 -0.0177621 0.0141785 0.0257374 0.0165355 0.00261476 0.0343965 -0.0304398 -0.0518159 -0.0379846 0.0263597 0.0429221 0.0364517 0.0451294 -0.0506237 -0.053114 -0.00254288 -0.0405223
internal_weight=1180.29 797.638 470.092 428.581 327.546 382.651 294.551 146.863 361.311 360.826 236.272 133.426 102.846 67.2702 147.688 21.8254 32.9953 124.554 29.0646 119.664 41.5107 39.3671 2.1436 3.93066
internal_count=31763 26027 10442 7729 15585 5736 15274 6179 5435 4364 3349 2284 1065 2294 9095 1372 311 1015 177 947 2713 2632 81 134
is_linear=0
shrinkage=0.05


Tree=36
num_leaves=25
num_cat=0
split_feature=9 21 38 1 17 24 0 24 1 0 5 1 4 38 36 6 31 0 38 19 31 36 19 25
split_gain=96.3108 67.5833 38.2707 35.0147 33.4173 51.1396 41.8109 31.9741 29.212 34.3197 27.9238 24.2614 21.5044 13.5262 18.0886 11.4713 8.98036 8.65953 8.58745 6.20413 3.51033 1.69182 0.675372 0.622901
threshold=0.029286806471645836 0.93560272455215465 0.0058516415301710376 0.094678498804569258 0.99166667461395275 0.27272267639636999 0.36320692300796514 0.37059721350669866 0.33579342067241674 0.22967917472124103 0.0035414807498455052 0.10890023410320283 0.001229012734256685 0.0032518398948013787 0.00074355816468596469 0.58033692836761486 0.061415445059537895 0.33412870764732366 0.0121668903157115 0.0034932494163513188 0.0028547027613967661 0.00055357374367304157 0.037891089916229255 0.0012168175308033826
decision_type=2 2 2 2 2 2 2 2 2 2 2 2 2 2 2 2 2 2 2 2 2 2 2 2
left_child=1 3 8 19 5 -5 -6 10 9 -3 11 20 -13 14 -12 -9 -10 -15 21 -1 -2 -4 -20 -21
right_child=7 2 18 4 6 -7 -8 15 16 -11 13 12 -14 17 -16 -17 -18 -19 22 23 -22 -23 -24 -25
leaf_value=0.040850666889660311 0.012133192873552637 0.022056978373778166 0.013026133239651931 0.023787120016104127 0.012230206643292774 -0.020027463069582741 -0.039541581876415606 -0.054519890009043587 -0.052522050002223888 -0.041525373727396619 -0.044067430655730433 0.041522965373749013 0.0017434915539757908 0.054557320329762939 0.017430201969172773 0.03500602074935244 0.023127764403124834 -0.00045533916056061187 -0.046741127096060361 -0.059388305462235995 -0.052641995225734539 0.047336759385231388 -0.0048547039794130178 -0.0083275027052288619
leaf_weight=1.0009437790140534 2.2649730020202687 36.835942771285772 5.8394169891253176 241.65125615824945 70.440261070616543 90.92756542051211 85.350480567896739 17.445687762694437 149.56667923450004 47.579942682874389 27.756377035984769 209.84014798491262 40.607536780415103 12.120020677335562 19.734174101846293 3.7071208939887574 3.4989792350679627 15.693318077828733 2.4507105378434053 26.571295896428641 8.4587525879032892 15.354111398570238 1.6891405759379265 0.9730491004884233
leaf_count=5 58 955 74 2230 1854 2833 4124 1330 9416 2988 1218 1796 632 48 140 33 64 245 76 1468 252 76 26 6
internal_value=-0.00100966 -0.0108614 -0.0314534 -0.000351235 0.00284078 0.011784 -0.0162044 0.0204402 -0.0376833 -0.013847 0.0242131 0.0319216 0.0351057 -0.00259 -0.0186803 -0.0379581 -0.0506539 0.0245786 0.0261606 -0.0532099 -0.0390928 0.0388961 -0.0339203 -0.0579394
internal_weight=1137.36 779.73 262.815 516.915 488.37 332.579 155.791 357.628 237.482 84.4159 336.475 261.171 250.448 75.3039 47.4906 21.1528 153.066 27.8133 25.3334 28.5453 10.7237 21.1935 4.13985 27.5443
internal_count=31947 26195 13675 12520 11041 5063 5978 5752 13423 3943 4389 2738 2428 1651 1358 1363 9480 293 252 1479 310 150 102 1474
is_linear=0
shrinkage=0.05


Tree=37
num_leaves=25
num_cat=0
split_feature=43 32 1 1 30 2 37 30 0 25 36 2 21 41 19 4 19 1 16 2 22 43 0 27
split_gain=87.4846 82.3552 73.0958 65.9748 45.2675 25.3834 24.3282 23.6091 23.5343 22.8025 20.8305 17.5485 16.8153 14.9382 13.8 12.7056 10.0894 9.99705 9.97147 8.56022 4.87003 4.12506 2.37155 1.88353
threshold=0.019913936965167526 0.0028798455605283384 0.3483570665121079 0.11433785408735277 0.0040589666459709415 0.11605701968073846 0.081883590668439879 0.0037399679422378544 0.42501328885555273 -0.00023146653984440488 0.00064004890737123798 0.10725653171539308 0.93750178813934337 0.0010574653279036286 0.0034932494163513188 0.0023124455474317078 0.038256317377090461 0.90292266011238109 0.87356176972389232 0.12304872274398805 1.0000000180025095e-35 0.06480391696095468 0.49628694355487829 -1.1216334700584409
decision_type=2 2 2 2 2 2 2 2 2 2 2 2 2 2 2 2 2 2 2 2 2 2 2 2
left_child=1 2 3 18 -5 20 12 11 13 -10 14 21 -4 -7 -9 17 -17 -13 -1 -8 -3 -2 -12 -16
right_child=7 5 6 4 -6 8 19 10 9 -11 22 15 -14 -15 23 16 -18 -19 -20 -21 -22 -23 -24 -25
leaf_value=-0.010307911632232108 -0.046287329311306996 -0.052976965900467299 -0.026488934853437562 0.022350525039632162 -0.034886160571762657 -0.0081064739995452811 -0.04463050290156817 0.060990767066834595 0.021802165625687979 -0.027143504911388384 0.05316240304460338 0.045770588330815321 -0.051005524952527997 0.03208772622023541 0.014757237413758667 0.039254014847937904 -0.05623596416580981 -0.023615831333362324 -0.059748355599427233 0.043305373966471265 0.011612671757237175 0.026465443173781938 0.01314229152147595 -0.058369813413905985
leaf_weight=13.958382412325589 6.9365847802255285 15.21709659509361 151.79117843462154 189.79945852397941 41.246967942686751 26.177920067217201 2.6292721845675251 2.0976330796256688 45.22936397138983 48.055659662466496 7.3457428193651131 150.89983362727799 136.4710584722925 176.01601032027975 0.5473647802136864 4.0112267499789578 5.2918403795920312 4.7945473971776655 42.341439696727321 12.261030698660759 3.1699116732925168 1.8565530758351085 8.2414351655170304 17.357004256453365
leaf_count=258 605 917 6350 3755 2108 309 183 9 536 1240 35 1203 9091 1499 11 47 75 113 2412 98 40 24 49 965
internal_value=-0.000181479 -0.00693038 -0.0179204 0.000162527 0.0120262 0.0137372 -0.0350047 0.0288631 0.0173236 -0.00343259 -0.00805155 0.0364254 -0.0382319 0.0268695 -0.0409358 0.0401126 -0.0152495 0.0434968 -0.0478844 0.0259465 -0.0418171 -0.0297926 0.0340705 -0.0554718
internal_weight=1113.74 904.365 590.499 287.346 231.046 313.866 303.153 209.38 295.479 93.285 35.5892 173.791 288.262 202.194 20.002 164.997 9.30307 155.694 56.2998 14.8903 18.387 8.79314 15.5872 17.9044
internal_count=31932 28796 24255 8533 5863 4541 15722 3136 3584 1776 1069 2067 15441 1808 985 1438 122 1316 2670 281 957 629 84 976
is_linear=0
shrinkage=0.05


Tree=38
num_leaves=25
num_cat=0
split_feature=43 38 0 37 2 2 5 2 2 3 24 39 17 4 29 2 24 31 40 24 35 43 29 6
split_gain=81.921 81.4514 61.4146 53.8041 29.8629 23.8183 24.9373 23.2354 19.7307 19.0362 16.0274 12.793 12.5114 12.012 12.3292 6.33896 6.28343 5.65405 5.09905 4.87047 4.71296 3.72913 3.13171 2.91493
threshold=0.016655648127198223 0.0036782399984076623 0.71085646748542797 0.042112592607736594 0.13213793933391574 0.10669768974184991 0.0035297344438731675 0.12330029159784318 0.11981283873319627 0.0032743546180427079 0.061387583613395698 0.0067280572839081296 0.99166667461395275 0.00060062549891881656 0.54785433411598217 0.16806118190288546 0.36245970427989965 -0.053452413529157632 0.20161920040845874 0.11435057595372201 0.022000616416335109 0.06480391696095468 -2.0993624925613399 -0.46536426246166224
decision_type=2 2 2 2 2 2 2 2 2 2 2 2 2 2 2 2 2 2 2 2 2 2 2 2
left_child=1 2 3 4 -1 21 13 11 -5 10 -9 22 19 16 -15 -14 -7 -11 23 -8 -20 -2 -3 -4
right_child=5 7 18 8 -6 6 12 9 -10 17 -12 -13 15 14 -16 -17 -18 -19 20 -21 -22 -23 -24 -25
leaf_value=-0.043645452183067535 -0.049973800146613977 0.018723249845622517 -0.017539662241806343 -0.030778617302645778 -0.011209652917861577 0.049190631210656512 -0.027185230510892035 -0.034148939319113933 0.021569277920562596 0.036663822489463663 0.032803048274809503 0.033627810477529795 -0.037531922313553227 0.026758880113035663 -0.043135558738729596 0.026676718973853455 -0.0014694772757518544 -0.036968407841180551 0.033412227886593343 0.026886887342587568 -0.035362441023744903 0.025715888775953738 -0.052564220533151018 -0.057622859149965504
leaf_weight=99.904124013264664 10.85916278650984 1.1954299388453424 5.9159684441983691 19.857470356626436 242.83779121102998 117.67859999882057 3.9957250391598782 8.6561604822054488 134.70005963230506 2.3005360364913967 166.35361949587241 5.7897669496014705 20.255994149483744 43.993479677010328 6.4189255742821834 3.937758855521678 6.3933616370195514 14.444684880785642 2.640777115011586 29.657600396079943 7.4003939286340028 1.2578271608799685 16.937513967277482 88.776748476317152
leaf_count=6284 1024 21 331 873 8482 879 84 180 1430 11 1253 66 1109 544 95 50 181 291 30 519 202 16 675 7385
internal_value=-8.17327e-05 -0.00767755 -0.0171172 -0.00973783 -0.0207637 0.025255 0.0288576 0.0186294 0.014689 0.0244352 0.0293163 -0.0270212 0.000381028 0.0382425 0.0171934 -0.0264373 0.0465893 -0.0253564 -0.0517328 0.0198676 -0.0158871 -0.0407552 -0.0471316 -0.0553281
internal_weight=1062.16 817.711 602.033 497.299 342.742 244.448 232.331 215.678 154.558 191.755 175.01 23.9227 57.8471 174.484 50.4124 24.1938 124.072 16.7452 104.734 33.6533 10.0412 12.117 18.1329 94.6927
internal_count=32015 27514 25017 17069 14766 4501 3461 2497 2303 1735 1433 762 1762 1699 639 1159 1060 302 7948 603 232 1040 696 7716
is_linear=0
shrinkage=0.05


Tree=39
num_leaves=27
num_cat=0
split_feature=37 17 0 2 3 2 2 29 38 6 1 25 30 9 6 17 25 4 6 43 34 1 43 2 27 6
split_gain=71.0573 59.9807 39.8044 39.034 39.8932 36.7866 33.7901 26.9374 23.3481 22.9433 21.938 17.9122 18.1517 16.6803 14.3933 11.9084 10.9687 15.1718 9.71703 9.58259 7.92697 6.4445 4.30831 3.47992 0.445857 0.375595
threshold=0.029798674397170547 0.19166667014360431 0.40783654153347021 0.10669768974184991 0.0017452143365517261 0.14967180043458941 0.13086953014135363 0.52230322360992443 0.0056284519378095874 -0.022647923789918419 0.86964362859725963 -0.0014430725714191792 0.0054470617324113854 0.050592703744769103 0.16342544555664065 0.15833333879709247 4.6487912186421461e-05 -0.0018011768697760997 0.24566508829593661 0.026626314967870716 0.16819833964109424 0.51472532749176036 0.06480391696095468 0.1502998694777489 3.2327084541320805 -0.68065360188484181
decision_type=2 2 2 2 2 2 2 2 2 2 2 2 2 2 2 2 2 2 2 2 2 2 2 2 2 2
left_child=1 6 5 22 7 8 14 10 -3 -7 -5 21 -13 15 19 -6 23 -18 -9 -1 -15 -4 24 -8 25 -2
right_child=3 2 11 4 13 9 16 18 -10 -11 -12 12 -14 20 -16 -17 17 -19 -20 -21 -22 -23 -24 -25 -26 -27
leaf_value=-0.054552639309560572 -0.0011063408843365961 -0.037518567682465018 -0.031567553414940656 0.030328115857609139 0.025920693074735546 -0.04299543789801414 0.049871902274952425 -0.026940970035263689 0.029152850579421408 0.029055521427503114 -0.012029325354398109 -0.051510320742570607 0.043898516952179341 -0.0075653953346164265 0.039016078397919741 -0.032865418220049063 0.045584984160508442 -0.034076872290425421 0.024122127120480476 0.018378586191985815 0.039366538027170356 0.029567382875037154 0.028209222559231747 0.021359409379124034 -0.00032311377682403482 -0.052228130279640551
leaf_weight=22.368041379842911 0.40895974822343362 88.243033080711029 5.9799746159696978 354.72179551492445 9.1938953036442381 12.305349909933282 48.539858335629106 34.072166889440268 14.635023036040364 66.193749636178836 32.917943844106048 137.82242139580194 4.4445628826506427 16.985954698873684 6.1739639672450712 63.100892201066017 9.9691336620599049 12.136448595672844 11.815139157231895 5.0540551724843672 17.502417457755655 10.349178801989181 1.2420602813363064 16.530112080276012 0.4466627580113699 23.94468047330156
leaf_count=1068 9 5431 247 4456 67 785 227 1183 119 1496 746 10072 65 474 60 2199 51 106 165 110 199 165 16 101 20 2190
internal_value=0.000931769 -0.0136329 -0.0243677 0.0127837 0.0156924 -0.00829153 0.0165378 0.0224258 -0.0278448 0.0173622 0.0267095 -0.042586 -0.048244 -0.0115989 -0.0255412 -0.0251378 0.0328601 0.00226693 -0.0135591 -0.0409373 0.0166901 0.00664919 -0.0459129 0.0430616 -0.0505746 -0.0514472
internal_weight=1027.1 460.745 339.973 566.353 540.31 181.377 120.772 433.527 102.878 78.4991 387.64 158.596 142.267 106.783 33.5961 72.2948 87.1756 22.1056 45.8873 27.4221 34.4884 16.3292 26.0424 65.07 24.8003 24.3536
internal_count=31827 20103 18380 11724 9489 7831 1723 6550 5550 2281 5202 10549 10137 2939 1238 2266 485 157 1348 1178 673 412 2235 328 2219 2199
is_linear=0
shrinkage=0.05


Tree=40
num_leaves=31
num_cat=0
split_feature=7 16 17 1 24 0 1 1 25 43 3 9 37 22 42 43 24 0 24 6 22 10 31 32 4 19 7 29 40 4
split_gain=78.2746 69.2956 38.0473 35.707 35.0576 33.861 40.0269 26.4497 24.1066 21.6223 18.2919 17.6541 16.6846 15.5109 11.8272 11.4642 9.01291 7.88722 7.09556 8.96083 7.49049 7.02335 4.77996 4.62327 4.21222 3.77501 2.62284 1.66666 1.43899 0.109867
threshold=0.90810120105743419 0.97945997118949901 0.24166666716337207 0.82698941230773937 0.070523668080568327 0.3938301950693131 0.26239226758480078 0.087674520909786238 -0.00037510746915359045 0.035613402724266059 -1.0019404726335777e-05 0.009341425262391569 0.047364693135023124 1.0000000180025095e-35 0.96875000000000011 0.042440153658390052 0.22864447534084323 0.17738206684589389 0.33498856425285345 0.51459828019142162 1.0000000180025095e-35 0.0053614997304975995 0.1429480388760567 0.017553722485899929 0.00010330443546990865 0.02985864877700806 0.8819531798362733 0.60859662294387828 0.21514704078435901 -0.0011640054290182886
decision_type=2 2 2 2 2 2 2 2 2 2 2 2 2 2 2 2 2 2 2 2 2 2 2 2 2 2 2 2 2 2
left_child=8 3 11 4 15 6 -4 -6 18 -7 12 14 13 -10 -3 -2 -13 28 23 20 -20 25 -19 27 -23 -5 -14 -1 -12 -21
right_child=1 2 5 21 7 9 -8 -9 10 -11 17 16 26 -15 -16 -17 -18 22 19 29 -22 24 -24 -25 -26 -27 -28 -29 -30 -31
leaf_value=0.049281757279298219 -0.05686222959320017 -0.042364507230760781 0.01770191804153173 -0.011255997175226878 -0.049861818789132123 -0.049274261710269364 -0.032476668832721184 0.019654032317913111 -0.038100011007241308 0.032338514598788747 -0.007503351297819586 0.053551854188221532 0.031973626556983929 0.040863011781515676 0.020131774215593458 0.035459360312663217 0.0057813984169886 -0.053365740667247225 -0.052596191361818957 0.043340121654640087 0.038100838694322292 -0.036228566421628298 0.022224720121579531 -0.00048184662569563595 0.027161713586301289 -0.062452643375659936 0.070365667647163871 0.015958866658101058 0.038244903816626659 0.022091349600220675
leaf_weight=98.08228395995684 21.548111529322345 17.68676974857226 64.290614528115839 4.9280934105627265 13.359180341940371 155.13357773039024 101.00046678679064 318.1571784936823 14.671155588934198 7.8997896388173094 2.5197007262613651 22.094226017594337 12.43022624589503 9.3318853760138154 11.937925057485701 3.2552642924711099 17.717442722292617 16.959499790682461 6.0326753002591449 8.7465238636359555 2.5151370093226433 3.7258069284725917 1.8146435846574593 5.1874862043187013 4.8845034933183342 20.479489322053269 10.492192207835613 5.1487432857975355 3.0163710378110409 4.6927247405983499
leaf_count=884 454 586 2297 227 693 12597 6395 3685 945 169 80 95 108 49 155 20 411 851 292 62 22 62 24 34 68 487 35 96 17 65
internal_value=-0.000159367 -0.00727757 -0.0219396 0.00768122 0.0123853 -0.0290365 -0.0129704 0.0167112 0.0275602 -0.0451467 0.00407719 0.0115531 0.0221842 -0.00699432 -0.0173452 -0.043841 0.0329551 -0.03037 0.0402594 0.0135821 -0.0247138 -0.0405379 -0.045305 0.0454959 -0.00118373 -0.0533247 0.0517535 0.0477888 0.0194606 0.0379643
internal_weight=989.74 788.098 397.761 390.338 356.32 328.324 165.291 331.516 201.641 163.033 71.2357 69.4364 46.9255 24.003 29.6247 24.8034 39.8117 24.3102 130.406 21.9871 8.54781 34.0179 18.7741 108.419 8.61031 25.4076 22.9224 103.231 5.53607 13.4392
internal_count=31965 28401 22705 5696 4852 21458 8692 4378 3564 12766 2109 1247 1137 994 741 474 506 972 1455 441 314 844 875 1014 130 714 143 980 97 127
is_linear=0
shrinkage=0.05


Tree=41
num_leaves=28
num_cat=0
split_feature=34 43 2 21 38 44 44 43 30 20 38 41 6 31 41 36 5 4 35 22 36 17 4 2 2 2 43
split_gain=67.3202 54.6428 47.8492 50.4471 36.7529 16.6641 16.003 20.6025 11.6533 10.9905 9.34444 12.0922 7.46319 7.45297 7.30288 5.88224 5.04272 4.71649 3.69899 3.71018 4.6622 3.3739 2.22648 0.338983 0.315899 0.23246 0.40494
threshold=0.30098859965801245 0.018553763628005985 0.12488645315170289 0.84087085723876964 0.0058516415301710376 0.011814293451607229 0.017315356060862545 0.038500366732478149 0.0025325949536636476 0.90306708216667186 0.0092901401221752184 0.0010458157048560681 0.099566228687763228 0.10283770784735681 0.0040175493340939292 0.00051308202091604482 0.0039024202851578598 -0.003027813276275992 0.043577173724770553 1.0000000180025095e-35 0.00027106731431558734 0.058333335444331176 -0.00031916503212414676 0.12587991356849673 0.14185636490583423 0.11512076109647752 0.038500366732478149
decision_type=2 2 2 2 2 2 2 2 2 2 2 2 2 2 2 2 2 2 2 2 2 2 2 2 2 2 2
left_child=1 2 9 5 -5 -4 16 8 -8 14 18 -12 15 -11 -1 -13 23 -9 25 20 -20 -14 -18 -3 -21 26 -2
right_child=10 6 3 4 -6 -7 7 17 -10 13 11 12 21 -15 -16 -17 22 -19 19 24 -22 -23 -24 -25 -26 -27 -28
leaf_value=-0.019026207199174885 0.0060040269498390988 0.032871844166572725 0.030550594908191488 -0.019112361623149152 0.024864138766960218 -0.031142751219705403 0.014379867768969899 -0.017257559548744472 -0.027883306359462713 -0.048887704997950816 -0.040919762529326692 -0.046853143627687721 0.0037842622875811495 0.0055391163455079601 0.053602561442500467 0.016011095457353179 -0.02804786905075117 0.041501043760203776 -0.043025580902125438 0.023474571977835069 0.022567634227852032 0.049401865895552871 0.025734601512540357 0.05917562177524921 0.049250278920188066 0.052759461939887869 0.037866066990665012
leaf_weight=16.890921224839989 1.9642174341715861 5.9162214724346986 101.29315725388005 367.13164699508343 53.674013411160558 11.446850552922113 31.339355416828766 3.180623000720515 32.019943280727603 102.10045806108974 7.1430367673747233 4.024195913225415 5.1217165258713093 6.4936207805294535 3.298799433046951 13.347917226608841 2.166637402260676 41.102358045987785 2.8189722020179042 4.9143980443477639 8.3587329811416549 22.225730005651712 3.9642195932101449 27.637354818405584 8.9988556653261167 48.39585527498275 2.7213815897703171
leaf_count=548 54 100 987 16076 485 155 728 30 1543 8949 55 66 36 227 22 110 77 506 65 61 102 182 73 129 64 455 42
internal_value=-0.000630078 -0.00600423 -0.0121324 -0.00549804 -0.0134575 0.0240679 0.0214418 0.0112247 -0.00708009 -0.039364 0.0326223 0.0157328 0.025479 -0.0456123 -0.00518977 -0.00030881 0.0481982 0.0369928 0.0434872 0.0259927 0.00385056 0.0412933 0.00546004 0.0556233 0.0423304 0.0511231 0.0279146
internal_weight=939.691 809.656 662.329 533.546 420.806 112.74 147.327 107.642 63.3593 128.784 130.035 51.8626 44.7196 108.594 20.1897 17.3721 39.6844 44.283 78.1724 25.091 11.1777 27.3474 6.13086 33.5536 13.9133 53.0815 4.6856
internal_count=31927 30635 27449 17703 16561 1142 3186 2807 2271 9746 1292 449 394 9176 570 176 379 536 843 292 167 218 150 229 125 551 96
is_linear=0
shrinkage=0.05


Tree=42
num_leaves=22
num_cat=0
split_feature=34 0 7 1 40 17 30 0 20 24 38 35 4 38 6 24 6 39 37 32 0
split_gain=60.9971 53.8373 38.7625 57.4826 35.5481 30.1631 25.1386 31.3628 9.27759 6.62122 4.84247 5.04176 3.20898 4.1104 2.84702 3.29405 2.12629 2.02868 1.73656 1.2453 0.0945999
threshold=0.35556218028068548 0.71085646748542797 0.96901842951774608 0.73808082938194286 0.17162900418043139 0.99166667461395275 0.0044841971248388299 0.19630306214094165 0.42886926233768469 0.074961412698030486 0.0040404677856713542 0.018064271658658985 0.0016475736629217865 0.013861194718629124 -0.46536426246166224 0.24599030613899234 -0.10211719200015067 0.0018164769280701878 0.02203423343598843 0.0073268082924187192 0.11400442197918893
decision_type=2 2 2 2 2 2 2 2 2 2 2 2 2 2 2 2 2 2 2 2 2
left_child=1 2 6 5 14 -4 7 -1 -5 -2 11 -6 16 -14 15 -3 -11 -12 -18 -16 -8
right_child=9 4 3 8 10 -7 20 -9 -10 12 17 -13 13 -15 19 -17 18 -19 -20 -21 -22
leaf_value=-0.0054745133340886902 -0.016586187823923761 0.02570024491087395 0.009963480680444654 0.025698808675063769 0.030442418243830174 -0.018790818773292608 -0.0077257026718618163 0.03573383062731067 -0.048535585540607856 0.0061625105610534723 0.0082897787875476428 -0.035316688559270872 0.039185459021108857 -0.01972607604187868 -0.055967634625824159 -0.04222862542383931 0.026054142899853878 0.040718969702946389 0.052000403874100112 -0.0046792598423731797 -0.052631588332734403
leaf_weight=68.198082692921162 4.4829110801219931 2.2516751552466294 282.85174836218357 3.8477136727888128 3.3696782120969173 133.38181177643128 0.49968919344246288 140.42892987362575 78.363871171837673 3.4503315133042625 10.737742200959476 8.2233765380224195 5.9324384164065105 4.3460124051198363 76.864323865622282 3.1497980867279693 10.854348390828816 8.8436712003312987 58.005925744306296 1.3957829501014192 10.802263889694585
leaf_count=1800 40 48 5407 43 57 6933 27 2044 4823 75 181 404 60 37 8005 289 88 81 560 60 854
internal_value=-6.25828e-05 -0.00424057 0.000858843 -0.00685638 -0.0358727 0.000726229 0.0182964 0.0223014 -0.0447941 0.0395116 0.00949237 -0.0153033 0.0427186 0.0147356 -0.0526894 -0.0143204 0.0464409 0.0242028 0.048342 -0.0551235 -0.0514356
internal_weight=920.282 833.21 718.374 498.445 114.836 416.234 219.929 208.627 82.2116 87.072 31.1745 11.5931 82.5891 10.2785 83.6616 5.40147 72.3106 19.5814 68.8603 78.2601 11.302
internal_count=31916 31056 21931 17206 9125 12340 4725 3844 4866 860 723 461 820 97 8402 337 723 262 648 8065 881
is_linear=0
shrinkage=0.05


Tree=43
num_leaves=28
num_cat=0
split_feature=27 0 1 7 1 0 40 29 9 38 40 0 2 21 29 30 29 43 6 9 7 2 6 22 31 21 34
split_gain=57.2138 44.1862 35.1873 56.4644 43.4595 28.2415 28.0614 27.3979 27.0151 23.6583 14.0359 11.351 7.09218 6.63297 6.92893 6.11821 5.89367 4.13112 4.09183 6.30208 3.50124 3.38253 3.34257 3.16062 1.60953 1.17994 0.775567
threshold=1.0029018521308901 0.69929018616676342 0.30242420732975012 0.96085920929908764 0.11433785408735277 0.50795802474021923 0.17569567263126376 0.054197184741497047 0.0064151920378208169 0.0022096738684922461 0.15201202780008319 0.42842167615890508 0.13086953014135363 0.37373381853103643 0.075621783733367934 0.0044841971248388299 -0.53026109933853138 0.011763987597078087 -0.36629755795001978 0.015218183863908054 0.86662113666534435 0.14321468770504001 -0.013123749289661644 1.0000000180025095e-35 0.048042146489024169 0.99364742636680614 0.23743148893117907
decision_type=2 2 2 2 2 2 2 2 2 2 2 2 2 2 2 2 2 2 2 2 2 2 2 2 2 2 2
left_child=1 2 4 8 5 -1 18 -6 -4 -5 11 12 23 -12 15 -15 26 -18 19 -3 -13 -16 -14 -2 -22 -20 -8
right_child=10 6 3 9 7 -7 16 -9 -10 -11 13 20 22 14 21 -17 17 -19 25 -21 24 -23 -24 -25 -26 -27 -28
leaf_value=-0.050074783951620273 -0.040149973342320192 -0.04440277718941233 -0.013358375190746535 -0.036132758924320628 0.0289888801387608 0.033771173675683143 0.011336858791837786 -0.02507659905398546 0.036230182771863496 -0.0015368617469804563 -0.03322578335314999 0.017201607351350189 -0.01032190258018216 0.043879607517189612 -0.0090396111405616954 -0.017405801902321313 -0.029750512079826808 0.025492815424902438 -0.054695616656787904 0.026453493187931321 -0.056000302959099163 0.024717085221117749 0.049161203119238765 0.030948374009165138 -0.001009131704084669 0.011286983009665135 0.042373835381489797
leaf_weight=37.715221161954105 4.7828776445239809 7.8546545471472182 43.831748045340646 159.73880140308756 191.86520186101552 12.769999718759207 3.7668467778712538 25.896254538733047 70.712174618849531 71.485677074233536 2.9191815779777235 1.8970719438511867 2.5250455627683559 96.745428435504436 10.052778762648812 3.7449800819158545 9.3700579763972183 4.1258328673429778 69.556847946310882 4.0430549872107804 9.2461304279277083 23.354766399599612 11.638768804958087 1.3125875089317558 1.5718694385141123 0.36880084779113431 8.232720166211946
leaf_count=1813 364 706 1785 9273 2436 474 93 1604 1048 1455 45 49 110 1072 248 87 322 85 7622 107 682 273 98 9 81 9 77
internal_value=0.00018251 -0.00597128 -0.000775946 -0.0113046 0.012787 -0.0286223 -0.0354144 0.0224742 0.0173031 -0.0254897 0.0262079 -0.00300836 0.0199602 0.03322 0.0349042 0.0414467 0.0100932 -0.0122685 -0.0495448 -0.0201404 -0.0383919 0.0145917 0.0385755 -0.0226358 -0.0487715 -0.0541934 0.0342524
internal_weight=891.125 721.334 614.015 345.768 268.247 50.4852 107.319 217.761 114.544 231.224 169.791 32.9744 20.2593 136.817 133.898 100.49 25.4955 13.4959 81.8234 11.8977 12.7151 33.4075 14.1638 6.09547 10.818 69.9256 11.9996
internal_count=32027 28909 19888 13561 6327 2287 9021 4040 2833 10728 3118 1393 581 1725 1680 1159 577 407 8444 813 812 521 208 373 763 7631 170
is_linear=0
shrinkage=0.05


Tree=44
num_leaves=25
num_cat=0
split_feature=34 24 25 38 1 6 1 3 25 30 4 38 29 38 24 41 4 9 29 37 35 36 4 1
split_gain=56.1486 40.6125 69.6434 34.5985 31.1881 26.1821 23.718 23.5122 19.768 19.0416 16.4841 9.55741 9.32715 9.0305 10.188 7.29744 5.70884 3.84076 2.79805 2.21955 2.0447 1.97318 1.89659 0.45416
threshold=0.30098859965801245 0.30491694808006292 -0.00016544890968361867 0.0058516415301710376 0.10124753043055536 0.49194628000259405 0.73448938131332409 0.00035063578980043536 0.0007864084909670056 0.004408199107274414 -0.0034156941110268231 0.021482250653207306 0.75231909751892101 0.010665965732187034 0.09130414575338365 0.0013092576991766693 -0.00081682726158760477 -0.086425542831420885 0.24850946664810183 0.081883590668439879 0.043337076902389533 0.00027106731431558734 -0.001188857539091259 0.82054802775383007
decision_type=2 2 2 2 2 2 2 2 2 2 2 2 2 2 2 2 2 2 2 2 2 2 2 2
left_child=1 2 4 5 17 10 -6 9 -9 -4 -3 18 13 20 -15 -16 -14 -1 -5 -13 23 -22 -7 -2
right_child=12 3 7 11 6 22 -8 8 -10 -11 -12 19 16 14 15 -17 -18 -19 -20 -21 21 -23 -24 -25
leaf_value=0.022177548938207406 0.052913900827054883 0.040543692915408117 0.0075474398528674871 0.040450874033905522 0.035001391754246922 0.039577940345902896 -0.0026439071116695486 -0.04305474642790965 0.0033897347652243458 -0.027731813444140132 -0.044604674304407066 -0.045870083020136544 0.028052690189143893 -0.052022906503170332 -0.026911152329851112 0.034438368152068431 -0.051632324993886196 -0.057330833960237242 -0.0027578349463405348 0.023884819372072888 -0.0018209693214794498 0.036719783935277119 0.0020579418809282038 0.022784780564023249
leaf_weight=1.1842222879640747 46.837773524224758 5.1771981540368861 125.81036605592817 22.439855921315033 171.33375631342642 9.5037942286580783 55.079016502539162 91.218619278399274 30.299044532584958 53.78147878969321 139.89749287831364 4.7880781374406061 2.9735390590503812 4.1192250694148234 5.094371295534077 26.750445425277576 4.4946017211768767 12.541641331510617 4.3135846843942991 0.75770946079865087 3.8771237870678332 18.87475070124492 5.1264158111298448 3.4796708333306006
leaf_count=17 519 110 4284 178 2016 89 1443 5282 1001 3286 11711 316 31 40 62 251 64 673 84 13 79 196 115 60
internal_value=-0.000539802 -0.00567466 0.00134494 -0.0253669 0.0213808 -0.0348833 0.0258721 -0.0146518 -0.0315412 -0.00311252 -0.0413093 0.0213216 0.0315519 0.0352586 0.0142126 0.0241035 -0.0203387 -0.0494309 0.0336358 -0.0341467 0.0452855 0.0303519 0.0274037 0.0513149
internal_weight=849.754 733.252 541.248 192.004 240.139 159.705 226.413 301.11 121.518 179.592 145.075 32.2992 116.502 109.033 35.964 31.8448 7.46814 13.7259 26.7534 5.54579 73.0693 22.7519 14.6302 50.3174
internal_count=31920 30618 18002 12616 4149 12025 3459 13853 6283 7570 11821 591 1302 1207 353 313 95 690 262 329 854 275 204 579
is_linear=0
shrinkage=0.05


Tree=45
num_leaves=31
num_cat=0
split_feature=25 2 21 0 36 30 24 38 22 31 24 4 24 40 37 1 38 4 29 32 4 36 0 16 35 32 44 29 29 24
split_gain=56.0554 50.5464 38.2277 41.3958 32.0708 27.0486 24.765 23.5627 21.8653 21.2893 17.7501 16.1027 14.4675 19.9952 12.0853 11.1517 10.2195 8.75287 8.54971 7.85808 7.60511 6.44838 6.10215 5.46117 2.17471 3.26737 1.94232 1.47544 1.33912 0.556018
threshold=-0.00076010558404959727 0.12689898163080218 0.95227012038230907 0.41136083006858831 0.0006665269029326738 0.0044841971248388299 0.219572588801384 0.0043388425838202247 1.0000000180025095e-35 0.05532681196928025 0.21116916090250018 -0.0032622184371575709 0.30587318539619451 0.20161920040845874 0.031400160863995559 0.26625956594944006 0.0066596576943993577 -0.00084301564493216563 0.2729835063219071 0.0040293310303241023 0.0010174697381444278 4.2738511183415546e-05 0.16737509518861773 0.99237188696861278 0.029181584715843204 0.0034686317667365078 0.020120216533541683 0.075621783733367934 -0.44662088155746454 0.087388560175895705
decision_type=2 2 2 2 2 2 2 2 2 2 2 2 2 2 2 2 2 2 2 2 2 2 2 2 2 2 2 2 2 2
left_child=1 6 3 5 9 10 14 11 19 -5 -2 23 18 15 26 -14 -7 -6 22 -8 -20 -13 -3 -4 -9 -26 -1 -15 -10 -16
right_child=2 12 7 4 17 16 8 24 28 -11 -12 21 13 27 29 -17 -18 -19 20 -21 -22 -23 -24 -25 25 -27 -28 -29 -30 -31
leaf_value=-0.046977742040355104 0.038063253945390944 -0.0067605669817718157 -0.028511272554118977 -0.042806384681043239 -0.025387070760172516 -0.059191205314874831 -0.046000962117016028 0.03889798378112018 0.044974606990292175 0.02192845776134586 0.004517085420857307 0.014575341566428257 0.012036527988264727 0.046073117224919316 0.021119259283424049 -0.03847654111126985 0.016194206840529992 0.020557619478739589 0.020693464085052585 -0.0072801076492840155 -0.046559860138273297 -0.055846259741786621 0.04077023317878254 0.041232410945557144 0.036293110393235392 -0.03406920492478055 0.0076643622881352224 0.015180329598609932 0.0052849349796690419 0.048953405931748448
leaf_weight=4.2302360867615816 73.599225732497871 6.7929389905184498 3.8493719029938784 106.95272945106262 12.545487891067749 15.307936286670158 54.932791844010353 8.0622170781716687 8.283088540658353 13.774125740514135 84.302572227839846 2.9994996698806053 20.6450659976108 21.561970735434446 4.5107141565531519 21.370315153733827 5.7034578514285377 44.042310893710237 15.92803107853979 17.664037505164742 4.5987088496331117 81.754755369445775 150.13068417017348 5.8604709260398522 2.0174116296693674 2.6461608838289976 1.9980248389765618 6.2346804095432153 3.1348270913586012 17.074526624754071
leaf_count=114 842 111 266 7516 212 1186 4271 92 119 166 2881 153 427 197 85 1145 79 654 255 720 108 8453 1254 177 13 84 23 101 51 150
internal_value=-0.000207766 0.0145982 -0.0116873 -0.00377051 -0.020834 0.0131623 -0.0132149 -0.0377193 -0.0266952 -0.0353011 0.0202943 -0.0462859 0.0271797 0.00775467 0.0270174 -0.0139532 -0.0389221 0.0101077 0.0347356 -0.0368065 0.0041634 -0.0532131 0.0386829 0.0135027 0.02461 -0.0025974 -0.0308133 0.0399118 0.0353808 0.0443295
internal_weight=822.508 359.091 463.418 356.228 177.315 178.913 111.828 107.19 84.0147 120.727 157.902 94.4641 247.262 69.812 27.8135 42.0154 21.0114 56.5878 177.45 72.5968 20.5267 84.7543 156.924 9.70984 12.7258 4.66357 6.22826 27.7967 11.4179 21.5852
internal_count=31905 9131 22774 13536 8548 4988 5533 9238 5161 7682 3723 9049 3598 1870 372 1572 1265 866 1728 4991 363 8606 1365 443 189 97 137 298 170 235
is_linear=0
shrinkage=0.05


Tree=46
num_leaves=29
num_cat=0
split_feature=5 2 36 1 7 0 17 43 38 0 0 1 40 31 2 7 19 29 25 35 6 2 0 42 33 6 26 2
split_gain=46.6023 42.4984 40.0457 27.4824 34.7971 26.1417 27.3014 25.8392 23.6104 23.3859 26.9291 21.2083 17.1435 14.8713 14.4958 16.0259 12.3655 12.1081 10.1763 8.29926 8.07348 8.78684 7.4007 3.9669 2.62766 2.14011 1.50836 0.565173
threshold=0.0031952154822647576 0.12199999764561655 0.00061566833755932759 0.67100426554679882 0.91380706429481517 0.42171847820281988 0.5249999761581422 0.031657576560974128 0.0012924642651341858 0.13552708178758624 0.41458590328693395 0.31291171908378607 0.15051903575658801 0.05532681196928025 0.17218530178070071 0.99913641810417186 0.010854989290237428 0.010401027742773296 -0.00084188737673684944 0.034981053322553642 0.018362256698310379 0.11179219558835031 0.27246235311031347 0.90625000000000011 0.0060922394040972003 -0.3095353096723556 3.220788955688477 0.10825660452246667
decision_type=2 2 2 2 2 2 2 2 2 2 2 2 2 2 2 2 2 2 2 2 2 2 2 2 2 2 2 2
left_child=1 7 5 9 18 6 22 20 -6 12 -11 -8 -3 16 15 17 -7 -4 -5 -17 24 -22 -2 26 -1 -15 -9 -25
right_child=2 3 14 4 8 13 11 23 -10 10 -12 -13 -14 25 -16 19 -18 -19 -20 -21 21 -23 -24 27 -26 -27 -28 -29
leaf_value=-0.056278214603443878 -0.019954856268505954 -0.033399802197846183 0.022578382192454532 0.050230468497377223 -0.061240459513169969 -0.0010998735202803862 0.0084469723001876062 -0.043500751637477054 0.00090623343548358951 0.047090085114577893 0.012081627366039703 -0.038577735648574765 0.027707731673300415 0.049275078009243363 0.056468795926709371 0.020632493696779025 -0.051762245150014374 -0.040353366390147416 -0.014909436581188066 -0.053017714457731097 -0.046663449253948247 0.0044753224844098624 0.055495315094768786 0.010933137195588687 0.0035582611210079177 -0.0025876543251390073 0.019563677256320966 0.045030465790954453
leaf_weight=31.465436917264014 3.4222776798997101 25.657080914243124 61.816246081958525 24.874145327601582 27.672350390348583 13.696078130626118 39.803535654151347 1.4876905124401685 32.665697781252675 128.56263698125258 96.922387769678608 58.162089528515935 19.198063278337941 3.511255219578743 14.435833510011433 4.4668475973885515 101.59668868524022 7.775444319471716 7.2982670436613253 14.58735436189454 13.69161210459424 19.248000276158564 17.110948366695084 2.1785237523727128 1.8226656082551915 3.3882394399261093 0.79740019887685765 12.573544692015274
leaf_count=2970 168 777 763 254 1614 1163 1987 112 534 1072 1894 5099 283 10 69 125 9449 334 128 269 1391 646 176 109 112 117 15 215
internal_value=-0.000441977 0.0102098 -0.0142543 0.0176007 -0.00587582 -0.0253907 -0.00854273 -0.0218249 -0.0281293 0.0256264 0.0321619 -0.0195793 -0.00721181 -0.0415275 0.0117427 0.00391049 -0.0458051 0.015075 0.0354496 -0.0355841 -0.035878 -0.0175295 0.0425773 0.0317634 -0.0529937 0.0267026 -0.0222376 0.0410089
internal_weight=789.888 446.116 343.773 362.851 92.5105 240.691 118.499 83.2649 60.338 270.34 225.485 97.9656 44.8551 122.192 103.082 88.6459 115.293 69.5917 32.1724 19.0542 66.2277 32.9396 20.5332 17.0372 33.2881 6.89949 2.28509 14.7521
internal_count=31855 12126 19729 6556 2530 18169 7430 5570 2148 4026 2966 7086 1060 10739 1560 1491 10612 1097 382 394 5119 2037 344 451 3082 127 127 324
is_linear=0
shrinkage=0.05


Tree=47
num_leaves=25
num_cat=0
split_feature=32 0 1 35 7 30 30 1 30 6 2 19 1 41 31 38 0 0 29 1 6 0 29 0
split_gain=38.5168 49.6588 35.012 45.5918 45.5015 24.6428 21.5854 20.9775 12.6082 11.8011 11.1735 12.9174 9.61733 8.7826 11.1139 8.30738 7.73924 7.26588 6.86323 3.22359 2.10932 2.04934 1.89658 0.922222
threshold=0.0027532156091183428 0.71085646748542797 0.26239226758480078 0.077722117304801955 0.96085920929908764 0.0036659907782450323 0.00042282151116523897 0.11433785408735277 0.0044841971248388299 0.13253859430551532 0.12973552942276004 0.036602228879928596 0.24189387261867526 0.00093904606183059524 0.061415445059537895 0.0066596576943993577 0.59804528951644909 0.50052335858345043 -0.10334458202123641 0.55834957957267772 -0.46536426246166224 0.76326844096183788 1.5763146877288821 0.73028257489204418
decision_type=2 2 2 2 2 2 2 2 2 2 2 2 2 2 2 2 2 2 2 2 2 2 2 2
left_child=1 2 3 12 5 -4 -6 -5 9 10 16 -12 -1 14 -11 -10 -2 19 -15 -17 21 -3 -22 -24
right_child=8 20 4 7 6 -7 -8 -9 15 13 11 -13 -14 18 -16 17 -18 -19 -20 -21 22 -23 23 -25
leaf_value=-0.053764293486498298 -0.032368801962157356 0.021539988816523411 0.028038035306620253 -0.017347722474176649 0.0044146772290600718 -0.046800366438224245 -0.042320554944379335 0.030700845827605062 -0.052535425948007086 -0.053420374961926989 0.037395468776290471 0.00066786476487013121 0.027906333617780957 0.045331909755463723 0.031118203646008952 -0.007190825802167929 0.015530735298444634 -0.051651244295106237 0.016856822030072671 0.044426244782416052 -0.056126942694002251 -0.03782457441745557 0.024138118588892761 -0.025541425457735606
leaf_weight=26.416985605494123 23.650614007376134 1.7347549145342771 61.54512008652091 26.610656986245885 30.903796271537431 12.405678255017845 118.77111810696078 134.54136582731735 9.9454772754106688 6.0589540445944277 40.422024402068928 56.813052212703042 3.5200618512462816 59.495372024481185 7.6880443276604638 4.6303872899152321 12.076693053939378 3.2598437904380253 35.228051199461333 6.5691300355829298 53.928946096915752 2.2936880048364401 0.81496785581111797 0.92993260570801795
leaf_count=3042 1079 69 1410 843 570 1114 9498 1477 729 148 417 1142 182 858 146 105 504 126 533 58 7343 273 14 197
internal_value=-0.00118941 -0.00972094 -0.0035297 0.0121524 -0.0169245 0.0150265 -0.0327057 0.0227086 0.0140154 0.0174857 0.00741094 0.0161613 -0.0435697 0.0296548 -0.00723779 -0.0196526 -0.0161956 0.00490025 0.0350286 0.0242453 -0.051961 -0.0130609 -0.0544956 -0.00199764
internal_weight=740.255 474.417 414.715 191.089 223.626 73.9508 149.675 161.152 265.838 241.433 132.962 97.2351 29.937 108.47 13.747 24.4048 35.7273 14.4594 94.7234 11.1995 59.7023 4.02844 55.6738 1.7449
internal_count=31877 26032 18136 5544 12592 2524 10068 2320 5845 4827 3142 1559 3224 1685 294 1018 1583 289 1391 163 7896 342 7554 211
is_linear=0
shrinkage=0.05


Tree=48
num_leaves=25
num_cat=0
split_feature=43 2 25 0 36 6 22 5 2 24 39 0 4 17 3 44 4 9 36 19 43 41 7 21
split_gain=43.003 40.4851 29.6785 36.372 36.7111 32.9243 11.3385 10.4216 11.0069 9.38793 8.31994 6.29537 6.2902 6.0474 5.79401 5.11137 4.71536 4.5118 4.48239 2.79995 1.77352 1.26125 1.41182 0.944151
threshold=0.018553763628005985 0.12552835792303088 -0.0019615620840340848 0.41458590328693395 0.00062276798416860412 -0.021324855275452134 1.0000000180025095e-35 0.0039024202851578598 0.10825660452246667 0.21459157764911654 0.0064749675802886495 0.89921107888221752 0.002353154588490725 0.80833333730697643 0.0017889196751639249 0.017052981071174148 0.0040444822516292342 -0.071600627154111848 0.00060187524650245916 0.021560370922088627 0.049235926941037185 0.002113641239702702 0.76798865199089061 0.84830656647682201
decision_type=2 2 2 2 2 2 2 2 2 2 2 2 2 2 2 2 2 2 2 2 2 2 2 2
left_child=1 6 11 5 -5 -4 9 8 20 13 -11 14 15 -1 -3 -10 17 -9 -19 -14 -2 22 -8 -13
right_child=7 2 3 4 -6 -7 21 16 12 10 -12 23 19 -15 -16 -17 -18 18 -20 -21 -22 -23 -24 -25
leaf_value=0.0074711130014070322 -0.043186563727644678 0.036437224218426538 -0.022846538316787499 -0.03771240129635961 0.012093563454586564 0.019667851766638225 0.028187990480264644 0.032157055103498637 0.055175581370069962 -0.050922227684655534 0.0032336083673356222 0.012622769533959952 0.029922399993647781 -0.046955256989018486 -0.013965988009757572 0.029698718066622189 0.048736454328066406 -0.043431652934909921 0.0046949158265427206 -0.038919454070161938 0.011939712274590942 0.03930593197693702 -0.023696438706861767 -0.042815820040402471
leaf_weight=16.588502193568278 4.7544095647754139 66.61282941326499 61.41534804541152 117.2952753212885 53.253400883870199 167.93434670765419 1.3982950840145343 3.6718046137830305 28.766304566524923 70.489831950922962 7.7449199645197941 0.49048495292663519 1.3253530925139774 6.2395134158432475 5.7137354880105695 79.955243310541846 2.6055903285741797 10.258005804091228 8.1724640454631281 3.533349692588672 1.4640402329387141 4.175736153498292 1.8924287285190073 2.6020348825259134
leaf_count=348 695 714 3086 8967 910 4060 28 71 253 8102 520 10 24 1033 146 1265 15 1075 105 107 52 43 61 226
internal_value=0.000423052 -0.00562917 0.000684352 -0.00476051 -0.0221808 0.00823357 -0.0330338 0.0247464 0.0308008 -0.0374345 -0.0455879 0.0292394 0.0343845 -0.00875136 0.0323193 0.036881 -0.00466529 -0.0127978 -0.022948 -0.0182387 -0.0303518 0.0239179 -0.000218411 -0.0330872
internal_weight=728.353 583.847 475.317 399.898 170.549 229.35 108.529 144.507 119.799 101.063 78.2348 75.4191 113.58 22.828 72.3266 108.722 24.7079 22.1023 18.4305 4.8587 6.21845 7.46646 3.29072 3.09252
internal_count=31916 28254 18119 17023 9877 7146 10135 3662 2396 10003 8622 1096 1649 1381 860 1518 1266 1251 1180 131 747 132 89 236
is_linear=0
shrinkage=0.05


Tree=49
num_leaves=29
num_cat=0
split_feature=2 25 43 24 32 36 0 29 24 2 31 30 9 7 40 29 31 24 24 42 35 30 36 29 7 43 44 26
split_gain=37.3813 39.5586 27.8286 26.8169 27.9837 26.7783 18.4249 13.7644 12.6669 11.192 14.82 10.756 10.6217 10.1911 9.42459 8.95063 6.56117 6.12169 5.09804 3.8024 3.67738 4.6985 2.95478 2.89869 2.89059 2.32002 3.84398 1.86543
threshold=0.12249197438359262 -3.8838443288113915e-05 0.031657576560974128 0.30491694808006292 0.0041191743221133956 0.00027768696600105619 0.41458590328693395 0.34314866364002233 0.21239098161458972 0.17380877584218982 -0.03824199736118316 0.00437875371426344 0.010741776321083309 0.87377294898033153 0.18403173983097079 0.28405031561851507 0.05532681196928025 0.21772087365388873 0.19036559015512469 0.90625000000000011 0.017729793675243858 0.0030227997340261941 0.00061566833755932759 -1.6552061438560484 0.72937968373298656 0.049235926941037185 0.02577187214046717 3.220788955688477
decision_type=2 2 2 2 2 2 2 2 2 2 2 2 2 2 2 2 2 2 2 2 2 2 2 2 2 2 2 2
left_child=2 3 14 7 13 6 11 12 -9 10 -7 -3 -2 -5 17 -6 -8 18 -1 27 21 -16 -11 -22 -19 26 -21 -4
right_child=1 5 19 4 15 9 16 8 -10 22 -12 -13 -14 -15 20 -17 -18 24 -20 25 23 -23 -24 -25 -26 -27 -28 -29
leaf_value=-0.039694190135671908 0.018891687466586347 0.0035105203210060187 -0.048529553748958558 0.013128444554932986 0.04096479014515278 0.038417264928359451 -0.053753253051056639 0.024772087097274763 -0.03948086072983048 0.0024010521303078148 -0.0079025190918478681 -0.048545946495161585 0.041587597926582703 -0.037913705739754049 0.034871043323817456 -0.023011435563789182 0.01980070331209511 0.0024929031637127529 0.014086312947170896 0.039399136589105536 0.010621923954686049 -0.038607160297985318 0.05450794595536354 -0.042745707094291596 -0.054215626277460571 0.048089907161252859 -0.032421814953061283 0.020830289407707606
leaf_weight=8.9085446762037481 118.04359618236776 43.294366179325152 1.4810584007063909 11.764254838810301 27.454817732097581 19.326485709752887 50.039112336118706 14.434922120301055 14.299851533840409 3.5919777181698 113.80521256511565 11.829458593972957 95.169139402336441 46.625242696434725 7.1866128032561409 6.0768211744725695 2.7336156726814798 2.2459723104257128 7.2182343528256743 3.0930951042100814 3.3323407772695646 2.0478377139661461 11.589233526028691 6.5458498287480307 58.577403792063706 11.282326129730789 2.4517734873807058 0.86451128788758058
leaf_count=766 1811 2074 112 229 328 223 5742 283 643 118 3734 1424 1045 3258 183 150 37 88 415 36 82 122 54 500 8178 239 225 18
internal_value=-0.000317703 0.00478003 -0.0262378 0.0161001 -0.00683673 -0.00997644 -0.0288063 0.0248065 -0.00745578 0.00382336 -0.000942077 -0.00832662 0.029169 -0.0275819 -0.037174 0.02904 -0.0496458 -0.0448938 -0.0162054 0.0276829 -0.00540593 0.0163963 0.0430894 -0.025421 -0.0521151 0.0359006 0.00754051 -0.0243804
internal_weight=705.314 590.078 115.236 333.869 91.9211 256.209 107.897 241.948 28.7348 148.313 133.132 55.1238 213.213 58.3895 96.0628 33.5316 52.7727 76.9502 16.1268 19.1728 19.1126 9.23445 15.1812 9.87819 60.8234 16.8272 5.54487 2.34557
internal_count=32117 21153 10964 7747 3965 13406 9277 3782 926 4129 3957 3498 2856 3487 10334 478 5779 9447 1181 630 887 305 172 582 8266 500 261 130
is_linear=0
shrinkage=0.05


end of trees

feature_importances:
radius_norm=118
x_norm=90
distance_to_centroid_norm=86
y_norm=73
appearance_peer_z=59
orientation_sin=51
history_mean_angular_velocity_norm=49
history_mean_direction_score_norm=46
history_std_translation_residual_norm=46
orientation_cos=44
history_mean_speed_norm=42
is_current_target=41
speed_minus_peer_median_norm=40
history_std_speed_norm=40
visible_streak_norm=38
speed_norm=34
history_mean_translation_residual_norm=33
vy_norm=32
optical_spin_abs_norm=32
vx_norm=30
motion_reliability=29
angular_velocity_norm=28
history_std_direction_score_norm=27
history_mean_appearance_distance=23
history_std_angular_velocity_norm=23
yolo_confidence=21
appearance_distance=15
rotation_score_peer_z=15
history_length_norm=12
direction_score_peer_z=11
history_std_rotation_score_norm=11
history_mean_rotation_score_norm=10
history_std_appearance_distance=10
association_quality=8
optical_spin_evidence=8
translation_residual_norm=2
rigidity_score_norm=2
direction_score_norm=1

parameters:
[boosting: gbdt]
[objective: lambdarank]
[metric: ndcg]
[tree_learner: serial]
[device_type: cpu]
[data_sample_strategy: bagging]
[data: ]
[valid: ]
[num_iterations: 200]
[learning_rate: 0.05]
[num_leaves: 31]
[num_threads: 0]
[seed: 20260911]
[deterministic: 0]
[force_col_wise: 0]
[force_row_wise: 0]
[histogram_pool_size: -1]
[max_depth: 5]
[min_data_in_leaf: 40]
[min_sum_hessian_in_leaf: 0.001]
[bagging_fraction: 0.8]
[pos_bagging_fraction: 1]
[neg_bagging_fraction: 1]
[bagging_freq: 1]
[bagging_seed: 22173]
[bagging_by_query: 0]
[feature_fraction: 0.85]
[feature_fraction_bynode: 1]
[feature_fraction_seed: 8630]
[extra_trees: 0]
[extra_seed: 5152]
[early_stopping_round: 0]
[early_stopping_min_delta: 0]
[first_metric_only: 0]
[max_delta_step: 0]
[lambda_l1: 0]
[lambda_l2: 1]
[linear_lambda: 0]
[min_gain_to_split: 0]
[drop_rate: 0.1]
[max_drop: 50]
[skip_drop: 0.5]
[xgboost_dart_mode: 0]
[uniform_drop: 0]
[drop_seed: 25851]
[top_rate: 0.2]
[other_rate: 0.1]
[min_data_per_group: 100]
[max_cat_threshold: 32]
[cat_l2: 10]
[cat_smooth: 10]
[max_cat_to_onehot: 4]
[top_k: 20]
[monotone_constraints: ]
[monotone_constraints_method: basic]
[monotone_penalty: 0]
[feature_contri: ]
[forcedsplits_filename: ]
[refit_decay_rate: 0.9]
[cegb_tradeoff: 1]
[cegb_penalty_split: 0]
[cegb_penalty_feature_lazy: ]
[cegb_penalty_feature_coupled: ]
[path_smooth: 0]
[interaction_constraints: ]
[verbosity: -1]
[saved_feature_importance_type: 0]
[use_quantized_grad: 0]
[num_grad_quant_bins: 4]
[quant_train_renew_leaf: 0]
[stochastic_rounding: 1]
[linear_tree: 0]
[max_bin: 255]
[max_bin_by_feature: ]
[min_data_in_bin: 3]
[bin_construct_sample_cnt: 200000]
[data_random_seed: 5056]
[is_enable_sparse: 1]
[enable_bundle: 1]
[use_missing: 1]
[zero_as_missing: 0]
[feature_pre_filter: 1]
[pre_partition: 0]
[two_round: 0]
[header: 0]
[label_column: ]
[weight_column: ]
[group_column: ]
[ignore_column: ]
[categorical_feature: ]
[forcedbins_filename: ]
[precise_float_parser: 0]
[parser_config_file: ]
[objective_seed: 11763]
[num_class: 1]
[is_unbalance: 0]
[scale_pos_weight: 1]
[sigmoid: 1]
[boost_from_average: 1]
[reg_sqrt: 0]
[alpha: 0.9]
[fair_c: 1]
[poisson_max_delta_step: 0.7]
[tweedie_variance_power: 1.5]
[lambdarank_truncation_level: 30]
[lambdarank_norm: 1]
[label_gain: ]
[lambdarank_position_bias_regularization: 0]
[eval_at: 1]
[multi_error_top_k: 1]
[auc_mu_weights: ]
[num_machines: 1]
[local_listen_port: 12400]
[time_out: 120]
[machine_list_filename: ]
[machines: ]
[gpu_platform_id: -1]
[gpu_device_id: -1]
[gpu_use_dp: 0]
[num_gpu: 1]

end of parameters

pandas_categorical:null
