tree
version=v4
num_class=1
num_tree_per_iteration=1
label_index=0
max_feature_idx=48
objective=lambdarank
feature_names=x_norm y_norm radius_norm vx_norm vy_norm speed_norm orientation_sin orientation_cos orientation_known angular_velocity_norm translation_residual_norm rotation_residual_norm rotation_score_norm direction_score_norm speed_score_norm rigidity_score_norm motion_reliability visible_streak_norm lost_frames_norm appearance_distance association_quality yolo_confidence is_current_target bg_certified distance_to_centroid_norm speed_minus_peer_median_norm rotation_score_peer_z direction_score_peer_z rigidity_score_peer_z appearance_peer_z history_mean_speed_norm history_mean_angular_velocity_norm history_mean_translation_residual_norm history_mean_rotation_score_norm history_mean_direction_score_norm history_mean_appearance_distance history_std_speed_norm history_std_angular_velocity_norm history_std_translation_residual_norm history_std_rotation_score_norm history_std_direction_score_norm history_std_appearance_distance history_length_norm optical_spin_abs_norm optical_spin_confidence optical_spin_evidence multilag_spin_abs_norm multilag_spin_confidence multilag_spin_consistency
feature_infos=[0.023437527939677238:0.97688722610473633] [0.034432891756296158:0.96392875909805298] [0.053096525371074677:0.1973479837179184] [-0.0080459257587790489:0.009354742243885994] [-0.0070236730389297009:0.0059997495263814926] [1.6123552768476657e-06:0.0093742832541465759] [-0.99997174739837646:0.99999529123306274] [-0.99999368190765381:1] none [-0.54599446058273315:0.55592876672744751] [0:0.092281647026538849] none [0:0.072172954678535461] [0:0.99946087598800659] [0:0.11707045137882233] [0:0.0078225545585155487] [0:0.99996823072433472] [0.033333331346511841:1] none [0.00012260675430297852:2] [0.00039127969648689032:0.99996823072433472] [0:0.99794524908065796] [0:1] none [0.00074696843512356281:0.48266205191612244] [-0.0052215233445167542:0.0059342398308217525] [-1.4680711030960083:4.1000180244445801] [-2.1915533542633057:4.0590243339538574] [-0.9187544584274292:4.2065086364746094] [-3.0406723022460938:3.4346854686737061] [8.0617763842383283e-07:0.0079342853277921677] [-0.28176912665367126:0.4193059504032135] [0:0.14316053688526154] [0:0.072172954678535461] [0:0.90268337726593018] [3.9807386201573536e-05:2] [8.0617763842383283e-07:0.0031374881509691477] [0:0.28885024785995483] [0:0.085645973682403564] [0:0.033846057951450348] [0:0.49838733673095703] [0:0.99925148487091064] [0.125:1] [0:0.29078683257102966] [0:1] [0:0.16223746538162231] [0:0.77272725105285645] [0:0.82690662145614624] [0:1]
tree_sizes=3042 3039 3031 3038 3373 3460 3456 3028 3464 3151 3147 3263 3260 3378 3151 3254 3150 3041 3362 3038 3370 2951 3251 3055 2937 3358 3069 3363 3252 3373 3043 3259 3060 3353 3247 3050 2839 3366 3346 3262 2512 2952 3051 3383 2632 2721 3157 3053 3167 2942 3072 3256 2623 3051 3062 3045 2740 2949 3274 2955 2521 2864 2734 2851 3070 2859 3372 3283 3262 3160 3382 2648 3292 3167 2419 3297 3268

Tree=0
num_leaves=27
num_cat=0
split_feature=44 30 34 36 16 0 44 31 25 38 44 2 24 0 22 38 7 6 22 5 6 4 29 24 2 44
split_gain=3827.35 484.594 464.083 279.281 146.108 105.452 85.1925 83.6847 82.0465 103.181 71.3667 56.9953 52.8839 48.1256 38.5749 29.1155 27.0398 26.7157 25.9068 21.9484 18.3306 13.1156 8.03324 6.92943 7.53231 4.22745
threshold=0.8760964870452882 0.0037529563996940856 0.22762667387723926 0.00054183386964723479 0.98166847229003917 0.91543772816658031 0.96922349929809581 0.045672580599784858 -6.2065424572210745e-05 0.0021512159146368508 0.99166667461395275 0.10362220555543901 0.219572588801384 0.73689875006675731 1.0000000180025095e-35 0.0061127783264964828 0.91046524047851574 0.4014939963817597 1.0000000180025095e-35 0.0038290325319394474 0.44606898725032812 0.001312862092163414 -1.438727796077728 0.10399341955780984 0.17380877584218982 0.81057780981063854
decision_type=2 2 2 2 2 2 2 2 2 2 2 2 2 2 2 2 2 2 2 2 2 2 2 2 2 2
left_child=1 5 4 14 10 8 16 18 11 -10 13 -1 -9 -2 15 -3 -4 -12 -6 -18 21 -8 -7 24 -5 -25
right_child=2 3 6 23 7 22 20 12 9 -11 17 -13 -14 -15 -16 -17 19 -19 -20 -21 -22 -23 -24 25 -26 -27
leaf_value=-0.0065859125058110191 0.0057683438039616963 -0.086600473709632475 0.085330627728923553 -0.013898041118589374 -0.093525087713808172 0.033847296855271526 -0.0852172188230928 0.067870734472749911 -0.017914352604110617 0.084900826316001321 -0.091939404192447102 0.093258810070709575 -0.054682845060226137 -0.093067983814689351 0.060867488335045405 0.017887428691882448 0.042986940155446983 0.020318222040323946 0.0059025190353474049 -0.055891804529168566 0.035676290044393891 -0.00065362746253003852 -0.08962989834292312 0.090619123263220358 0.072154060046288299 0.04347238288710642
leaf_weight=14.448595166089943 83.589487109566107 77.112334013101645 41.419088811613619 4.6925474952440691 715.6808900036267 0.99567817710339923 15.960483591654343 11.767736574867738 41.314067021477968 57.585633101640269 48.309900607331656 729.02164315304253 27.545253363437951 13.425817442825062 4.610768702812492 6.9501317124813786 29.023749866173603 5.5742631745524696 6.4957007016055277 5.9966297072824082 5.2981169319245955 6.3054318574722847 8.6431070115650055 35.141732764430344 3.9383584605529904 8.8439803076907975
leaf_count=309 1438 1876 119 71 19662 16 570 55 588 216 1690 2395 830 527 21 91 356 68 107 131 48 117 357 130 16 68
internal_value=-0.000268927 0.069494 -0.0684481 -0.0161681 -0.0798481 0.0837018 0.0313686 -0.088759 0.0856032 0.0422017 -0.0345925 0.0913122 -0.0172247 -0.00871946 -0.0700415 -0.0778529 0.0583581 -0.0801679 -0.0926238 0.0249741 -0.0429003 -0.0623272 -0.0748922 0.074236 0.0287831 0.0823167
internal_weight=2009.69 993.299 1016.39 141.29 912.389 852.009 104.004 761.49 842.37 98.8997 150.899 743.47 39.313 97.0153 88.6732 84.0625 76.4395 53.8842 722.177 35.0204 27.564 22.2659 9.63879 52.6166 8.63091 43.9857
internal_count=31872 6154 25718 2273 24377 3881 1341 20654 3508 804 3723 2704 885 1965 1988 1967 606 1758 19769 487 735 687 373 285 87 198
is_linear=0
shrinkage=0.05


Tree=1
num_leaves=27
num_cat=0
split_feature=34 9 20 0 2 22 26 0 38 29 24 6 2 3 30 0 24 2 24 6 20 24 37 29 19 30
split_gain=5703.99 2348.74 1528.5 964.969 565.904 532.876 456.812 293.628 262.577 260.256 253.616 228.32 178.496 151.088 149.916 113.673 67.116 119.776 63.9532 52.7474 47.721 38.3044 36.1581 35.3667 5.09079 2.86667
threshold=0.24333363026380542 0.029286806471645836 0.9806933104991914 0.75790327787399303 0.12249197438359262 1.0000000180025095e-35 -0.050783922895789139 0.084302887320518508 0.0020588912302628164 0.26063023507595068 0.083079196512699141 -0.59209036827087391 0.16612013429403308 0.00039403008122462785 0.0038671977818012242 0.37640704214572912 0.37273794412612921 0.12199999764561655 0.32917442917823797 0.048466393724083907 0.82604023814201366 0.33584913611412054 0.029558330774307254 -0.29410320520400995 0.0069191157817840585 0.0011723972856998446
decision_type=2 2 2 2 2 2 2 2 2 2 2 2 2 2 2 2 2 2 2 2 2 2 2 2 2 2
left_child=1 2 4 6 19 11 8 -8 -3 14 -6 -4 13 18 16 -16 22 -18 -11 -1 -5 -17 -2 -7 -22 -15
right_child=9 3 5 20 10 23 7 -9 -10 12 -12 -13 -14 25 15 21 17 -19 -20 -21 24 -23 -24 -25 -26 -27
leaf_value=-0.082511328631415942 0.068227860271253299 -0.083555560184937983 0.010810867782437637 0.018918365559769775 -0.075039042796680541 0.085701559849171161 -0.091465140825562397 0.064083762100236419 0.027255377058947663 0.041992794059932809 0.03318773220961501 -0.076479316844333387 0.080557553831757306 -0.046895522546664334 0.06744322166175408 -0.081871664513378073 -0.065622714585562639 0.083837743180623051 -0.0599159814031789 -0.017759467575717832 -0.029883723243045574 0.050522705322227072 0.089687150753398392 0.019810884066549791 -0.09353447844639573 -0.095459174433834337
leaf_weight=160.41607984574512 253.94398335367441 94.505240930244327 77.059488441795111 10.02950774040073 57.813994770869613 43.143363900482655 30.525267087854445 920.87065593246371 120.63042317982763 80.702734641730785 687.14983122702688 2425.3030818067491 84.553240519016981 6.6521487571299067 38.907559528946877 27.063467158004642 20.184267257340252 35.792196404188871 18.045634719077498 39.86059657856822 4.4004950504750004 6.0624926537275305 1272.1116927433759 39.244107430800796 149.56196860969067 35.485245918855071
leaf_count=1144 275 837 337 48 304 40 299 1766 379 165 1993 20808 76 41 58 232 145 35 124 188 32 8 946 117 1364 185
internal_value=0.000162748 -0.0284405 -0.0497756 0.028158 0.00462934 -0.0696655 0.0441346 0.0590022 -0.0215833 0.0741084 0.0246993 -0.073788 0.0235827 -0.0109378 0.0809763 0.0102789 0.0841868 0.0297387 0.0229556 -0.0697762 -0.0850675 -0.0568713 0.0861632 0.0549294 -0.0919198 -0.0890574
internal_weight=6740.02 4860.51 3529.99 1330.52 945.241 2584.75 1166.53 951.396 215.136 1879.5 744.964 2502.36 225.439 140.886 1654.07 72.0335 1582.03 55.9765 98.7484 200.277 163.992 33.126 1526.06 82.3875 153.962 42.1374
internal_count=31946 29656 24931 4725 3629 21302 3281 2065 1216 2290 2297 21145 591 515 1699 298 1401 180 289 1332 1444 240 1221 157 1396 226
is_linear=0
shrinkage=0.05


Tree=2
num_leaves=27
num_cat=0
split_feature=34 20 22 38 37 2 29 1 30 22 38 1 38 2 5 1 5 24 29 2 7 6 34 37 46 17
split_gain=4108.52 1619.97 1694.03 569.131 517.323 465.619 247.831 245.265 222.712 163.177 193.58 160.793 133.604 116.012 96.8268 84.5726 68.3331 62.903 52.0958 46.955 53.2932 25.2384 17.794 10.6707 2.91363 1.93776
threshold=0.22485619783401492 0.97572439908981334 1.0000000180025095e-35 0.0039043368306010966 0.044760059565305717 0.10725653171539308 -0.39569383859634394 0.33192814886569982 0.0040916576981544503 1.0000000180025095e-35 0.0052005730103701362 0.099069330841302886 0.021482250653207306 0.13486734032630923 0.0040494154673069724 0.54541853070259105 0.0031655923230573539 0.13100054860115054 -0.26034989953041071 0.10773930698633195 0.89787140488624584 0.11390240490436555 0.29452645778656011 0.068927604705095305 0.0083621563389897364 0.35833333432674414
decision_type=2 2 2 2 2 2 2 2 2 2 2 2 2 2 2 2 2 2 2 2 2 2 2 2 2 2
left_child=1 5 3 4 -3 -1 14 11 -9 10 15 -7 -5 -12 19 -8 24 23 -18 20 -2 -21 -11 -16 -4 -24
right_child=6 2 16 12 -6 7 9 8 -10 22 13 -13 -14 -15 17 -17 18 -19 -20 21 -22 -23 25 -25 -26 -27
leaf_value=-0.088095220442839461 0.072470372114919454 -0.07363755133229824 0.067626185249685819 0.045611556020359691 -0.016852719257100371 -0.039848227784555434 -0.07335895402520004 0.023264793274019393 -0.064417521937919095 0.040755514445608543 -0.049687223451451545 0.063071364536800067 -0.084567456283087039 0.056760738668728397 -0.086623584096751624 0.0090089789669891892 0.062668171430575029 0.04967562518867439 -0.051104418047597536 0.067188688909133626 -0.046245498618873435 0.084215560459717315 0.065907852532930161 -0.0033861759672668434 0.086727579028862176 0.085058362397619908
leaf_weight=84.180129408836365 20.82289694994688 2129.7704110660125 47.919261664152145 156.0434887278825 494.95583976525813 40.224615052342415 67.429529044777155 395.38648999109864 87.619580416940153 40.22050154209137 28.875435043126345 527.67941380199045 21.604530511423945 185.61374307051301 13.263826977461578 56.864387901499867 21.0874148234725 31.024989031255245 17.51098645478487 328.90856107510626 15.777613561600445 872.7101704403758 42.123285889625549 5.3886594511568537 187.21892809867859 103.76592491567135
leaf_count=854 25 21102 65 497 3263 234 510 1145 605 62 157 880 217 301 102 195 27 79 87 425 110 702 47 32 150 89
internal_value=0.000447752 -0.0266441 -0.0454782 -0.0570782 -0.0629399 0.0243916 0.0633635 0.0334772 0.00725858 0.0343086 0.0135654 0.0557243 0.0293952 0.0422662 0.0751692 -0.0359045 0.0730524 0.00658368 0.0110657 0.0779134 0.0214259 0.0796147 0.0717939 -0.0639724 0.0831377 0.0800153
internal_weight=6023.99 4211.2 3076.11 2802.37 2624.73 1135.09 1812.79 1050.91 483.006 524.893 338.783 567.904 177.648 214.489 1287.9 124.294 273.737 49.6775 38.5984 1238.22 36.6005 1201.62 186.11 18.6525 235.138 145.889
internal_count=31962 29126 25408 25079 24365 3718 2836 2864 1750 1361 1163 1114 714 458 1475 705 329 213 114 1262 135 1127 198 134 215 136
is_linear=0
shrinkage=0.05


Tree=3
num_leaves=27
num_cat=0
split_feature=44 44 38 5 24 5 36 40 0 6 1 25 24 2 36 1 40 6 1 19 22 38 24 2 44 5
split_gain=7217.14 1027.86 446.506 317.084 325.986 287.69 315.879 197.7 141.929 117.877 110.766 105.493 101.216 99.6551 80.5489 77.508 74.0017 66.4675 57.6113 48.2616 50.9404 47.4576 19.7525 44.6609 9.71546 4.1072
threshold=0.82478070259094249 0.94570022821426403 0.0026924398262053732 0.0031655923230573539 0.30587318539619451 0.0038731930544599895 0.00054183386964723479 0.29660856723785406 0.90363702178001415 0.4014939963817597 0.096782498061656966 -0.0022613462060689922 0.070523668080568327 0.12199999764561655 0.00084275510744191717 0.90763583779335033 0.24842049181461337 0.028808304108679298 0.087674520909786238 0.0034932494163513188 1.0000000180025095e-35 0.0058516415301710376 0.10714414715766908 0.17878455668687823 0.69160839915275585 0.0049096690490841874
decision_type=2 2 2 2 2 2 2 2 2 2 2 2 2 2 2 2 2 2 2 2 2 2 2 2 2 2
left_child=5 2 3 4 -2 8 19 9 10 21 18 -11 25 -14 -5 -12 -10 -9 -1 -7 -21 -3 23 -8 -24 -4
right_child=1 7 12 14 -6 6 22 17 16 11 15 -13 13 -15 -16 -17 -18 -19 -20 20 -22 -23 24 -25 -26 -27
leaf_value=-0.083073741612547172 0.041097522648200949 -0.078152432321185489 -0.085473183236551106 -0.069855256128899743 -0.051220955517812 0.068213867542650533 -0.061013066755323669 -0.080519412581141217 -0.08315891436512439 0.071900138469782895 0.076707998622014967 -0.04683623367993725 -0.036740652824824041 0.050471803773096929 0.0075061812570083519 0.0038769072461135208 0.074363830687682389 0.059110063265373582 0.043477561636726676 -0.067902031863424972 0.064578928580866946 -0.040593481967443577 0.081574424372529208 0.078237498174759348 0.053711625682466985 -0.024883951405918339
leaf_weight=15.604894513264297 215.29035216756165 1742.1718311069999 15.011117763817312 371.76729894988239 170.39895849116147 7.3635792955756179 9.7094659171998501 9.9619092643260938 21.550622481852773 21.067035291343927 2007.7655825186521 124.49171714857221 35.962916366755962 304.87359868176281 36.783889165148139 37.318289086222649 10.22665963321924 38.187956208363175 18.682403549551964 93.025813136249781 7.0859164819121352 91.931958546862006 67.766399752348661 11.503487408161163 79.250844608992338 4.660956159234046
leaf_count=156 662 19000 126 3786 1464 12 76 92 240 35 2140 957 235 622 148 141 9 76 53 990 8 715 65 10 128 33
internal_value=0.000302895 -0.0489824 -0.0113137 -0.0322498 0.000283895 0.0660115 0.0178997 -0.0704169 0.0722832 -0.0728526 0.0738874 -0.0292779 0.0347725 0.0411891 -0.0628887 0.0753815 -0.0317423 0.0291711 -0.0148407 -0.0487839 -0.0579791 -0.076293 0.0605377 0.0146232 0.0670191 -0.0730158
internal_weight=5569.42 3182.56 1154.75 794.24 385.689 2386.85 275.706 2027.81 2111.15 1979.66 2079.37 145.559 360.509 340.837 408.551 2045.08 31.7773 48.1499 34.2873 107.475 100.112 1834.1 168.23 21.213 147.017 19.6721
internal_count=31979 27951 7076 6060 2126 4028 1289 20875 2739 20707 2490 992 1016 857 3934 2281 249 168 209 1010 998 19715 279 86 193 159
is_linear=0
shrinkage=0.05


Tree=4
num_leaves=30
num_cat=0
split_feature=44 38 44 44 2 22 38 37 30 0 36 30 37 2 5 36 41 24 17 37 33 22 24 6 44 37 24 24 19
split_gain=5590.82 668.59 418.741 283.296 258.948 236.66 180.687 192.529 172.124 167.511 117.895 109.994 95.5509 91.0143 80.2496 102.459 73.0035 60.884 42.5748 41.9113 40.4851 27.9586 25.8722 43.8746 21.137 12.1633 11.3714 4.75817 3.30032
threshold=0.84952831268310558 0.0032518398948013787 0.74560862779617321 0.93142634630203258 0.12451204657554628 1.0000000180025095e-35 0.0022927459795027976 0.042112592607736594 0.0030931073706597094 0.74378210306167614 0.00086196776828728627 0.0044700899161398419 0.053526433184742934 0.11981283873319627 0.0037853370886296038 0.00058120902394875895 0.00093904606183059524 0.14019011706113818 0.22500000149011615 0.042112592607736594 0.0044417965691536674 1.0000000180025095e-35 0.36245970427989965 0.4014939963817597 0.91091269254684459 0.026637076400220398 0.16885050386190417 0.094354975968599333 0.08704122900962831
decision_type=2 2 2 2 2 2 2 2 2 2 2 2 2 2 2 2 2 2 2 2 2 2 2 2 2 2 2 2 2
left_child=2 3 14 8 20 6 7 -4 9 -2 -10 16 21 -14 22 19 -6 -8 -13 -16 28 -5 25 -24 -22 -1 -17 -7 -3
right_child=1 4 5 12 11 27 17 -9 10 -11 -12 18 13 -15 15 26 -18 -19 -20 -21 24 -23 23 -25 -26 -27 -28 -29 -30
leaf_value=0.063358956358675098 0.024474673390028581 -0.082258792202600975 -0.042830299018795787 -0.074560071611609199 -0.041834161212247901 0.051207224203593985 0.0014702446036367021 0.031477643489903465 -0.063991107266611683 -0.080944587433074755 0.052337014830285723 0.017871710054111194 -0.075816482458118672 -0.008703590983379866 -0.0607919829944659 0.0365346341832746 0.044787681462615303 0.059505050322884161 -0.081558191767353183 0.040825655471824006 0.067930491278005767 -0.011077758310561325 -0.023900605164875261 0.074941572308374602 -0.044578451179178032 0.077105952718788312 0.07268454219986141 0.075479725332180517 -0.024842545260531295
leaf_weight=226.38945706188679 191.49864464346319 76.437552963383496 213.4581066230312 1549.776953304885 25.851181279867887 33.704181142151356 61.725561263039708 145.94807024020702 253.41638234723359 45.857059815898538 23.077857755124569 16.442509207874537 87.246574924327433 118.85501001123339 30.262895081192255 35.768291871994734 279.97398125194013 168.25152086466551 28.57990594021976 14.188208024948834 6.9682696610689145 17.924331486225128 18.215692326426506 26.73689579218626 7.7974848188459873 1177.0506754834205 73.343522250652313 171.39354503341019 3.6858112942427388
leaf_count=298 816 863 1649 18368 169 46 242 487 2811 546 41 77 1069 834 326 80 741 307 317 47 11 74 101 24 74 1121 76 162 32
internal_value=-0.000375636 -0.0492425 0.0553595 -0.0601538 0.00676663 0.0256362 0.00949183 -0.0126516 -0.0273899 0.00385355 -0.0541281 0.0266028 -0.0696243 -0.0373426 0.0700754 0.0353673 0.0373531 0.0440024 -0.0456464 -0.0281724 -0.066089 -0.0738418 0.0737283 0.0352402 0.00945786 0.0749351 0.0612735 0.0717588 -0.0799563
internal_weight=5129.83 2733.39 2396.44 2287.65 445.737 794.481 589.383 359.406 513.85 237.356 276.494 350.848 1773.8 206.102 1601.96 153.563 305.825 229.977 45.0224 44.4511 94.8891 1567.7 1448.39 44.9526 14.7658 1403.44 109.112 205.098 80.1234
internal_count=31809 26843 4966 24559 2284 2893 2685 2136 4214 1362 2852 1304 20345 1903 2073 529 910 549 394 373 980 18442 1544 125 85 1419 156 208 895
is_linear=0
shrinkage=0.05


Tree=5
num_leaves=31
num_cat=0
split_feature=44 44 34 31 16 20 22 5 36 0 24 44 7 5 6 38 30 30 24 6 44 42 29 44 15 7 37 4 24 17
split_gain=4757.84 602.037 393.508 265.275 219.254 163.12 117.152 106.706 135.435 101.908 98.5242 87.2702 85.4369 122.759 75.2762 56.3592 52.3401 51.9443 35.0641 50.5366 34.07 25.2163 21.0245 33.9524 18.759 11.9935 10.7147 9.85805 8.1015 1.19935
threshold=0.89699381589889537 0.77681994438171398 0.26831933856010443 0.042120410129427917 0.98329460620880138 0.96997767686843883 1.0000000180025095e-35 0.0035841409116983418 0.00054746636305935692 0.87494519352912914 0.10714414715766908 0.99166667461395275 0.72937968373298656 0.0028357496485114102 0.028808304108679298 0.0058516415301710376 0.004454393172636629 0.0039860177785158166 0.37553149461746221 0.4014939963817597 0.93063354492187511 0.96875000000000011 -0.87306678295135487 0.96922349929809581 0.00029773249116260564 0.95584684610366832 0.071788437664508833 0.001312862092163414 0.17218782007694247 0.92500001192092907
decision_type=2 2 2 2 2 2 2 2 2 2 2 2 2 2 2 2 2 2 2 2 2 2 2 2 2 2 2 2 2 2
left_child=1 7 5 4 10 11 -6 18 17 25 -3 16 13 -7 20 -14 -2 -9 21 -20 -4 -1 29 -24 -11 -5 -13 -22 -10 -16
right_child=2 3 14 9 6 12 -8 8 28 24 -12 26 15 -15 22 -17 -18 -19 19 -21 27 -23 23 -25 -26 -27 -28 -29 -30 -31
leaf_value=0.046556396822221888 0.006684727641743664 -0.048567332830548114 0.029450031787646588 0.070550537881238731 -0.047734207780947335 0.072231975243321644 0.056539620484020281 0.019757203208708177 0.041438751282912155 -0.075654864871318631 0.032024818323388125 -0.069386451648511191 -0.069073163884859887 -0.069337550220645874 0.054534350888113231 -0.01761438414243742 -0.071246575535775319 -0.06362487322830096 -0.049353349170587688 0.070740386487271517 -0.075825314138303609 0.070344346381803174 0.04247240564796087 -0.048946422776121087 0.039763130324703307 0.044495796539541776 -0.013782493723287818 0.0021346348656307748 0.067949640464847361 0.078342742971887813
leaf_weight=130.24231922253966 158.9299253737554 42.573989724274725 14.105008333921431 171.13075648993254 264.00869344640523 26.524200525134802 29.141279123723507 33.823660738766193 54.087854582816362 16.00914786756039 295.77229330129921 81.61947647947818 1677.2153802181128 33.525742292404175 25.205848831683397 55.783502081409097 23.902831452898681 39.718567673116922 15.271560644730924 18.055913269519806 24.061244772747163 1352.4493172168732 48.015190258622169 11.917119169607757 3.7620406970381728 69.539613626897335 10.310567028820513 4.773498158901929 84.948881139978766 25.844687841832638
leaf_count=229 843 339 51 198 2668 43 37 141 130 198 929 959 20999 434 57 448 266 469 120 17 296 1484 116 102 10 152 81 29 107 24
internal_value=-0.000344942 0.0452826 -0.0541588 0.0119013 -0.00562533 -0.0598988 -0.0372116 0.0624902 0.029124 0.0542575 0.0217707 -0.0239108 -0.0653971 -0.00664707 0.0228414 -0.0674279 -0.00383584 -0.0255251 0.0671466 0.0158755 -0.0328429 0.0682876 0.0444867 0.0237895 -0.0528362 0.0632375 -0.0633655 -0.0632803 0.058006 0.0678611
internal_weight=4842.27 2620.54 2221.73 891.938 631.496 2067.81 293.15 1728.6 212.579 260.442 338.346 274.763 1793.05 60.0499 153.923 1733 182.833 73.5422 1516.02 33.3275 42.9398 1482.69 110.983 59.9323 19.7712 240.67 91.93 28.8347 139.037 51.0505
internal_count=31976 7228 24748 4531 3973 24073 2705 2697 847 558 1268 2149 21924 477 675 21447 1109 610 1850 137 376 1713 299 218 208 350 1040 325 237 81
is_linear=0
shrinkage=0.05


Tree=6
num_leaves=31
num_cat=0
split_feature=44 38 44 31 31 2 2 17 24 37 1 7 25 30 36 44 0 0 0 44 17 31 5 9 2 21 24 43 2 30
split_gain=4121.58 434.999 345.605 197.32 188.774 181.607 151.348 149.367 143.257 102.618 94.8317 82.8383 68.542 65.415 112.799 65.0869 64.0388 41.61 43.2699 35.4405 33.3263 28.4627 26.2288 23.074 52.8034 12.8082 6.37679 5.2572 3.52983 2.84225
threshold=0.86402156949043285 0.0032518398948013787 0.74788135290145885 0.037376912310719497 0.042120410129427917 0.12096652761101724 0.12330029159784318 0.34166666865348821 0.29168380796909338 0.066562589257955565 0.25467909872531896 0.79125416278839122 -0.00014006055425852534 0.0037399679422378544 0.00046919673332013195 0.94570022821426403 0.37308631837368017 0.83279994130134594 0.90149918198585521 0.90098038315773021 0.87500000000000011 0.00099186896113678835 0.0035745860077440743 0.020428469404578212 0.12199999764561655 0.56912806630134594 0.16736242175102237 0.033308027312159545 0.16443767398595813 0.0049968115054070958
decision_type=2 2 2 2 2 2 2 2 2 2 2 2 2 2 2 2 2 2 2 2 2 2 2 2 2 2 2 2 2 2
left_child=2 4 13 5 9 29 19 -7 22 15 -11 -10 21 23 20 -2 -14 25 -19 -3 -15 -8 -6 24 -1 -5 -16 -21 -25 -4
right_child=1 6 3 17 8 7 12 -9 11 10 -12 -13 16 14 26 -17 -18 18 -20 27 -22 -23 -24 28 -26 -27 -28 -29 -30 -31
leaf_value=0.0023401473634492923 -0.045513203484447012 0.019088692200481969 -0.077403996941794562 0.0175016049768313 0.064883783536372169 0.047885465134006197 0.0099127657890530508 -0.011695765222679979 0.062915772548395588 0.037449509435567449 -0.061749398607730592 -0.05907851888878804 0.028131256470867005 0.020164895374907364 0.037041860811203607 -0.069024685660080312 -0.044989094159340055 0.06404327449610886 -0.073462248963649973 -0.074892077202489568 -0.0758835755658267 0.055574780573276611 -0.0071494728988912683 0.071182625425389001 0.061543308905398435 0.063196288280148588 0.068433789580477536 -0.0058972446485392391 0.051985621183298358 -0.021825672799360814
leaf_weight=41.638323821127415 391.40730465576053 12.355609655380247 61.960429353639483 17.363578781485558 53.80387538485229 183.88844748586416 49.232705395668745 243.32255695620552 15.357829578220842 49.49553706496954 45.113098941743374 97.757872467860579 59.800354059785604 13.271059811115263 28.147759772837162 1303.7194854848785 58.047420579008758 9.4010503590106982 11.752774413675068 62.378012270666659 25.102953957393765 114.05695156753063 16.183446660637856 863.63721271976829 401.64118456840515 240.13903987593949 59.346753861755133 3.0735844280570737 38.081057250499725 3.3739383406937113
leaf_count=165 4354 69 707 40 100 415 243 1704 34 231 546 1225 238 54 75 17511 543 11 139 838 307 224 125 934 511 330 67 26 43 34
internal_value=-0.000114546 -0.0466463 0.0482784 0.0211303 -0.0558537 0.00208102 0.00397427 0.0140023 -0.00745383 -0.0607985 -0.0100035 -0.042109 0.0210752 0.0624886 0.0277171 -0.0636259 -0.0079606 0.0546733 -0.0122205 -0.0572992 -0.0429982 0.0419516 0.0483612 0.0657196 0.056 0.0601947 0.0588674 -0.0717896 0.0704304 -0.0749062
internal_weight=4573.85 2331.78 2242.07 771.202 1972.84 492.545 358.945 427.211 183.103 1789.74 94.6086 113.116 281.137 1470.87 125.869 1695.13 117.848 278.656 21.1538 77.8072 38.374 163.29 69.9873 1345 443.28 257.503 87.4945 65.4516 901.718 65.3344
internal_count=31843 26307 5536 3380 24126 2860 2181 2119 1484 22642 777 1259 1248 2156 503 21865 781 520 150 933 361 467 225 1653 676 370 142 864 977 741
is_linear=0
shrinkage=0.05


Tree=7
num_leaves=27
num_cat=0
split_feature=44 38 5 22 36 2 0 20 44 7 2 6 35 44 0 24 43 41 37 44 31 39 24 2 6 40
split_gain=3393.36 490.779 244.102 218.034 214.264 167.354 154.032 143.397 116.63 136.969 73.2411 67.9618 61.8851 56.9634 33.8441 30.2243 29.8967 29.8841 23.4387 20.8709 18.8254 17.1005 16.9756 28.8203 8.92968 4.2557
threshold=0.84764185547828685 0.0032518398948013787 0.0040494154673069724 1.0000000180025095e-35 0.00054183386964723479 0.12330029159784318 0.91543772816658031 0.97224143147468578 0.7245689630508424 0.96815675497055065 0.11981283873319627 0.09436360746622087 0.035930125042796142 0.93405798077583324 0.50536236166954052 0.17725423723459247 0.016655648127198223 0.77810069918632518 0.024551703594625 0.90098038315773021 0.05532681196928025 0.0046359137631952771 0.09130414575338365 0.17878455668687823 0.11998001113533975 0.16165228188037875
decision_type=2 2 2 2 2 2 2 2 2 2 2 2 2 2 2 2 2 2 2 2 2 2 2 2 2 2
left_child=2 3 6 7 17 19 8 10 18 -10 -2 12 -7 -9 -5 -13 -16 20 -1 21 -4 -3 23 -6 -24 -8
right_child=1 5 4 14 22 11 25 13 9 -11 -12 15 -14 -15 16 -17 -18 -19 -20 -21 -22 -23 24 -25 -26 -27
leaf_value=0.046720734352833741 -0.064656622312133052 -0.050560040770145989 -0.0712054217369118 0.062611667823244621 -0.073957869844547303 0.037603450689144571 -0.074764831962393627 -0.043382397257428373 0.059214177543399041 0.012901056770333739 -0.0007806593900450046 -0.006828483681199979 -0.027835468188356915 -0.065621062982443981 -0.079342101166419904 0.055443042553135286 0.048910233900523133 0.059041567965045332 0.06730587419289992 -0.071535586908461637 0.02425869034466728 0.058277294464927715 0.054289877557415593 0.05866360333276377 0.018740936351402768 -0.0087648311200435869
leaf_weight=173.70944281853735 60.351635634899139 6.835343871265648 85.213219634257257 44.561003312468529 7.4632847011089307 62.663697328418493 22.359027904458348 385.91623111627996 339.16232018917799 302.15680647548288 167.20954955462366 22.250610150396824 82.534208570607007 1246.5041381579358 8.7303188890218753 144.97072259709239 7.6083194538950911 4.3205968402326098 967.29220566898584 58.214867452159524 5.0261402763426295 5.6910535208880901 85.405261762440205 6.9607144519686699 23.980850383639336 3.0473638437688342
leaf_count=285 822 76 1195 74 73 231 286 4663 545 1174 1086 130 660 17938 79 311 20 11 1116 850 21 10 140 9 63 28
internal_value=-0.000359249 -0.0418576 0.0468293 -0.0521595 -0.00309228 0.00978983 0.0528581 -0.0552107 0.0546104 0.0374479 -0.01793 0.0255347 0.000470328 -0.0603935 0.0404148 0.0471658 -0.0202432 -0.0594237 0.0642156 -0.0591318 -0.0656807 -0.000459754 0.0400622 -0.0103036 0.0467368 -0.0674802
internal_weight=4330.14 2304.04 2026.1 1920.88 218.37 383.161 1807.73 1859.98 1782.32 641.319 227.561 312.419 145.198 1632.42 60.8996 167.221 16.3386 94.56 1141 70.7413 90.2394 12.5264 123.81 14.424 109.386 25.4064
internal_count=31896 26950 4946 24682 1512 2268 3434 24509 3120 1719 1908 1332 891 22601 173 441 99 1227 1401 936 1216 86 285 82 203 314
is_linear=0
shrinkage=0.05


Tree=8
num_leaves=31
num_cat=0
split_feature=44 44 34 31 16 20 32 6 44 0 0 31 7 25 17 6 1 1 7 34 44 42 5 6 0 44 29 17 0 28
split_gain=3020.72 403.543 270.867 240.38 187.749 126.358 107.91 87.3156 78.4138 64.0794 54.69 53.6996 64.7078 51.8788 46.605 45.547 24.4189 23.4353 23.3106 23.1334 19.9662 16.0483 15.7527 15.556 14.4295 13.8924 13.3515 12.5214 7.72911 6.87563
threshold=0.89699381589889537 0.74560862779617321 0.25069467723369604 0.040429620072245605 0.98329460620880138 0.98108601570129406 0.0028798455605283384 0.028808304108679298 0.99166667461395275 0.86538997292518627 0.36320692300796514 0.042120410129427917 0.91380706429481517 -8.8721630163490759e-05 0.89166665077209484 0.20945010334253314 0.58768749237060558 0.26239226758480078 0.99961331486701976 0.35556218028068548 0.99166667461395275 0.96875000000000011 0.0034023862099274997 0.30415008962154394 0.41834877431392675 0.93063354492187511 0.4557109028100968 0.75833332538604747 0.3578293919563294 -0.4985626339912414
decision_type=2 2 2 2 2 2 2 2 2 2 2 2 2 2 2 2 2 2 2 2 2 2 2 2 2 2 2 2 2 2
left_child=1 13 5 4 10 8 -6 25 15 22 -3 17 -13 18 24 -2 -16 -7 26 -11 28 -20 -5 -10 -15 -4 -1 -22 -9 -27
right_child=2 3 7 9 6 11 -8 20 23 19 -12 12 -14 14 16 -17 -18 -19 21 -21 27 -23 -24 -25 -26 29 -28 -29 -30 -31
leaf_value=0.064552668498872742 -0.019758668745102043 0.044748123087080711 0.0045266425695678755 0.061743940700454594 -0.048749312335897958 -0.051696632806521252 0.022371417186999754 0.058179595982137192 -0.065017042233461039 -0.067992997719216533 0.0044466955823882588 0.038735480949369898 -0.050088136130150354 0.065860964901095637 -0.023827736969299962 0.035280504020496255 0.036086718682765903 -0.067065275929093601 0.0058649572410544894 0.051348521080942337 -0.048535463401487372 0.053069087903571746 0.028505488766861754 -0.0044535387178531172 0.029897629129945515 -0.0029354181643426324 0.031759617118758736 0.033842494406429752 0.024350332312703393 -0.069891828487335148
leaf_weight=978.58432262856513 170.99289873242378 147.80459612607956 10.875139553099869 239.44066920410842 228.77923758514225 373.38670143310446 68.804695747792721 66.788722973316908 102.42368445079774 14.132703475654127 194.40413686446846 28.53054522536695 66.819681290537119 71.326679082587361 41.74552976898849 47.133269177749753 27.241914788261056 901.69924199208617 30.977855045348406 4.7224717922508708 8.7151934206485766 42.929490577429533 44.892694845795631 11.984477502293883 50.023353721946478 4.5591585431247976 35.059327144175768 7.8323069512844077 25.360061228275299 26.527325277216733
leaf_count=1237 1508 381 57 337 2709 5296 338 123 1515 210 1075 147 895 97 293 210 105 14008 95 8 102 69 123 105 141 38 61 31 103 386
internal_value=-0.000394555 0.0389289 -0.0475044 0.0140962 -0.00329642 -0.0531874 -0.0322856 0.0166603 -0.0254316 0.0506885 0.0219331 -0.0598988 -0.0233843 0.0572282 0.0328718 -0.00775893 8.98438e-06 -0.0626089 0.0614568 -0.037022 0.0402308 0.0336262 0.0566143 -0.0587665 0.0514016 -0.0439113 0.0634509 -0.00983753 0.0492309 -0.0604695
internal_weight=4074.5 2220.87 1853.63 942.981 639.793 1702.97 297.584 150.658 332.534 303.189 342.209 1370.44 95.3502 1277.89 190.337 218.126 68.9874 1275.09 1087.55 18.8552 108.696 73.9073 284.333 114.408 121.35 41.9616 1013.64 16.5475 92.1488 31.0865
internal_count=31803 7279 24524 5181 4503 23684 3047 840 3338 678 1456 20346 1042 2098 636 1718 398 19304 1462 218 359 164 460 1620 238 481 1298 133 226 424
is_linear=0
shrinkage=0.05


Tree=9
num_leaves=28
num_cat=0
split_feature=44 34 44 22 2 44 37 16 31 2 37 17 43 30 36 17 41 36 31 1 31 31 33 5 44 4 24
split_gain=2621.47 319.165 283.423 186.412 140.205 139.629 126.936 101.544 66.6877 66.0924 51.5466 61.4141 48.199 48.0816 67.1303 35.8597 35.4608 29.64 25.3355 34.3185 22.9817 22.9152 9.27509 8.96611 5.91522 4.85495 1.70382
threshold=0.8760964870452882 0.25069467723369604 0.74211823940277111 1.0000000180025095e-35 0.12122971192002298 0.9506097435951234 0.029798674397170547 0.9411187767982484 0.025864740833640102 0.12224537134170534 0.067676059901714339 0.7749999761581422 0.06480391696095468 0.0037399679422378544 0.00064004890737123798 0.87500000000000011 0.0011365804821252825 0.00017705825302982706 0.018530223518610004 0.86964362859725963 0.028381404466927055 0.015010809060186149 0.0019058811012655499 0.0031357192201539878 0.90098038315773021 0.0011529853800311687 0.18635449558496478
decision_type=2 2 2 2 2 2 2 2 2 2 2 2 2 2 2 2 2 2 2 2 2 2 2 2 2 2 2
left_child=2 5 13 4 12 7 -6 17 -9 24 20 -12 -4 18 15 -15 22 -2 19 -1 -7 -18 -11 -5 -3 -20 -16
right_child=1 9 3 23 6 10 -8 8 -10 16 11 -13 -14 14 26 -17 21 -19 25 -21 -22 -23 -24 -25 -26 -27 -28
leaf_value=0.050616449776134664 -0.050570041793731757 0.0047677836797850263 -0.065627003275964477 0.065387665195544828 -0.016054379353917774 -0.064112438121000162 0.033553428388879446 -0.047563313819775965 0.0045211821744972494 -0.070532204372540486 -0.061421761275025015 0.026795069631973256 0.057004331223955422 0.031806033937082374 0.044973533739726956 -0.054959088966403141 0.015520529466101019 0.028981053813544506 0.065211548743802417 -0.013670534333709242 -0.039427655767093388 0.056960627461037062 0.017346553574517237 0.036458823112880213 -0.067019832846409499 0.051899975081516107 0.067913194032855534
leaf_weight=327.42035008314997 12.641235974617301 3.1929767653346088 82.137061821296811 150.79643359035254 219.54651925340295 1003.0443294891156 309.88732725847512 347.28362076636404 74.424869706854224 8.8155355677008611 40.026154976338148 37.178201712667942 8.1037000641226751 18.79897722415626 25.308563105762005 29.246877904981375 56.910093193873763 84.325541166588664 625.68109654914588 21.758155811578035 110.71644342411309 83.137044059112668 3.840853724628686 38.007971316576004 19.318043906241655 105.62635832279921 31.380760811269283
leaf_count=565 148 20 1025 187 1735 16413 1121 4928 627 102 607 244 12 64 61 315 305 361 796 60 1514 177 21 72 306 148 36
internal_value=-0.000672649 -0.0429374 0.0392861 0.0164319 0.0031474 -0.0495223 0.0129905 -0.0277895 -0.0383823 0.0212311 -0.0589559 -0.019141 -0.0541105 0.0548488 0.0222221 -0.0210541 0.0330699 0.0181999 0.0579879 0.046583 -0.0616961 0.0403503 -0.0445461 0.0597868 -0.0570677 0.0633624 0.058629
internal_weight=3878.56 1884.85 1993.7 808.479 619.675 1709.64 529.434 518.675 421.708 175.215 1190.97 77.2044 90.2408 1185.22 104.735 48.0459 152.704 96.9668 1080.49 349.179 1113.76 140.047 12.6564 188.804 22.511 731.307 56.6893
internal_count=31970 25773 6197 4152 3893 24842 2856 6064 5555 931 18778 851 1037 2045 476 379 605 509 1569 625 17927 482 123 259 326 944 97
is_linear=0
shrinkage=0.05


Tree=10
num_leaves=28
num_cat=0
split_feature=44 38 44 22 38 20 24 5 2 24 30 2 2 25 6 24 31 44 24 0 0 2 29 17 44 0 43
split_gain=2263.52 325.189 224.671 145.23 128.408 128.291 118.449 126.074 113.224 74.9766 60.4332 52.4393 50.8809 51.4247 48.7773 43.5767 39.0532 37.9563 28.149 27.6994 26.339 19.7503 18.5356 13.7328 11.123 10.8162 3.95199
threshold=0.86402156949043285 0.0036782399984076623 0.74788135290145885 1.0000000180025095e-35 0.0022096738684922461 0.97224143147468578 0.30491694808006292 0.0034701240947470073 0.12330029159784318 0.074961412698030486 0.0044700899161398419 0.11981283873319627 0.10425624996423723 0.0001057120243785903 0.49194628000259405 0.11834894493222238 0.11900128424167634 0.93405798077583324 0.16575359553098681 0.50052335858345043 0.7079855501651765 0.11981283873319627 0.58425384759902965 0.15833333879709247 0.89323708415031444 0.42842167615890508 0.033308027312159545
decision_type=2 2 2 2 2 2 2 2 2 2 2 2 2 2 2 2 2 2 2 2 2 2 2 2 2 2 2
left_child=2 3 12 5 6 11 7 -4 24 25 18 -2 16 22 -8 -15 -1 -7 -10 -5 -21 -11 -14 -12 -3 -6 -26
right_child=1 8 4 19 9 17 14 -9 10 21 23 -13 13 15 -16 -17 -18 -19 -20 20 -22 -23 -24 -25 26 -27 -28
leaf_value=-0.073248678844373388 -0.056459372372402922 0.016831421689355811 0.040743762442723486 0.058214642222172777 0.0004179587568421758 -0.040013104246092751 -0.064922628886852227 -0.030175528119322094 -0.012850221728647325 -0.0011387458621348139 0.012030122130541981 0.0010834631996175525 0.059558790011718113 -0.020208470689371 0.054561153015062536 0.043144863403133032 0.056935894784195099 -0.060608445349033681 0.042326459116537693 0.056931784477801242 -0.074084111633604247 0.05165159794835477 0.020588120985867292 -0.062152752467566498 -0.065400702147408951 -0.069975183055766485 0.00057996474979143725
leaf_weight=13.300884865224363 52.227146967314184 4.4844595566391936 158.31963746063411 36.112157758325338 8.4388000965118426 296.16170841874555 82.543797795660794 102.38742781896144 26.122131565585732 19.019921905361116 8.3679382083937544 154.42177624674514 962.67556172329932 37.942201044410467 8.7564746513962728 90.201591661199927 8.7198816388845426 1038.8906994857825 176.04755198070779 5.4606288596987715 8.6181177608668786 249.55602082423866 32.899257322773337 20.608956965617836 45.596968868747354 14.382984161376951 2.3672546539455643
leaf_count=89 847 28 453 68 39 4224 1041 1088 185 130 52 1118 1407 301 14 251 12 18106 574 10 95 492 73 295 801 145 23
internal_value=-0.000519007 -0.0388896 0.0397026 -0.0476728 0.0160245 -0.0504007 -0.00430599 0.0128828 0.0104067 0.0405145 0.0254792 -0.0136614 0.0529737 0.0544502 -0.0529961 0.0243753 -0.0214637 -0.056073 0.035169 0.0354699 -0.0228623 0.0479228 0.0582929 -0.0410436 -0.0552532 -0.0450211 -0.0621989
internal_weight=3664.63 1875.49 1789.14 1591.89 643.405 1541.7 352.007 260.707 283.595 291.398 231.147 206.649 1145.74 1123.72 91.3003 128.144 22.0208 1335.05 202.17 50.1909 14.0787 268.576 995.575 28.9769 52.4487 22.8218 47.9642
internal_count=31961 26426 5535 24468 3402 24295 2596 1541 1958 806 1106 1965 2133 2032 1055 552 101 22330 759 173 105 622 1480 347 852 184 824
is_linear=0
shrinkage=0.05


Tree=11
num_leaves=29
num_cat=0
split_feature=44 38 25 2 38 31 24 16 1 7 44 7 24 37 6 24 37 44 6 5 2 24 41 27 41 31 34 5
split_gain=2122.35 248.422 244.862 135.797 131.097 122.303 115.302 104.232 96.8981 103.8 78.5226 58.4126 54.7424 50.5219 71.8294 50.1677 45.0597 39.5066 35.5992 31.3884 27.7702 17.4801 17.8207 16.0902 12.3197 10.4735 9.15956 8.16798
threshold=0.8760964870452882 0.003795489552430809 -3.1846013371250585e-05 0.10114151239395143 0.0036782399984076623 0.028381404466927055 0.2307136878371239 0.95391818881034862 0.90055435895919811 0.94148835539817821 0.96922349929809581 0.88993513584136974 0.12694765627384189 0.067676059901714339 0.059330986812710769 0.30587318539619451 0.028857713565230373 0.94570022821426403 0.024302858859300617 0.0034892614930868153 0.13348329067230227 0.11435057595372201 0.0032163951545953755 -0.85994890332221974 0.0011027761502191427 0.11900128424167634 0.29452645778656011 0.0047812364064157018
decision_type=2 2 2 2 2 2 2 2 2 2 2 2 2 2 2 2 2 2 2 2 2 2 2 2 2 2 2 2
left_child=2 5 3 25 7 13 19 12 15 -10 18 -8 -4 17 -15 -5 -9 -2 20 -7 -3 22 -6 -12 -20 -1 -25 -23
right_child=1 10 4 8 21 6 11 16 9 -11 23 -13 -14 14 -16 -17 -18 -19 24 -21 -22 27 -24 26 -26 -27 -28 -29
leaf_value=-0.071270381159344476 -0.038791898733488588 -0.060936295086827498 -0.054344438694534009 0.057375377122893305 0.032914795670126874 0.063454275598967338 0.029743952701534449 -0.061591333671412153 0.049012698368703922 -0.08812273725745623 0.017637396734893045 -0.054174437324994044 0.047121014781445147 -0.054196647860748015 0.053055954104347526 0.033898039345855724 -0.0083107193387460775 -0.061181907129420225 -0.0017859496701986299 -0.0074964773286906932 0.015853830896561633 0.05738414513619821 -0.030242747656571024 -0.055687724770894544 0.048077941438647763 0.021701417069531589 -0.01107198463676717 0.022352993554264653
leaf_weight=24.640784814022485 260.23792118299752 15.844283934682606 15.710040885955094 1042.2043853751384 37.099337100982666 46.064834322780371 24.748538813553751 104.33776185056195 28.163857433944941 25.240361880511045 11.616035252809523 111.37881255615503 65.733462434262037 36.695391443558037 25.670158434659243 298.14706544671208 64.228513296693563 916.19235407654196 14.077901307493446 23.017127594910562 38.210096461698413 84.66510824020952 14.906096208840607 48.109688086435199 98.02263462357223 2.9770196788012973 15.778782996349035 22.881000943481922
leaf_count=357 3738 230 144 1750 145 108 129 1473 42 205 78 1907 142 595 89 1147 502 17066 91 244 236 140 140 774 269 13 164 67
internal_value=0.000294951 -0.0401753 0.0375558 0.047365 0.0034808 -0.0480228 -0.0122001 -0.019097 0.0495512 -0.0162299 0.0067214 -0.0388121 0.0271271 -0.0539423 -0.00991001 0.0521823 -0.0414587 -0.0562662 0.0258986 0.0400448 -0.00735269 0.0387578 0.0145832 -0.0352668 0.0418555 -0.0608405 -0.0450092 0.0502057
internal_weight=3516.6 1685.66 1830.93 1421.37 409.561 1444.01 205.209 250.01 1393.76 53.4042 241.659 136.127 81.4435 1238.8 62.3655 1340.35 168.566 1176.43 166.155 69.082 54.0544 159.552 52.0054 75.5045 112.101 27.6178 63.8885 107.546
internal_count=31985 25718 6267 3514 2753 23876 2388 2261 3144 247 1842 2036 286 21488 684 2897 1975 20804 826 352 466 492 285 1016 360 370 938 207
is_linear=0
shrinkage=0.05


Tree=12
num_leaves=29
num_cat=0
split_feature=44 30 36 20 1 2 31 0 1 22 17 31 0 0 6 16 38 0 36 5 24 3 1 17 0 44 36 6
split_gain=1774.54 275.718 214.086 204.996 117.294 110.042 93.1589 84.2129 81.0812 72.7197 66.731 64.2884 83.2902 33.6917 65.8172 21.6069 28.4573 21.5416 18.4345 16.1686 8.21419 12.3529 6.9696 6.38742 5.97894 4.24172 3.96927 2.36805
threshold=0.89699381589889537 0.0031720574479550128 0.00052422465523704897 0.98108601570129406 0.092415429651737227 0.12147369608283044 0.050190525129437454 0.91543772816658031 0.90055435895919811 1.0000000180025095e-35 0.87500000000000011 0.034772275015711791 0.50052335858345043 0.3578293919563294 0.0088141821324825304 0.98831668496131908 0.0039043368306010966 0.51733002066612255 0.0013724858290515842 0.0047541756648570308 0.21348178386688235 -0.0016096752951852975 0.087674520909786238 0.92500001192092907 0.24598101526498797 0.7589399814605714 0.00084275510744191717 0.58033692836761486
decision_type=2 2 2 2 2 2 2 2 2 2 2 2 2 2 2 2 2 2 2 2 2 2 2 2 2 2 2 2
left_child=1 4 6 5 22 20 10 8 -6 13 -3 12 -7 14 -5 19 -17 -11 -9 -4 21 -2 -1 -19 -13 -8 -15 -22
right_child=3 2 15 9 7 11 25 18 -10 17 -12 24 -14 26 -16 16 -18 23 -20 -21 27 -23 -24 -25 -26 -27 -28 -29
leaf_value=-0.068238438734459866 0.046447975180626364 0.0086418018877952914 0.05624277862519076 -0.061413648556086421 0.051717516677710955 0.012767040335562242 0.058601181778977822 -0.063996835926541429 -0.0083058568761440483 0.050099352980851421 -0.051698361387685202 0.018750035558866295 -0.05418375804267022 -0.061396112152676888 -0.022859860015657249 -0.048657779032704032 0.047787399852262366 0.0087670442649661253 0.060331792359352744 0.021301413703219273 -0.06382151649371326 -0.057209997564162923 -0.01011193042652128 -0.070822805096416599 0.052346945015432834 0.021667089311129963 -0.031999697313683205 -0.0090879610411770777
leaf_weight=21.079481982626024 4.2006220929324627 59.773755252361298 127.59607046283782 226.57611631322652 1215.7585007408634 148.74808528693393 23.953281197696924 19.74841919075698 58.721116286702454 21.843835245817903 191.69581010797992 18.915642976760864 66.375612633768469 622.4512008340098 219.20382388401777 14.114768452942373 14.48343552649021 3.9892664737999421 2.6720652580261222 46.916387544944882 77.023178360424936 5.487592611461876 7.2367778345942488 5.0343208238482475 59.45989877358079 13.791630114428697 15.155087983235715 2.3977479338645926
leaf_count=321 18 434 242 4620 2459 1022 44 360 310 56 2668 73 967 12467 3305 120 33 34 4 158 1522 96 59 56 167 73 260 25
internal_value=-1.36169e-05 0.0331799 0.00122368 -0.0403136 0.045042 -0.00870822 -0.0263739 0.0472497 0.0489476 -0.0511486 -0.0373782 0.00611032 -0.0080455 -0.0533062 -0.0425492 0.0404572 0.000150754 0.023875 -0.047236 0.0470239 -0.0570423 -0.0121252 -0.0542347 -0.0382724 0.0445768 0.0460134 -0.0607486 -0.0623026
internal_weight=3314.4 1817.54 492.325 1496.86 1325.22 382.608 289.214 1296.9 1274.48 1114.25 251.47 293.499 215.124 1083.39 445.78 203.111 28.5982 30.8674 22.4205 174.512 89.1091 9.68821 28.3163 9.02359 78.3755 37.7449 637.606 79.4209
internal_count=31973 7285 3772 24688 3513 3890 3219 3133 2769 20798 3102 2229 1989 20652 7925 553 153 146 364 400 1661 114 380 90 240 117 12727 1547
is_linear=0
shrinkage=0.05


Tree=13
num_leaves=30
num_cat=0
split_feature=44 38 44 5 0 31 2 17 0 25 2 36 6 25 36 44 2 33 25 29 16 32 25 1 0 34 36 2 14
split_gain=1615.41 332.672 138.144 131.232 120.361 118.245 91.2266 88.6216 100.887 62.022 57.4157 52.9428 39.4511 50.5522 37.5743 32.9277 28.7767 25.7852 24.9312 20.1333 20.0863 11.7467 6.78613 10.2148 6.13874 15.0656 4.69643 3.87313 1.40597
threshold=0.82182541489601146 0.0031444340711459522 0.94570022821426403 0.0031655923230573539 0.69671961665153515 0.032394660636782653 0.12330029159784318 0.99166667461395275 0.36320692300796514 -0.00014006055425852534 0.11512076109647752 0.00068800570443272601 0.43173274397850042 -0.0023529540048912163 0.00086196776828728627 0.5825757384300233 0.16135555505752566 0.0044417965691536674 -0.0009228373528458177 0.63222214579582225 0.96794345974922191 0.0032487600110471253 0.00050856539746746432 0.29692111909389501 0.88124960660934459 0.39375120401382452 0.00077895945287309598 0.16174234449863437 0.00015798726963112133
decision_type=2 2 2 2 2 2 2 2 2 2 2 2 2 2 2 2 2 2 2 2 2 2 2 2 2 2 2 2 2
left_child=5 2 3 4 -2 7 17 10 21 19 15 -10 20 -14 -5 -1 -11 28 -12 -8 -4 -9 24 -24 27 -26 -19 -7 -3
right_child=1 6 12 14 -6 22 9 8 11 16 18 -13 13 -15 -16 -17 -18 26 -20 -21 -22 -23 23 -25 25 -27 -28 -29 -30
leaf_value=0.038511503734268371 0.023627074789952122 -0.015185777373399684 -0.032650703291344736 -0.053285805053875583 -0.058898108338541616 0.059395443712202095 0.048476956343088164 0.015255534574815616 -0.057879105518035413 -0.022179491189117911 0.050546439780821323 0.046333788813357507 0.063971530133570736 -0.040391550465569519 0.012214382258576502 -0.072930609500056309 0.03215983745673389 -0.0086918715511675373 0.02630148756034837 0.00062448539471768609 -0.05770459784901788 0.057808851100644043 0.057392949850019373 0.0021543896022657313 -0.024040461579492599 0.057286454459610427 0.054220838333244814 0.043030241052309653 -0.063475089327030262
leaf_weight=9.5943363988772052 196.50161453709006 2.3220465686172238 93.774723004549742 212.11052565881982 55.921928149648011 583.09156449604779 156.45465213572606 29.884021165780723 75.030725466087461 77.711628458462656 271.44975442811847 13.735713727772234 15.078129500150679 40.850268290843815 24.029789332300425 17.333488003350794 34.307311904616654 5.3683573994785529 180.35329665616155 25.578024958260357 808.1654769028537 37.111225850880146 17.396866839379072 15.502652946859596 7.9417839888483313 15.723022036254404 5.0343041010200977 52.186345208436251 43.083166186697781
leaf_count=26 1184 36 1411 3851 1001 990 438 206 940 794 535 32 20 742 137 243 161 64 611 141 17198 65 29 77 93 25 16 83 867
internal_value=-0.00010841 -0.0310037 -0.0415806 -0.0198876 0.00518417 0.0417258 0.0127185 0.0260721 -0.00665667 0.0238576 0.0367126 -0.0414167 -0.0526129 -0.0116261 -0.0465971 -0.0332668 -0.00540004 -0.0453599 0.0409477 0.0417932 -0.0551388 0.039331 0.0560235 0.0321953 0.0571626 0.0301254 0.0238394 0.0581208 -0.061386
internal_weight=3122.63 1796.29 1446.43 488.564 252.424 1326.33 349.859 634.493 155.762 294.052 478.731 88.7664 957.869 55.9284 236.14 26.9278 112.019 55.8079 451.803 182.033 901.94 66.9952 691.842 32.8995 658.943 23.6648 10.4027 635.278 45.4052
internal_count=32016 28061 25544 6173 2185 3955 2517 2658 1243 1534 1415 972 19371 762 3988 269 955 983 1146 579 18609 271 1297 106 1191 118 80 1073 903
is_linear=0
shrinkage=0.05


Tree=14
num_leaves=28
num_cat=0
split_feature=44 44 38 7 38 1 0 37 24 2 39 0 2 31 24 3 31 0 20 4 45 35 40 39 4 43 2
split_gain=1391.43 309.709 193.288 149.982 102.891 92.9189 74.5539 58.6192 55.9818 52.7404 46.4615 37.7258 36.9534 35.2667 41.2976 34.3689 30.1766 29.428 19.7716 19.6599 18.4693 15.8227 9.36623 7.11461 2.88341 2.62174 0.653747
threshold=0.93002858757972728 0.728990137577057 0.0022096738684922461 0.97145026922225963 0.003795489552430809 0.28040979802608496 0.71085646748542797 0.053526433184742934 0.074961412698030486 0.12552835792303088 0.00053358715376816701 0.74029171466827404 0.11051005497574808 0.020039102993905548 0.079630140215158476 0.0025351291988044982 0.10283770784735681 0.77459836006164562 0.84299501776695263 -0.002029189257882535 0.028082470409572128 0.036533704027533538 0.3356152623891831 0.0014881177921779456 0.0022370355436578397 0.031657576560974128 0.10922662168741228
decision_type=2 2 2 2 2 2 2 2 2 2 2 2 2 2 2 2 2 2 2 2 2 2 2 2 2 2 2
left_child=1 13 3 6 7 -5 -3 16 20 25 11 -9 -10 14 21 19 18 -16 -2 -11 -4 -1 -12 -17 26 -6 -15
right_child=4 2 8 5 9 -7 -8 10 12 15 22 -13 -14 24 17 23 -18 -19 -20 -21 -22 -23 -24 -25 -26 -27 -28
leaf_value=0.010907326369943168 -0.014023208321986225 0.035209796988212805 -0.054368792323747965 -0.0012532085959731795 -0.060558564734908095 -0.051110838370289582 -0.053150891400817468 0.023820447648638145 -0.045322681328610614 -0.042511173154981874 -0.057263576171244737 -0.060519007738105868 0.042080426092792722 0.043719362874149327 0.045674794469069122 -0.063629966557038134 0.045107772289456179 -0.010393656941043631 -0.056064747606720124 0.033772317410320135 0.0508444518635967 -0.074722605288934124 0.03808237280550867 0.0086037255865376774 0.037821609877387669 -0.001362109156038085 0.0590522156163448
leaf_weight=10.434631352778526 29.760314915329218 182.53327053133398 21.552185788284991 168.60806155949831 31.720022373367101 208.78890472277999 26.536901360377669 63.433809243142605 11.711424767971037 8.5480019822716695 52.444454808719456 15.704024443402885 374.34606375778094 21.480948841199279 270.34921972639859 13.998624641913922 6.9502220321446648 25.246985444799066 821.24240110162646 81.977156226523221 4.2854731790721408 9.6997233345173282 2.0440320093184701 4.1278812251985064 24.924734201282263 2.033246297389268 476.08124865405262
leaf_count=48 405 925 293 1670 719 3079 497 488 186 105 1151 337 1148 53 670 231 32 80 18409 381 8 101 5 27 67 25 855
internal_value=0.000274431 0.0271591 0.00833004 -0.0101052 -0.0432531 -0.0288983 0.0237947 -0.0489554 0.0345395 -0.00348257 -0.0179799 0.00653788 0.0393187 0.0495489 0.0361387 0.0135537 -0.0537533 0.0408671 -0.0546127 0.0261833 -0.0356737 -0.0319286 -0.053065 -0.0475907 0.057568 -0.0571345 0.0584793
internal_weight=2970.56 1836.58 998.362 586.467 1133.98 377.397 209.07 991.579 411.895 142.405 133.626 79.1378 386.057 838.217 315.731 108.652 857.953 295.596 851.003 90.5252 25.8377 20.1344 54.4885 18.1265 522.487 33.7533 497.562
internal_count=31995 9680 7806 6171 22315 4749 1422 20827 1635 1488 1981 825 1334 1874 899 744 18846 750 18814 486 301 149 1156 258 975 744 908
is_linear=0
shrinkage=0.05


Tree=15
num_leaves=29
num_cat=0
split_feature=44 44 34 32 0 5 6 37 1 32 2 2 31 25 2 24 34 0 2 25 1 29 2 44 5 29 9 45
split_gain=1290.46 244.607 175.013 123.045 90.1158 95.4851 65.245 45.2374 41.8638 40.2765 38.5531 31.235 30.3033 29.1347 27.4104 25.0398 26.3307 21.114 19.2896 17.8021 15.0617 13.9584 25.0872 13.2826 13.104 9.65303 9.59379 2.66967
threshold=0.91403940320014965 0.728990137577057 0.25069467723369604 0.0028798455605283384 0.71085646748542797 0.0033838010858744387 0.097163978964090361 0.068927604705095305 0.25467909872531896 0.0053618282545357951 0.12046078965067865 0.1087399832904339 0.050190525129437454 -1.1291477676422799e-05 0.12941937148571017 0.11834894493222238 0.25849823653697973 0.36972527205944067 0.17878455668687823 -0.0009228373528458177 0.90292266011238109 0.53535839915275585 0.16876113414764407 0.96459901332855236 0.0037710092728957538 0.60859662294387828 0.017632054165005687 0.020541019737720493
decision_type=2 2 2 2 2 2 2 2 2 2 2 2 2 2 2 2 2 2 2 2 2 2 2 2 2 2 2 2
left_child=1 13 4 7 5 -3 18 12 11 -6 -8 -9 23 20 -14 16 -15 -12 19 -5 25 24 -23 -2 -4 -1 -17 -10
right_child=3 2 21 6 9 -7 10 8 27 -11 17 -13 14 15 -16 26 -18 -19 -20 -21 -22 22 -24 -25 -26 -27 -28 -29
leaf_value=0.055413428110687446 -0.040886776097932065 0.022823875195600273 0.056380696933158517 -0.016338878765191994 -0.058944487206853795 -0.019304364963249013 -0.056878792311634042 -0.054905804574112871 -0.061160435777019011 0.034945245469348789 0.046664052208799447 0.055651648209323501 -0.051319039575837111 -0.044567179254801949 0.030286373261101715 0.019905644248239217 0.045431681443843928 -0.0033093224700498965 0.061714844696069117 -0.054371231198057479 0.0099325568957917068 -0.035251539952810045 0.056178992621054802 -0.057339129813282055 0.013303596435588797 0.021340346729531508 0.054056511383237006 -0.002326410418508975
leaf_weight=621.20069050090387 167.66593447723426 315.49389080610126 182.78642664849758 60.211564070545137 85.927073522936553 232.94801217364147 13.449536128435282 7.5015971530228844 20.994252877775583 12.477533599361776 65.536181821487844 25.898681099526584 18.654402209445834 20.772093176841736 20.646833668928593 37.721815723925829 12.005918258801101 30.792305191978812 4.3466998301446429 64.632202157052234 20.301794331520796 13.090365340933205 15.151705451309679 637.57593419228215 20.33136429451406 23.222455048933625 49.404437147080898 2.2020696327090254
leaf_count=1223 3389 1585 369 890 1525 2890 322 181 472 58 238 76 405 240 164 166 39 302 8 1274 65 78 26 15651 113 64 90 30
internal_value=0.000422898 0.0285087 0.0103627 -0.040529 -0.00300302 0.00492754 -0.0085882 -0.0489803 -0.00559857 -0.0468076 0.0196588 0.0299465 -0.0518775 0.0487798 -0.00876005 0.0257727 -0.0112333 0.0308197 -0.0325574 -0.036304 0.0528849 0.0475834 0.0140441 -0.0539684 0.0521551 0.0542205 0.0396644 -0.0559022
internal_weight=2802.94 1662.84 878.206 1140.11 646.847 548.442 238.968 901.14 56.5966 98.4046 109.778 33.4003 844.543 784.629 39.3012 119.904 32.778 96.3285 129.19 124.844 664.725 231.36 28.2421 805.242 203.118 644.423 87.1263 23.1963
internal_count=31933 8531 6644 23402 6058 4475 3034 20368 759 1583 862 257 19609 1887 569 535 279 540 2172 2164 1352 586 104 19040 482 1287 256 502
is_linear=0
shrinkage=0.05


Tree=16
num_leaves=28
num_cat=0
split_feature=44 44 22 16 36 2 30 22 2 6 6 0 37 37 3 9 2 29 2 45 2 7 46 24 3 3 24
split_gain=1108.19 182.103 146.983 129.728 106.32 88.7631 74.0888 58.3399 51.1197 44.2713 32.2672 56.7089 29.7529 24.5727 22.0844 18.0246 26.1074 10.462 10.313 8.94209 7.13286 6.84094 5.3809 5.07238 7.19954 4.86545 0.237032
threshold=0.89699381589889537 0.728990137577057 1.0000000180025095e-35 0.98124128580093395 0.00051308202091604482 0.11981283873319627 0.0037529563996940856 1.0000000180025095e-35 0.128637470304966 0.065936584025621428 0.0088141821324825304 0.37640704214572912 0.025121258571743969 0.049650352448225028 0.0015745374257676306 0.033965315669775016 0.1251945495605469 -0.11505940556526183 0.10825660452246667 0.024074521847069267 0.15452613681554797 0.74695953726768505 0.22665698826313022 0.21348178386688235 -0.0014947874587960539 0.0010190265602432194 0.11834894493222238
decision_type=2 2 2 2 2 2 2 2 2 2 2 2 2 2 2 2 2 2 2 2 2 2 2 2 2 2 2
left_child=1 12 4 5 6 23 -3 10 -6 14 22 -12 15 -11 -7 16 -1 -9 19 -14 -20 -19 -5 24 -2 26 -4
right_child=3 2 25 7 8 9 -8 17 -10 13 11 -13 18 -15 -16 -17 -18 21 20 -21 -22 -23 -24 -25 -26 -27 -28
leaf_value=-0.055592656283438215 0.039683600892884349 -0.0018487196931417744 0.047345120761881951 -0.058081367110600739 -0.025584246561502006 -0.001190740631036253 -0.051560066574442578 0.054109957054300439 0.035594792820022182 0.0053598291049080709 -0.017677829217491073 -0.055841393893887571 -0.015753920501836993 0.049886816112504818 -0.045992763600599666 0.05387554731796667 0.023329319436122136 0.027701085801006803 0.055367183146517424 0.047615897633255549 0.037443265588837739 -0.044472804639959923 0.023433429056526848 -0.059925638514587959 -0.05002657618930572 0.031801992738771302 0.060670419415155843
leaf_weight=10.911707948893307 2.897464987821877 240.94310050876811 27.213576216250658 435.83579725213349 40.1532814335078 87.788686802145094 107.84713576873764 14.440728481858971 205.62568723596632 65.278429143596441 187.01943502388895 205.06822108873166 10.460686322301628 58.449680920690298 39.093878510873765 39.855523198843002 88.363242387771606 5.6556647904217225 494.36909645143896 10.060225598514078 72.862598548643291 5.532054616138339 1.5398277500644315 69.188079896382987 4.3648297768086186 24.520418146625161 106.80497229099274
leaf_count=75 17 1906 65 11542 421 955 2058 35 711 550 3494 5323 59 181 649 87 347 25 1055 24 197 84 16 1794 107 75 189
internal_value=0.000274287 0.0290974 0.0118424 -0.0358048 0.000407127 -0.00898778 -0.0173231 -0.0460395 0.0255367 0.00544986 -0.0483386 -0.0377293 0.0469342 0.0266259 -0.0152464 0.0258594 0.0141868 0.0273905 0.0518706 0.0160817 0.0531347 -0.00870792 -0.0577416 -0.0557749 -0.0137636 0.0544566 0.0583353
internal_weight=2662.14 1479.99 753.108 1182.15 594.569 327.061 348.79 855.092 245.779 250.611 829.463 392.088 726.883 123.728 126.883 139.13 99.275 25.6284 587.753 20.5209 567.232 11.1877 437.376 76.4504 7.26229 158.539 134.019
internal_count=32041 7269 5425 24772 5096 4253 3964 20519 1132 2335 20375 8817 1844 731 1604 509 422 144 1335 83 1252 109 11558 1918 124 329 254
is_linear=0
shrinkage=0.05


Tree=17
num_leaves=27
num_cat=0
split_feature=44 16 2 31 32 1 3 7 2 44 6 5 4 17 0 6 36 7 2 40 2 3 4 33 3 38
split_gain=1004.52 223.889 121.471 98.844 87.8665 72.5113 60.1203 47.1054 42.7142 42.365 39.6137 35.2194 31.9716 25.31 25.2186 24.745 22.6675 18.5249 12.8926 12.5042 9.29969 7.08408 6.14938 11.805 3.40937 1.99637
threshold=0.82182541489601146 0.98166847229003917 0.12199999764561655 0.032394660636782653 0.0028798455605283384 0.90292266011238109 0.0019096664618700745 0.72937968373298656 0.1101319268345833 0.96521475911140453 -0.011900446843355892 0.0027141614118590955 -0.0033287173137068744 0.4916666597127915 0.3938301950693131 0.033693840727210052 0.00024522688181605195 0.86662113666534435 0.10485205426812173 0.16965372115373614 0.17878455668687823 -0.0041826786473393432 0.0012035170220769944 0.001767794485203922 0.001950978650711477 0.0026924398262053732
decision_type=2 2 2 2 2 2 2 2 2 2 2 2 2 2 2 2 2 2 2 2 2 2 2 2 2 2
left_child=3 2 17 5 7 6 8 11 -1 16 20 -3 -9 -8 -12 -11 -4 25 19 -5 -6 -19 24 -24 -20 -2
right_child=1 4 9 18 10 -7 13 12 -10 15 14 -13 -14 -15 -16 -17 -18 21 22 -21 -22 -23 23 -25 -26 -27
leaf_value=-0.050320911546184434 0.035713241662592557 0.056131839749276408 -0.010118615298515052 -0.038473424574479241 -0.050490814980909293 -0.079977621213686012 0.012188017256980477 0.0015306154229168759 0.033679308209313107 -0.036777096404368721 0.033533174311099014 -0.048714011716673306 -0.05235019915422226 -0.050144072257952955 -0.023996428957644433 0.0092688415593606046 0.030198710718549335 0.010921856476603743 0.057261151371381547 0.046035220594022486 0.034258396984339932 -0.057812059550433392 0.015848830630718964 0.054649107766637228 0.040295160472140851 -0.0068815332047519875
leaf_weight=14.823835795745252 4.9627434983849508 17.980513108894232 40.806412013247609 7.3160701915621749 37.301727149169892 16.259078186005354 30.2441217135638 28.503462924156338 433.67981805512682 53.762511729961261 59.958523130044341 12.896908553550018 762.74362879572436 33.500478844624013 26.863212371710688 61.775125771760941 222.29545239452273 3.6074221180751911 381.2561807250604 8.2656931281089765 2.8491033762693396 89.165912906639278 33.400196922942996 50.550390645861626 44.082198874093592 4.6009859554469585
leaf_count=242 26 39 417 58 866 199 114 510 1652 950 404 358 20074 473 476 551 1016 51 853 24 9 2253 101 119 128 69
internal_value=-0.000719277 -0.0280034 -0.000207254 0.0363133 -0.0420747 0.0209892 0.0243435 -0.0480468 0.0307972 0.0128755 -0.00333279 0.0121853 -0.0504097 -0.0208387 0.0156626 -0.0122892 0.023931 -0.0482687 0.0516743 0.00642878 -0.0437906 -0.0550514 0.0530433 0.0395805 0.0556014 0.0165098
internal_weight=2483.45 1430.07 480.977 1053.38 949.097 528.507 512.248 822.125 448.504 378.64 126.973 30.8774 791.247 63.7446 86.8217 115.538 263.102 102.337 524.871 15.5818 40.1508 92.7733 509.289 83.9506 425.338 9.56373
internal_count=32032 28069 5333 3963 22736 2680 2481 20981 1894 2934 1755 397 20584 587 880 1501 1433 2399 1283 82 875 2304 1201 220 981 95
is_linear=0
shrinkage=0.05


Tree=18
num_leaves=30
num_cat=0
split_feature=44 25 24 40 38 16 6 38 1 24 1 37 2 17 9 0 0 29 21 13 6 40 20 29 3 28 2 4 6
split_gain=856.633 238.556 141.124 194.38 106.899 83.3969 70.5751 63.9026 51.4307 42.2153 40.1552 37.2791 33.4865 32.7663 32.345 32.1325 25.4546 24.4914 20.8526 17.111 16.6679 22.3429 16.4135 10.5621 7.89114 7.21927 4.67949 4.67724 3.39834
threshold=0.94494947791099559 -0.00015217455802485344 0.30491694808006292 0.15812723338603976 0.0036782399984076623 0.95391818881034862 0.41632828116416937 0.0058516415301710376 0.094678498804569258 0.11834894493222238 0.90529265999794017 0.067676059901714339 0.12827207893133166 0.7749999761581422 0.015218183863908054 0.42501328885555273 0.54245308041572582 0.53535839915275585 0.8796730935573579 0.0011964437435381117 0.43173274397850042 0.14140649884939197 0.84299501776695263 -0.41644935309886927 0.0012786142178811135 2.8655626773834233 0.12759415060281756 -0.00071138067869469513 0.49194628000259405
decision_type=2 2 2 2 2 2 2 2 2 2 2 2 2 2 2 2 2 2 2 2 2 2 2 2 2 2 2 2 2
left_child=1 2 8 6 5 9 -4 11 26 -3 -10 20 28 25 -7 24 -17 -5 23 -15 22 -22 -2 -14 -6 -13 -1 -20 -9
right_child=7 4 3 17 15 14 -8 12 10 -11 -12 13 18 19 -16 16 -18 -19 27 -21 21 -23 -24 -25 -26 -27 -28 -29 -30
leaf_value=-0.062976310774943089 -0.015098295808797424 -0.051985261220938585 -0.052966000857809163 0.047585829035121457 0.051181058475077458 -0.04937087390656162 0.044667307495488646 -0.056581133464243275 0.049905481252864599 0.034578115518041977 -0.027533769371908684 -0.05527097252170711 0.020820609594184025 0.047070312658152806 -0.008067172044641701 -0.042513349489327473 0.024602668550425397 -0.014372102271706958 0.0089670007989540012 -0.035770435871730233 -0.042910794168559051 0.040070213169054875 -0.053572998123844209 -0.056060324090271896 0.015447599815328773 0.032246866263447797 0.0081881832810998239 0.054462320407656653 0.00037348594668646404
leaf_weight=10.450346939265726 30.049790012650192 16.514334110543132 116.66451973817311 157.40156430751085 77.780821189284325 178.59642221406102 21.17415358684957 18.337303570471708 729.86638411786407 72.055812001228333 16.537266908213496 24.466401631012562 7.433412620797756 23.622341722249988 64.995340415742248 23.160140032880008 33.032841948792338 17.286721222102642 7.5755501594394437 7.5261809499934307 23.339227294549346 11.244111238047479 601.18238963698968 8.8495572134852392 20.590922513976693 1.9514968674629916 2.6273577883839598 27.884460519999266 3.0142800025641909
leaf_count=183 507 204 2021 554 230 3844 73 528 2009 279 122 648 49 97 833 314 156 137 67 175 620 74 17802 118 80 15 17 103 41
internal_value=6.97656e-05 0.0216224 0.0347929 0.00648458 -0.00739717 -0.0233628 -0.0377543 -0.0420839 0.0464179 0.0180378 0.0481552 -0.04658 0.00244018 -0.00782667 -0.0384282 0.0268427 -0.00331911 0.0414077 0.0241441 0.0265641 -0.0499138 -0.0155632 -0.0517682 -0.0217891 0.0439321 -0.0478657 -0.0491131 0.0452554 -0.0488837
internal_weight=2355.21 1558.73 1072.01 312.527 486.727 332.162 137.839 796.477 759.481 88.5701 746.404 723.382 73.0946 57.5664 243.592 154.565 56.193 174.688 51.743 31.1485 665.816 34.5833 631.232 16.283 98.3717 26.4179 13.0777 35.46 21.3516
internal_count=31900 11056 5116 2785 5940 5160 2094 20844 2331 483 2131 19938 906 935 4677 780 470 691 337 272 19003 694 18309 167 310 663 200 170 569
is_linear=0
shrinkage=0.05


Tree=19
num_leaves=27
num_cat=0
split_feature=44 44 22 2 5 31 24 1 40 2 44 37 2 16 0 38 2 31 16 3 0 3 36 29 4 29
split_gain=780.549 187.587 100.951 82.7267 81.0763 71.8426 67.8735 59.6221 42.0839 35.9335 28.6377 24.891 32.4601 21.4266 20.0638 16.2897 10.8444 14.9981 10.221 8.79505 9.69431 5.36859 4.9445 4.61977 4.09665 1.13692
threshold=0.8164966106414796 0.96580946445465099 1.0000000180025095e-35 0.12903869897127154 0.0031655923230573539 0.034772275015711791 0.10714414715766908 0.89807710051536571 0.29660856723785406 0.11136212572455408 0.59348517656326305 0.054966034367680557 0.13010288774967196 0.81812724471092235 0.42501328885555273 0.0075250137597322473 0.10725653171539308 0.12875780463218692 0.96794345974922191 0.00092972852871753286 0.33412870764732366 0.0029522485565394167 0.00059533005696721386 0.53535839915275585 -0.00048821176460478449 0.043180560693144805
decision_type=2 2 2 2 2 2 2 2 2 2 2 2 2 2 2 2 2 2 2 2 2 2 2 2 2 2
left_child=5 2 3 13 -5 6 10 9 11 -8 -1 15 -13 -2 -12 -3 17 -7 24 25 -21 23 -9 -18 -10 -4
right_child=1 8 19 4 -6 16 7 22 18 -11 14 12 -14 -15 -16 -17 21 -19 -20 20 -22 -23 -24 -25 -26 -27
leaf_value=0.036034763164153306 -0.0064338237087188084 -0.051611181650175447 0.056904124956824897 0.021371550747833788 -0.021726123881555849 -0.039607646129913389 -0.040358096071140034 -0.07678542901320734 0.020073342184814793 0.0377872891593133 -0.00073120767493347499 -0.048596612868724548 0.01343279227350151 -0.055652968725168062 -0.060763201009340698 -0.0096412152295328804 0.05443455294894789 0.049342040141119405 0.052169667011407531 0.054232204711986247 -0.015565172123213903 0.021516189359416793 -0.01152278082157418 0.025066531581512071 -0.05281484919600507 0.03664549200676822
leaf_weight=16.102998012676835 27.673990353941917 515.67823250265792 51.120379120111465 196.13879950158298 243.44418203644454 7.436335381120446 14.545411867089568 11.807648268528284 2.6821045894175777 361.98411569511518 22.636594024021178 44.59778200648725 38.599178971257061 114.90906398650259 35.240844106301665 24.741246683523059 389.09969726065174 9.8902518590912205 13.001591689884661 7.3577112555503872 11.495437537319956 15.617936156690119 4.2660381915047756 16.422805797308683 3.4332493804395217 17.253803972154856
leaf_count=64 359 16316 118 1503 4485 66 245 170 20 1348 146 1264 463 2945 465 427 1031 28 59 15 83 48 23 51 71 63
internal_value=0.000363545 -0.0242685 -0.00572691 -0.0132601 -0.00249139 0.036062 0.022331 0.0306011 -0.0435402 0.0346696 -0.0213801 -0.0457857 -0.0200004 -0.0462114 -0.0376951 -0.0497111 0.0505894 0.0110879 0.0283457 0.0441309 0.0130339 0.0521845 -0.0611538 0.0533098 -0.0225188 0.0523939
internal_weight=2217.18 1312.13 669.393 582.166 439.583 905.051 466.584 392.603 642.733 376.53 73.9804 623.616 83.197 142.583 57.8774 540.419 438.467 17.3266 19.1169 87.2273 18.8531 421.14 16.0737 405.523 6.11535 68.3742
internal_count=31876 28191 9571 9292 5988 3685 2461 1786 18620 1593 675 18470 1727 3304 611 16743 1224 94 150 279 98 1130 193 1082 91 181
is_linear=0
shrinkage=0.05


Tree=20
num_leaves=30
num_cat=0
split_feature=44 44 22 16 32 31 2 6 20 37 41 2 30 24 37 2 25 35 24 2 24 37 25 24 25 24 44 2 24
split_gain=707.962 155.931 96.812 93.1864 91.1462 52.763 47.8399 41.4073 37.0519 27.3616 19.8485 18.6176 18.4025 55.6371 19.1175 17.5196 16.966 16.9654 27.3646 15.1249 14.3011 14.0602 13.7794 17.5854 13.0454 8.75171 6.99214 2.46139 1.07932
threshold=0.91403940320014965 0.728990137577057 1.0000000180025095e-35 0.97309064865112316 0.002913884818553925 0.022765060886740688 0.12420320510864259 0.097163978964090361 0.96859836578369152 0.025535915046930317 0.0011268600355833771 0.17878455668687823 0.0030580745078623299 0.14019011706113818 0.067676059901714339 0.13674368709325793 -0.00078581835259683419 0.035266986116766937 0.16203753650188449 0.12046078965067865 0.18243534117937091 0.11552535742521287 0.00042075403325725352 0.12247536703944208 -0.00016544890968361867 0.35625863075256353 0.91751700639724743 0.13048212975263598 0.065389156341552748
decision_type=2 2 2 2 2 2 2 2 2 2 2 2 2 2 2 2 2 2 2 2 2 2 2 2 2 2 2 2 2
left_child=1 9 3 6 8 -5 -3 11 15 17 26 16 13 -10 -14 21 -6 27 -19 -12 -17 -2 25 -24 28 -11 -9 -1 -4
right_child=4 2 24 5 7 -7 -8 10 12 22 19 -13 14 -15 -16 20 -18 18 -20 -21 -22 -23 23 -25 -26 -27 -28 -29 -30
leaf_value=0.021910957301854189 -0.05209486936726021 -0.033842354101098482 0.036214326182010308 -0.032303261841086617 -0.011510960816945789 0.013190833739583081 0.030496602786140654 0.028478057353708969 0.064946815423172974 0.052558422967850599 -0.03811621934481102 0.063725876610175425 -0.056125185843554984 -0.041955105804763485 0.012443074477169368 -0.041332939255517565 -0.055088370874117457 -0.036836224174091547 0.027914719183409115 0.035953281441802785 0.027138838960401541 0.040953959629167792 -0.045261606268801428 0.039526353710358307 0.0046421932847949508 0.011937464820258096 -0.053308665301630545 0.052209073095189441 0.056135729561839057
leaf_weight=10.997754879295824 25.130510728806261 32.533707679249346 15.420423934236167 220.4558271644637 47.617387296631932 88.836574861314148 213.92325666593388 2.6998072601854792 12.110541673842816 410.83384624775499 6.7980830129235974 4.425220161676406 376.28864354733378 192.86036521149799 10.108722844161091 8.9407781772315484 42.225101182702929 23.662774235010147 47.294129353016615 71.977913892362267 32.275366093032062 4.0380267277359954 7.9318996295332935 18.641386700794101 15.70035728253424 14.400658847764133 10.340479201637207 33.405207389965653 93.652471276000142
leaf_count=48 706 480 47 4011 896 815 945 14 50 1121 199 8 13463 5679 166 141 1173 196 190 400 269 14 96 57 72 75 233 97 244
internal_value=0.000184518 0.0241344 0.00797686 -0.000986362 -0.0350475 -0.0192358 0.0219011 -0.00410365 -0.0437295 0.0434732 0.0196881 -0.0272401 -0.0478066 -0.0353542 -0.0543039 -0.00928442 -0.0323729 0.0214746 0.00610968 0.0291637 0.0116584 -0.0382829 0.0490302 0.0134942 0.0475901 0.051214 -0.0355536 0.0453527 0.0536739
internal_weight=2095.53 1247.69 680.523 555.749 847.837 309.292 246.457 186.084 661.753 567.168 91.8163 94.2677 591.368 204.971 386.397 70.3847 89.8425 115.36 70.9569 78.776 41.2161 29.1685 451.808 26.5733 124.773 425.235 13.0403 44.403 109.073
internal_count=31905 8494 6614 6251 23411 4826 1425 2923 20488 1880 846 2077 19358 5729 13629 1130 2069 531 386 599 410 720 1349 153 363 1196 247 145 291
is_linear=0
shrinkage=0.05


Tree=21
num_leaves=26
num_cat=0
split_feature=44 34 44 30 1 37 17 36 44 25 2 30 6 37 40 2 24 36 4 14 29 3 24 24 24
split_gain=589.547 192.807 130.178 80.5335 60.7648 44.0269 36.1924 33.6081 31.6993 24.2024 24.3707 21.2542 17.6988 16.7435 12.668 12.2885 11.8321 9.92358 9.5011 7.68931 5.08522 4.50356 3.93012 3.68388 3.54405
threshold=0.94570022821426403 0.29452645778656011 0.728990137577057 0.0041564519051462421 0.87684962153434765 0.067676059901714339 0.7749999761581422 0.00050628831377252947 0.96720427274703991 -0.0010316193220205603 0.15541445463895801 0.0034034535055980091 0.024302858859300617 1.0000000180025095e-35 0.14140649884939197 0.1087399832904339 0.28874336183071142 0.00069991862983442854 -0.0033287173137068744 0.0031015586573630576 0.63222214579582225 -0.00013417755690170449 0.14019011706113818 0.22864447534084323 0.065389156341552748
decision_type=2 2 2 2 2 2 2 2 2 2 2 2 2 2 2 2 2 2 2 2 2 2 2 2 2
left_child=1 2 9 4 -4 8 19 -5 11 16 -11 12 -2 -3 22 -8 -1 -16 -13 -7 24 -17 -10 -21 -15
right_child=5 13 3 7 -6 6 15 -9 14 10 -12 18 -14 20 17 21 -18 -19 -20 23 -22 -23 -24 -25 -26
leaf_value=0.052057118433302789 -0.032269750132012338 -0.014950454797910549 0.0093539522873983694 -0.053748324668767326 -0.047523431854611969 -0.05684941935044862 -0.044381588604125395 0.0038593569646709677 -0.029634284046718792 0.030175268016713271 -0.017768448989517602 0.019721585571270982 0.015551544905483126 0.023043396854194168 -0.039530206622942987 0.060188324465888232 0.01929981147219131 0.0055866026243227103 -0.048421162601748488 0.04774339597040355 0.022435503791608368 0.020097351526126964 -0.055096486133131208 -0.025907997568295212 0.05546638714849586
leaf_weight=145.44288249826059 32.645987523719668 8.9007838331162912 471.41212789947167 101.26977983303368 51.146460836753249 19.947281509637836 3.6459665652364484 33.477165247313678 19.761830054223537 99.055900256149471 35.304581267759204 5.0333475843071929 44.586189478402957 10.668581608682869 59.593900982988998 17.89715724345297 35.946415861137211 14.970998137723653 62.553698526229709 2.2879804801195851 14.911722352728246 13.428387382999061 353.30704864743166 2.5910735111683607 304.24842853099108
leaf_count=404 960 31 4882 2919 763 667 134 230 621 411 245 84 589 57 1809 61 172 253 2112 8 76 107 13303 76 885
internal_value=-0.000502211 0.0188123 0.00748167 -0.00519976 0.00370683 -0.0393161 0.00155049 -0.039513 -0.0434366 0.033814 0.0175394 -0.0228719 -0.00481659 0.0512433 -0.0500239 0.0339481 0.0457069 -0.0305177 -0.0431329 -0.0436337 0.0530694 0.0441558 -0.0538306 0.0108762 0.0544444
internal_weight=1964.04 1311.78 973.055 657.306 522.559 652.251 59.7978 134.747 592.453 315.75 134.36 144.819 77.2322 338.73 447.634 34.9715 181.389 74.5649 67.587 24.8263 329.829 31.3255 373.069 4.87905 314.917
internal_count=31859 11075 10026 8794 5645 20784 1053 3149 19731 1232 656 3745 1549 1049 15986 302 576 2062 2196 751 1018 168 13924 84 942
is_linear=0
shrinkage=0.05


Tree=22
num_leaves=29
num_cat=0
split_feature=44 34 44 5 30 0 2 36 0 7 37 30 41 46 38 21 39 29 2 2 20 38 35 6 38 7 0 36
split_gain=566.774 137.519 78.3243 73.0808 59.5727 49.5236 46.0671 43.2416 32.4303 29.397 28.9586 25.6334 20.0762 17.563 14.1406 20.224 13.0608 12.8862 14.4675 12.5255 11.8252 8.72814 7.45236 5.82101 4.74158 4.70753 2.94971 0.256767
threshold=0.82478070259094249 0.26330868899822241 0.96190130710601818 0.0034515790175646548 0.004202695796266199 0.78037589788436901 0.10181798040866853 0.00043470320815686142 0.90697482228279125 0.98529756069183361 0.067676059901714339 0.003778839018195868 0.0011268600355833771 0.028865009546279911 0.0035549283493310217 0.8859442174434663 0.0013729762285947802 -0.25146497786045069 0.15009039640426639 0.14073991775512698 0.3376691341400147 0.0041851773858070382 0.032110802829265601 0.028808304108679298 0.0121668903157115 0.93085125088691723 0.41136083006858831 0.00016829970263643193
decision_type=2 2 2 2 2 2 2 2 2 2 2 2 2 2 2 2 2 2 2 2 2 2 2 2 2 2 2 2
left_child=3 2 4 6 5 -2 25 13 9 -8 19 -12 22 16 15 -9 -5 23 -19 -4 -6 -10 -3 -14 -16 -1 -15 -24
right_child=1 12 10 7 20 -7 8 14 21 -11 11 -13 17 26 24 -17 -18 18 -20 -21 -22 -23 27 -25 -26 -27 -28 -29
leaf_value=0.0096223930372016462 0.0028074808792547677 0.014707678711178885 -0.055072233846407963 -0.049457583059902818 0.030054025113363327 -0.05023288923026941 0.051545869932445393 0.0249978672449119 -0.061717033020616055 0.02823944510933471 -0.031018457298676607 0.048940278396119169 0.018318618374382045 0.047403657476662378 0.049098328375551371 -0.041848347645047065 0.016576832848908814 -0.028306533019323295 0.032211227024807561 -0.038085462395709618 -0.053555492356988893 0.032997247495557817 -0.02246685747401558 0.053783422363231206 0.01141759273687085 -0.064329833871194883 -9.3333216407779686e-05 -0.065441949659681295
leaf_weight=2.3520652409642926 291.40482585923746 5.031194029375909 254.78490970656276 47.942041614558548 3.8226220998913041 50.819119929336011 382.00650102854706 35.152194542810321 8.799799657892434 216.50341722136363 29.172904632054269 14.01661734189838 16.544689096044749 5.9706586729735118 40.48695364780724 15.477714440785347 8.3365040794014913 14.795271676033733 25.53671772684902 212.29167959606275 90.5835628984496 2.5281846038997164 1.8692465042695401 52.368835184723139 11.360095437616108 10.542556126601992 6.1477656923234463 6.0707372315227985
leaf_count=18 3796 62 10360 957 24 1551 1214 135 168 838 769 109 137 21 120 136 71 256 135 7364 2903 12 48 170 66 209 81 96
internal_value=-0.000348693 -0.0241021 -0.0305444 0.031641 -0.0149486 -0.00519225 0.0395777 0.00265431 0.041576 0.0431762 -0.0438342 -0.00454858 0.0256535 -0.0278977 0.0231184 0.00414803 -0.0395573 0.0326492 0.00986333 -0.0474494 -0.0498905 -0.0396167 -0.0313847 0.0456529 0.0412145 -0.0511188 0.0251377 -0.0589694
internal_weight=1862.72 1069.11 946.896 793.606 436.63 342.224 622.733 170.874 609.838 598.51 510.266 43.1895 122.217 68.397 102.477 50.6299 56.2785 109.246 40.332 467.077 94.4062 11.328 12.9712 68.9135 51.847 12.8946 12.1184 7.93998
internal_count=31826 27780 26876 4046 8274 5347 2459 1587 2232 2052 18602 878 904 1130 457 271 1028 698 391 17724 2927 180 206 307 186 227 102 144
is_linear=0
shrinkage=0.05


Tree=23
num_leaves=27
num_cat=0
split_feature=44 31 17 36 2 31 22 2 44 2 21 20 5 24 17 41 44 39 5 24 1 7 37 1 36 21
split_gain=499.367 156.462 110.443 68.5537 64.3655 62.3507 47.2628 46.3591 39.8497 38.0912 35.2273 24.951 21.4729 23.5423 18.026 13.8635 15.3181 9.90005 9.69471 29.311 9.58262 9.51837 8.74771 7.55151 5.46921 1.39122
threshold=0.93276837468147289 0.021092430688440803 0.99166667461395275 0.00058818332036025833 0.12488645315170289 0.034772275015711791 1.0000000180025095e-35 0.12488645315170289 0.59348517656326305 0.10051277279853822 0.88716059923172008 0.98186728358268749 0.0038731930544599895 0.37410356104373937 0.5249999761581422 0.0029263891046866779 0.96580946445465099 0.0010690232738852503 0.00082748100976459693 0.14227212965488437 0.78859341144561779 0.86662113666534435 0.060845712199807174 0.65621289610862743 0.0006773544300813229 0.89270344376564037
decision_type=2 2 2 2 2 2 2 2 2 2 2 2 2 2 2 2 2 2 2 2 2 2 2 2 2 2
left_child=1 2 4 6 8 11 -4 21 -1 -3 -6 15 13 -11 -14 16 -2 -17 19 -13 23 -7 -20 -9 -5 -22
right_child=5 9 3 24 10 7 -8 20 -10 12 -12 18 14 -15 -16 17 -18 -19 22 -21 25 -23 -24 -25 -26 -27
leaf_value=0.041817811463173822 -0.00085321484328667338 -0.059249608188712916 -0.046725581073607823 0.0065527972200618836 0.040147595186901808 0.020228456228798031 0.038325734395940246 0.01907506195104457 -0.045463681849166181 0.047334053263092396 0.0079247488659076656 0.067874169580764518 0.037369294349564416 -0.0097870180718798994 -0.020821202216614862 0.027491396184173861 -0.044217171136248748 -0.041780019329583078 -0.052228112079864844 -0.054082403320785732 0.0045419371573312993 -0.05684598520251704 -0.018123105803053499 0.058117190857745374 0.048503251774264622 -0.048264047410295524
leaf_weight=16.215343356132507 29.235940266400576 8.7000302211381477 164.51191555173136 11.560871994122861 202.57403594814241 4.1590285878628519 17.373061865568161 33.922001401660964 54.863743527792394 441.51682225672994 146.42093970440328 6.4103908948600319 28.000450808554888 18.479593220166862 23.711915601976216 19.2755386158824 66.421037981752306 5.9550270615145555 365.35219646454789 13.813196364790199 1.5221140254288901 26.925008240155876 21.254892271477729 20.085304610431194 25.089349940419197 3.3627206981182098
leaf_count=55 454 191 3958 78 779 59 70 416 1080 1718 1351 15 118 307 393 233 2016 165 16012 404 19 1084 630 78 86 100
internal_value=0.00012571 0.0194735 0.00287623 -0.0258808 0.0178625 -0.0361505 -0.0384366 0.00230154 -0.0252481 0.0397959 0.0266898 -0.0426986 0.0415922 0.0450231 0.0107981 -0.0224809 -0.0311097 0.0101722 -0.0486363 -0.0140485 0.0282583 -0.0462244 -0.0504047 0.0343874 0.035796 -0.033834
internal_weight=1776.71 1159.02 638.609 218.535 420.074 617.694 181.885 89.9762 71.0791 520.409 348.995 527.718 511.709 459.996 51.7124 120.888 95.657 25.2306 406.831 20.2236 58.8921 31.084 386.607 54.0073 36.6502 4.88483
internal_count=31869 10184 7457 4192 3265 21685 4028 1756 1135 2727 2130 19929 2536 2025 511 2868 2470 398 17061 419 613 1143 16642 494 164 119
is_linear=0
shrinkage=0.05


Tree=24
num_leaves=26
num_cat=0
split_feature=34 0 37 20 22 2 26 40 24 31 3 1 31 39 25 2 6 1 22 5 39 16 32 41 24
split_gain=321.952 164.69 157.473 70.678 75.0048 59.8196 46.5871 36.5397 22.2766 20.7734 22.8782 18.437 15.8615 13.7124 13.0049 10.6969 7.47501 7.35202 4.6333 3.68683 3.26947 1.93123 1.72929 1.42643 0.763705
threshold=0.25069467723369604 0.71085646748542797 0.031400160863995559 0.977785885334015 1.0000000180025095e-35 0.10825660452246667 -0.039413256570696824 0.17162900418043139 0.09734793379902841 0.034772275015711791 0.0018714344478212299 0.84790217876434337 0.11900128424167634 0.00011185275434399956 -0.00178476155269891 0.12199999764561655 -0.18377802520990369 0.61067754030227672 1.0000000180025095e-35 0.0040494154673069724 0.0003714064223458991 0.21576974540948871 0.0073268082924187192 0.0010458157048560681 0.36245970427989965
decision_type=2 2 2 2 2 2 2 2 2 2 2 2 2 2 2 2 2 2 2 2 2 2 2 2 2
left_child=1 2 3 8 -5 12 -7 18 -1 10 11 15 -4 -9 -13 -2 -15 23 22 21 -19 -11 -3 -12 -23
right_child=9 7 5 4 -6 6 -8 13 -10 19 17 14 -14 16 -16 -17 -18 20 -20 -21 -22 24 -24 -25 -26
leaf_value=-0.04292170605945142 -0.011038563532727022 -0.059177497520557759 -0.05688771904947143 -0.038894103952904109 0.047324180854499902 -0.0085511080459868757 0.030468717262974468 0.055706523571746817 0.01274790986726507 0.025204611388684552 -0.00793204246846335 0.017880472095645826 0.030556770820454545 0.018682172586225978 -0.073039579433755109 0.042164697650623306 -0.040187845093038119 0.038708724001753084 -0.010250376366430553 0.01841359995447709 -0.017820394258402261 0.053033530483785896 -0.0075705868162470463 -0.060438627530890666 0.032930107614704406
leaf_weight=19.541669687721878 9.8242677850648743 199.50579463713802 31.508123906794935 375.43300877418369 26.206319466233253 97.329592756927013 350.00745047675446 7.6703502489253905 143.25425349967554 9.8059599436819536 1.8903291709721113 8.8675702745094878 5.5130068222060791 7.8902052827179494 5.6660955911502233 123.60766591038555 13.327294986695046 3.7470518387854082 5.5351505298167458 10.605321242474018 4.6512501584365964 189.73281694669276 1.9543330138549198 8.2358159366995078 11.1296991687268
leaf_count=297 212 8158 1258 13193 105 2060 2613 31 1471 40 38 86 42 112 46 586 383 13 75 56 69 721 46 154 85
internal_value=-0.000446603 -0.0125025 -0.00399376 -0.0219234 -0.0331649 0.0169022 0.0219788 -0.0501576 0.0058442 0.0394243 0.0258286 0.032384 -0.0434047 0.00245251 -0.0199858 0.0381945 -0.0184402 -0.0255107 -0.0574762 0.0494918 0.00883615 0.0509619 -0.0587167 -0.0522307 0.0520883
internal_weight=1672.44 1284.68 1048.79 564.435 401.639 484.358 447.337 235.883 162.796 387.764 166.49 147.966 37.0211 28.8879 14.5337 133.432 21.2175 18.5244 206.995 221.274 8.3983 210.668 201.46 10.1261 200.863
internal_count=31950 29844 21039 15066 13298 5973 4673 8805 1768 2106 1204 930 1300 526 132 798 495 274 8279 902 82 846 8204 192 806
is_linear=0
shrinkage=0.05


Tree=25
num_leaves=30
num_cat=0
split_feature=44 40 0 5 1 31 36 2 5 20 1 24 0 2 5 24 3 27 37 7 43 25 37 27 3 32 6 24 32
split_gain=406.766 116.433 103.949 67.5228 63.2309 54.3192 49.1633 41.3152 27.8141 26.5112 19.1378 21.3862 17.7433 17.3243 15.8184 23.9969 14.6245 10.8461 10.982 9.34957 8.18023 7.88365 7.62192 4.69146 3.75635 3.74293 2.15829 1.81131 1.00276
threshold=0.92637759447097789 0.16165228188037875 0.71085646748542797 0.0034515790175646548 0.90292266011238109 0.028381404466927055 0.00058120902394875895 0.12451204657554628 0.0040494154673069724 0.98108601570129406 0.56616753339767467 0.15252587199211123 0.49840131402015692 0.11981283873319627 0.00061753133195452403 0.14458706974983218 0.0028540698112919931 0.63564473390579235 0.045765578746795661 0.8819531798362733 0.06480391696095468 -0.0024512271629646416 0.060845712199807174 3.2327084541320805 -0.0029173004440963264 0.0076061883009970197 0.62814128398895275 0.079630140215158476 0.0082085710018873232
decision_type=2 2 2 2 2 2 2 2 2 2 2 2 2 2 2 2 2 2 2 2 2 2 2 2 2 2 2 2 2
left_child=1 2 3 4 -1 9 -5 20 17 12 11 -10 13 -2 15 -11 21 18 -3 24 26 -9 -16 -14 -4 -21 -7 -19 -12
right_child=5 8 19 6 -6 7 -8 16 10 14 28 -13 23 -15 22 -17 -18 27 -20 25 -22 -23 -24 -25 -26 -27 -28 -29 -30
leaf_value=0.030171852928585315 -0.05281387495476883 0.017056800391617503 0.038141680957646695 -0.031555494792977305 -0.075627044963670315 -0.055802305275570924 0.020142797895491983 0.058707276356622644 -0.062046408987711771 0.063483734376483469 0.023921806203003493 0.024169178422558155 -0.050585550216523459 0.0062063740170583354 -0.05107522774010325 -0.047161583573247512 -0.050988550434242934 0.029145899280982948 0.045153502831654833 -0.06320688413278705 0.040213868706545128 0.017967402011961356 -0.018233484339035416 0.031809907291254352 -0.029415293672045352 0.0083164862150594977 0.011358912834419661 0.051584684032098871 0.053275393280788744
leaf_weight=323.17525719385594 14.43098715180531 66.298764079809189 2.8982968470081687 117.24755273014307 13.82952579949051 28.262330613099046 74.383076766505837 15.550280848518012 15.0898464769125 7.3759344816207912 8.08825965318829 12.25331670604646 35.522788526955992 63.217935889959335 327.09973958320916 10.810472744517027 5.4095646170899263 13.961772605776785 76.847507538273931 56.045599666424096 1.8184469342231739 47.879426241153851 20.192356605548412 1.1686404263600696 3.3645214028656474 1.6641386002302159 0.92632115446030994 219.73849859274924 9.2500521633774024
leaf_count=1927 681 445 16 2986 211 1346 355 65 293 11 67 90 1233 843 16293 331 186 82 363 1668 3 662 656 10 70 19 15 889 24
internal_value=7.24531e-05 0.0191645 0.00485726 0.0121716 0.0256193 -0.033305 -0.011488 0.00025147 0.0392194 -0.0402738 0.00187139 -0.023921 -0.0190302 -0.00529454 -0.0468498 -0.00131682 0.0218078 0.0436309 0.032349 -0.0548418 -0.0467922 0.0287113 -0.0492236 -0.0471869 0.0027956 -0.0610379 -0.0533652 0.050374 0.0416332
internal_weight=1593.8 1014.14 592.608 528.635 337.005 579.665 191.631 99.8464 421.528 479.819 44.6815 27.3432 114.34 77.6489 365.479 18.1864 68.8393 376.847 143.146 63.9726 31.0071 63.4297 347.292 36.6914 6.26282 57.7097 29.1887 233.7 17.3383
internal_count=31840 9505 7252 5479 2138 22335 3341 2277 2253 20058 474 383 2767 1524 17291 342 913 1779 808 1773 1364 727 16949 1243 86 1687 1361 971 91
is_linear=0
shrinkage=0.05


Tree=26
num_leaves=27
num_cat=0
split_feature=44 31 38 24 25 20 2 6 2 25 2 38 6 24 24 25 1 32 5 24 30 6 33 3 29 3
split_gain=330.45 133.477 79.8036 72.7405 118.564 45.6094 36.5471 35.5722 28.3494 23.2578 23.1078 18.9881 13.1806 12.9765 12.3257 11.9996 10.1868 13.275 8.09592 7.63773 6.92668 6.64443 3.1041 2.73661 2.0972 0.919255
threshold=0.94570022821426403 0.045672580599784858 0.0053900324273854503 0.30587318539619451 -3.1846013371250585e-05 0.98186728358268749 0.10114151239395143 0.51459828019142162 0.12552835792303088 -0.0012368396855890749 0.12199999764561655 0.0061127783264964828 0.048466393724083907 0.11435057595372201 0.32643349468708044 0.00034082276397384709 0.30242420732975012 0.0011997126275673511 0.0048363625537604102 0.37553149461746221 9.5046772912610336e-05 0.67048934102058422 0.0028170597506687049 0.00039403008122462785 -0.85963189601898182 -0.0031866178615018721
decision_type=2 2 2 2 2 2 2 2 2 2 2 2 2 2 2 2 2 2 2 2 2 2 2 2 2 2
left_child=1 2 3 4 -1 8 24 -5 21 14 22 16 -13 -12 -10 -11 17 -7 19 -8 -18 25 -4 -14 -3 -2
right_child=5 6 10 7 -6 11 18 -9 9 15 13 12 23 -15 -16 -17 20 -19 -20 -21 -22 -23 -24 -25 -26 -27
leaf_value=0.029509701490683694 -0.015638317583521917 -0.0050420384612781238 -0.051053855038125484 -0.048229745604648759 -0.023589521480709051 -0.015326814019519491 0.048998121188095468 0.038970900531542473 0.055928952196442006 -0.030615449853629535 0.0048235848517964239 -0.05125705279773575 0.0028901268777045087 0.044497098750003572 -0.020820329902138293 0.010749433436177536 0.002187876119899331 -0.049462840894939755 -0.0028464005218347493 0.0051407284286762254 -0.053349122605098109 0.026971444575042764 0.011957454427485019 0.052396631706544509 -0.067729932544425692 -0.05453912728493171
leaf_weight=224.50071449764073 2.6291124597191802 1.8347979029640553 7.7081680372357351 108.61793767986819 195.97000823239796 56.867095061577857 289.41699647787027 12.342339391820131 24.597073400393132 35.94011619174853 24.537801392376423 5.4540686365216997 4.2931697713211161 136.94770648982376 6.0108491573482743 32.627464643213898 5.6843504616990677 58.782546913251281 8.0964646060019714 10.535859982483087 215.83563589118421 2.2854495216161004 2.0937054874375463 7.6873740581795573 6.399781051091848 30.615281709004194
leaf_count=1393 96 41 174 2818 4166 1917 1288 60 115 854 222 224 69 528 133 534 134 3384 48 193 11737 20 20 38 116 1558
internal_value=0.000269187 0.0163522 0.00433646 -0.00508609 0.00476434 -0.0335173 0.0433297 -0.0390855 -0.00866747 0.00515283 0.0339773 -0.0429062 0.00757654 0.0385355 0.0406749 -0.0110606 -0.0455313 -0.0329528 0.0461522 0.0474798 -0.0519206 -0.0463295 -0.0377335 0.0362456 -0.0558206 -0.0520092
internal_weight=1518.31 1029 712.718 541.431 420.471 489.31 316.284 120.96 134.705 99.1755 171.287 354.604 17.4346 161.486 30.6079 68.5676 337.17 115.65 308.049 299.953 221.52 35.5298 9.80187 11.9805 8.23458 33.2444
internal_count=31880 11067 9381 8437 5559 20813 1686 2878 3310 1636 944 17503 331 750 248 1388 17172 5301 1529 1481 11871 1674 194 107 157 1654
is_linear=0
shrinkage=0.05


Tree=27
num_leaves=30
num_cat=0
split_feature=44 44 38 30 0 44 36 7 1 37 30 2 0 6 5 2 1 19 30 6 29 2 5 40 9 42 9 20 1
split_gain=318.727 118.887 67.0824 55.0674 63.9231 37.8962 30.8535 29.152 29.616 20.9819 20.1605 18.731 17.0977 13.7091 11.5239 11.4129 11.3649 22.4716 10.2774 9.3398 8.46497 5.83519 17.2671 5.8936 3.24127 1.52389 2.49853 0.84308 0.659931
threshold=0.79645323753356945 0.96720427274703991 0.0036782399984076623 0.0036659907782450323 0.74029171466827404 0.67327314615249645 0.00086196776828728627 0.98435905575752269 0.87684962153434765 0.054966034367680557 0.004107425222173334 0.128637470304966 0.3661517351865769 0.065936584025621428 0.0030203060014173393 0.11377789080142976 0.33192814886569982 0.064572215080261244 0.0044841971248388299 0.67048934102058422 0.010401027742773296 0.14243055880069735 0.00049287933507002901 0.3234266489744187 0.065967332571744933 0.96875000000000011 0.030428122729063038 0.95894974470138561 0.89060771465301525
decision_type=2 2 2 2 2 2 2 2 2 2 2 2 2 2 2 2 2 2 2 2 2 2 2 2 2 2 2 2 2
left_child=5 2 3 4 -2 14 -5 10 12 21 20 19 -9 -13 25 -4 27 -18 -17 -11 -7 23 -23 -3 -12 26 -1 -16 -27
right_child=1 9 15 6 -6 7 -8 8 -10 11 24 13 -14 -15 16 18 17 -19 -20 -21 -22 22 -24 -25 -26 28 -28 -29 -30
leaf_value=0.013824898112369317 0.0083929642882996074 -0.054094068428709841 -0.047485682137862043 -0.048107178585033925 -0.055836318985542449 0.04374495109979501 0.034622621474200699 0.031799726081401095 -0.074292349924090145 -0.050694418891545606 -0.055933067232784461 -0.035016513606483939 -0.0088468880853533223 0.039622564084839246 0.055358487975534755 0.030894280144312954 0.038492346592866052 -0.03873847313727951 -0.010132262604317092 0.037621116031367641 0.0083552984458337629 0.038017473607186235 -0.042063454033934022 0.019790183934318025 0.013819676467832913 0.054681115574476247 0.050145205623766481 0.032548982305795643 0.034418140658572696
leaf_weight=9.3112384043633956 240.99340005102567 163.47359678870998 4.5307131428271523 122.05432664742693 45.121496784267947 107.76105899829417 11.697441816329954 42.829442980699241 11.239226001314817 24.475117962341759 6.1115274121984831 8.0151005410589296 62.366700931452215 18.871288293041289 21.040363237261772 135.40442587574944 22.727674609050155 14.647312222979961 16.709748112596571 2.6620752420276395 20.643296130932868 6.4054351411759844 111.46901588654146 2.2738696988672009 1.7282584058120845 154.14546359633096 11.420442082919179 12.481019587256013 10.799637489020823
leaf_count=49 3462 9447 190 5085 2009 522 56 250 134 1236 160 267 719 139 63 812 142 118 281 12 119 37 5719 37 19 676 47 63 52
internal_value=-6.48512e-05 -0.0177193 -0.00390008 -0.0143142 -0.00189545 0.0315991 -0.0406687 0.0177484 -0.000648141 -0.0412335 0.0333604 -0.0123947 0.00784554 0.0169141 0.0451178 0.0239275 0.0273462 0.00800472 0.0263508 -0.0410018 0.038164 -0.0466639 -0.0374286 -0.0529679 -0.0407324 0.0517206 0.0352194 0.0480547 0.0535698
internal_weight=1423.41 914.157 576.512 419.867 286.115 509.253 133.752 252.68 116.435 337.645 136.244 54.0236 105.196 26.8864 256.573 156.645 70.8964 37.375 152.114 27.1372 128.404 283.622 117.874 165.747 7.83979 185.677 20.7317 33.5214 164.945
internal_count=31922 28789 11895 10612 5471 3133 5141 1923 1103 16894 820 1654 969 406 1210 1283 386 260 1093 1248 641 15240 5756 9484 179 824 96 126 728
is_linear=0
shrinkage=0.05


Tree=28
num_leaves=29
num_cat=0
split_feature=44 44 22 20 31 6 20 2 0 2 1 17 2 40 25 0 37 4 3 25 37 3 17 42 13 20 29 1
split_gain=304.402 107.038 82.1635 62.9406 45.6034 32.9282 22.8738 21.49 19.7899 14.0323 12.146 10.178 16.583 9.15349 8.89799 9.60785 12.3616 8.13221 7.32457 3.68306 2.81088 2.73751 1.60128 1.5128 1.29935 0.666249 0.498003 0.226791
threshold=0.94570022821426403 0.67327314615249645 1.0000000180025095e-35 0.96533730626106273 0.043609214946627624 0.43173274397850042 0.9806933104991914 0.12330029159784318 0.36320692300796514 0.12552835792303088 0.18814736604690555 0.19166667014360431 0.14073991775512698 0.31186205148696905 -0.0009493312973063438 0.42171847820281988 0.028642038814723495 -0.0014695266145281491 0.0019096664618700745 -0.00030619268363807345 0.027059454470872882 -0.0031866178615018721 0.10833333432674409 0.65625000000000011 0.30210956931114202 0.98489636182785045 -1.4968829154968259 0.88818624615669262
decision_type=2 2 2 2 2 2 2 2 2 2 2 2 2 2 2 2 2 2 2 2 2 2 2 2 2 2 2 2
left_child=1 14 3 7 -5 6 9 -3 17 21 -11 12 -8 -13 23 25 -17 24 22 -20 -19 -2 -4 -1 -7 -16 -10 -25
right_child=5 2 18 4 -6 8 11 -9 26 10 -12 13 -14 -15 15 16 -18 20 19 -21 -22 -23 -24 27 -26 -27 -28 -29
leaf_value=0.029567347156788083 0.00058837039077693691 -0.025281347252562633 0.025727933505141621 -0.0230130518203546 0.022956634968841424 -0.044106779263085663 -0.050715003660874974 0.025225539288521639 -0.0041189136235605193 0.029205118731680208 -0.018244197042735378 -0.050503279142334559 0.030662617889083633 0.036977658143060324 0.052426652520732975 -0.030401992869215261 0.029057671101247469 0.002666352198160229 0.030027142460625392 -0.021767180197842205 0.050239256155763835 -0.053327997427726086 0.051916990941867684 0.053872330909404756 0.010584488522792701 0.030139655012608058 -0.051198192235598322 0.035005425989957664
leaf_weight=11.738976915366946 2.5758529291488257 22.895040711853653 9.5060610324144346 295.64871602260973 65.095183511264622 2.7809752658940883 12.891117499209942 187.86775326076895 0.78997100936248799 17.361048343125731 50.013600726728328 263.7062112261774 10.496611643582581 2.3523149052634826 30.02954182587564 10.968629280105231 32.128145089372993 3.8082805457524982 6.7625798592343926 5.2162290196865779 19.134709291160107 23.926963280653581 87.744312865193933 137.29940633079968 1.0617858935147522 9.5388082247227413 9.0252132499590498 9.1023420803248865
leaf_count=61 87 444 38 7112 599 133 662 1141 31 180 1196 16284 90 20 112 116 171 90 47 44 122 1426 382 655 12 60 486 48
internal_value=-0.000304897 0.0157718 0.00561235 -0.00200745 -0.0146774 -0.0355394 -0.0398576 0.0196455 0.00954189 -0.0181462 -0.00576918 -0.0468126 -0.0144323 -0.0495943 0.0443495 0.030397 0.0135782 0.0316504 0.045137 0.00753369 0.0427839 -0.0482569 0.049645 0.0514061 -0.02993 0.0479293 -0.0481402 0.0529447
internal_weight=1341.47 921.542 680.736 571.507 360.744 419.925 383.324 210.763 36.6009 93.8775 67.3746 289.446 23.3877 266.059 240.806 82.6651 43.0968 26.7858 109.229 11.9788 22.943 26.5028 97.2504 158.141 3.84276 39.5684 9.81518 146.402
internal_count=31849 11030 9807 9296 7711 20819 19945 1585 874 2889 1376 17056 752 16304 1223 459 287 357 511 91 212 1513 420 764 145 172 517 703
is_linear=0
shrinkage=0.05


Tree=29
num_leaves=30
num_cat=0
split_feature=44 44 9 20 0 5 2 43 36 40 24 2 1 0 29 6 5 17 24 5 24 6 41 6 4 34 36 41 46
split_gain=248.974 96.8914 58.5325 66.9881 40.921 36.2325 25.6605 25.6806 24.4395 21.803 19.4635 19.3845 18.6608 24.3257 15.8528 14.8853 11.2979 10.1471 10.1032 18.5938 9.88685 9.30768 9.24729 8.70094 7.68533 6.06927 5.612 1.13131 0.589838
threshold=0.79277813434600841 0.98290473222732555 0.024349199607968334 0.92920696735382091 0.37640704214572912 0.0033933813683688645 0.12941937148571017 0.042440153658390052 0.00057490915060043346 0.14567351341247561 0.10399341955780984 0.10181798040866853 0.87684962153434765 0.69095146656036388 -0.71256694197654713 0.097163978964090361 0.0049639835488051185 0.90833333134651195 0.14019011706113818 0.00049287933507002901 0.17397964745759967 0.67048934102058422 0.0017048965673893692 -0.16372274607419965 0.0027349252486601476 0.11834679543972017 0.00081964844139292847 0.00050321928574703645 0.00067640817724168311
decision_type=2 2 2 2 2 2 2 2 2 2 2 2 2 2 2 2 2 2 2 2 2 2 2 2 2 2 2 2 2
left_child=5 2 3 10 -5 11 7 -4 14 18 -2 27 24 -14 17 26 -8 -7 19 -3 25 -20 -17 -16 -13 -10 -11 -1 -22
right_child=1 9 6 4 -6 8 16 -9 20 15 -12 12 13 -15 23 22 -18 -19 21 -21 28 -23 -24 -25 -26 -27 -28 -29 -30
leaf_value=-0.0072217175793101414 -0.037836829141589402 0.061165549115212471 -0.038218704688422714 -0.007127249382360994 -0.04493637274539064 0.049844864668759072 0.03283591751301744 0.047488493147950846 -0.027232322573574011 -0.045677899880319471 0.028081611612401199 0.044934308375321558 0.026112274983245639 -0.076569185435718598 0.0065050210451342632 -0.02673826389322297 -0.033631363842533228 -0.034290392188526475 -0.051988942780546603 -0.045212479233047199 0.050857966894273444 0.011134038648964213 0.036723708855948133 -0.056510375988106931 -0.0051167841785540857 0.02211839563861746 0.010282628619200455 -0.05610816003088364 0.030911137168295966
leaf_weight=1.9464244032278646 11.932430715300141 5.3233505152165916 30.598267046269029 133.48799989884719 154.37989550107159 8.9293248411267978 130.47010705899447 11.137300646863876 9.9337575174868125 23.051157173234973 87.795500326901674 290.57404034165666 23.993100783787671 6.4994131019338957 6.7618047930300262 7.58291539968923 5.9396537942811838 4.7422576579265288 201.89304761262611 10.772898260969667 18.160820841789249 5.6828503254801026 16.964031464420259 24.087928335880861 7.6779129020869723 13.483418134972451 5.1061618528328827 4.31229308526963 13.699030293151734
leaf_count=41 186 10 1109 3302 6191 36 1193 66 69 1336 694 1510 148 52 89 286 146 149 13100 593 67 179 251 564 43 88 133 92 68
internal_value=-0.00039955 -0.0162601 -0.0043834 -0.0152769 -0.0274892 0.0302857 0.0192709 -0.0147714 0.00379199 -0.0404681 0.0198971 0.0381435 0.0398359 0.00248957 -0.0234882 -0.0112767 0.0297181 0.0203128 -0.0472658 -0.00851127 0.025791 -0.0502157 0.0168401 -0.0429278 0.043633 0.000925511 -0.0355252 -0.0439942 0.043483
internal_weight=1276.92 842.118 565.741 387.596 287.868 434.802 178.145 41.7356 99.7983 276.376 99.7279 335.003 328.744 30.4925 44.5213 52.7043 136.41 13.6716 223.672 16.0962 55.277 207.576 24.5469 30.8497 298.252 23.4172 28.1573 6.25872 31.8599
internal_count=31791 28775 12887 10373 9493 3016 2514 1175 1130 15888 880 1886 1753 200 838 2006 1339 185 13882 603 292 13279 537 653 1553 157 1469 133 135
is_linear=0
shrinkage=0.05


Tree=30
num_leaves=27
num_cat=0
split_feature=44 7 16 30 1 44 38 6 1 40 1 40 20 1 3 9 19 40 1 13 15 19 1 27 9 16
split_gain=229.79 85.1284 76.1112 43.512 42.2044 35.3411 34.8715 30.2051 22.0334 29.812 20.9987 21.788 19.9729 16.0655 12.5533 12.89 11.2214 10.0757 9.97486 9.3592 8.17388 8.17253 6.23501 5.22316 3.92872 2.02415
threshold=0.93002858757972728 0.96901842951774608 0.96257278323173534 0.0040589666459709415 0.73808082938194286 0.99166667461395275 0.002589484211057425 0.024302858859300617 0.29692111909389501 0.12063385918736459 0.32735091447830206 0.20796205103397372 0.97931408882141124 0.096782498061656966 0.0014073042548261585 0.020428469404578212 0.030148625373840336 0.29660856723785406 0.094678498804569258 0.053446253761649139 0.00014539476978825408 0.0015148222446441653 0.10890023410320283 2.8173474073410039 0.087750360369682326 0.97992569208145153
decision_type=2 2 2 2 2 2 2 2 2 2 2 2 2 2 2 2 2 2 2 2 2 2 2 2 2 2
left_child=1 3 10 14 6 7 -4 12 13 -10 18 -12 19 -9 22 -16 -6 21 -3 -2 -5 -7 -1 -23 -14 -19
right_child=5 2 4 20 16 17 -8 8 9 -11 11 -13 24 -15 15 -17 -18 25 -20 -21 -22 23 -24 -25 -26 -27
leaf_value=0.00044292179418143523 0.015152514694194331 -0.01006931468733104 -0.018251320565829655 -0.054654794264848386 0.0028209125187611504 0.049139359707248469 0.029735623511313775 -0.052318044502110972 -0.053997594283222497 0.015138214121661251 -0.0093575630891158511 0.031822710423701467 -0.053293837947294392 0.031799041108916785 -0.015093005098688377 0.036907712000538551 -0.066644781050272162 -0.014221318990748924 0.045075358698101642 -0.039068134968293124 0.02193109052838731 -0.046973784367562915 0.046958665319963268 0.015303999344127229 0.009552161040096669 0.04054289664009042
leaf_weight=7.4419831428676835 22.375280370470136 8.6139678657054883 144.31013464555144 13.986942830262707 6.6246520164422682 1.5110653555020679 50.223812287673354 5.416038268711417 29.578232764499262 31.124745887238532 67.754253859631717 59.4890420101583 62.609747330425307 54.670618426287547 18.426880751270801 30.578150127083063 42.258196751587093 2.0889101997017852 94.205059979110956 11.076484314631669 3.9349684165790668 201.65673483139835 244.03979605087079 2.9864305746741584 2.2968783620744935 3.3733646515756845
leaf_count=126 401 151 3510 531 177 5 452 282 1767 472 677 356 4332 978 295 257 1135 72 443 425 63 13363 1487 94 80 24
internal_value=0.000612529 0.0165946 0.00313142 0.0365421 -0.016326 -0.0287382 -0.00577357 -0.0145646 0.00221495 -0.0188782 0.0236999 0.00999314 -0.0349857 0.0234846 0.0410723 0.0174436 -0.0573629 -0.0432787 0.040403 -0.0034138 -0.0375691 -0.0450638 0.0455894 -0.0459949 -0.0509587 0.0206399
internal_weight=1222.65 791.888 473.479 318.409 243.417 430.765 194.534 219.148 120.79 60.703 230.062 127.243 98.3584 60.0867 300.487 49.005 48.8828 211.617 102.819 33.4518 17.9219 206.154 251.482 204.643 64.9066 5.46227
internal_count=31955 9660 6901 2759 5274 22295 3962 8737 3499 2239 1627 1033 5238 1260 2165 552 1312 13558 594 826 594 13462 1613 13457 4412 96
is_linear=0
shrinkage=0.05


Tree=31
num_leaves=29
num_cat=0
split_feature=44 38 20 22 1 42 2 24 1 1 25 0 42 19 0 1 2 25 20 7 0 32 43 9 25 25 4 13
split_gain=209.236 100.192 61.7754 59.2816 37.1176 26.3359 23.334 21.1302 25.1115 20.6469 20.5649 15.8225 14.28 14.2634 13.9157 10.6543 8.52934 7.93172 4.66599 5.04778 4.25711 16.5456 3.97503 3.71018 1.48831 1.4485 0.858108 0.0388424
threshold=0.74788135290145885 0.0022096738684922461 0.95025146007537853 1.0000000180025095e-35 0.3483570665121079 0.84375000000000011 0.11377789080142976 0.16575359553098681 0.63262799382209789 0.78859341144561779 -0.00054580331197939802 0.42171847820281988 0.71875000000000011 0.054313540458679206 0.50795802474021923 0.31862467527389532 0.15332487970590594 -5.3832012781640508e-05 0.97724568843841564 0.97908866405487072 0.70140787959098827 0.003028741455636919 0.042440153658390052 0.0046341011766344318 -0.00097520547569729377 -0.0033134941477328535 -0.00084301564493216563 0.0011964437435381117
decision_type=2 2 2 2 2 2 2 2 2 2 2 2 2 2 2 2 2 2 2 2 2 2 2 2 2 2 2 2
left_child=10 2 5 4 -4 26 22 8 -8 -9 12 18 13 25 17 -7 -16 -13 -12 -20 24 -22 27 -5 -14 -1 -2 -3
right_child=1 6 3 23 -6 15 7 9 -10 -11 11 14 20 -15 16 -17 -18 -19 19 -21 21 -23 -24 -25 -26 -27 -28 -29
leaf_value=0.04657071476924176 -0.0058665439771681061 -0.010062694316887749 -0.018809752354472766 0.0030033851152697459 -0.047123022264861814 0.03628644846807829 -0.03328565656810948 0.033612580741895069 0.039628621358380328 -0.0089270483141687517 0.047668721804499568 0.0061419043923589926 0.05246206676804141 -0.049710389429050622 0.030181520165911847 -0.0013451154457624656 -0.021493064255516909 -0.066436102464970934 0.037232458089934292 -0.015777220109403248 -0.047507671729171745 0.046621359309086535 0.023119452583071867 0.049936583857070886 0.034689818870768704 0.013493674009630847 -0.057202865853331487 -0.051800483038784567
leaf_weight=7.4834634009748706 1.1357051976956416 0.60455303126946347 206.21247421123553 5.3666237452998784 269.17959490953945 53.723271888680756 36.063830083585344 149.54624563921243 16.370805977843702 34.740898131858557 29.924250500276685 5.4756627213209876 150.74279888323508 7.0421912586316457 23.535297031980008 28.553375272545964 10.987123724538831 10.027932572178539 8.8702316172420996 7.4494673951994619 5.0942925959825542 20.461525784805417 1.4783711065538216 21.101740115787834 21.753998592495918 7.3051907205954203 10.893030340317635 13.940093322889878
leaf_count=30 9 30 8749 77 15616 362 792 1592 120 558 128 33 854 65 186 485 143 164 59 106 76 139 23 115 127 55 353 944
internal_value=0.000237146 -0.0126957 -0.0238684 -0.0308366 -0.0349067 0.0131484 0.0136481 0.0176504 -0.0102052 0.0255883 0.0348941 0.0154035 0.0433191 0.00470276 -0.00411569 0.0233674 0.0135935 -0.0419836 0.0361592 0.0135212 0.0475307 0.0267753 -0.0430448 0.0408764 0.0504336 0.0321211 -0.0531782 -0.0508246
internal_weight=1165.06 848.911 596.166 501.86 475.392 94.3054 252.745 236.722 52.4346 184.287 316.153 96.27 219.883 21.8308 50.026 82.2766 34.5224 15.5036 46.2439 16.3197 198.053 25.5558 16.023 26.4684 172.497 14.7887 12.0287 14.5446
internal_count=31990 29825 25766 24557 24365 1209 4059 3062 912 2150 2165 819 1346 150 526 847 329 197 293 165 1196 215 997 192 981 85 362 974
is_linear=0
shrinkage=0.05


Tree=32
num_leaves=27
num_cat=0
split_feature=44 34 7 1 35 32 40 30 6 37 4 24 41 20 2 37 31 37 41 29 4 24 1 24 29 29
split_gain=201.112 81.7674 47.8772 65.0451 48.6056 38.1333 33.788 25.3271 21.7474 15.3423 14.0281 11.2865 10.7558 9.99545 8.88034 8.14531 8.0185 7.99958 7.22713 6.95262 7.76817 6.49443 6.12754 5.49524 4.56375 3.68881
threshold=0.94570022821426403 0.27977168560028082 0.91380706429481517 0.34446594119071966 0.077722117304801955 0.0027532156091183428 0.14567351341247561 0.0031597313936799769 0.4014939963817597 0.068927604705095305 -0.0029205962782725687 0.11834894493222238 0.0029263891046866779 0.90306708216667186 0.14434310793876651 0.0011696432484313848 0.050190525129437454 0.10743939131498338 0.0041501005180180081 0.60859662294387828 -0.00031916503212414676 0.14019011706113818 0.64772367477417003 0.070523668080568327 0.010401027742773296 -0.49949845671653742
decision_type=2 2 2 2 2 2 2 2 2 2 2 2 2 2 2 2 2 2 2 2 2 2 2 2 2 2
left_child=1 2 7 4 -4 -5 9 24 12 13 -11 -9 16 14 -2 -3 -8 -12 -14 23 -21 -15 25 -17 -1 -10
right_child=6 15 3 5 -6 -7 8 11 22 10 17 -13 18 21 -16 19 -18 -19 -20 20 -22 -23 -24 -25 -26 -27
leaf_value=0.050195730026353053 -0.044174739385460654 -0.0096022861901462545 -0.020108523722727686 -0.035471456620331562 0.031302816958605394 0.006028951725398214 -0.047573168995978146 -0.058941809865085786 0.033983739267105316 0.058807881404515344 -0.047314049466661477 0.010083230695557046 0.025217625221163234 -0.015905386531197878 0.028080218587311807 0.0064874466882594017 0.013471178279989116 0.024442266765048376 -0.030842718734712837 0.046064478084813211 -0.02856394104198437 -0.050380432489710775 0.058499634534723344 0.050321432021970328 0.012893850533680444 -0.03056692098265594
leaf_weight=78.902022495050915 6.901183367939665 6.6640092795714727 63.563526650657877 154.73443198890891 159.93591932300478 85.475665756501257 28.586207494605333 6.4523333036340764 3.2974031995981941 5.8746611662209061 11.432940744794907 27.928977518342435 15.991669158916922 15.877051769755779 8.2344836117699725 7.8383419727906576 6.1093834075145415 4.9068803268019101 7.7180218277499071 5.7582305958494544 6.2497906582429987 202.99421854945831 13.197300030849872 150.80720328446478 10.059416675008832 3.5641065943054873
leaf_count=467 357 40 1879 4250 1466 1116 1774 171 28 16 606 499 343 840 120 80 164 89 330 28 68 15906 72 948 77 101
internal_value=-0.000473177 0.0136792 0.00466367 -0.00271847 0.0166569 -0.0207403 -0.0327394 0.0322156 -0.00396491 -0.0415015 -0.00170544 -0.00417046 -0.0193945 -0.045256 -0.00556075 0.0433336 -0.0367479 -0.0255986 0.00645909 0.0454446 0.00801288 -0.0479633 0.0397491 0.0482099 0.046168 0.000830775
internal_weight=1099.06 764.37 587.052 463.71 223.499 240.21 334.686 123.343 78.4641 256.221 22.2145 34.3813 58.4053 234.007 15.1357 177.318 34.6956 16.3398 23.7097 170.654 12.008 218.871 20.0588 158.646 88.9614 6.86151
internal_count=31835 11089 9925 8711 3345 5366 20746 1214 2812 17934 711 670 2611 17223 477 1164 1938 695 673 1124 96 16746 201 1028 544 129
is_linear=0
shrinkage=0.05


Tree=33
num_leaves=30
num_cat=0
split_feature=44 32 1 35 1 22 17 2 25 1 25 2 7 6 29 33 34 2 35 42 33 1 2 43 41 27 2 4 2
split_gain=161.394 82.4542 56.8072 64.9137 41.2921 36.1373 23.5996 21.9754 18.6457 15.3652 14.0885 16.9706 11.59 11.4879 10.4723 10.1079 9.48889 19.2116 14.7758 8.6214 5.59838 5.35469 5.17236 4.73774 3.60117 4.1885 3.31657 1.64225 1.39759
threshold=0.75219297409057628 0.0028798455605283384 0.34446594119071966 0.077722117304801955 0.11209464818239213 1.0000000180025095e-35 0.15833333879709247 0.12451204657554628 -0.00054580331197939802 0.89807710051536571 -0.00078581835259683419 0.17218530178070071 0.95420169830322277 0.16342544555664065 0.42212790250778204 5.0920129069709226e-05 0.12844193726778033 0.1539111137390137 0.11527179554104806 0.84375000000000011 0.0056697663385421046 0.61572083830833446 0.12625496089458468 0.011317650321871044 0.0028305401792749767 0.56973776221275341 0.17218530178070071 0.0022725107846781616 0.11095909401774408
decision_type=2 2 2 2 2 2 2 2 2 2 2 2 2 2 2 2 2 2 2 2 2 2 2 2 2 2 2 2 2
left_child=8 2 3 15 -5 6 -4 13 9 19 14 -12 -11 20 -9 -2 17 18 -10 22 -3 -15 -1 -7 27 -26 -19 -18 -21
right_child=1 7 5 4 -6 23 -8 10 16 12 11 -13 -14 21 -16 -17 24 26 -20 28 -22 -23 -24 -25 25 -27 -28 -29 -30
leaf_value=-0.017942108137368944 -0.0024734663973208005 -0.050128164683837122 -0.001274850866783553 -0.042930031439854119 0.022929824342620725 -0.0034242035609654328 -0.047108003601742082 0.04318480578314178 -0.040362880222428128 0.035651568287121217 -0.0010202153963686429 0.047678810431865212 -0.064926011863347538 -0.019880251178388708 0.0020270404597068662 -0.051466453225569836 0.048273906486964002 -0.056026334272598524 0.034399690547614388 0.021630646103859886 0.0244994689094 0.04232131278550022 0.031881713172802188 0.049824783919432909 -0.020464739675608405 0.030915975550318216 0.0027799939223311023 0.015633650376515849 0.050131925397950319
leaf_weight=7.4305500481277731 12.781549431849269 21.409907179418955 31.92577309999615 27.440852455794811 146.15131982252933 6.2031524968333569 235.98996900347993 69.702189273200929 7.4259858699515453 4.5721231866627914 97.675139544997364 20.889713848941028 5.02163115888834 5.3276926202233863 19.909141828771681 61.592947035096586 22.41647094395012 12.233892569318412 31.098112979903817 6.6073074151063329 2.2298456262797108 6.9341484243050218 13.152837194502352 11.063709176145492 5.7327876100316635 8.9016055315732938 2.8161726593971244 6.1174821136519304 153.54705420322716
leaf_count=93 489 1274 664 1114 2576 67 15435 448 143 37 2000 121 55 218 234 4918 135 233 175 85 49 80 60 63 76 55 29 53 1026
internal_value=0.000878202 -0.0109578 -0.021964 -0.00442765 0.0123327 -0.037143 -0.0416714 0.013075 0.0328498 0.0419165 0.0193074 0.00788698 -0.0181527 -0.0226074 0.034164 -0.0431913 0.0147657 0.000608906 0.0193317 0.0451873 -0.0423802 0.015834 0.0138975 0.0315548 0.0319235 0.0107668 -0.0455349 0.0420423 0.0490976
internal_weight=1064.3 777.227 533.149 247.967 173.592 285.183 267.916 244.078 287.074 190.332 208.176 118.565 9.59375 35.9016 89.6113 74.3745 96.7425 53.5742 38.5241 180.738 23.6398 12.2618 20.5834 17.2669 43.1683 14.6344 15.0501 28.534 160.154
internal_count=32005 29750 25326 9097 3690 16229 16099 4424 2255 1356 2803 2121 92 1621 682 5407 899 580 318 1264 1323 298 153 130 319 131 262 188 1111
is_linear=0
shrinkage=0.05


Tree=34
num_leaves=29
num_cat=0
split_feature=44 44 1 5 2 16 19 37 2 9 1 5 2 0 40 6 7 2 33 24 2 30 4 6 3 25 25 24
split_gain=152.734 70.4433 46.4326 46.6911 53.084 26.5115 26.2292 19.2157 24.345 15.1465 13.6006 9.11856 15.2766 9.33846 9.27007 8.84012 8.62813 8.57945 7.60074 7.43177 6.47735 4.7197 4.31312 3.54318 3.44312 3.07447 3.02838 2.36595
threshold=0.96580946445465099 0.728990137577057 0.84790217876434337 0.0031952154822647576 0.12147369608283044 0.9695802927017213 0.03045722842216492 0.041735595092177398 0.128637470304966 0.014676557388156654 0.33192814886569982 0.0028565807733684783 0.14243055880069735 0.41136083006858831 0.3234266489744187 0.065936584025621428 0.87377294898033153 0.12199999764561655 0.0026244961190968756 0.22558574378490451 0.18305422365665439 0.0038816721644252543 0.0026952993357554082 0.67048934102058422 -0.0040247542783617965 4.1182735003530986e-05 -0.0012368396855890749 0.34836837649345404
decision_type=2 2 2 2 2 2 2 2 2 2 2 2 2 2 2 2 2 2 2 2 2 2 2 2 2 2 2 2
left_child=1 9 3 4 -3 -5 18 11 23 10 25 12 14 -14 -2 19 -8 -12 -4 -10 26 -17 27 24 -9 -1 -13 -11
right_child=7 2 6 5 -6 -7 16 8 15 22 17 20 13 -15 -16 21 -18 -19 -20 -21 -22 -23 -24 -25 -26 -27 -28 -29
leaf_value=0.046196389107928761 -0.053133427035903985 -0.03249520999937066 -0.023149827581449775 0.010313306672078158 0.032105174921454191 -0.02629555288309281 0.017765786809574368 0.011860417779431327 0.016796630780112932 0.048051651997630028 -0.053761180143951072 0.012698666115046209 0.026636095133134797 -0.035450315411655491 0.036130762500266596 0.010423079079508436 -0.060276081045074426 0.0080430995930085881 0.045950202409329628 -0.048691489030484474 0.04586194507638669 0.052184646891001087 0.005125690934866256 0.019773153616309776 -0.055631001162426932 0.011072195760676889 -0.051060039281285587 0.013376988701310558
leaf_weight=31.889392587356269 31.782127871410921 36.994447795208544 5.7652176637202492 84.795457294676453 198.43788460525684 116.24303286988288 3.3906361684203139 1.6991494600661159 7.8031776505522412 126.2942016836023 5.4056470729410639 1.5268273302353907 16.457216203212742 8.2902261768467707 2.5023165927268556 15.995349594624715 47.461177465040237 44.505366147961468 9.1145305889658612 7.77549316175282 1.0455562537536014 11.606242578011004 6.8641990087926379 1.387752083595841 24.335856909863651 8.6223502364009601 126.41195462329779 6.0832780664786688
leaf_count=193 2446 1471 323 985 1920 5023 68 107 162 925 75 70 313 453 27 277 1494 441 77 637 10 119 56 24 2002 67 12046 61
internal_value=-0.00030201 0.0113726 0.000865098 0.00678952 0.0218597 -0.0108798 -0.0379865 -0.0332566 -0.0108189 0.0342459 0.0180211 -0.0415805 -0.0246475 0.00526851 -0.045779 0.012575 -0.0548302 0.00042484 0.0194053 -0.0168547 -0.049081 0.029194 0.0445785 -0.0468017 -0.0509505 0.0391675 -0.0502066 0.0465705
internal_weight=990.486 731.867 502.202 436.471 235.432 201.038 65.7316 258.619 70.603 229.664 90.4228 188.016 59.0319 24.7474 34.2844 43.1803 50.8518 49.911 14.8797 15.5787 128.984 27.6016 139.242 27.4228 26.035 40.5117 127.939 132.377
internal_count=31872 13179 11361 9399 3391 6008 1962 18693 3328 1818 776 15365 3239 766 2473 1195 1562 516 400 799 12126 396 1042 2133 2109 260 12116 986
is_linear=0
shrinkage=0.05


Tree=35
num_leaves=27
num_cat=0
split_feature=34 37 0 38 2 1 30 22 1 29 40 1 41 41 2 7 7 4 5 32 39 30 45 38 0 29
split_gain=107.749 74.3695 57.9091 39.6574 35.2882 33.2364 35.9651 28.1475 20.4816 16.9095 14.6092 9.54797 8.41987 8.40147 6.21268 5.9657 5.48372 5.40202 5.00144 3.91973 3.19853 2.19014 1.08335 0.805041 0.781566 0.762836
threshold=0.26831933856010443 0.031400160863995559 0.74378210306167614 0.0058516415301710376 0.10669768974184991 0.34446594119071966 0.0036542015150189404 1.0000000180025095e-35 0.28040979802608496 -0.32648728787899012 0.20370239764451983 0.84790217876434337 0.0040175493340939292 0.0015381111879833045 0.12361685559153558 0.99998989701271068 0.90094172954559337 0.0018844261649064722 0.0040494154673069724 0.023359116166830066 0.001567897910717875 0.0038671977818012242 0.0061755860224366197 0.0080370334908366221 0.42842167615890508 -0.76684311032295216
decision_type=2 2 2 2 2 2 2 2 2 2 2 2 2 2 2 2 2 2 2 2 2 2 2 2 2 2
left_child=1 3 4 5 16 6 -1 -7 -6 18 23 13 14 15 -5 -11 -3 -15 19 25 -12 -20 -14 -4 -23 -2
right_child=9 2 10 12 8 7 -8 -9 -10 11 20 -13 22 17 -16 -17 -18 -19 21 -21 -22 24 -24 -25 -26 -27
leaf_value=0.0059909036004092645 0.052896002048801787 0.014423012066804587 -0.054931467719728545 -0.016147342581577226 0.035769094581471837 -0.046028827117944558 -0.045787087381638822 0.025189467000443385 0.0091645714000489816 -0.047302602213351135 -0.022702155233929804 -0.048210873681534948 -0.0044327822033977541 0.036431454047235488 0.036858305510732145 0.035306008663739695 -0.057930435463234946 -0.014796127129788159 0.026051988661178051 0.012401820614874222 0.039414089965338253 0.0044220076500829748 -0.053139653936885328 -0.0075381318263018629 -0.038699428400886485 0.037033583446797406
leaf_weight=105.70233452622779 88.015894105192274 2.6642529969103661 39.461868665879592 5.964630259666591 126.04935455485247 194.71512011799496 47.995253904955462 14.3161617773585 170.25318229291588 6.3487944963853788 2.322213315870612 5.1303557241335502 1.9403044907376159 31.497457663994282 34.276715830899775 2.2696340447291732 16.611466213362291 5.5472433920949689 3.9476025858893982 8.1277611986733955 5.2046610191464424 1.3934181504882874 2.681163324508816 1.2689591236412514 1.7724674497731028 20.806247236207128
leaf_count=3285 724 93 3043 250 1361 12647 3641 129 3778 177 85 67 33 328 312 16 1176 87 29 68 65 21 54 45 63 186
internal_value=5.17922e-05 -0.00799013 0.00843093 -0.0226331 0.0162567 -0.0281167 -0.0103693 -0.0410545 0.0205646 0.0353746 -0.0420361 0.0107992 0.0213491 0.0183202 0.0288007 -0.024139 -0.0477118 0.0285731 0.0452693 0.0477266 0.0198349 0.00396694 -0.0371165 -0.053671 -0.0232146 0.050228
internal_weight=946.285 771.428 363.836 407.592 315.578 362.729 153.698 209.031 296.303 174.857 48.2577 50.7935 44.8628 45.6631 40.2413 8.61843 19.2757 37.0447 124.063 116.95 7.52687 7.11349 4.62147 40.7308 3.16589 108.822
internal_count=31763 29997 9646 20351 6408 19702 6926 12776 5139 1766 3238 675 649 608 562 193 1269 415 1091 978 150 113 87 3088 84 910
is_linear=0
shrinkage=0.05


Tree=36
num_leaves=25
num_cat=0
split_feature=44 44 9 0 34 1 7 24 24 17 0 30 29 1 0 24 5 40 25 9 24 29 31 31
split_gain=128.932 50.2789 37.4201 43.4529 30.6295 26.8191 23.4964 31.1111 39.7338 16.4192 13.7849 12.1598 10.6364 10.4531 7.31352 7.06053 12.9351 8.36902 4.94261 4.43776 2.22538 1.11766 1.10117 0.647937
threshold=0.8164966106414796 0.99166667461395275 0.024349199607968334 0.37992922961711889 0.29452645778656011 0.76412475109100353 0.96901842951774608 0.23550552874803546 0.12247536703944208 0.12499999627470972 0.90531975030899059 0.0039860177785158166 0.63222214579582225 0.78859341144561779 0.77148109674453746 0.14019011706113818 0.00049287933507002901 0.14567351341247561 0.00071131362346932303 -0.090898979455232606 0.065389156341552748 0.42212790250778204 -0.026091398671269413 -0.068463109433650957
decision_type=2 2 2 2 2 2 2 2 2 2 2 2 2 2 2 2 2 2 2 2 2 2 2 2
left_child=4 2 3 5 6 -2 11 8 -8 -5 12 14 -4 -9 -1 16 -3 19 -19 -17 -6 23 -13 -22
right_child=1 15 10 9 20 -7 7 13 -10 -11 -12 22 -14 -15 -16 17 -18 18 -20 -21 21 -23 -24 -25
leaf_value=0.042406399287846869 0.011343791119863868 0.057907263826908396 0.026402875105876897 0.0067368615532336978 0.014238365320417931 -0.046565939821983204 -0.026119389847352743 -0.015672499372387041 0.034043390266577982 -0.043126914923412946 -0.047897514595210834 0.0052143947924663302 -0.019942845888988096 -0.070625836572880407 -0.014565783049681253 -0.0021297779189208971 -0.046991714434666133 -0.025864664609165772 0.031143266338022436 -0.051260697999167708 0.024501868326012921 0.02016501954297073 -0.045626554867724677 0.051927307800108992
leaf_weight=78.210692831780761 125.29562264494598 4.3381379726342839 98.969595318194479 18.771020182059146 5.879545133560895 22.755444071488455 40.380643840879202 22.292635265272111 80.958416062872857 122.41497121402062 6.8814487089402965 1.1086484715342519 13.389097661944104 13.999697003979234 5.5900163808837524 4.8847265038639298 5.5382963023148477 22.053254573256712 3.674513087142258 111.31152475147974 4.9349007029086343 4.9947970043867818 4.0499255310278377 77.257198559120297
leaf_count=587 3338 11 1683 340 53 1052 658 512 636 7322 570 21 404 241 87 297 513 1565 86 11077 32 35 159 668
internal_value=-0.00149829 -0.0162243 -0.00705244 -0.0167547 0.0227691 0.00219037 0.0134436 0.00179589 0.0139719 -0.0364966 0.0164257 0.0338335 0.0207529 -0.0381961 0.0384791 -0.040697 0.000172043 -0.0435223 -0.0168621 -0.0492311 0.0470725 0.0491001 -0.0356276 0.050595
internal_weight=899.935 560.278 408.477 289.237 339.657 148.051 246.591 157.631 121.339 141.186 119.24 88.9593 112.359 36.2923 83.8007 151.8 9.87643 141.924 25.7278 116.196 93.0664 87.1869 5.15857 82.1921
internal_count=31947 28258 14709 12052 3689 4390 2901 2047 1294 7662 2657 854 2087 753 674 13549 524 13025 1651 11374 788 735 180 700
is_linear=0
shrinkage=0.05


Tree=37
num_leaves=30
num_cat=0
split_feature=44 44 31 0 16 1 7 1 24 35 0 40 16 25 29 24 5 4 24 17 5 3 13 28 6 21 7 5 0
split_gain=109.718 50.6999 33.7164 35.2624 32.7292 29.3743 23.4403 33.1825 24.3936 22.1989 14.5832 10.9438 10.5935 9.81559 9.02474 8.33135 9.34701 8.05264 6.98868 7.87687 6.10006 5.60989 3.89288 3.61713 1.59705 1.3314 1.23345 1.05768 1.02511
threshold=0.79277813434600841 0.99166667461395275 0.042120410129427917 0.40783654153347021 0.76723548769950878 0.77300861477851879 0.96706482768058788 0.84115007519721996 0.11834894493222238 0.047938426956534393 0.90531975030899059 0.14567351341247561 0.98234087228775036 -1.0000000180025095e-35 -0.39569383859634394 0.14019011706113818 0.00049287933507002901 0.0019966217223554854 0.16885050386190417 0.7749999761581422 0.0048644400667399177 -0.0023122327402234073 0.041316010057926185 -0.8053809106349944 0.046650892123579986 0.65509775280952465 0.84060665965080272 0.0034892614930868153 0.77459836006164562
decision_type=2 2 2 2 2 2 2 2 2 2 2 2 2 2 2 2 2 2 2 2 2 2 2 2 2 2 2 2 2
left_child=6 2 3 5 -5 -2 13 8 9 -8 20 15 -10 25 24 16 -3 22 19 -15 -4 -19 -13 -17 -9 26 -1 -20 -27
right_child=1 11 10 4 -6 -7 7 14 12 -11 -12 17 -14 18 -16 23 -18 21 27 -21 -22 -23 -24 -25 -26 28 -28 -29 -30
leaf_value=0.03898269985246719 0.012066429051684627 0.049088012022253852 0.035298823153222407 0.016144534420996635 -0.038912205614888257 -0.041712522916632216 0.018179541227738162 -0.023226149052654972 0.039682058197562889 -0.056712254282056396 -0.046410158288371639 0.0050559244695945731 0.0031807687186283552 0.031910900804104872 -0.078200315511369245 0.023474577906539486 -0.044884910852235345 0.066974956790962034 0.047205689848394919 -0.058841684600659194 -0.023030282040296182 -0.0047227506518835909 -0.044136228513126603 -0.05006104510445341 0.023946231404869341 0.051215505118730444 0.0039963883407991528 0.012308795505698369 0.03013678465192678
leaf_weight=5.7352911084890348 162.20079896529205 4.2492415215820056 67.193709431681782 33.291789558948949 131.60626595048234 29.076180286472663 22.07014196459204 2.5396393714472643 86.426084074191749 16.436738879419863 5.6475769509561351 5.4707672402728411 25.965454393532127 3.0726950503885764 10.817231247900052 1.1557975183241058 4.3373812546487898 3.5344917536713183 5.362717420794068 5.2238336366135627 4.1318657789379349 6.5474452127236855 12.425226647406815 106.25825559301302 2.6397316735237837 83.188926114700735 4.4270871011540294 4.7258028504438698 11.789825615007429
leaf_count=44 4269 12 684 543 8030 1277 262 45 599 295 462 291 449 30 143 39 448 24 26 118 55 273 1131 11327 35 781 53 67 120
internal_value=-0.000369945 -0.0129794 -0.00440224 -0.0108957 -0.0277663 0.00371702 0.0246462 0.0123076 0.0196549 -0.0144145 0.0253992 -0.0385748 0.0313517 0.0410841 -0.0540794 -0.0453053 0.00188877 -0.0100687 0.00694229 -0.0254135 0.0316481 0.0241883 -0.0296266 -0.0490606 0.000800351 0.0469325 0.0254649 0.0334431 0.0489402
internal_weight=867.548 577.127 433.148 356.175 164.898 191.277 290.421 166.895 150.898 38.5069 76.9732 143.979 112.392 123.526 15.9966 116.001 8.58662 27.9779 18.385 8.29653 71.3256 10.0819 17.896 107.414 5.17937 105.141 10.1624 10.0885 94.9788
internal_count=31932 28865 15320 14119 8573 5546 3067 1828 1605 557 1201 13545 1048 1239 223 11826 460 1719 241 148 739 297 1422 11366 80 998 97 93 901
is_linear=0
shrinkage=0.05


Tree=38
num_leaves=30
num_cat=0
split_feature=44 38 0 2 5 7 25 2 1 1 1 0 35 0 2 2 7 41 32 1 34 31 19 1 29 1 35 10 6
split_gain=109.644 45.3286 39.4899 30.295 28.489 22.9658 20.68 20.2522 16.8786 13.3003 12.7219 10.9454 10.398 9.16606 7.92914 13.8261 7.50506 7.20652 7.20239 6.18797 6.56013 6.09332 5.09029 4.73639 4.44307 4.11494 2.82907 2.26652 2.01676
threshold=0.8164966106414796 0.003795489552430809 0.69671961665153515 0.13806623220443728 0.0034892614930868153 0.72937968373298656 -3.1846013371250585e-05 0.10725653171539308 0.90055435895919811 0.78859341144561779 0.5405929982662202 0.21938989311456683 0.032110802829265601 0.90363702178001415 0.15111619979143145 0.16754776984453204 0.952823966741562 0.0015836105449125173 0.0078911394812166708 0.33192814886569982 0.20642960816621783 0.11900128424167634 0.080731004476547255 0.12561000138521197 1.5763146877288821 0.47545631229877477 0.018064271658658985 0.0031372325029224162 -0.45121741294860834
decision_type=2 2 2 2 2 2 2 2 2 2 2 2 2 2 2 2 2 2 2 2 2 2 2 2 2 2 2 2 2
left_child=6 2 3 5 -5 -2 7 21 13 10 11 -3 27 -9 19 18 -10 -12 -16 23 -21 -1 -14 -8 28 -17 -26 -11 -4
right_child=1 9 24 4 -6 -7 14 8 16 12 17 -13 22 -15 15 25 -18 -19 -20 20 -22 -23 -24 -25 26 -27 -28 -29 -30
leaf_value=-0.054981032131389565 0.039427822010072999 0.030141818497167263 -0.018479683782749598 0.016668882437606333 -0.022902061447913718 -0.037529003124464416 -0.0084064725918526952 0.040440880619004707 0.025818013635181488 -0.015386844553833795 0.0017694835271915268 -0.014192704343272997 -0.066955704619530321 -0.028601140271837289 -0.044711964582918373 -0.006774697309898799 -0.063939547850915698 0.053590381120905119 0.0279345810225228 -0.035514904474457674 0.024874753670992594 0.028711731689582007 0.019042582933991206 0.041315204785527831 0.037068768284492126 0.041749517380808759 -0.033786890085148534 0.044604719363578738 -0.054481210178102271
leaf_weight=7.5678248472977412 9.7453808896243554 24.324334450764582 5.457157472614198 107.69212821079418 77.21575625881087 118.67694067570847 5.6043463347014066 193.4745291339932 3.0388669148087484 1.730939836474138 8.5413213355932367 30.002351629780605 9.0220982593018544 4.2602848201058796 22.089538824744526 6.8802482658065882 5.1632960704155266 31.511698204791173 3.306844823062419 8.2864940210711229 7.7615640535950652 2.2119503854773939 1.6173480721190561 23.041780996602029 1.8922586420085274 9.9037558697164041 1.7523667586501686 3.8117441455833614 81.763599518570118
leaf_count=277 142 438 433 2684 5089 9210 79 1702 32 94 191 842 309 150 543 115 96 244 29 300 93 30 31 153 25 83 251 49 8301
internal_value=0.000407938 -0.0136255 -0.0213758 -0.0128757 0.000110131 -0.0314296 0.0242474 0.0325107 0.0358779 0.0146459 0.0218339 0.00584373 -0.0261079 0.0388169 0.00359235 -0.0118162 -0.0314929 0.0428518 -0.0345528 0.0180746 -0.00656187 -0.0351443 -0.0533699 0.0316322 -0.0502275 0.0225956 0.00306129 0.0263815 -0.0524637
internal_weight=817.349 514.757 404.196 313.33 184.908 128.422 302.591 215.717 205.937 110.562 94.3797 54.3267 16.1821 197.735 86.8746 42.1804 8.20216 40.053 25.3964 44.6942 16.0481 9.77978 10.6394 28.6461 90.8654 16.784 3.64463 5.54268 87.2208
internal_count=32015 28333 26135 17125 7773 9352 3682 2287 1980 2198 1715 1280 483 1852 1395 770 128 435 572 625 393 307 340 232 9010 198 276 143 8734
is_linear=0
shrinkage=0.05


Tree=39
num_leaves=29
num_cat=0
split_feature=44 7 16 37 17 6 2 25 2 30 34 17 2 0 21 3 30 6 27 29 36 7 4 3 34 2 3 32
split_gain=91.4412 50.768 44.9946 20.2775 20.0904 20.8747 19.8519 21.4848 18.2124 12.1778 14.7857 11.1583 16.6086 8.39035 7.46098 7.3878 5.85939 5.49477 5.41129 5.26382 4.42398 3.63319 3.01216 2.94133 2.71938 2.41235 1.93957 0.995768
threshold=0.96580946445465099 0.91380706429481517 0.98507279157638561 0.041735595092177398 0.17500000447034839 0.027423107996582988 0.10669768974184991 -0.0008697205630596726 0.128637470304966 0.0031597313936799769 0.11571510508656503 0.44166666269302374 0.14243055880069735 0.50052335858345043 0.94160291552543651 9.7956821264233454e-05 0.0038509962614625697 0.67048934102058422 2.1611330509185795 0.58425384759902965 4.901501415588428e-05 0.91046524047851574 -0.0033287173137068744 -0.0040247542783617965 0.44090683758258825 0.13455335050821307 0.00244488287717104 0.0062156987842172393
decision_type=2 2 2 2 2 2 2 2 2 2 2 2 2 2 2 2 2 2 2 2 2 2 2 2 2 2 2 2
left_child=1 9 6 11 25 -6 -3 -8 17 19 21 12 24 -14 16 -12 -10 23 22 26 -20 -11 -13 -5 -2 -4 -1 -16
right_child=3 2 4 8 5 -7 7 -9 14 10 15 18 13 -15 27 -17 -18 -19 20 -21 -22 -23 -24 -25 -26 -27 -28 -29
leaf_value=0.047926353389781073 -0.050088289407873333 -0.053491956419449864 0.0057382868633240464 0.013428350982631277 -0.043309868261686764 -0.0063381455620505431 0.032446667717952238 0.0037891215026920342 0.0057791353677208012 -0.048403863527645197 0.049259920714718755 -0.009363720951800724 0.035784756600470521 -0.045046397883158375 -0.044581005654862976 -0.0064233676492767193 0.048420327031647739 0.029085200283753956 0.057966790007798343 -0.0009378315411761155 -0.034182696274457788 0.02191651695347465 -0.050880495856857527 -0.05372537113145906 0.020108241882936358 0.045711944493641826 0.013210243182952171 0.012752593083704404
leaf_weight=100.74316406133585 18.147927581099797 9.3738066421356034 6.0395455153193351 1.4019677941687465 71.97270779684186 80.921095153782517 121.87244345084764 140.47806848061737 17.054399395594377 9.1449821293353999 16.66676466353238 5.1012738889548919 14.606822754023598 3.1331810990814111 3.9513655549380919 8.6697559668682498 14.814786531496791 1.9368190765380848 1.5576972276903682 6.1779588819481424 1.7209042564500121 1.6311392204370356 97.062774450692814 17.138860218110494 0.96692727808840473 10.718515964224933 5.1411856096237889 0.44433174235746253
leaf_count=986 1840 585 130 111 4090 2931 1268 2117 560 526 174 413 231 210 400 184 215 25 8 72 175 32 12394 2000 21 59 62 8
internal_value=0.000585166 0.0104812 0.00195392 -0.0286326 -0.0181867 -0.0239104 0.0145494 0.0171744 -0.0032743 0.0356986 0.0100979 -0.038651 -0.0144561 0.0198667 0.0179198 0.0306856 0.0264715 -0.0398947 -0.0468925 0.0437862 0.012914 -0.0368025 -0.0489183 -0.0482202 -0.0457142 0.03244 0.0463801 -0.0374962
internal_weight=788.591 589.551 441.376 199.04 169.652 152.894 271.724 262.351 56.7425 148.175 36.1126 142.298 36.8549 17.74 36.2649 25.3365 31.8692 20.4776 105.443 112.062 3.2786 10.7761 102.164 18.5408 19.1149 16.7581 105.884 4.3957
internal_count=31827 13216 11180 18611 7210 7021 3970 3385 3319 2036 916 15292 2302 441 1183 358 775 2136 12990 1120 183 558 12807 2111 1861 189 1048 408
is_linear=0
shrinkage=0.05


Tree=40
num_leaves=22
num_cat=0
split_feature=34 24 25 38 6 42 28 24 29 2 29 4 38 2 2 24 38 37 29 7 25
split_gain=71.5389 45.3769 65.864 40.7676 27.5082 26.624 24.0867 33.0094 18.8382 17.3131 13.3877 11.4139 9.38535 7.207 6.89416 4.12046 3.71027 3.10039 2.21245 1.97782 1.11386
threshold=0.29452645778656011 0.30491694808006292 -0.00047817530867177988 0.0063733584247529515 0.49194628000259405 0.78125000000000011 -0.12456040829420088 0.10714414715766908 0.80717387795448314 0.16806118190288546 0.34314866364002233 -0.003645232529379427 0.032039400190114982 0.128637470304966 0.15009039640426639 0.070523668080568327 0.0088070593774318712 1.0000000180025095e-35 -0.48826710879802698 0.9989508092403413 -0.0012920621666125951
decision_type=2 2 2 2 2 2 2 2 2 2 2 2 2 2 2 2 2 2 2 2 2
left_child=1 2 5 4 11 13 9 -8 15 -4 -7 -3 19 -1 -10 16 -2 -17 -19 -5 -6
right_child=8 3 6 12 20 10 7 -9 14 -11 -12 -13 -14 -15 -16 17 -18 18 -20 -21 -22
leaf_value=-0.044299360876840388 0.034499959094753972 0.047805858157391717 -0.043351194214194595 0.048717796274600725 0.042905346011177237 0.039157399434490918 -0.048724300746380449 0.0057547155540265864 -0.070398906879786047 0.019664182807521701 -0.0091416339059054493 -0.045018047534874324 -0.0425367045207172 0.0062164985449055408 0.017264166838432956 -0.0063123834076625031 -0.033797112026189471 0.050246576978706471 0.030840102730683289 0.0063926245188923288 0.0071842656547887384
leaf_weight=13.316770418779926 3.0274763228371731 2.6132895634509614 76.67134052561596 18.231924690306194 8.4331531589850766 132.0495084268041 32.40387207956519 165.01930199796334 4.4969834531657389 12.085589204216374 15.702289244858546 143.88728037208784 2.9763223787304005 13.505270158639176 3.2392167635262012 2.762898188782855 2.9286398990079761 71.042288076132536 26.837163006421179 3.608349412912502 3.4398824064992359
leaf_count=431 42 16 7955 180 76 1811 1074 5456 74 408 675 11890 252 131 47 33 39 785 392 103 95
internal_value=-0.000313187 -0.00679873 0.00158335 -0.0277752 -0.0371026 0.0257051 -0.0131695 -0.00338764 0.0359563 -0.0346472 0.0339975 -0.0430494 0.0308816 -0.0195547 -0.0359189 0.0414578 0.000887145 0.0438265 0.0452913 0.0423111 0.0339182
internal_weight=758.279 643.944 460.754 183.19 158.374 174.574 286.18 197.423 114.335 88.7569 147.752 146.501 24.8166 26.822 7.7362 106.598 5.95612 100.642 97.8795 21.8403 11.873
internal_count=31965 30553 17941 12612 12077 3048 14893 6530 1412 8363 2486 11906 535 562 121 1291 81 1210 1177 283 171
is_linear=0
shrinkage=0.05


Tree=41
num_leaves=26
num_cat=0
split_feature=44 32 1 35 0 9 17 24 9 1 24 41 19 1 33 30 21 37 1 29 30 34 5 31 4
split_gain=74.6519 50.1814 34.285 38.0236 30.1791 23.8766 15.0256 10.6179 10.3394 10.5812 9.76766 10.9337 9.84874 8.85325 6.54086 6.23008 7.10226 3.76441 3.10091 3.04384 2.03871 1.93299 1.78138 0.495405 0.226905
threshold=0.728990137577057 0.0028798455605283384 0.27447719871997839 0.077722117304801955 0.61252990365028392 0.081238735467195525 0.30833333730697637 0.27272267639636999 0.032629627734422691 0.32735091447830206 0.074961412698030486 0.0010799200972542169 0.028257817029953006 0.78859341144561779 5.0920129069709226e-05 0.0037399679422378544 0.65509775280952465 0.0096766124479472655 0.11433785408735277 0.52230322360992443 0.0037529563996940856 0.12844193726778033 0.0038150131003931169 0.076264753937721266 0.0022725107846781616
decision_type=2 2 2 2 2 2 2 2 2 2 2 2 2 2 2 2 2 2 2 2 2 2 2 2 2
left_child=8 2 3 14 -5 6 -4 -7 9 18 17 12 -12 -13 -2 16 -11 -3 -1 20 24 -17 -20 -19 -10
right_child=1 10 5 4 -6 7 -8 -9 19 15 11 13 -14 -15 -16 21 -18 23 22 -21 -22 -23 -24 -25 -26
leaf_value=0.0030223404552439637 -0.00024760800989414482 0.015735909290456374 -0.011983061374538223 0.023195187345460989 -0.052061759788866346 0.035706172755698179 -0.045052281570452518 -0.042444518067312455 0.049082924689733513 -0.033472971604453144 0.020407778082946353 0.026121802552689723 -0.03628897485895026 -0.0062296235630491621 -0.050838335001629667 -0.055154604365407138 0.019931095817387473 -0.05148023317883102 0.049850497482610549 -0.002871032632534228 0.0095086283050840603 -0.0046123958618953746 0.016518503343586684 -0.0075030882458252237 0.022748604964125816
leaf_weight=5.7299767914228132 7.8091580946929744 2.6482063964940599 45.23721610836219 99.656925779068843 14.394771289778872 16.720603061257865 154.50655733654276 4.8389822054887182 61.425157128658611 6.7621382623910895 12.435794459190221 120.45215293078218 17.073699852684513 25.194109280826524 34.376357895089313 4.4655103853438041 31.314681661315262 7.2265086001716536 23.825574984773997 3.2338762138970187 4.2048399858176699 3.1947516789659858 6.3417575424537054 1.1041246401146052 3.3887340892106286
leaf_count=64 385 29 1437 1897 1280 220 15505 481 763 54 463 2431 717 603 4271 173 328 353 182 38 55 69 74 13 42
internal_value=-0.000769377 -0.00920292 -0.0196609 -0.00170048 0.0133269 -0.0322761 -0.0376599 0.0170616 0.0299819 0.017458 0.012001 0.0149168 -0.0125102 0.0205213 -0.0416958 0.00135758 0.00983307 -0.0318797 0.0373789 0.0437006 0.0458925 -0.0370423 0.0435983 -0.0470804 0.0480726
internal_weight=717.562 563.675 377.541 156.237 114.052 221.303 199.744 21.5596 153.887 81.6344 186.135 175.156 29.5095 145.646 42.1855 45.7371 38.0768 10.9788 35.8973 72.2526 69.0187 7.66026 30.1673 8.33063 64.8139
internal_count=31927 30085 25476 7833 3177 17643 16942 701 1842 944 4609 4214 1180 3034 4656 624 382 395 320 898 860 242 256 366 805
is_linear=0
shrinkage=0.05


Tree=42
num_leaves=27
num_cat=0
split_feature=44 34 2 1 7 5 25 37 2 36 2 38 7 40 7 25 25 43 19 32 41 41 34 31 39 2
split_gain=73.0773 30.2627 27.3502 24.111 25.5172 22.5145 20.787 23.1376 20.4285 13.6687 12.4578 11.3871 9.83164 9.84721 7.26677 5.40441 4.03056 5.18748 3.90895 2.70104 1.9449 1.28554 0.958516 1.40467 0.726026 0.343232
threshold=0.91403940320014965 0.34218244254589086 0.13674368709325793 0.84500020742416393 0.96706482768058788 0.0031952154822647576 -0.0012368396855890749 0.048529801890254028 0.10825660452246667 0.00058120902394875895 0.1670140624046326 0.0056284519378095874 0.72937968373298656 0.31186205148696905 0.91380706429481517 -0.0012075340491719542 -0.0025468890089541669 0.013353888876736166 0.010636657476425173 0.02007418125867844 0.0031012535328045492 0.00020545843290165069 0.37249372899532324 0.033558145165443427 0.0023205028846859936 0.12199999764561655
decision_type=2 2 2 2 2 2 2 2 2 2 2 2 2 2 2 2 2 2 2 2 2 2 2 2 2 2
left_child=1 3 12 5 15 8 16 11 -1 -7 -6 -8 21 18 -9 -5 -4 -18 -14 22 -15 -2 23 -3 -23 -24
right_child=2 19 6 4 10 9 7 14 -10 -11 -12 -13 13 20 -16 -17 17 -19 -20 -21 -22 24 25 -25 -26 -27
leaf_value=-0.040871206440975041 0.040554622684710419 0.0001263190162245725 0.055568948340332908 0.043603409711157004 -0.058535422319065916 -0.015807818596261021 -0.031091171224768278 0.051244660908381534 0.029607554986026838 0.016031219683140349 0.048000291222245584 0.016502725168503967 -0.018705659144887796 -0.012906995454058379 -0.00035215745317713045 -0.016882978059614178 -0.0029480157909687393 0.047277249546429374 -0.05050842327341596 0.013412072041895727 0.039469654212202943 -0.026290352527974389 0.026500448461751359 0.041673430084096102 0.017294122734547997 0.052865254805867262
leaf_weight=10.139314954169093 3.1601096112281075 3.2861919086426488 9.5142909423448163 11.247392104938625 30.029664034023881 77.862171667744406 97.895236293319613 13.09578568628058 157.52293242595624 57.889583751792088 2.2678738497197619 13.76092249015346 12.70165128551889 2.3809568090364328 13.201297172112389 4.6509549443144342 13.278009947272951 7.2793468951713285 83.009229235583916 7.1900679534301153 3.2523430143482983 0.9607727500842882 4.4930045916698864 4.3667059987783432 0.92426540260203183 45.635584185365587
leaf_count=617 13 32 63 138 962 3273 9271 123 2000 596 5 276 1925 67 504 158 626 91 10287 67 28 118 98 70 21 487
internal_value=0.000368087 0.0135537 -0.0196252 0.0076991 -0.0248162 0.0129286 -0.00698264 -0.0152126 0.0251283 -0.00221253 -0.0498378 -0.0251311 -0.0393413 -0.0427506 0.0262787 0.0259566 0.0300467 0.0162048 -0.046525 0.0446405 0.0187238 0.0248862 0.0482322 0.0259093 -0.00633299 0.0510667
internal_weight=690.996 416.581 274.414 351.61 48.1959 303.414 168.025 137.953 167.662 135.752 32.2975 111.656 106.389 101.344 26.2971 15.8983 30.0716 20.5574 95.7109 64.9716 5.6333 5.04515 57.7815 7.6529 1.88504 50.1286
internal_count=31916 8503 23413 7749 1263 6486 10954 10174 2617 3869 967 9547 12459 12307 627 296 780 717 12212 754 95 152 687 102 139 585
is_linear=0
shrinkage=0.05


Tree=43
num_leaves=30
num_cat=0
split_feature=44 44 6 22 1 2 41 0 37 17 20 2 35 31 1 6 24 29 24 46 25 4 31 1 24 44 22 42 2
split_gain=67.2712 26.9964 21.1465 21.0982 24.4386 22.4838 18.5315 18.1925 13.6115 12.885 9.58153 9.01628 8.90134 6.60216 6.10423 5.64182 5.24359 5.21058 4.69237 6.14876 4.1861 4.17178 4.1401 4.91293 2.54969 2.39629 1.32466 1.21598 0.257517
threshold=0.92919799685478222 0.66384181380271923 0.024302858859300617 1.0000000180025095e-35 0.87920954823493969 0.11938090994954111 0.0016260409029200675 0.35550124943256384 0.053526433184742934 0.84166666865348827 0.98513802886009227 0.12941937148571017 0.025244979187846187 0.048042146489024169 0.7671613097190858 0.065936584025621428 0.19036559015512469 0.020262590609490875 0.14019011706113818 0.0040745409205555925 -0.0012075340491719542 -0.00041537525248713786 -0.010962191037833689 0.28040979802608496 0.070523668080568327 0.60172414779663097 1.0000000180025095e-35 0.46875000000000006 0.11981283873319627
decision_type=2 2 2 2 2 2 2 2 2 2 2 2 2 2 2 2 2 2 2 2 2 2 2 2 2 2 2 2 2
left_child=1 20 10 4 5 -3 8 9 15 -8 14 -10 -6 -9 16 -4 -2 24 19 -12 27 -19 23 -22 -5 -24 -20 -1 -29
right_child=2 3 6 17 12 -7 7 13 11 -11 18 -13 -14 -15 -16 -17 -18 21 26 -21 22 -23 25 -25 -26 -27 -28 28 -30
leaf_value=0.01227040266028254 -0.040644294852752699 -0.042005694115946499 -0.0099417207558052598 0.015244430625647735 0.023146778147375618 0.0097280950417225117 0.053294476032085814 -0.048476374150746321 -0.028004586116715427 -0.018872111494702925 -0.045096621054538114 0.035873338015130721 -0.058467332628072716 0.018854463457009158 -0.055255930583711921 -0.045361508098929991 0.0038927178347489474 0.035099705228688112 -0.052320656312031193 0.040272757216346537 0.034030688265810724 -0.022688778272807575 0.04081780954429709 -0.034501708553891307 0.049897994173703553 0.0092200926600712312 0.01137139289752538 0.029469469970560599 0.051587963490420385
leaf_weight=3.1664845487102857 7.7619718282949171 21.990609857952222 16.796909973025322 7.6596728349104515 3.3965535457246032 243.21977164025884 26.443150992156006 10.211092409910632 8.0631756735965627 7.4249758189544073 3.538632350973784 13.357766752364112 20.571838845964521 4.7379623458255073 7.2891599534777916 37.713453955831937 26.310974388732575 4.7552578561007977 63.011614812829066 2.955982074374333 3.5673343520611507 5.8497520843520743 22.487554807215933 5.1544801304116845 32.116594693157822 9.0059484194498491 0.49824526766315003 6.2897535268566562 38.734062826260924
leaf_count=31 374 1458 1322 83 122 5496 459 1320 540 572 497 171 888 211 679 4264 1605 44 10283 70 30 73 224 87 343 142 15 129 495
internal_value=0.000755779 0.0125685 -0.0206178 0.00611238 0.000863519 0.00529678 -0.00638972 0.0174294 -0.0217308 0.0373858 -0.0363568 0.0116521 -0.046438 -0.0272923 -0.0167092 -0.0348229 -0.00712259 0.0356367 -0.0475667 -0.00605217 0.0370201 0.00401511 0.0241186 -0.0058539 0.0437623 0.0323439 -0.0516525 0.0470773 0.0492055
internal_weight=664.081 427.966 236.115 339.56 289.179 265.21 124.748 48.8172 75.9313 33.8681 111.367 21.4209 23.9684 14.9491 41.3621 54.5104 34.0729 50.3813 70.0045 6.49461 88.4056 10.605 40.2153 8.72181 39.7763 31.4935 63.5099 48.1903 45.0238
internal_count=32027 9645 22382 8507 7964 6954 8859 2562 6297 1031 13523 711 1010 1531 2658 5586 1979 543 10865 567 1138 117 483 117 426 366 10298 655 624
is_linear=0
shrinkage=0.05


Tree=44
num_leaves=23
num_cat=0
split_feature=31 21 38 2 3 0 0 6 6 37 2 1 29 5 1 30 36 7 20 2 20 46
split_gain=56.0721 34.2526 27.0975 25.7196 18.7567 18.6217 17.0773 26.218 18.1505 14.6968 12.0255 10.9991 9.72073 9.00277 7.71666 6.39608 4.91739 3.09223 0.871807 1.84647 0.184589 0.0284172
threshold=0.034772275015711791 0.9157579541206361 0.0029235613765195016 0.11256612837314607 0.0018714344478212299 0.90531975030899059 0.34973329305648809 -0.0011371077271178363 -0.45121741294860834 0.021675460971891884 0.10669768974184991 0.79874795675277721 0.64487969875335704 0.0049783021677285441 0.75828197598457348 0.0034654809860512619 0.00031661090906709438 0.90094172954559337 0.90306708216667186 0.10773930698633195 0.9942896068096162 0.22665698826313022
decision_type=2 2 2 2 2 2 2 2 2 2 2 2 2 2 2 2 2 2 2 2 2 2
left_child=1 3 6 18 9 10 7 -3 -8 -5 17 16 13 -12 -14 -6 -4 -2 19 -1 -13 -7
right_child=5 2 11 4 15 21 8 -9 -10 -11 12 20 14 -15 -16 -17 -18 -19 -20 -21 -22 -23
leaf_value=-0.039706982696422762 0.022219108414111299 -0.051929607903592245 -0.012469086187909324 -0.0048594199554991072 -0.0037934655915157025 -0.04847072746759043 0.020962274437626174 0.0098122917620146292 -0.050341356917497582 0.023095661396688043 0.038818011891625502 -0.055642528512328517 0.017280988298567602 -0.031894663742007376 -0.058939331705499823 -0.046908840977904681 0.03755442204565921 -0.05052787070057331 -0.053194220436415023 0.01881651224773296 -0.010033509915689194 -0.0059637599710841774
leaf_weight=2.6547988397069302 1.2962710999418039 25.857655693253037 5.5901810271898311 70.854586813948117 16.919836667482741 7.1041770224692291 9.271050709532572 47.099649907904677 97.660130372503772 136.99352919263765 126.83722351840697 3.4594394667074075 9.2435181315522623 3.9494169729296109 3.9362843050621441 16.909257669409271 24.02483422413934 4.9698014936875552 17.342444458161481 1.3872050596401093 0.76758483075536776 0.34454208111856122
leaf_count=338 43 3514 235 2310 626 828 480 2610 10632 2857 2002 182 273 102 57 1525 426 422 2311 58 53 36
internal_value=-0.000297943 -0.00885005 -0.0236686 0.00323366 0.00795212 0.0254545 -0.0313681 -0.0124767 -0.0440223 0.0135882 0.0293587 0.0169838 0.0323565 0.0364569 -0.00803419 -0.0260725 0.028013 -0.0344918 -0.0480653 -0.0198735 -0.0508644 -0.0474432
internal_weight=634.473 476.792 213.731 263.062 241.677 157.681 179.888 72.9573 106.931 207.848 150.233 33.842 143.966 130.787 13.1798 33.8291 29.615 6.26607 21.3844 4.042 4.22702 7.44872
internal_count=31920 28157 18132 10025 7318 3763 17236 6124 11112 5167 2899 896 2434 2104 330 2151 661 465 2707 396 235 864
is_linear=0
shrinkage=0.05


Tree=45
num_leaves=24
num_cat=0
split_feature=44 31 1 0 37 2 7 0 37 30 7 0 3 2 2 30 24 5 27 40 37 25 7
split_gain=60.3432 38.9084 28.4605 28.4041 22.5318 19.0441 17.2225 13.2763 9.60118 6.75551 6.3423 7.04407 6.82824 6.21261 6.03017 4.73595 4.17475 5.49837 4.14582 2.79055 3.01841 0.575479 0.433286
threshold=0.96720427274703991 0.030225844122469429 0.79274797439575206 0.41458590328693395 0.028857713565230373 0.12147369608283044 0.84901127219200145 0.90531975030899059 0.054966034367680557 0.003778839018195868 0.91380706429481517 0.14208630472421649 0.0029522485565394167 0.1670140624046326 0.18305422365665439 0.0043625140096992263 0.14019011706113818 0.00049287933507002901 2.3054093122482304 0.2284909784793854 0.10743939131498338 -0.0016839840100146828 0.99502313137054454
decision_type=2 2 2 2 2 2 2 2 2 2 2 2 2 2 2 2 2 2 2 2 2 2 2
left_child=1 2 3 5 -5 -1 21 10 14 19 12 -12 -3 -8 16 -11 17 -2 -18 20 -10 -4 -21
right_child=8 7 6 4 -6 -7 13 -9 9 15 11 -13 -14 -15 -16 -17 18 -19 -20 22 -22 -23 -24
leaf_value=-0.047112416115620302 0.040683239169129345 0.046999004021451303 0.04385646125574863 -0.033801571100476165 0.0069546784090083738 0.023284210740697156 -0.052714046083408489 -0.044530610001984945 -0.039794786640408211 0.048784116675072507 -0.027700184316531509 0.026252873603003643 -0.02353872661642956 0.032729781309291335 0.047808255495374499 -0.033163787559171418 -0.043876099938058889 -0.034460438489309762 0.010628220848348779 -0.0039395564703823141 0.01662876479327308 0.0095424665728536875 0.028961417986741324
leaf_weight=9.3564311438240093 3.1436526242177916 63.720554167870432 4.1742099123075604 63.668166365358047 70.713442848296836 146.73984962631948 39.845067703747191 5.0086223834659895 11.635910162120132 6.7526511008618382 5.8405134086497119 66.023593520047143 3.0431042695417991 1.6007537897676218 1.2347878981381644 1.515177689027041 90.66842013259884 4.9157212484860793 3.2628821869147933 1.2125919758109369 2.3270828627282745 2.4974317259620866 1.8489705704851074
leaf_count=752 11 878 43 3949 2258 3027 2355 525 1223 98 250 934 40 6 6 146 14253 640 251 59 85 77 39
internal_value=-0.000453971 0.00767003 -0.0015982 0.00433977 -0.0124621 0.0187916 -0.0368034 0.0293781 -0.0307611 -0.00300205 0.0323482 0.021548 0.043484 -0.0487206 -0.0374686 0.0318083 -0.0389552 -0.00389443 -0.0418908 -0.0207342 -0.0299083 0.0339297 0.0181688
internal_weight=610.75 482.232 338.595 290.478 134.382 156.096 48.1175 143.636 128.518 25.2924 138.628 71.8641 66.7637 41.4458 103.225 8.26783 101.991 8.05937 93.9313 17.0246 13.963 6.67164 3.06156
internal_count=31905 15094 12467 9986 6207 3779 2481 2627 16811 1650 2102 1184 918 2361 15161 244 15155 651 14504 1406 1308 120 98
is_linear=0
shrinkage=0.05


Tree=46
num_leaves=28
num_cat=0
split_feature=44 32 1 2 9 24 30 9 30 2 6 25 17 31 1 17 1 4 7 13 4 43 7 2 1 5 2
split_gain=55.0219 35.1255 30.2741 29.1324 17.9225 17.5601 16.1782 13.3766 9.49159 9.91151 9.19675 7.17241 5.43458 5.25095 5.73728 5.11215 4.97001 3.83926 2.93001 2.52917 2.40028 2.15745 2.06278 1.65953 1.51108 1.39469 1.39404
threshold=0.728990137577057 0.0028798455605283384 0.27447719871997839 0.12941937148571017 0.0087472884915769118 0.28561507165431982 0.004202695796266199 -0.081995178014039979 0.0044841971248388299 0.11560932546854021 -0.078315988183021532 -0.0010021238122135399 0.30833333730697637 -0.00028222663968335832 0.28040979802608496 0.15833333879709247 0.89807710051536571 0.00088766482076607655 0.99997976422309887 0.35913823544979101 -0.0035213558003306385 0.042440153658390052 0.99538204073905956 0.1756609529256821 0.67944464087486278 0.0041370519902557143 0.11136212572455408
decision_type=2 2 2 2 2 2 2 2 2 2 2 2 2 2 2 2 2 2 2 2 2 2 2 2 2 2 2
left_child=11 2 3 7 12 -6 -5 -2 9 21 -11 16 -4 14 22 24 18 25 26 -19 -16 -3 -13 -17 -10 -15 -1
right_child=1 8 4 6 5 -7 -8 -9 15 10 -12 13 -14 17 20 23 -18 19 -20 -21 -22 -23 -24 -25 -26 -27 -28
leaf_value=0.0078921212187049884 0.034021424693032092 -0.044546084866986774 -0.021340062719311884 0.024274264974899044 0.006637679104350743 -0.04931906081841142 -0.036346305785065723 -0.044716392765634071 -0.01128712397099884 -0.010392689983134654 0.025539957174403029 -0.0037002774806485965 -0.049774984694792981 0.041010729130557151 0.020613093232390314 -0.046325081624951914 -0.011201595972056388 -0.020250169591908191 0.0015972732682691315 0.030483727959751069 -0.037531896814182591 0.019957123173950191 0.043674479370758315 0.018336218843969646 0.038229128947278875 0.0078237641805922291 0.048388834640919393
leaf_weight=2.6529399598948649 5.5497196087380862 6.9160859688417977 23.693640386220068 79.428161564050242 45.627046120120212 19.118501137127168 11.844620412215589 36.401614497299306 2.1241721869446328 20.808451998396777 105.51038095680997 3.6701406710781175 84.383447689644527 22.191782632377002 1.480206565465777 10.33668713981751 3.9638342121615997 5.7408662186935526 3.8989058970473698 2.8682904569432139 9.181997401872648 0.95293816772755224 4.5575177608989179 0.56622107373550612 2.4791415038052946 4.2913225750671691 56.696232962422073
leaf_count=78 174 1049 1014 2421 2182 2531 1195 4113 75 824 1747 47 11817 235 20 812 69 119 40 35 196 30 38 6 22 113 853
internal_value=-2.26241e-06 -0.0079751 -0.0176644 0.000267057 -0.0314093 -0.0103844 0.0160988 -0.0337506 0.0118203 0.0161255 0.0195856 0.0297989 -0.043794 0.0157932 -0.00530844 -0.0241553 0.0406513 0.0269843 0.0440248 -0.00193396 -0.0283844 -0.0353653 0.024431 -0.0417087 0.0174435 0.0361135 0.0467394
internal_weight=576.935 455.741 306.047 133.224 172.823 64.7455 91.2728 41.9513 149.694 134.188 126.319 121.194 108.077 53.9821 18.8899 15.5062 67.2119 35.0923 63.2481 8.60916 10.6622 7.86902 8.22766 10.9029 4.60331 26.4831 59.3492
internal_count=31855 30012 25447 7903 17544 4713 3616 4287 4565 3650 2571 1843 12831 803 301 915 1040 502 971 154 216 1079 85 818 97 348 931
is_linear=0
shrinkage=0.05


Tree=47
num_leaves=27
num_cat=0
split_feature=44 2 25 37 0 22 44 29 31 35 40 1 7 35 9 7 12 40 1 3 2 37 2 13 2 26
split_gain=49.7377 24.6979 22.4342 19.3889 20.075 14.4737 12.5531 10.4522 11.1249 10.2503 8.69646 8.99034 14.5645 10.1235 7.07972 6.57389 5.3464 4.54154 3.81319 3.41967 2.76236 2.87959 2.40831 2.11892 1.70309 1.01039
threshold=0.8164966106414796 0.13086953014135363 -0.00076010558404959727 0.041735595092177398 0.36049813032150274 1.0000000180025095e-35 0.66384181380271923 0.52230322360992443 -0.022256237454712387 0.046164646744728095 0.16165228188037875 0.28040979802608496 0.96815675497055065 0.084250964224338545 -0.081995178014039979 0.9165293574333192 4.4572792035069147e-07 0.31186205148696905 0.88818624615669262 -0.0027752849273383613 0.16135555505752566 0.021125435829162601 0.11051005497574808 0.064212139695882811 0.13149087876081469 -0.18932570517063138
decision_type=2 2 2 2 2 2 2 2 2 2 2 2 2 2 2 2 2 2 2 2 2 2 2 2 2 2
left_child=6 5 7 4 -4 14 20 8 -3 -9 11 13 -13 -8 16 -5 -2 -16 19 -12 21 24 -23 -22 -1 -7
right_child=1 2 3 15 -6 25 10 9 -10 -11 18 12 -14 -15 17 -17 -18 -19 -20 -21 23 22 -24 -25 -26 -27
leaf_value=-0.019885969031226476 0.027028144256311032 -0.020739603916881771 -0.0023160641152487282 0.036888717633491851 -0.040948100979001839 0.0033113178755226334 -0.037087144093592005 0.02569725569604471 0.035208037732252423 -0.052791027495381983 -0.0080513349847237473 0.020255430066033236 -0.03661197096932043 0.031670607794636582 -0.046500836324256369 -0.0017171333716810297 -0.041866542196323811 0.01829962555906325 -0.019411133129084757 0.035424080292440596 -0.016418229477324502 -0.0023255358896482245 0.046005383877891826 0.030446583732265348 0.023621933634059688 0.044494767896649884
leaf_weight=2.3212632839567942 6.2930634025251475 9.8861723691225034 61.939872393850237 18.058555555529892 72.900600737077184 2.2772919458802789 5.7254001770634195 6.6163209726801133 54.667517122463323 8.4329700597445463 4.7403882935177526 17.485838826512918 28.245331116486341 27.112887841882184 75.717712820740417 25.966692108544521 3.5872786715626717 2.3034474592423058 3.5164992604404679 38.102276812773198 4.076451127883046 2.6128284420701666 51.179553321795538 3.6623131276573986 6.6105135716497898 4.4981678174808613
leaf_count=41 251 446 4004 236 7981 65 279 172 1148 391 127 344 945 309 11697 1066 582 76 51 529 55 65 803 55 100 59
internal_value=-0.00103589 -0.0122256 -0.00417472 -0.0139833 -0.0233499 -0.0339312 0.0191474 0.017765 0.0264542 -0.0188331 0.00949673 -0.000695798 -0.0148999 0.0189409 -0.039391 0.014586 0.00046547 -0.0443803 0.0264209 0.0305398 0.0358854 0.0393237 0.0436582 0.00670634 0.011451 0.0328587
internal_weight=548.537 353.146 258.469 178.866 134.84 94.677 195.392 79.603 64.5537 15.0493 124.929 78.5695 45.7312 32.8383 87.9015 44.0252 9.88034 78.0212 46.3592 42.8427 70.4629 62.7242 53.7924 7.73876 8.93178 6.77546
internal_count=31877 28174 15444 13287 11985 12730 3703 2157 1594 563 2584 1877 1289 588 12606 1302 833 11773 707 656 1119 1009 868 110 141 124
is_linear=0
shrinkage=0.05


Tree=48
num_leaves=28
num_cat=0
split_feature=44 1 5 36 2 7 19 29 2 31 2 29 31 0 2 41 47 35 10 6 47 4 44 32 6 34 7
split_gain=53.9495 23.5911 23.5524 18.7445 17.8828 16.0158 14.5206 14.4682 11.1893 10.2101 10.6643 9.8627 9.8358 8.25172 12.6594 8.98204 7.83622 7.25243 5.43576 3.66863 3.51882 3.42856 2.81104 1.96959 1.7099 1.86672 0.717017
threshold=0.94570022821426403 0.84790217876434337 0.0034515790175646548 0.00055357374367304157 0.12199999764561655 0.84901127219200145 0.028257817029953006 0.020262590609490875 0.1670140624046326 0.034772275015711791 0.12941937148571017 -0.94398248195648182 0.11077342182397844 0.37308631837368017 0.14375565946102145 0.0016546152764931323 0.12941168248653415 0.0099408403038978594 1.0000000180025095e-35 0.048466393724083907 0.53983181715011608 -0.0030543224420398469 0.99166667461395275 0.0032940846867859368 0.49194628000259405 0.25069467723369604 0.98682603240013134
decision_type=2 2 2 2 2 2 2 2 2 2 2 2 2 2 2 2 2 2 2 2 2 2 2 2 2 2 2
left_child=1 2 4 11 12 -3 19 -6 -8 13 24 -4 -1 14 21 -16 -5 18 -15 -7 -19 -2 26 -24 25 -11 -12
right_child=9 5 3 16 7 6 8 -9 -10 10 22 -13 -14 17 15 -17 -18 20 -20 -21 -22 -23 23 -25 -26 -27 -28
leaf_value=-0.027526463394156916 0.0029953630697637005 0.040518818210992458 0.022321872744904072 0.027248677561522539 0.036050572528239587 -0.031486245740519142 -0.056181475763739247 -0.0014757264399507036 0.044097175858056267 -0.055038160985726996 0.044002400698641427 -0.030149355118026567 0.036789799225076115 0.049209898156887609 -0.0174144528803814 0.034276759989486753 -0.017556145059474181 -0.049779848026548924 -0.036779306749588354 0.045058880183928098 0.022634242386334616 -0.044741014901255642 -0.032876828327855177 0.019450684255587367 0.013168364138508682 0.0071841769670874652 0.012019415040682839
leaf_weight=22.439962396747436 4.1677027938421807 7.5994771549012503 9.9685807529604045 44.295899520162493 159.0639056932414 1.2769787297584105 31.324649030924775 30.503128607640974 2.3147096186876288 6.7283935706946085 9.3879895915742981 53.228814053756651 7.0197285348549476 2.9740535203600293 18.702296010567807 13.680305076530201 11.690336248720994 58.109822497615824 2.4646948766312562 5.5298713870579377 1.1874909522011865 28.738099163165316 2.2927070603473103 2.9982767170295119 0.96837939228862513 1.1747770033543927 3.2515576136065638
leaf_count=1358 461 151 331 567 2061 177 1379 798 5 1035 121 3771 238 163 1776 750 193 10208 784 82 58 4955 228 55 53 54 104
internal_value=1.89095e-05 0.010061 0.0147256 -0.00315072 0.0244231 -0.0224057 -0.034921 0.0300362 -0.0482075 -0.0246212 0.00337748 -0.0216539 -0.0114963 -0.0303743 -0.017423 0.00479557 0.0177492 -0.0429723 0.0105818 0.0285051 -0.0479784 -0.0387849 0.0252351 -0.00484575 -0.0388806 -0.046021 0.0372591
internal_weight=543.083 386.256 338.21 119.184 219.027 48.0457 40.4462 189.567 33.6394 156.827 26.8021 63.1974 29.4597 130.024 65.2884 32.3826 55.9862 64.7361 5.43875 6.80685 59.2973 32.9058 17.9305 5.29098 8.87155 7.90317 12.6395
internal_count=31916 11111 9317 4862 4455 1794 1643 2859 1384 20805 1650 4102 1596 19155 7942 2526 760 11213 947 259 10266 5416 508 283 1142 1089 225
is_linear=0
shrinkage=0.05


Tree=49
num_leaves=26
num_cat=0
split_feature=44 2 0 37 17 1 6 3 24 1 35 2 7 29 31 7 21 31 2 32 44 7 26 40 40
split_gain=43.0704 23.3668 19.298 19.4374 17.0155 15.2887 14.4613 12.4859 11.9534 13.5992 12.9474 9.72002 9.3369 8.05185 6.71494 6.21269 5.86517 5.73743 4.68436 4.33005 4.2631 1.4279 0.873659 0.412362 0.400685
threshold=0.81057780981063854 0.13086953014135363 0.39094255864620214 0.041735595092177398 0.15833333879709247 0.76412475109100353 -0.022647923789918419 -0.00027558175497688348 0.10399341955780984 0.89807710051536571 0.067049756646156325 0.10669768974184991 0.72937968373298656 -1.3611610531806944 -0.090188875794410692 0.96706482768058788 0.91285482048988353 0.080787178128957762 0.16655644774436953 0.0040293310303241023 0.67826876044273388 0.93762344121932995 -1.0000000180025095e-35 0.19049634039402011 0.28627975285053259
decision_type=2 2 2 2 2 2 2 2 2 2 2 2 2 2 2 2 2 2 2 2 2 2 2 2 2
left_child=8 12 5 4 -4 6 -3 -5 10 11 17 23 22 19 -15 -11 -13 20 -7 -14 -1 -12 24 -10 -2
right_child=1 2 3 7 -6 18 -8 -9 9 15 21 16 13 14 -16 -17 -18 -19 -20 -21 -22 -23 -24 -25 -26
leaf_value=0.022196006388529331 -0.02212430199794644 -0.01680554014745126 0.018857405972914604 -0.031406062480619799 -0.041675636819582876 -0.046757551835704535 0.025205502863459763 0.030301852387949205 -0.045569617155920325 0.02024471891518391 -0.00016545132919408472 0.039261701149193792 -0.029770051529644292 0.022342235943576941 -0.046399126032479782 -0.059186720482087486 0.015576213402687836 0.042354406374664769 0.034591628986581552 0.025577680491716766 -0.024552715610527021 -0.06042129734594133 0.035665922286513337 -0.0010363962374828272 0.014337731373797161
leaf_weight=7.5573886823840501 0.65986082819290437 25.351972030883189 13.444382647983728 10.74896297813393 65.693561982188839 12.690051073906941 94.054004149104003 26.536767397075891 3.3336562692420553 3.2588176110293698 1.1082564492244262 93.038676883443259 5.4227509745396656 3.1799073931761077 67.361806008499116 5.6823908798396587 38.87217756791506 8.9638706989353505 1.2981642596423615 6.856853487668559 10.390875411336308 8.1134586124680919 4.3519387900596476 0.64440515066962678 0.47424833104014397
leaf_count=117 89 2077 162 735 8262 919 2903 667 218 69 42 1259 883 185 11283 166 953 179 4 249 294 269 90 35 8
internal_value=8.30864e-05 -0.0104468 -0.00258864 -0.0173874 -0.031285 0.0103606 0.0162203 0.0121567 0.0197071 0.0260899 -0.00589002 0.0300535 -0.0323992 -0.036611 -0.0430314 -0.0311119 0.0324516 0.0119044 -0.0374038 0.000734545 -0.0047359 -0.0539044 0.0270266 -0.040013 -0.00730323
internal_weight=519.089 338.125 249.818 116.424 79.1379 133.394 119.406 37.2857 180.964 144.83 36.1338 135.889 88.3074 82.8213 70.5417 8.94121 131.911 26.9121 13.9882 12.2796 17.9483 9.22172 5.48605 3.97806 1.13411
internal_count=32117 28516 15729 9826 8424 5903 4980 1402 3601 2700 901 2465 12787 12600 11468 235 2212 590 923 1132 411 311 187 253 97
is_linear=0
shrinkage=0.05


Tree=50
num_leaves=27
num_cat=0
split_feature=44 31 1 0 17 2 7 0 29 5 10 5 6 16 32 3 47 31 6 40 35 4 7 5 25 20
split_gain=41.1161 28.2103 22.7761 15.8975 23.8898 13.5291 11.489 10.7626 7.51059 9.57143 6.09511 5.21981 4.95177 4.39498 3.91313 2.91568 2.76054 2.29785 1.75175 1.62152 1.61562 1.51298 1.27848 0.8378 0.684571 0.211468
threshold=0.99166667461395275 0.025864740833640102 0.79274797439575206 0.36320692300796514 0.99166667461395275 0.12488645315170289 0.84901127219200145 0.90531975030899059 0.5092851221561433 0.0036431216867640619 0.0019056760938838126 0.00061753133195452403 0.0088141821324825304 0.98552390933036815 0.003159865853376687 -0.0023122327402234073 0.53983181715011608 0.0055840571876615295 0.67048934102058422 0.3356152623891831 0.0099408403038978594 0.00025948110851459211 0.9969611167907716 0.0020391058642417197 -0.0017155546229332683 0.82604023814201366
decision_type=2 2 2 2 2 2 2 2 2 2 2 2 2 2 2 2 2 2 2 2 2 2 2 2 2 2
left_child=1 2 3 5 -5 -1 23 8 9 -3 -8 12 16 -10 18 21 -2 -14 20 -17 -13 -16 -19 -4 -20 -9
right_child=11 7 6 4 -6 -7 10 25 13 -11 -12 14 17 -15 15 19 -18 22 24 -21 -22 -23 -24 -25 -26 -27
leaf_value=-0.036866088925374393 -0.048673949498376973 0.038693259075589778 0.040727593671675139 0.00620017218288005 -0.03626752282378843 0.022883013430503734 -0.062851729755017863 -0.00019864683225291624 0.013218063597605401 -0.00079416501238713157 -0.018392776085271928 -0.013221483585230086 0.052051762903111379 -0.042482477274304993 -0.022786191753975425 -0.035564461525487694 0.023984127271774423 0.021588643056270673 0.024265227256907055 0.021213426035684668 -0.049766839633339499 0.035865644677723851 -0.032421389668800357 -1.4923111999794631e-05 -0.020277127836907636 -0.045133186422376154
leaf_weight=9.5915184967452642 4.3959195874049311 91.828823082149029 3.2798530538566402 97.983104664832354 48.846311711648013 96.786461713316385 22.333072744775563 0.28434185450896521 9.1500146943144482 18.337970001506619 13.159207586897535 4.1555115816881871 3.0435289402958006 4.4714379507931872 0.75826154823880676 7.139163892134091 1.052478293306194 1.2199911841307769 0.86081448849290609 0.80519814230501641 46.836064629547764 2.859388982411474 1.2139834879781117 1.7882648903178049 0.63694569945800938 4.4567696953890845
leaf_count=1053 415 1772 42 3433 4705 2773 2156 23 169 503 768 1169 24 236 131 900 34 73 5 9 10389 117 170 86 149 630
internal_value=-0.000570724 0.00550933 -0.00305187 0.00256913 -0.00807749 0.0172026 -0.0373597 0.0249494 0.0278729 0.0321723 -0.0473237 -0.0344374 -0.00224678 -0.0067214 -0.0398096 -0.0121649 -0.0330956 0.0288103 -0.0455577 -0.0280814 -0.0471002 0.0212999 -0.00694642 0.0287184 0.0047885 -0.0429423
internal_weight=497.274 422.297 293.768 253.207 146.829 106.378 40.5604 128.529 123.788 110.167 35.4923 74.9773 10.9259 13.6215 64.0513 11.562 5.4484 5.4775 52.4893 7.94436 50.9916 3.61765 2.43397 5.06812 1.49776 4.74111
internal_count=31934 18349 15016 11964 8138 3826 3052 3333 2680 2275 2924 13585 716 405 12869 1157 449 267 11712 909 11558 248 243 128 154 653
is_linear=0
shrinkage=0.05


Tree=51
num_leaves=29
num_cat=0
split_feature=44 2 0 36 31 40 17 1 25 16 24 1 29 7 7 24 1 35 0 41 29 2 1 34 7 0 21 29
split_gain=33.1749 20.0648 19.2164 20.7792 18.6449 12.942 12.2397 13.4712 9.4971 8.99906 9.09428 8.48928 8.2216 6.64307 6.43018 6.15513 6.2832 6.09522 5.32521 4.40113 3.9679 3.2461 3.10212 2.71357 2.33227 2.12724 0.771306 0.590804
threshold=0.79277813434600841 0.13674368709325793 0.36320692300796514 0.00074355816468596469 0.025144619867205623 0.23112973570823672 0.59166666865348827 0.26239226758480078 -0.0008697205630596726 0.98507279157638561 0.23175768554210666 0.89807710051536571 0.63222214579582225 0.99963113665580761 0.72937968373298656 0.12247536703944208 0.84115007519721996 0.067049756646156325 0.9121922254562379 0.0035371036501601343 -0.034656602889299386 0.10922662168741228 0.12119881063699724 0.32974646985530859 0.95420169830322277 0.43168073892593389 0.74760964512825023 -1.5849825739860532
decision_type=2 2 2 2 2 2 2 2 2 2 2 2 2 2 2 2 2 2 2 2 2 2 2 2 2 2 2 2
left_child=8 5 6 4 -4 9 12 -8 11 10 -2 18 -3 -5 -11 17 22 25 21 23 -18 -1 -17 -7 -13 -10 -19 -21
right_child=1 2 3 13 -6 19 7 -9 15 14 -12 24 -14 -15 -16 16 20 26 -20 27 -22 -23 -24 -25 -26 -27 -28 -29
leaf_value=-0.012710446187516418 0.013472214774363323 0.042177953314187916 -0.037575189096320745 0.037785172313383936 0.01576744800740949 -0.036278932291874573 0.029118857752891969 -0.019212038269252163 0.021181272441680107 0.018621615341215935 -0.033961787443065071 0.016641460908668047 -0.015972301075336506 -0.025667046018288092 -0.049535363585178904 -0.015868581597332367 0.022281256983090122 -0.0042178604845557388 -0.031990187595713968 0.0525721520816613 -0.066741957425740045 0.040783780726314445 0.026001933166068338 0.018530285439328397 -0.046593084409312362 -0.017146022835046671 -0.052970011478815804 0.016521178420299872
leaf_weight=2.526075505767948 16.824874055746477 40.49976128002163 69.488993381441105 20.108801835565831 20.719757354876492 3.6948017039103416 22.787779582664371 35.602032959286589 7.7504984489642101 3.1978842138196333 22.788007218332496 1.5563195291906584 6.5824704981641835 4.3764032537001176 53.411772758583538 4.3003911747364318 1.3090911519248041 1.1068719127215425 2.0525553537299848 4.3684677253477275 2.6000114729395127 66.579502638895065 39.287999453023076 3.4787563910940662 3.4062199298059568 5.2333925395505503 6.9418151758145541 3.0728175339754671
leaf_count=127 666 727 8166 334 655 320 650 3104 115 144 2708 37 210 109 10846 99 42 14 118 28 70 1170 645 108 89 256 269 104
internal_value=-0.000159573 -0.00888701 -0.000125833 -0.0142321 -0.0252845 -0.0261334 0.0152034 -0.000177247 0.0197353 -0.0327586 -0.0139794 0.0317803 0.033885 0.0258818 -0.0454288 0.00609144 0.0159727 -0.0159353 0.0362215 0.0167911 -0.0384637 0.0386749 0.0216078 -0.0106844 -0.0272968 0.00561137 -0.0474726 0.041406
internal_weight=475.654 331.003 220.166 114.694 90.2088 110.837 105.472 58.3898 144.651 96.2225 39.6129 76.1207 47.0822 24.4852 56.6097 68.5301 47.4975 21.0326 71.1581 14.6148 3.9091 69.1056 43.5884 7.17356 4.96254 12.9839 8.04869 7.44129
internal_count=31930 28879 13955 9264 8821 14924 4691 3754 3051 14364 3374 1541 937 443 10990 1510 856 654 1415 560 112 1297 744 428 126 371 283 132
is_linear=0
shrinkage=0.05


Tree=52
num_leaves=23
num_cat=0
split_feature=44 31 1 24 16 7 2 24 40 5 29 10 3 1 44 28 4 4 34 7 36 5
split_gain=34.23 21.8556 18.2186 23.6682 16.4401 8.03516 7.10911 6.03775 8.81117 6.43323 5.66534 5.15448 5.00531 4.3876 3.79779 3.62 3.23099 2.7968 1.9772 1.39908 0.780964 0.197522
threshold=0.99166667461395275 0.034772275015711791 0.79274797439575206 0.10714414715766908 0.96257278323173534 0.84901127219200145 0.10825660452246667 0.14019011706113818 0.14567351341247561 0.00049287933507002901 0.59580504894256603 0.0019056760938838126 0.0033272119471803312 0.75312232971191417 0.59348517656326305 -0.8053809106349944 0.0019966217223554854 0.0029286615317687397 0.28679421544075018 0.90094172954559337 0.00081964844139292847 0.002125273691490293
decision_type=2 2 2 2 2 2 2 2 2 2 2 2 2 2 2 2 2 2 2 2 2 2
left_child=1 2 3 14 -5 21 19 9 15 -2 12 -7 -8 -12 -1 -9 18 -18 -10 -3 -17 -4
right_child=7 6 5 4 -6 11 10 8 16 -11 13 -13 -14 -15 -16 20 17 -19 -20 -21 -22 -23
leaf_value=0.014472695891444905 0.046270166789666979 0.010612168096544606 0.035574893196359376 0.026697268108865198 -0.0010988159785910695 -0.058509940686847874 0.036723483193932288 0.024039245760626805 -0.034766604523486316 -0.041491178968886877 0.013439784847984818 -0.014803985894058465 -0.012348338111471055 -0.054327572544036244 -0.038637684206771487 -0.050782453054647285 0.043582581041788637 -0.021850846240453435 0.011952592926175121 -0.043572402976683675 -0.011284864865654319 0.0077310097689742303
leaf_weight=3.2359893626999101 4.1499563071411094 1.1824467050610099 2.2605290873907502 88.54587153106695 130.85923275101231 18.828887262498032 79.526351132779382 1.1795370511827048 6.1239208674523962 2.5575180257437751 7.7942294403328543 11.53492946596816 5.089730253792367 2.2903523965505883 31.888581284671091 43.681657060864381 4.1038911999785332 1.6690428784932008 2.7159299278864637 3.3324747386504896 1.9650026038871136 1.6555323740467427
leaf_count=63 14 58 42 1591 9163 2228 1860 40 1236 517 206 798 108 34 1749 10991 108 159 157 400 307 85
internal_value=0.00062196 0.00638238 -0.000596676 0.00405553 0.0101892 -0.0342754 0.0265012 -0.0317958 -0.0366638 0.0117657 0.029482 -0.0429078 0.033662 -0.00546383 -0.0334795 -0.0470476 -0.0025069 0.0242317 -0.0206568 -0.0300305 -0.0493605 0.0277708
internal_weight=456.172 388.025 288.81 254.53 219.405 34.2799 99.2156 68.1465 61.439 6.70747 94.7007 30.3638 84.6161 10.0846 35.1246 46.8262 14.6128 5.77293 8.83985 4.51492 45.6467 3.91606
internal_count=31914 18385 15719 12566 10754 3153 2666 13529 12998 531 2208 3026 1968 240 1812 11338 1660 267 1393 458 11298 127
is_linear=0
shrinkage=0.05


Tree=53
num_leaves=27
num_cat=0
split_feature=44 44 24 1 38 2 37 24 0 2 47 24 19 4 41 31 4 2 9 4 21 25 29 9 43 31
split_gain=34.3807 14.7638 12.5399 13.4936 12.4257 12.0426 10.4469 11.0928 10.3275 8.85355 8.81527 8.18066 7.40512 5.7608 5.37587 4.70006 4.33126 3.15596 2.91058 2.63582 2.54539 1.94954 1.68396 0.499645 0.41299 0.407733
threshold=0.91596046090126049 0.66384181380271923 0.10399341955780984 0.837274730205536 0.003795489552430809 0.11673445627093317 0.038768226280808456 0.23175768554210666 0.33412870764732366 0.1426937207579613 0.31696987152099615 0.14458706974983218 0.051797151565551765 -0.0029985235305503006 0.0011846956913359465 0.085468698292970671 0.0024487392511218791 0.12330029159784318 0.065967332571744933 -0.0013425509678199885 0.45421618223190313 1.0008200206357289e-05 1.7243838906288149 0.081238735467195525 0.06480391696095468 0.052358649671077735
decision_type=2 2 2 2 2 2 2 2 2 2 2 2 2 2 2 2 2 2 2 2 2 2 2 2 2 2
left_child=1 16 10 5 6 -4 8 11 9 -2 15 -8 -5 -9 22 -3 20 24 -10 -19 -1 -22 25 -12 -16 -6
right_child=4 2 3 12 14 -7 7 13 18 -11 23 -13 -14 -15 17 -17 -18 19 -20 -21 21 -23 -24 -25 -26 -27
leaf_value=-0.0083836213753165877 -0.043663509135630281 -0.042753884951607535 -0.034529770966183093 0.0092221701172321476 -0.047473738843683937 0.01925794013094774 -0.040669631724044641 0.0289096449917794 -0.051792085506740006 0.0029521999573192421 0.007219472329083822 0.036140002368838305 -0.040380451946205556 -0.03707477974790474 -0.034847743524674749 0.028807098413198947 -0.02088751297323457 -0.012750571541005132 0.0077741580244125516 0.031642962833365873 0.045148914743102453 0.018056999988414129 0.017872023775216031 0.038265014390026691 0.0093124868553218949 -0.00014168575350168144
leaf_weight=2.5545971386600277 15.636059818731153 23.327838279539726 10.270281966018954 12.092987067473588 3.9036111428285976 150.55927333235741 3.4113351910491501 3.1552961541456197 47.25811714149313 25.970624636800494 2.6613575341179958 17.056633120228071 17.638985771220177 20.126343080715742 1.9754812499159045 1.8443592352559779 2.7799765476956955 3.3978792963316762 1.888042977079748 20.464371994719833 38.371449925005436 10.278447140473871 0.83837143785785873 3.3099779733456671 0.2070292830467223 0.50814099120907474
leaf_count=50 3747 1193 1100 460 471 3920 206 150 10955 2298 45 563 851 3330 454 37 59 150 224 443 852 191 13 51 1 44
internal_value=4.5577e-05 0.0108545 0.00507773 0.00990624 -0.0178849 0.015631 -0.0244547 -0.00424511 -0.0340447 -0.0151799 -0.023856 0.0220402 -0.0205618 -0.0273098 0.0102345 -0.0366103 0.0340547 0.019622 -0.0493943 0.0250629 0.0373806 0.0399041 -0.0320235 0.0274487 -0.0290489 -0.0430556
internal_weight=441.487 275.69 221.705 190.562 165.797 160.83 134.502 43.7496 90.7528 41.6067 31.1435 20.468 29.732 23.2816 31.2949 25.1722 53.9845 26.0448 49.1462 23.8623 51.2045 48.6499 5.25012 5.97134 2.18251 4.41175
internal_count=31858 8809 7657 6331 23049 5020 21473 4249 17224 6045 1326 769 1311 3480 1576 1230 1152 1048 11179 593 1093 1043 528 96 455 515
is_linear=0
shrinkage=0.05


Tree=54
num_leaves=27
num_cat=0
split_feature=38 0 30 24 36 37 4 6 1 24 22 0 0 2 3 40 44 43 34 24 25 33 6 24 33 2
split_gain=28.5191 33.9652 20.9916 23.0577 18.2221 15.3184 14.2311 10.5253 6.37363 6.98308 6.17415 6.19375 5.34917 3.90006 3.82874 3.34172 3.12937 2.31233 1.78396 1.68339 1.36455 1.09574 0.714747 0.972062 0.0513366 0.0181675
threshold=0.003795489552430809 0.71085646748542797 0.0036542015150189404 0.30761218070983892 0.00072699916199781011 0.053526433184742934 0.0021945890039205555 0.092120584100484862 0.78859341144561779 0.074961412698030486 1.0000000180025095e-35 0.18041533976793292 0.51100364327430736 0.11981283873319627 0.0045206611976027497 0.20370239764451983 0.67327314615249645 0.038500366732478149 0.14980661123991015 0.22155421227216723 -0.00178476155269891 0.0030386134749278431 -0.46536426246166224 0.24907384067773822 0.0012087761424481871 0.13839093595743182
decision_type=2 2 2 2 2 2 2 2 2 2 2 2 2 2 2 2 2 2 2 2 2 2 2 2 2 2
left_child=1 2 3 6 5 -4 -1 -5 9 16 11 21 -6 17 -15 22 -2 -11 -18 -13 25 -10 23 -3 -22 -17
right_child=8 15 4 7 12 -7 -8 -9 10 13 -12 19 -14 14 -16 20 18 -19 -20 -21 24 -23 -24 -25 -26 -27
leaf_value=0.022203385552117604 0.025325580633070183 0.015067267828089002 -0.046866769130187259 -0.048969715664815977 -0.010641665544511051 0.01540322018133386 -0.025889687110154738 0.0016304785325622715 -0.0064250761749949023 -0.032189196051855481 0.041852142398389497 0.0010415828334030981 0.047316318520526909 0.036068904340905365 -0.016488871216206815 0.0058625868573308577 0.017604056121559925 0.027853152327592747 -0.043899047482699405 -0.059535581176830193 -0.030252138913635419 0.03707911075183043 -0.053764092854674261 -0.033898428737886774 -0.0021461614683689913 0.026787314941586732
leaf_weight=138.07025608018739 2.5186441508121771 0.92479792609810774 49.103076076920843 20.817942530207802 6.0262486748979418 11.780625145009251 16.451141253928654 19.310639766743407 2.0730547514394839 3.1916466361726625 3.8403191233519456 1.3254645282868294 9.185349590261465 78.470122067257762 3.0752564361318937 0.85533754620701108 0.88940301293041546 1.664470783434808 4.9904878298984841 6.1497826519771479 1.2138971042004403 2.4113205433823168 37.098052326095058 1.5918145025498232 0.35028057533781964 1.078515706467442
leaf_count=4891 60 60 9050 3063 105 364 1264 1052 135 606 63 50 93 1492 125 75 27 73 258 306 143 36 8101 301 34 18
internal_value=0.000540741 -0.00715848 -0.000527776 0.00818157 -0.0226232 -0.0347637 0.0169496 -0.0251723 0.0222578 0.0271178 -0.00678112 -0.024422 0.0251155 0.0313323 0.0339111 -0.047843 -0.0149602 -0.0103672 -0.0333894 -0.0499389 -0.000737681 0.0194633 -0.0518819 -0.0167368 -0.0272497 0.0226852
internal_weight=424.458 313.858 270.745 194.65 76.0953 60.8837 154.521 40.1286 110.6 94.8 15.7999 11.9596 15.2116 86.4015 81.5454 43.1127 8.39853 4.85612 5.87989 7.47525 3.49803 4.48438 39.6147 2.51661 1.56418 1.93385
internal_count=31845 28614 19882 10270 9612 9414 6155 4115 3231 2641 590 527 198 2296 1617 8732 345 679 285 356 270 171 8462 361 177 93
is_linear=0
shrinkage=0.05


Tree=55
num_leaves=27
num_cat=0
split_feature=44 32 1 1 48 30 4 1 17 4 1 20 25 29 2 44 37 9 1 34 21 1 29 7 37 5
split_gain=27.5509 18.0458 17.8584 17.8761 13.9918 13.5698 10.26 8.95949 8.666 7.51811 7.17653 6.93365 6.06952 5.42794 5.10074 4.34698 4.16256 3.51789 4.13102 3.36802 2.33834 2.12203 1.60716 1.11315 1.08028 0.889183
threshold=0.74560862779617321 0.0025919351028278474 0.26239226758480078 0.1062758155167103 0.35396493971347814 0.0040589666459709415 0.0019208770827390256 0.5405929982662202 0.24166666716337207 -0.00033873217762447888 0.78859341144561779 0.80675753951072704 -0.0010316193220205603 0.32181531190872198 0.17218530178070071 0.90098038315773021 0.053526433184742934 0.015218183863908054 0.30745695531368261 0.25441154837608343 0.94765976071357738 0.43028177320957189 0.5092851221561433 0.98982927203178417 0.025121258571743969 0.0038150131003931169
decision_type=2 2 2 2 2 2 2 2 2 2 2 2 2 2 2 2 2 2 2 2 2 2 2 2 2 2
left_child=6 2 3 11 8 -5 17 12 -4 -6 20 -2 13 -3 -14 -12 21 18 24 -20 -9 -8 25 -23 -1 -19
right_child=1 7 4 5 9 -7 16 10 -10 -11 15 -13 14 -15 -16 -17 -18 22 19 -21 -22 23 -24 -25 -26 -27
leaf_value=0.012371943530017708 0.031086242997318322 0.029261756712506061 -0.0050036362989384874 0.022177450409111839 0.025311740614001932 -0.037733081761648718 -0.0018611383206283358 0.040161057507644204 -0.044726910980480046 -0.027179888402378335 0.015036505242876381 -0.05471572658940943 -0.025744336633011167 -0.018728003812104342 0.026606256785450144 -0.037520012370260064 0.029815320485066341 0.045658803326200564 -0.010956792535687588 0.029140554152276333 -0.0033221073243425853 -0.0099234722943994241 -0.00016914362063814238 -0.064280129124747995 0.044917432968973874 0.018222817712917453
leaf_weight=4.4338880114955819 2.1000732685788561 17.528200505708813 17.179694153135642 59.849207865190692 15.679244380764432 10.254920679173663 3.3870807837229204 33.355788393702824 73.219782799889799 10.557206322177079 9.8699045850662497 14.792806300829396 28.188287592085544 7.8249949820456086 4.6933629100676617 5.181479211052646 2.5422254772856823 35.7557106341701 13.67287579161348 7.1615418752189717 3.2367997314431696 1.7006570580415425 2.3000399845186612 3.6949629543814808 11.345173285226336 5.2164569760207078
leaf_count=99 81 695 621 2921 888 1668 61 807 13959 1658 192 2597 1983 520 97 735 79 873 404 139 255 43 47 67 168 97
internal_value=0.00046158 -0.00658586 -0.0153713 0.00178474 -0.0280742 0.0130062 0.024494 0.00968756 -0.0373152 0.00396737 0.0246411 -0.0429079 -0.0037657 0.0143016 -0.0177073 -0.00426654 -0.0187543 0.0307811 0.0185786 0.00352948 0.0363287 -0.0344238 0.040453 -0.0513778 0.0370546 0.0426831
internal_weight=404.722 313.512 203.633 86.997 116.636 70.1041 91.2106 109.879 90.3995 26.2365 51.644 16.8929 58.2348 25.3532 32.8817 15.0514 11.3249 79.8857 36.6135 20.8344 36.5926 8.7827 43.2722 5.39562 15.7791 40.9722
internal_count=31754 29677 24393 7267 17126 4589 2077 5284 14580 2546 1989 2678 3295 1215 2080 927 250 1827 810 543 1062 171 1017 110 267 970
is_linear=0
shrinkage=0.05


Tree=56
num_leaves=24
num_cat=0
split_feature=44 37 0 16 29 22 24 24 31 6 27 2 38 2 24 5 37 35 32 28 6 9 20
split_gain=24.5435 19.5214 18.1882 13.9966 13.6505 12.4768 9.68779 11.6303 10.0405 9.52774 7.53652 6.66959 5.43355 3.81854 3.12777 5.23261 3.57637 3.07801 2.95818 2.46037 1.98814 1.01715 0.119532
threshold=0.99166667461395275 0.030052864924073223 0.41136083006858831 0.44327560067176824 0.77981477975845348 1.0000000180025095e-35 0.11082521826028825 0.29303485155105596 0.080787178128957762 -0.026648757047951218 2.3054093122482304 0.12488645315170289 0.0048097840044647464 0.13086953014135363 0.14019011706113818 0.00035316251160111284 0.067676059901714339 0.018064271658658985 0.0013553075259551408 -0.8053809106349944 0.25236733257770544 -0.017980836331844326 0.3376691341400147
decision_type=2 2 2 2 2 2 2 2 2 2 2 2 2 2 2 2 2 2 2 2 2 2 2
left_child=1 2 9 13 6 -5 8 -8 -3 12 14 -11 -1 -4 15 -2 19 -6 -12 -16 -19 -18 -20
right_child=10 4 3 5 17 -7 7 -9 -10 11 18 -13 -14 -15 16 -17 21 20 22 -21 -22 -23 -24
leaf_value=-0.043080466566889908 0.044146648591963461 -0.030687396027208283 -0.03152013399811722 -0.048845356167959347 0.024570470016627082 0.023368448210456562 0.034868990388695474 0.004665599795023608 0.037345415565774774 -0.03174488009084879 0.061783833694262429 0.01962689243427845 0.023463467935393195 0.029850505089266007 0.017839557946884382 -0.042305294253798788 0.019489995446284269 -0.051983204808797014 0.0041543712897843844 -0.044401390167658948 -0.0037133343837389139 -0.017388250437600002 -0.024676020335207959
leaf_weight=11.684322346351108 2.6482337745837858 16.046420293103441 2.3566151774139135 44.100275168486405 1.4523867417010468 6.2900558240944511 98.807330590847414 47.332413187716156 6.9926368788583195 6.0821957598964209 2.2064406619756478 65.548976106161717 3.3361066186334929 10.716263556852935 1.1423305107164186 2.3684335065481719 2.5832545281737112 8.2031496115378086 0.12868453911505617 42.585265320027247 2.9881877524312577 2.9102468009805298 0.90470298141008243
leaf_count=1398 9 622 156 6204 91 111 2370 3221 192 779 11 2075 86 143 49 511 253 741 6 12222 130 351 227
internal_value=0.000448846 0.00569497 -0.00762352 -0.0277468 0.0166724 -0.0395518 0.0204553 0.0251848 -0.00934404 0.00726307 -0.0294272 0.0148879 -0.0277587 0.0173337 -0.0339736 0.00308389 -0.0377368 -0.0317334 0.0367455 -0.0424129 -0.0404565 0.000284171 -0.0208084
internal_weight=389.415 331.937 150.115 63.4632 181.823 50.3903 169.179 146.14 23.0391 86.6516 57.4776 71.6312 15.0204 13.0729 54.2378 5.01667 49.2211 12.6437 3.23983 43.7276 11.1913 5.4935 1.03339
internal_count=31958 18319 10952 6614 7367 6315 6405 5591 814 4338 13639 2854 1484 299 13395 520 12875 962 244 12271 871 604 233
is_linear=0
shrinkage=0.05


Tree=57
num_leaves=26
num_cat=0
split_feature=40 0 5 0 37 29 16 36 27 24 6 37 2 5 37 37 2 30 19 2 9 38 2 22 5
split_gain=22.3726 26.0767 14.1455 18.0288 14.7766 10.5546 10.1381 8.13171 7.85431 6.92005 6.24531 5.19617 4.22436 4.19249 4.20223 3.94124 3.0583 2.87888 2.44858 2.09905 1.56784 1.33275 1.02963 0.939442 0.592913
threshold=0.14241977781057361 0.71085646748542797 0.003499650396406651 0.14931314438581469 0.0055896723642945298 0.60859662294387828 0.98507279157638561 0.00079627017839811753 0.65841889381408703 0.18243534117937091 0.58033692836761486 0.045287437736988075 0.15430575609207156 0.0013624408748000862 0.029558330774307254 0.052113672718405731 0.11981283873319627 0.0044841971248388299 0.10570353269577028 0.11256612837314607 0.0052043232135474691 0.0058516415301710376 0.16443767398595813 1.0000000180025095e-35 0.0051742002833634624
decision_type=2 2 2 2 2 2 2 2 2 2 2 2 2 2 2 2 2 2 2 2 2 2 2 2 2
left_child=1 2 3 10 -5 8 9 15 13 -4 -1 -8 20 16 -15 18 -2 19 -7 -10 -9 -17 -3 -24 -19
right_child=5 22 6 4 -6 7 11 12 17 -11 -12 -13 -14 14 -16 21 -18 24 -20 -21 -22 -23 23 -25 -26
leaf_value=-0.040082530364082956 -0.025039579970443579 -0.051835039631129433 -0.02127200398444545 -0.031986521557386544 0.02194102193114749 -0.04877009299378271 -0.045987771177524589 0.015604403472505647 -0.0083741932727653869 0.020879665578871828 0.033561861879995637 0.0026037726921333756 0.04833606847114881 -0.020959489885349934 0.013016387078361403 0.019294648948810569 0.042964287286971437 -0.028810350344128568 0.012008401280784717 0.041735823694336927 -0.048563879617702616 -0.028555094583585811 -0.028441196770985489 0.022190690853076997 0.011535719878888115
leaf_weight=21.450570375600368 1.254175009089521 30.102864865300948 19.000134409579914 13.559794764267279 103.85083456212305 11.981950963090645 30.484561120014405 1.0264561530784688 1.8613655553781416 17.975596571224742 2.5324672439019187 6.5411869914096306 6.0787743194960058 12.667564652481813 26.259079772076802 4.3897669569123527 10.794753699505234 1.2716125799342983 1.4999921698472451 50.011382342490833 1.1862151793902738 1.0300746296998111 1.0661036168166891 0.70024544000625599 0.81061923451488826
leaf_count=2864 237 7635 827 1010 3782 870 8528 50 327 677 45 447 61 870 1290 225 211 123 82 1257 49 49 307 4 30
internal_value=0.000663544 -0.00820602 -0.001867 0.00739849 0.0154954 0.0171995 -0.0194331 -0.0102675 0.0243475 -0.000769935 -0.031274 -0.0375606 0.0288018 0.0099789 0.00171188 -0.0279917 0.0345093 0.037494 -0.0416457 0.0398133 -0.0232048 0.00716913 -0.0496894 -0.0076031 -0.0144568
internal_weight=379.388 247.264 215.395 141.394 117.411 132.124 74.0015 27.1932 104.931 36.9757 23.983 37.0257 8.29145 50.9756 38.9266 18.9018 12.0489 53.955 13.4819 51.8727 2.21267 5.41984 31.8692 1.76635 2.08223
internal_count=31857 26126 18180 7701 4792 5731 10479 1386 4345 1504 2909 8975 160 2608 2160 1226 448 1737 952 1584 99 274 7946 311 153
is_linear=0
shrinkage=0.05


Tree=58
num_leaves=29
num_cat=0
split_feature=7 1 16 17 24 31 3 2 37 2 1 31 25 1 41 15 25 9 40 3 22 0 1 35 43 34 35 1
split_gain=23.9823 22.6266 13.8578 13.7235 12.7855 12.3439 11.3212 9.39621 7.71055 7.0873 6.48377 6.26024 4.69614 4.4501 4.38663 3.61452 4.08177 3.59563 2.84657 2.69216 2.62527 2.55723 1.79714 1.5666 1.01924 0.968874 0.295621 0.287836
threshold=0.91380706429481517 0.74170276522636425 0.97945997118949901 0.29166667163372045 0.12247536703944208 -0.0065042220521718255 0.0017452143365517261 0.10669768974184991 0.063438963145017638 0.12903869897127154 0.51242694258689891 0.0050317246932536372 -0.00084188737673684944 0.50689861178398143 0.0018536819843575361 1.8241776160721205e-05 -0.00076010558404959727 0.015781466849148277 0.25631494820117956 -7.6437529060058282e-05 1.0000000180025095e-35 0.7199884057044984 0.40528741478919988 0.032110802829265601 0.017160770483314994 0.31807482242584234 0.021674225106835369 0.86498391628265392
decision_type=2 2 2 2 2 2 2 2 2 2 2 2 2 2 2 2 2 2 2 2 2 2 2 2 2 2 2 2
left_child=6 2 4 9 10 -5 11 -6 15 -4 -2 12 27 19 -14 20 -17 24 23 -13 -3 -15 25 -10 26 -19 -8 -1
right_child=1 8 3 5 7 -7 17 -9 18 -11 -12 13 14 21 -16 16 -18 22 -20 -21 -22 -23 -24 -25 -26 -27 -28 -29
leaf_value=0.039262039838147904 -0.03775959169158008 -0.055415982042030437 -0.03167061662546191 0.0019392953061312156 -0.045529916086078565 -0.036415523175102146 0.00026536882833569825 0.023113641134801674 0.015563322402423611 0.031922655229121459 0.011314748791714142 0.030407607536855914 -0.048459695863860917 0.055217028633890247 0.013128175898519522 0.0069635361263130219 -0.050953415479758679 -0.035303152010246718 0.040625593092203538 -0.013124922071545553 0.024402547572275311 -0.0058754906824575945 0.031358492439408366 -0.038854793447249444 0.0043684028113713793 0.017539542297662802 -0.051098803613910261 0.0060601781949798589
leaf_weight=5.8225694270222474 16.175268241495363 30.556389235425744 4.6402673674747374 33.755920627445448 4.3482183070736928 53.997700212377822 0.28254537671454993 95.307173047534889 1.5848258163314306 20.5774491855409 10.455468148051294 11.256382583407683 4.2761739388806728 31.553999686962925 5.6808072356507182 6.734009584528394 4.2572878739156277 1.5210311136324892 3.1019869692390785 4.3351846918230867 0.5341656266245981 1.615555892291012 3.06468435539864 2.0664427214069292 0.86458691640291352 0.58388851140625764 5.2225322001904715 1.1740863216982687
leaf_count=231 628 6053 765 4149 1092 10617 102 2558 174 358 220 387 745 752 298 354 688 112 32 151 6 199 137 300 52 29 645 52
internal_value=0.00042441 -0.00622355 0.000159832 -0.0125048 0.0114984 -0.0218061 0.0249784 0.019696 -0.0368733 0.0194593 -0.0187804 0.0329447 0.0062978 0.0418968 -0.0153304 -0.0446896 -0.017848 -0.0193979 0.011315 0.018242 -0.0533269 0.0521566 0.0107369 -0.0169669 -0.0419935 -0.019717 -0.048827 0.0351451
internal_weight=365.347 288.093 239.257 112.971 126.286 87.7536 77.254 99.6554 48.8351 25.2177 26.6307 65.7148 16.9536 48.7611 9.95698 42.0819 10.9913 11.5393 6.75326 15.5916 31.0906 33.1696 5.1696 3.65127 6.36966 2.10492 5.50508 6.99666
internal_count=31886 27994 20387 15889 4498 14766 3892 3650 7607 1123 848 2815 1326 1489 1043 7101 1042 1077 506 538 6059 951 278 474 799 141 747 283
is_linear=0
shrinkage=0.05


Tree=59
num_leaves=26
num_cat=0
split_feature=32 10 0 1 31 0 22 29 6 35 1 38 6 2 5 2 22 37 6 25 2 2 2 40 1
split_gain=19.9859 19.7374 16.794 10.0665 10.0044 9.3325 8.96393 5.85905 5.63863 8.94037 5.52814 7.41095 5.78962 5.5186 5.21362 2.57622 2.42007 2.31237 2.17751 1.87471 1.75044 1.73511 1.21255 0.923307 0.619624
threshold=0.0025136317126452927 9.0668774646474062e-05 0.71085646748542797 0.86708810925483715 0.024481086060404781 0.59804528951644909 1.0000000180025095e-35 0.52230322360992443 0.11719202250242235 0.077722117304801955 0.78859341144561779 0.0025353941600769763 0.048466393724083907 0.12199999764561655 0.004302655579522253 0.16069215536117556 1.0000000180025095e-35 0.054966034367680557 -0.51250299811363209 -0.0017471874598413704 0.14563386142253879 0.10725653171539308 0.17380877584218982 0.20161920040845874 0.56616753339767467
decision_type=2 2 2 2 2 2 2 2 2 2 2 2 2 2 2 2 2 2 2 2 2 2 2 2 2
left_child=1 2 3 5 10 -1 8 14 23 -10 11 16 20 -13 21 17 -2 -9 -5 -14 -12 -6 -16 -3 -8
right_child=4 6 -4 18 7 -7 24 15 9 -11 12 13 19 -15 22 -17 -18 -19 -20 -21 -22 -23 -24 -25 -26
leaf_value=0.0028941435161871317 -0.043215358352185353 -0.052399586772392329 -0.051604566502102024 0.0081486411929751514 -0.0093147689299782985 0.040560310906970605 0.0024809184217372284 -0.046487229054920004 -0.046914612805124913 0.022561010211971773 -0.061302842622238431 -0.032590492933193625 0.037793860946607472 0.019988765506703508 -0.034673773815682533 0.030227518052089838 0.016939046612845215 0.0066052570546101252 -0.053581650154659412 -0.020972624101372128 1.9686619996589913e-05 0.044969288945350905 0.01909917374563937 -0.0091741351734556491 0.039484942017509753
leaf_weight=113.15695415687514 7.1462174020416551 35.718938493024325 13.559004288428694 1.4273610301315782 1.2029319100838609 18.280162227514666 1.8127014093333844 3.0534045925596711 8.8469465123489517 7.8938470451394087 6.0760059687308949 4.5960236082319161 2.7082261687610298 53.411544237460475 2.2532993394415821 2.7611595431808382 1.5258609045413321 3.7152309981465805 7.4828225758101308 1.3424780768109483 1.3919985172979066 40.137369823292829 0.78708397026639421 1.7677941772562906 2.8009979407070205
leaf_count=5062 1374 11993 2737 25 236 712 58 213 2638 605 558 722 52 1700 150 56 66 172 990 79 120 1206 9 249 46
internal_value=-0.000482729 -0.00995267 -0.000475507 0.00479423 0.0147278 0.00839943 -0.0343192 0.0310893 -0.0400301 -0.0147294 0.00319798 0.00880599 -0.027376 0.0153411 0.0385787 -0.00414022 -0.0319741 -0.0202463 -0.0438684 0.0180213 -0.0512201 0.043207 -0.0194715 -0.0506525 0.027978
internal_weight=344.856 212.748 153.906 140.347 132.109 131.437 58.8412 53.9105 54.2275 16.7408 78.1984 66.6796 11.5187 58.0076 44.3807 9.5298 8.67208 6.76864 8.91018 4.0507 7.468 41.3403 3.04038 37.4867 4.6137
internal_count=31828 25115 9526 6789 6713 5774 15589 2042 15485 3243 4671 3862 809 2422 1601 441 1440 385 1015 131 678 1442 159 12242 104
is_linear=0
shrinkage=0.05


Tree=60
num_leaves=22
num_cat=0
split_feature=31 16 22 4 17 9 24 44 0 2 1 41 3 29 25 24 2 7 44 25 44
split_gain=17.7182 15.1329 11.4665 11.6026 12.4559 7.56695 7.35175 7.98628 6.3422 5.41768 4.77856 3.47398 3.35756 3.23936 2.2194 1.88083 1.83986 0.999791 0.908595 0.68927 0.00379161
threshold=0.042120410129427917 0.98507279157638561 1.0000000180025095e-35 -0.0033287173137068744 0.20833333581686023 -0.010257883463054894 0.070523668080568327 0.86463582515716564 0.90531975030899059 0.12096652761101724 0.1234005279839039 0.002447557402774692 0.0033272119471803312 0.59580504894256603 -0.0033134941477328535 0.26816938817501074 0.13213793933391574 0.86662113666534435 0.5825757384300233 5.0788084990927027e-06 0.69160839915275585
decision_type=2 2 2 2 2 2 2 2 2 2 2 2 2 2 2 2 2 2 2 2 2
left_child=1 6 3 5 -5 -3 14 9 10 -8 16 -9 13 -12 -1 -14 17 -2 -16 -4 -10
right_child=8 2 19 4 -6 -7 7 11 20 -11 12 -13 15 -15 18 -17 -18 -19 -20 -21 -22
leaf_value=0.017080273111495618 0.011843306852642401 0.057434393819357457 0.043542435880067405 0.01476723698527372 -0.034029109180898333 -0.022626991193035614 -0.022416796159000621 -0.011155995531616095 -0.0020357220050598876 0.023996449732669775 0.036691502372983763 0.014396051891909742 -0.033084041727979289 -0.0032375437278544133 0.0049872240686884943 0.026474749760892265 0.022949990996693027 -0.048135751692057957 -0.049594987244431558 0.0063959420581182732 -0.039998092879605568
leaf_weight=1.1779510459164155 0.43909645499661509 6.3025032864825334 6.2037587803206389 14.67690234564361 90.536934210744221 4.2346190822136105 6.15008377743652 47.323807001928799 0.11772922892123405 66.745040713052731 52.303748816251755 17.404291493323399 2.6089716505375686 5.4434417018492232 0.65078807086683621 1.1919137670774942 0.95885989593807597 2.6033156523481011 7.1287741682026535 1.9779550165403632 2.8847290781559423
leaf_count=16 14 118 132 549 20453 482 408 4065 4 1155 1735 869 105 246 18 21 37 217 490 70 725
internal_value=0.000553494 -0.00521608 -0.0180075 -0.0221193 -0.0271473 0.0260872 0.00564771 0.00859313 0.0230685 0.0198302 0.0264783 -0.00417099 0.029954 0.0329366 -0.035924 -0.0127829 -0.0222841 -0.0386909 -0.044981 0.0362368 -0.0393901
internal_weight=339.065 270.513 123.933 115.751 105.214 10.5371 146.581 137.623 68.5518 72.8951 65.5493 64.7281 61.5481 57.7472 8.95751 3.80089 4.00127 3.04241 7.77956 8.18171 3.00246
internal_count=31929 28825 21804 21602 21002 600 7021 6497 3104 1563 2375 4934 2107 1981 524 126 268 231 508 202 729
is_linear=0
shrinkage=0.05


Tree=61
num_leaves=25
num_cat=0
split_feature=44 25 24 0 37 6 1 24 31 19 1 30 38 24 40 4 6 5 28 9 35 19 13 44
split_gain=15.7585 10.9579 9.67689 9.49502 18.121 10.2532 7.90249 7.44855 7.30464 6.68586 6.57395 5.72315 5.31634 3.92995 5.45001 5.38569 3.85165 3.63555 2.34747 1.83461 1.72782 1.22649 0.98801 0.776751
threshold=0.99166667461395275 -0.00084188737673684944 0.35509859025478369 0.40783654153347021 0.029066969640553001 -0.022647923789918419 0.094678498804569258 0.11435057595372201 -0.031947983428835862 0.037891089916229255 0.84790217876434337 0.0044841971248388299 0.0021512159146368508 0.14019011706113818 0.1107979789376259 0.0019966217223554854 0.58033692836761486 0.00049287933507002901 -0.8053809106349944 0.0029969572788104419 0.06041656248271466 0.0092677175998687761 0.03212388418614865 0.65058138966560375
decision_type=2 2 2 2 2 2 2 2 2 2 2 2 2 2 2 2 2 2 2 2 2 2 2 2
left_child=1 2 6 5 8 9 23 -6 -5 -3 -8 -7 16 17 18 22 -4 -2 -15 -17 -14 -20 -16 -1
right_child=13 3 12 4 7 11 10 -9 -10 -11 -12 -13 20 14 15 19 -18 -19 21 -21 -22 -23 -24 -25
leaf_value=0.0089261833797716298 0.039215429696772011 0.02083803927042939 -0.046439851230574487 0.022977549025021967 -0.031824252547237857 0.021278611053749064 0.031145503324474768 0.01540033442087349 -0.049736194568075522 -0.043845604542873985 -0.0046395543259591292 -0.032719753030511251 -0.012950167014317027 0.019009010233199244 0.00055010472584278772 0.044106375318288357 0.027837114460991505 -0.034767176660363337 -0.0054343344672047609 -0.012588631713592936 0.032454803629329732 -0.048530738952730412 -0.039504647539778753 -0.044084784860953158
leaf_weight=0.45521749928593536 3.3982268745312458 4.9734436868166112 10.269589967239883 3.2742881879676125 9.8529586207296216 58.898147567291744 77.075000073615229 35.381007008225424 32.287167761081946 12.487690215173641 15.072645253530935 4.4612054198223623 2.6758916213293551 0.94827039877418684 1.9704095488414148 4.1766687952622306 1.3795490931952361 1.7330582018184939 2.0422011870832675 1.4571883516910018 4.5205733256880194 26.759153200691799 5.6226290121558122 3.9003159154672176
leaf_count=7 14 494 1632 94 609 2036 2250 1884 5503 1325 645 848 308 37 397 222 35 532 940 224 118 9351 1880 433
internal_value=-0.000603551 0.00401134 0.0157159 -0.00438772 -0.0164126 0.00768706 0.0220924 0.00464793 -0.0425958 -0.025291 0.0253052 0.0170272 -0.0164043 -0.0267129 -0.0315912 -0.00440006 -0.0361383 0.0126332 -0.0431443 0.0297552 0.0160515 -0.0457598 -0.030256 -0.0379122
internal_weight=325.072 276.965 115.349 161.616 80.7954 80.8205 96.5032 45.234 35.5615 17.4611 92.1476 63.3594 18.8456 48.1078 42.9765 13.2269 11.6491 5.13129 29.7496 5.63386 7.19646 28.8014 7.59304 4.35553
internal_count=31818 18221 5428 12793 8090 4703 3335 2493 5597 1819 2895 2884 2093 13597 13051 2723 1667 546 10328 446 426 10291 2277 440
is_linear=0
shrinkage=0.05


Tree=62
num_leaves=24
num_cat=0
split_feature=22 16 31 0 2 37 24 2 24 16 7 7 45 29 1 30 0 5 2 30 6 34 2
split_gain=15.2252 12.4062 10.1161 8.95353 13.0261 10.2648 6.91363 6.18122 5.60504 4.92111 4.71408 4.06306 4.03522 3.1382 2.31593 2.06005 1.62826 0.789371 0.677915 0.472993 0.283913 0.246358 0.00151239
threshold=1.0000000180025095e-35 0.96257278323173534 0.042120410129427917 0.41136083006858831 0.14375565946102145 0.045287437736988075 0.070523668080568327 0.10669768974184991 0.2307136878371239 0.49522502720355993 0.99963113665580761 0.87377294898033153 0.020120216533541683 0.033446189016103751 0.63262799382209789 0.0022322398144751792 0.52781984210014354 0.002968208747915924 0.1101319268345833 0.003713348763994873 0.14727812260389331 0.28679421544075018 0.10613859072327615
decision_type=2 2 2 2 2 2 2 2 2 2 2 2 2 2 2 2 2 2 2 2 2 2 2
left_child=1 6 3 4 -3 -5 12 -8 14 15 -9 -10 21 18 -4 -2 17 -15 22 -20 -18 -1 -11
right_child=9 2 8 5 -6 -7 7 10 11 13 -12 -13 -14 16 -16 -17 20 -19 19 -21 -22 -23 -24
leaf_value=-0.053402655536287584 -0.031107347503718758 -0.029443449978192256 0.0099618491371403287 -0.042352473974236277 0.0099041804668328712 0.0054519729057661229 -0.044323307457388397 0.022345544477819404 0.035866406069892484 0.0057749397056406993 -0.0055332958923061028 -0.017761564936787166 0.024627435255170669 0.03278569387484425 0.056663558985034536 0.021529721114301039 0.00058409604683008927 -0.0055725042016294751 0.048573537720704836 0.01027456060191885 -0.034762526788687097 -0.0078564826583505595 0.00087084316416501963
leaf_weight=5.4640672607929437 3.6808571116998783 35.539915599772939 4.7784222025075014 49.136609901033808 48.732072926330147 14.198217754135838 3.461970008473144 68.873381712124683 3.7573250326386214 0.61867373366840783 18.923260602838127 12.801410501531789 1.7431768117239697 2.9086902791168532 6.8390287549118511 2.1930799165274948 0.72178531391546119 1.65350303822197 21.993404885521162 1.4741005266550917 1.201705692510586 0.71223342075245444 0.63773805534583516
leaf_count=324 56 6768 197 12676 3759 1556 1107 1998 137 34 588 1316 33 68 114 58 47 56 655 41 60 41 46
internal_value=-0.000384359 -0.00447293 -0.0124255 -0.0176564 -0.00684053 -0.0317176 0.00960544 0.0135852 0.0146436 0.0292524 0.016342 -0.00424327 -0.0326357 0.0369733 0.0397664 -0.0111818 0.00505382 0.0203809 0.0448246 0.0466861 -0.0258359 -0.0499771 0.00477482
internal_weight=312.045 274.961 175.783 147.607 84.272 63.3348 99.1781 91.2586 28.1762 37.0835 87.7966 16.5587 7.91948 31.2096 11.6175 5.87394 6.48568 4.56219 24.7239 23.4675 1.92349 6.1763 1.25641
internal_count=31735 30614 26523 24759 10527 14232 4091 3693 1764 1121 2586 1453 398 1007 311 114 231 124 776 696 107 365 80
is_linear=0
shrinkage=0.05


Tree=63
num_leaves=25
num_cat=0
split_feature=44 29 25 2 24 2 4 1 44 19 27 32 24 47 2 6 40 28 32 24 16 38 3 20
split_gain=16.7158 11.2809 10.3815 14.7599 10.4158 8.62682 8.30603 6.22871 5.69074 4.41821 4.30068 3.19579 2.81345 3.79686 2.62942 2.61337 2.3799 2.2669 2.06207 1.75459 1.60617 1.54431 1.24596 0.0922227
threshold=0.99166667461395275 0.53535839915275585 -6.9901507231406854e-05 0.12725310027599337 0.12247536703944208 0.16876113414764407 -0.0032622184371575709 0.87684962153434765 0.68377193808555614 0.034094959497451789 1.6965348124504092 0.0063436534255743035 0.21239098161458972 0.069173291325569167 0.15132474899291995 0.2038148567080498 0.29660856723785406 -0.8053809106349944 0.0021779147209599618 0.21116916090250018 0.59495249390602123 0.002589484211057425 0.00047301307495217776 0.42886926233768469
decision_type=2 2 2 2 2 2 2 2 2 2 2 2 2 2 2 2 2 2 2 2 2 2 2 2
left_child=1 2 3 8 11 9 -6 -5 -1 18 12 -4 13 19 23 -11 17 -14 -3 -2 -7 -22 -15 -12
right_child=10 5 4 7 6 20 -8 -9 -10 15 14 -13 16 22 -16 -17 -18 -19 -20 -21 21 -23 -24 -25
leaf_value=0.024313141081903571 -0.045709880669227494 -0.028091972880171647 -0.051350834415862037 0.03010797410111702 0.036330406768847988 -0.023894871629216351 -0.0047822486944740124 -0.01965720421139993 -0.022254725088729117 -0.054990400131037898 0.0023893039975950176 -0.00083420983725313383 0.018443399694070228 0.030467516506470744 0.045981972247651909 -0.012867049737097595 0.01824806672318004 -0.047226561696023288 0.025965695005062919 0.02013339584768991 -0.017309867988845803 0.040727155282055477 -0.018903725942233815 -0.028179799537000633
leaf_weight=7.7746872853895175 4.8360190027306071 1.9658148461458065 12.286857606814012 93.098829190887045 14.365857951197539 0.78589343372732301 60.453991642774781 6.0710419212409752 25.889459486905253 15.652661201718731 0.11222668882692177 4.1395663222647263 0.87797551805852236 4.018370402889559 2.2088420115178451 5.6795654866436953 1.072931908420286 26.897704354283636 3.396475821005879 0.62885988535708737 0.801041113649262 5.6408975616795942 0.96061301777081087 1.1943905488733433
leaf_count=368 1807 556 1272 3051 392 9 5701 427 3142 2148 11 211 28 229 69 424 58 10671 250 36 218 104 238 401
internal_value=-0.000537453 0.00429573 0.00838293 0.0172531 -0.00457709 -0.0221699 0.00348668 0.0268956 -0.0111088 -0.0350553 -0.0291001 -0.0393987 -0.0338322 -0.010323 0.0195703 -0.0448537 -0.0417121 -0.044582 0.00484762 -0.0361908 0.0238964 0.0321541 0.0193736 -0.0256566
internal_weight=300.811 258.003 224.08 132.834 91.2463 33.9223 74.8198 99.1699 33.6641 26.6945 42.8079 16.4264 39.2925 10.4439 3.51546 21.3322 28.8486 27.7757 5.36229 5.46488 7.22783 6.44194 4.97898 1.30662
internal_count=31821 18273 14564 6988 7576 3709 6093 3478 3510 3378 13548 1483 13067 2310 481 2572 10757 10699 806 1843 331 322 467 412
is_linear=0
shrinkage=0.05


Tree=64
num_leaves=27
num_cat=0
split_feature=40 0 37 29 0 1 1 9 2 40 17 38 34 2 35 34 13 9 34 2 22 3 38 37 2 12
split_gain=17.1756 16.7215 10.5453 7.51212 7.39926 7.18493 7.17845 7.22044 6.06741 4.57577 4.52325 3.96058 3.62306 3.56736 3.55602 3.06684 2.81174 2.15837 1.55294 0.708887 0.554508 0.48554 0.47772 0.42186 0.0743119 0.01136
threshold=0.14727820456027987 0.71085646748542797 0.029798674397170547 0.63222214579582225 0.59804528951644909 0.26986977458000189 0.65195709466934215 -0.010591664817184208 0.17218530178070071 0.078753165900707259 0.84166666865348827 0.021482250653207306 0.34218244254589086 0.16402689367532733 0.033069211989641197 0.24333363026380542 0.72112372517585765 -0.0060329665429890147 0.036886775866150863 0.16443767398595813 1.0000000180025095e-35 -0.00010312237282050772 0.0046219814103096732 0.030343387275934223 0.18305422365665439 0.025670494884252552
decision_type=2 2 2 2 2 2 2 2 2 2 2 2 2 2 2 2 2 2 2 2 2 2 2 2 2 2
left_child=1 2 6 10 5 -4 7 -1 14 -8 11 17 13 -12 21 -13 -16 -2 -6 22 -21 -5 25 -14 -10 -3
right_child=3 19 4 8 18 -7 9 -9 24 -11 12 15 23 -15 16 -17 -18 -19 -20 20 -22 -23 -24 -25 -26 -27
leaf_value=0.019672212521260987 0.017737111371337166 -0.051538721187576068 0.017377352687201347 0.028313830991734103 0.05250261385259624 -0.014612250127767538 -0.050680699549226084 -0.016304208993147943 0.015873451387873924 0.0033013335326016707 -0.020418197013157183 -0.03323442308379778 0.0049740217457085014 0.030908306107823191 -0.046461462834059837 0.020729165179535616 0.016694000281064231 0.043217886008658571 -0.006146466584309891 -0.023495512044058028 0.018220239193427998 -0.0097225629382519437 -0.0047547637294583188 0.042028033646826758 0.042420495507542608 -0.0025960229549519664
leaf_weight=18.228140468723723 13.542165442195254 20.637933352772972 40.016138492224854 2.158778965036618 9.6651136869040766 29.724733425973682 17.024822866253093 50.213656824023928 2.3635719188896465 4.8685640208423129 12.749796977936063 3.1723590489127655 1.2442889623343933 3.5330241759074843 10.359793133524361 6.1375180139148142 1.5615831447066728 34.64949587272713 1.0424940871889692 0.74975458833796327 0.51151203364133835 0.57980045545264403 0.78421322238864277 4.252711774315685 2.3402480860240757 0.12096577367628825
leaf_count=1432 692 7638 1441 125 240 3147 4238 6593 59 1000 1335 294 22 132 952 212 60 1334 322 312 4 99 72 165 21 42
internal_value=1.19261e-05 -0.00863282 -0.00314167 0.0168934 0.00995951 0.00372902 -0.0147903 -0.00657728 -0.0106005 -0.0390565 0.0236569 0.0309038 0.00400733 -0.00813744 -0.0262422 0.000900966 -0.037537 0.0365638 0.0467553 -0.0478969 -0.00600162 0.0198143 -0.0499747 0.0356971 0.0342028 -0.0513859
internal_weight=292.233 193.588 170.784 98.6451 80.4485 69.7409 90.3352 68.4418 19.3638 21.8934 79.2814 57.5015 21.7798 16.2828 14.66 9.30988 11.9214 48.1917 10.7076 22.8044 1.26127 2.73858 21.5431 5.497 4.70382 20.7589
internal_count=31983 26481 18413 5502 5150 4588 13263 8025 1316 5238 4186 2532 1654 1467 1236 506 1012 2026 562 8068 316 224 7752 187 80 7680
is_linear=0
shrinkage=0.05


Tree=65
num_leaves=25
num_cat=0
split_feature=2 25 1 0 36 45 30 7 16 24 24 2 40 24 24 6 22 33 2 3 22 30 19 2
split_gain=12.9276 14.9822 12.7424 9.76369 13.3482 8.15919 7.9252 5.33397 5.72213 4.19629 3.59591 3.06264 3.03479 1.35016 1.4764 1.10318 1.09671 1.04739 0.896465 0.237637 0.190906 0.13961 0.0426636 0.0414893
threshold=0.12096652761101724 -0.00084188737673684944 0.79274797439575206 0.41458590328693395 0.00061566833755932759 0.03382008150219918 0.0044841971248388299 0.81844267249107372 0.98610299825668346 0.21772087365388873 0.070523668080568327 0.1670140624046326 0.2284909784793854 0.21772087365388873 0.19036559015512469 0.46763075888156896 1.0000000180025095e-35 0.0028170597506687049 0.10825660452246667 0.0017017101054079833 1.0000000180025095e-35 0.0011723972856998446 0.016578018665313724 0.10051277279853822
decision_type=2 2 2 2 2 2 2 2 2 2 2 2 2 2 2 2 2 2 2 2 2 2 2 2
left_child=5 7 3 6 -5 12 -3 19 10 -10 -9 16 13 14 -1 -15 -4 20 21 -2 -14 -7 -20 -23
right_child=1 2 11 4 -6 18 -8 8 9 -11 -12 -13 17 15 -16 -17 -18 -19 22 -21 -22 23 -24 -25
leaf_value=-0.031357768581886949 0.050724840922777084 0.017346188473814559 -0.059133961200288777 -0.030251770898182651 0.01533318451611506 -0.018891186092582685 -0.031010269602273627 -0.022351026740508036 0.035581014494801652 -0.013436453198885274 0.028604633178716185 0.021657688274803764 -0.022607973313755695 -0.04873477463145609 0.017166733523231288 0.0035440971104140034 0.0027516982860906806 0.030444820325908936 0.041086032899303987 0.014897796447180015 0.0064628472557686544 -0.0040545859027126237 0.0082682932346215422 0.0098238188979307989
leaf_weight=3.0039818891091334 13.134144470241152 72.981588504233514 11.548620343935903 42.773119213146856 24.585067852662178 0.32028320456447446 8.6455396805249602 3.0088530344655728 4.4682909389375736 20.803032674230053 47.346533192321658 0.89247308252379376 1.1003996481595089 21.589141357457269 1.7608187176811041 0.91957951888616563 0.66728053893894035 1.5055908031645229 3.2007327068713498 1.5493252318701696 0.27284102770499874 0.20516749494709074 0.70893824181985099 0.28832013759529218
leaf_count=658 387 4314 2613 7973 823 64 1741 52 171 2111 1420 6 280 8174 368 208 14 96 169 81 9 72 65 31
internal_value=0.00117945 0.00515255 -0.00394988 0.000348527 -0.0136328 -0.0269168 0.0119112 0.0213544 0.0155944 -0.00374508 0.025184 -0.0493661 -0.0364407 -0.0414605 -0.0135584 -0.0465391 -0.0558011 0.0095448 0.0296237 0.0481355 -0.0165426 -0.00946754 0.0380314 0.00520243
internal_weight=287.28 252.404 162.094 148.985 67.3582 34.8758 81.6271 90.3102 75.6267 25.2713 50.3554 13.1084 30.1524 27.2735 4.7648 22.5087 12.2159 2.87883 4.72344 14.6835 1.37324 0.813771 3.90967 0.493488
internal_count=31900 21706 17484 14851 8796 10194 6055 4222 3754 2282 1472 2633 9793 9408 1026 8382 2627 385 401 468 289 167 234 103
is_linear=0
shrinkage=0.05


Tree=66
num_leaves=30
num_cat=0
split_feature=44 40 16 1 24 35 2 5 1 5 29 2 3 6 42 1 37 3 2 41 1 29 44 3 42 17 2 40 29
split_gain=13.528 8.16862 8.89671 5.52587 7.59371 6.5489 5.46324 9.09007 4.91044 4.88902 4.70357 4.45744 4.33226 3.86788 3.77561 3.53393 3.439 3.02361 2.50267 2.46026 2.39077 2.38759 2.34732 2.00821 0.859503 0.57265 0.451091 0.111586 0.0510045
threshold=0.8164966106414796 0.14241977781057361 0.9341220259666444 0.84115007519721996 0.11834894493222238 0.053027248010039336 0.14297941327095035 0.0034892614930868153 0.57206794619560253 0.0019533360609784727 -0.034656602889299386 0.10669768974184991 0.003901569172739983 -0.48620580136775965 0.90625000000000011 0.78417861461639415 0.064491268247365965 0.0016609486192464831 0.1756609529256821 0.0011365804821252825 0.55834957957267772 -0.058632796630263322 0.9082491695880891 0.00058617748436518024 0.96875000000000011 0.45833332836627966 0.1670140624046326 0.14567351341247561 -1.2182081937789915
decision_type=2 2 2 2 2 2 2 2 2 2 2 2 2 2 2 2 2 2 2 2 2 2 2 2 2 2 2 2 2
left_child=3 2 14 4 5 23 16 -8 9 21 24 28 -13 -12 26 19 -4 -16 -11 -10 -7 -3 -17 -1 -5 -15 -2 -26 -6
right_child=1 8 6 10 11 20 7 -9 15 18 13 12 -14 25 17 22 -18 -19 -20 -21 -22 -23 -24 -25 27 -27 -28 -29 -30
leaf_value=0.025191539454901515 -0.038514635582706652 0.035277371451910067 -0.043755110269328608 -0.013720547040038346 -0.0026177288759245457 -0.049177158433735282 0.0025761917193492939 -0.038936525186858868 -0.01888491587089506 -0.027343478036876024 0.015743338842494712 0.032118155622603714 -0.032554531514450785 -0.062220503851225163 0.030861784703248435 0.018566036600348789 -0.0063614157070182899 -0.013053672190646629 0.025426146397737361 0.039946774299111198 0.0080327806675271601 -0.016566056713553112 -0.029322936354322784 -0.014322484540442571 0.0043929729183300485 -0.015634117636649594 0.0070217143448225109 0.036325432234405076 -0.037632222793703984
leaf_weight=10.696423465997215 2.7541085719276484 6.6293258440709906 33.79192182290717 0.67231352702947322 0.27231471566483367 7.141174299962584 35.414707356074359 19.903539169637952 1.4022878761024973 17.749713750352388 2.2275712834671131 58.375037915771827 1.9329320343967982 4.7244616141251745 14.217074595275337 4.41681485500885 7.9258846866723607 4.6417072252370408 1.7605062564252865 15.683930374128975 2.0270617430796847 2.440192815964112 3.8794749888329534 3.6886580562277222 0.62037538897129652 1.691300185077125 0.31288072001188982 2.8005037568509579 1.6847242506628379
leaf_count=386 613 303 12253 39 19 373 3116 6120 199 2036 48 1779 109 101 429 114 933 321 47 524 79 310 755 218 81 123 6 130 213
internal_value=-0.00130994 -0.00971887 -0.0169937 0.0133938 0.0179527 -0.00604995 -0.0234527 -0.0127863 0.00633615 -0.00778713 -0.0163953 0.0269845 0.0295481 -0.0360293 0.0113676 0.0219308 -0.036966 0.0199398 -0.0215743 0.0343412 -0.0369822 0.0210687 -0.00457298 0.0147869 0.0239983 -0.0537039 -0.0332849 0.0328381 -0.035293
internal_weight=271.479 172.924 118.962 98.5549 85.8183 23.5533 97.0361 55.3182 53.9622 28.5797 12.7365 62.265 60.308 8.64333 21.9258 25.3825 41.7178 18.8588 19.5102 17.0862 9.16824 9.06952 8.29629 14.3851 4.09319 6.41576 3.06699 3.42088 1.95704
internal_count=31777 28079 23791 3698 3176 1056 22422 9236 4288 2696 522 2120 1888 272 1369 1592 13186 750 2083 723 452 613 869 604 250 224 619 211 232
is_linear=0
shrinkage=0.05


Tree=67
num_leaves=29
num_cat=0
split_feature=44 3 1 3 37 2 6 20 36 32 6 0 29 33 24 20 1 43 5 3 40 6 24 7 26 37 4 5
split_gain=13.6498 7.87234 8.36615 7.54992 7.19712 7.15382 6.48191 6.37823 5.54797 3.92749 3.90625 3.605 3.54993 2.81027 2.702 2.69284 2.61608 2.56114 2.49259 2.44899 1.82793 1.75217 1.65372 1.51601 1.05911 0.977201 0.135568 0.0851334
threshold=0.96720427274703991 0.00024142717302311215 0.82698941230773937 -0.00047068545245565469 0.028857713565230373 0.13048212975263598 0.43173274397850042 0.85898140072822582 0.00033404400164727127 0.003159865853376687 0.021201548166573051 0.11057020351290704 -0.058632796630263322 0.00016757100092945623 0.14019011706113818 0.76394253969192516 0.26239226758480078 0.038500366732478149 0.00049287933507002901 -0.0023122327402234073 0.29660856723785406 0.018362256698310379 0.29780244827270513 0.96901842951774608 0.89058023691177379 0.041735595092177398 0.002353154588490725 0.0019253778737038376
decision_type=2 2 2 2 2 2 2 2 2 2 2 2 2 2 2 2 2 2 2 2 2 2 2 2 2 2 2 2
left_child=1 2 3 6 7 -5 -1 13 17 14 -9 -10 21 -3 18 25 -17 -6 -2 22 24 -4 26 -14 -21 -16 -11 -22
right_child=9 4 12 5 8 -7 -8 10 11 19 -12 -13 23 -15 15 16 -18 -19 -20 20 27 -23 -24 -25 -26 -27 -28 -29
leaf_value=0.002544033385716541 0.032102383081205541 0.028288963860627105 -0.021939526185002285 -0.010301735875193412 -0.027466112354118721 0.047978462026520077 0.041008035552576844 -0.050057119235413963 -0.033822572343404238 0.011710159187409057 -0.013527371933817995 0.023059074746512781 -0.0069670303697537796 -0.023911425631293167 -0.019844289020202667 -0.020672541954116965 -0.050115816642659676 0.026646856364501162 -0.032931925739012935 -0.038083718745650648 0.026390061588562996 0.026323458134806011 -0.022392813289070709 -0.057663041134146546 0.0058261963248596935 0.032926374329223865 0.050143200050584751 0.0038693244462353117
leaf_weight=66.024323214660399 2.6383259712019926 7.0614480559015629 2.3617336374154547 6.0909666709194417 11.664832415684939 27.135082595661515 12.169445956285925 15.037844859485633 2.1819840327661941 1.0687349500658463 15.331638937102978 30.02559673023643 2.3584591824910586 2.9016233892180026 0.56757738963642523 15.879954978678141 18.899862290592864 1.8106599172460836 1.5012044799514113 4.1360470938234339 1.0796837036032232 3.3390430933941389 0.56320845351729065 5.001865536934929 1.5481824152520856 1.3908518599782835 2.1901642152806744 1.0292701411526648
leaf_count=5332 14 110 487 527 1202 525 520 2386 197 129 1198 1298 156 126 164 4334 10111 85 554 1041 35 336 184 512 204 52 13 57
internal_value=-0.0004879 0.00522107 0.0132161 0.0176783 -0.00636823 0.0373058 0.00897249 -0.0215079 0.00717263 -0.0230504 -0.0326347 0.018303 -0.0233993 0.0122919 -0.030188 -0.0344116 -0.0376259 -0.0188566 0.00669895 0.00247057 -0.0134216 0.00603867 0.0309378 -0.044195 -0.0270418 0.0160946 0.0432483 0.0201788
internal_weight=262.99 210.497 124.481 111.42 86.0156 33.226 78.1938 40.3326 45.6831 52.4931 30.3695 32.2076 13.0611 9.96307 40.8778 36.7382 34.7798 13.4755 4.13953 11.6153 7.79318 5.70078 3.82211 7.36032 5.68423 1.95843 3.2589 2.10895
internal_count=31889 14997 8395 6904 6602 1052 5852 3820 2782 16892 3584 1495 1491 236 15229 14661 14445 1287 568 1663 1337 823 326 668 1245 216 142 92
is_linear=0
shrinkage=0.05


Tree=68
num_leaves=29
num_cat=0
split_feature=44 2 40 0 46 36 3 21 6 1 16 27 24 24 7 35 4 1 24 16 6 39 4 2 2 1 34 7
split_gain=10.5508 8.64804 6.7374 6.55304 7.95434 5.57206 5.02742 5.17672 4.69404 5.20069 5.14363 4.41893 4.63315 5.7299 4.42538 3.63939 3.07523 2.18985 2.04665 1.74051 1.73803 1.39151 1.2506 1.22762 0.944299 0.797351 0.671787 0.00435447
threshold=0.8164966106414796 0.13902801275253299 0.18594775348901751 0.36320692300796514 0.013037947472184898 0.00061566833755932759 -0.00087406893726438273 0.91845503449440014 -0.0040997101459652177 0.26239226758480078 0.97896876931190502 1.0029018521308901 0.10714414715766908 0.23638685792684558 0.96901842951774608 0.090670585632324233 0.0025342139415442948 0.5013864040374757 0.074961412698030486 0.99250119924545299 -0.0077448799274861804 0.0060100313276052484 0.0027349252486601476 0.11560932546854021 0.12224537134170534 0.84790217876434337 0.2171340957283974 0.97145026922225963
decision_type=2 2 2 2 2 2 2 2 2 2 2 2 2 2 2 2 2 2 2 2 2 2 2 2 2 2 2 2
left_child=11 2 6 8 5 -5 7 -2 10 -10 -3 12 15 16 -15 19 -14 -6 -8 -1 21 -4 24 -22 26 -26 -13 -17
right_child=1 3 20 4 17 -7 18 -9 9 -11 -12 22 13 14 -16 27 -18 -19 -20 -21 23 -23 -24 -25 25 -27 -28 -29
leaf_value=-0.012177391050056587 0.010506760204665349 0.015169292217830739 -0.032729007922796753 -0.034181282701341555 -0.0037360896480700908 0.009586040896676952 0.009887983028710752 -0.039108401358464398 0.040371801326719997 0.0057262054493591209 -0.043694770617825049 -0.016645389828896986 0.030156916522951917 0.015033875681788315 -0.031571036016790184 -0.01077879651435935 -0.013050924598280694 0.033828866034238007 -0.047943028968828259 0.03048742384607224 -0.022184370380067597 0.022617043715609526 -0.0050989889004049056 0.026095254684777844 0.043057708480266819 0.0036972259422085696 0.021636427648958029 -0.052443160747066724
leaf_weight=6.4935004675353394 11.504361301063911 7.211975545564199 2.6404583759722313 28.19059195369482 6.2097557836823389 9.1875261131935968 1.2953384025458969 8.2130683088762435 18.259191674180329 25.658814472233644 5.9142821695713792 1.0885718123754551 32.624916188040515 9.3293419455876592 9.1730789708817593 0.61334254709072311 4.1241795865353188 8.5915873425692535 25.210763556409802 2.5129011870885734 0.75322628494177202 0.82725388505787112 1.7700992133468378 8.4305852054094412 16.545996055298023 1.6021603864501219 1.6356877717189489 3.9192509273416363
leaf_count=354 2298 216 545 7193 373 521 72 4392 430 1853 1860 83 874 375 691 44 83 485 7351 136 339 39 57 349 576 54 144 211
internal_value=0.000428233 -0.0069984 -0.022271 0.00136138 -0.011331 -0.0234538 -0.0309773 -0.01105 0.0129666 0.0207084 -0.0125687 0.01401 0.00747582 0.0138888 -0.00850585 -0.0178501 0.0250906 0.0188298 -0.0448601 0.00158379 0.00947717 -0.0174186 0.0327058 0.0203459 0.0359984 0.0399574 0.0059775 -0.0497725
internal_weight=259.532 168.099 58.8751 109.224 52.1795 37.3781 46.2235 19.7174 57.0443 43.918 13.1263 91.433 68.7905 55.2515 18.5024 13.539 36.7491 14.8013 26.5061 9.0064 12.6515 3.46771 22.6425 9.18381 20.8724 18.1482 2.72426 4.53259
internal_count=31998 28316 15385 12931 8572 7714 14113 6690 4359 2283 2076 3682 2768 2023 1066 745 957 858 7423 490 1272 584 914 688 857 630 227 255
is_linear=0
shrinkage=0.05


Tree=69
num_leaves=28
num_cat=0
split_feature=44 44 16 7 2 0 9 0 1 24 1 3 47 1 1 2 4 37 36 25 29 19 30 34 37 4 44
split_gain=10.7004 6.4801 6.65527 6.69584 5.98977 5.5561 5.34891 6.00728 4.50175 4.16826 8.0064 3.6737 3.58762 3.538 3.2931 2.8706 2.60267 2.41434 2.65908 2.21934 1.79692 1.27593 1.2335 0.851673 0.652856 0.557218 0.0658254
threshold=0.91403940320014965 0.60172414779663097 0.79165467619895946 0.97145026922225963 0.13674368709325793 0.36320692300796514 0.0096857948228716868 0.3661517351865769 0.26239226758480078 0.14019011706113818 0.51242694258689891 0.00079376486246474098 0.19094581156969073 0.6377447545528413 0.7671613097190858 0.12096652761101724 0.0023989870678633456 0.067676059901714339 0.00047475448809564119 -0.0019615620840340848 -1.4106693863868711 0.0097364783287048357 0.003778839018195868 0.18766522407531741 0.0099211535416543501 -0.003027813276275992 0.93201079964637767
decision_type=2 2 2 2 2 2 2 2 2 2 2 2 2 2 2 2 2 2 2 2 2 2 2 2 2 2 2
left_child=1 16 9 11 17 -5 7 8 -6 10 -3 -4 -9 19 -15 -11 24 20 22 -8 23 -22 -19 -2 -1 -26 -20
right_child=4 2 3 5 6 -7 13 12 -10 15 -12 -13 -14 14 -16 -17 -18 18 26 -21 21 -23 -24 -25 25 -27 -28
leaf_value=0.001085086277447578 -0.024010831413324597 -0.041600185464782356 0.025750290849538744 0.0055428642546821866 0.024672142678863307 -0.024714415563374434 0.02910362067476609 -0.047547986853247015 -0.017368498703321116 -0.016680546654923734 0.037014453497291919 -0.010823156696239913 0.014603702992068607 0.044419674311495815 -0.021318494104387416 0.035476530450968366 -0.023403880962595366 -0.004758650099835956 -0.0018708395922859872 -0.014631881630274813 -0.0037975308477238602 -0.046215319270182437 0.042208331790110347 0.016747119510786772 0.00519647726057484 0.04406535382062754 -0.041474877110105557
leaf_weight=1.1110989787848726 1.31557061510103 5.8668275659438205 22.455196609837007 24.693802737660008 10.140613376017429 37.107301260286476 2.9061789280967778 13.562367786456887 13.864379399805328 2.3398376670666066 5.1423896644846536 9.0480149656359554 2.283733798438333 9.4124448161164747 1.6999303219054116 26.242807929171249 1.1656326579395671 2.434741235774708 0.21037030383013222 10.369210756151007 2.1456732342194327 19.61375190304534 1.7978104728972537 1.8782592459319856 1.2805587541661285 15.67920380365103 1.8336337896471375
leaf_count=38 621 251 1183 1364 603 3491 78 5124 2508 235 86 703 272 443 440 432 28 503 27 1518 1402 9297 69 168 47 622 405
internal_value=-7.55789e-05 0.00814159 0.00409504 -0.00322526 -0.0131186 -0.0127288 -0.00422257 -0.0153672 0.000667501 0.0210009 -0.00485495 0.0152362 -0.0382555 0.0138764 0.0334335 0.0307873 0.0345135 -0.0307186 -0.00247959 -0.0036895 -0.0374525 -0.0423832 0.0194448 -0.0017636 0.0392807 0.0415833 -0.0393525
internal_weight=247.601 152.133 132.896 93.3043 95.4687 61.8011 64.2389 39.8511 24.005 39.5919 11.0092 31.5032 15.8461 24.3878 11.1124 28.5826 19.2365 31.2298 6.27656 13.2754 24.9533 21.7594 4.23255 3.19383 18.0709 16.9598 2.044
internal_count=31958 8480 7745 6741 23478 4855 10986 8507 3111 1004 337 1886 5396 2479 883 667 735 12492 1004 1596 11488 10699 572 789 707 669 432
is_linear=0
shrinkage=0.05


Tree=70
num_leaves=30
num_cat=0
split_feature=44 9 38 9 30 24 24 29 5 0 2 9 21 3 39 2 29 40 7 1 38 35 0 7 26 29 24 7 2
split_gain=12.0002 6.86275 7.63409 9.31945 5.35087 4.86947 4.41623 4.03575 4.52619 4.01379 4.51096 4.46653 3.2966 3.95978 3.23876 2.65181 2.2833 2.23437 1.92905 1.59505 1.57011 1.18186 1.11907 0.910303 0.838987 0.730909 0.537165 0.522504 0.393663
threshold=0.92637759447097789 0.014164833351969721 0.0036782399984076623 -0.048013681545853608 0.0036659907782450323 0.26420348882675176 0.35625863075256353 0.2729835063219071 0.0037853370886296038 0.41458590328693395 0.12941937148571017 0.033965315669775016 0.95581775903701793 0.0021024055313318972 0.0012490562512539329 0.17218530178070071 -1.6552061438560484 0.3356152623891831 0.90094172954559337 0.75828197598457348 0.0039043368306010966 0.009751053526997568 0.69387525320053112 0.99433192610740673 -0.46803542971611017 -1.4106693863868711 0.36369524896144872 0.80726343393325817 0.128637470304966
decision_type=2 2 2 2 2 2 2 2 2 2 2 2 2 2 2 2 2 2 2 2 2 2 2 2 2 2 2 2 2
left_child=1 2 3 5 -5 -1 7 8 -3 10 18 16 13 -12 -14 17 28 -4 26 -9 27 -18 23 -13 -24 -20 -2 -8 -11
right_child=9 6 15 4 -6 -7 20 19 -10 11 12 22 14 -15 -16 -17 21 -19 25 -21 -22 -23 24 -25 -26 -27 -28 -29 -30
leaf_value=0.031443579619452287 -0.012407570672469588 0.035613492457763844 0.017328562728436546 -0.011277847452417208 -0.049522875661199756 -0.031866960829994705 0.0045068700038668327 0.0062455139964661781 -4.9853521613215059e-06 -0.012748168394491666 0.017131680987864696 0.029210785683471747 -0.041345129528876756 -0.027667916401729942 0.02365110970564633 0.049845782820322759 0.0012104895894120388 -0.027942443314016609 -0.0025522488955299341 -0.03640848180020697 0.015207262104911448 -0.047217436917020753 0.011334830674862023 -0.01450538098559829 -0.032805803201804276 -0.048452909283101218 0.02384523785549519 -0.046615220902964979 0.024878969456452762
leaf_weight=14.688590109231884 1.2208070639462669 43.325603698729537 20.87585207232042 34.007733226026176 11.985841829082345 2.9104199501452959 0.38695911201648359 5.938745816529261 11.165546765696488 0.31575557286851719 25.718382332386685 3.3578565864154362 6.139453912372117 5.1090755013574372 1.8791728480136951 5.1793942994554518 1.2884558938822035 2.2022132454439989 1.0941575797623944 2.2762158512632595 1.2026231731870209 19.834241080570791 1.1297625467050241 0.94450667638739094 1.7084529741914591 7.4876731890544752 0.96711824147496361 2.666734058802831 1.0197518856439272
leaf_count=387 237 1526 813 1986 2402 489 25 372 692 156 2131 182 1803 1007 227 90 839 58 334 92 68 9573 211 223 976 4320 54 522 33
internal_value=0.000213627 0.00813331 -0.000771133 -0.0103606 -0.0220862 0.0198232 0.0201789 0.0235862 0.0284465 -0.0155675 -0.00663085 -0.0298416 0.00154644 0.00907095 -0.0251797 0.0204261 -0.0403907 0.0120275 -0.0337514 -0.0082416 -0.0249564 -0.0443422 0.00422306 0.018688 -0.01686 -0.0434778 0.00607027 -0.0406234 0.0143334
internal_weight=238.027 158.812 91.85 63.5926 45.9936 17.599 66.9624 62.7061 54.4912 79.2146 49.6158 29.5988 38.8461 30.8275 8.01863 28.2575 22.4582 23.0781 10.7698 8.21496 4.25632 21.1227 7.14058 4.30236 2.83822 8.58183 2.18793 3.05369 1.33551
internal_count=31828 9522 6225 5264 4388 876 3297 2682 2218 22306 10113 12193 5168 3138 2030 961 10601 871 4945 464 615 10412 1592 405 1187 4654 291 547 189
is_linear=0
shrinkage=0.05


Tree=71
num_leaves=23
num_cat=0
split_feature=32 24 29 37 30 2 29 16 6 29 3 19 2 1 38 12 30 7 22 1 7 25
split_gain=9.25418 14.2876 11.3671 8.07145 6.20644 5.3632 6.76942 3.61535 3.43112 3.27843 3.34198 2.24243 2.18701 4.50569 1.99359 1.71831 1.43523 0.937621 0.82685 0.475054 0.204012 0.202076
threshold=0.0025136317126452927 0.30491694808006292 0.054197184741497047 0.005187834147363902 0.0036659907782450323 0.17218530178070071 -1.1674335598945615 0.44327560067176824 0.58033692836761486 0.80717387795448314 0.0043337265960872182 0.028257817029953006 0.13010288774967196 0.24189387261867526 0.021482250653207306 0.0026985052973032002 0.0038961432874202733 0.98934274911880504 1.0000000180025095e-35 0.5013864040374757 0.99156141281127941 -0.00024686392862349743
decision_type=2 2 2 2 2 2 2 2 2 2 2 2 2 2 2 2 2 2 2 2 2 2
left_child=1 2 3 7 -5 6 14 -1 12 10 -8 -11 -3 -14 16 18 -2 -16 -4 20 -7 -17
right_child=5 8 15 4 -6 19 9 -9 -10 11 -12 -13 13 -15 17 21 -18 -19 -20 -21 -22 -23
leaf_value=0.015070419433996654 0.042309787669258608 -0.056017233498125409 -0.051119146789885932 0.018723397392051262 -0.010619504180755961 -0.0014979996596610982 0.0077882288503906332 -0.051325126387414849 0.022761169207213796 0.021354587687265041 -0.040035285608522486 -0.036464836201392473 0.0065631770103177674 -0.045793429395340729 0.021204717770984302 0.017411433587509486 -0.0007251598092949381 -0.021419213522451144 0.0026588814335720065 0.053883404244668809 0.024558777100480017 -0.010141132089015133
leaf_weight=2.2245927049953007 15.864901748558628 13.893429522417142 10.832905828799991 65.330167769090622 23.997046567143116 0.94932978227734421 45.909614361495187 7.1961454864358529 1.6239554264757305 1.3651738985645332 2.9702357302448936 7.9904954051162349 6.2899038215691716 9.7468642745297966 1.2810730761557345 0.87450795789482072 2.1511608578730366 2.003217832359951 0.65843007026705969 6.6194409180898219 1.3226741375401614 0.23936239760951028
leaf_count=76 812 5782 5098 3182 4633 75 3685 1485 91 173 349 1116 939 3619 64 87 193 201 34 100 31 152
internal_value=-0.000455427 -0.00830303 0.000213509 0.00605925 0.0108104 0.0121781 0.00775272 -0.035705 -0.0374409 -0.00119753 0.00413781 -0.0267805 -0.0413376 -0.0260784 0.0311792 -0.0426608 0.0374034 -0.00372455 -0.0480716 0.0469783 0.0165409 0.00949412
internal_weight=231.335 142.907 111.353 98.748 89.3272 88.4273 79.5359 9.42074 31.5542 58.2355 48.8799 9.35567 29.9302 16.0368 21.3004 12.6052 18.0161 3.28429 11.4913 8.89144 2.272 1.11387
internal_count=31977 25178 14747 9376 7815 6799 6593 1561 10431 5323 4034 1289 10340 4558 1270 5371 1005 265 5132 206 106 239
is_linear=0
shrinkage=0.05


Tree=72
num_leaves=29
num_cat=0
split_feature=44 24 24 25 47 4 40 6 0 36 9 29 32 44 25 36 1 9 3 47 29 0 20 20 4 0 40 1
split_gain=8.13428 6.69509 7.14348 7.8754 5.29043 5.22114 7.18181 4.43598 4.72437 3.56661 2.94158 2.94108 2.93671 2.71089 2.52484 2.36921 2.09046 1.84739 1.57504 1.54759 1.53101 1.14115 0.982949 0.819445 0.640943 0.541847 0.533761 0.157219
threshold=0.93276837468147289 0.10399341955780984 0.2307136878371239 0.0001373167760903016 0.34554773569107061 -0.002945872256532311 0.15812723338603976 0.0088141821324825304 0.36320692300796514 0.00061566833755932759 0.0033291158033534889 0.5092851221561433 0.0023457652423530821 0.67826876044273388 0.00063540841802023362 0.00017117431707447397 0.24189387261867526 0.030428122729063038 -0.0023122327402234073 0.53983181715011608 -1.6929624676704405 0.5921093523502351 0.98513802886009227 0.98151093721389782 0.0010174697381444278 0.22585111111402514 0.3356152623891831 0.5097579061985017
decision_type=2 2 2 2 2 2 2 2 2 2 2 2 2 2 2 2 2 2 2 2 2 2 2 2 2 2 2 2
left_child=1 4 3 10 12 16 -7 14 11 -5 -3 15 21 -14 19 -9 -4 20 24 22 -10 -1 -2 -19 -16 -20 -13 -6
right_child=7 2 5 9 27 6 -8 8 17 -11 -12 26 13 -15 18 -17 -18 23 25 -21 -22 -23 -24 -25 -26 -27 -28 -29
leaf_value=-0.053771713223030419 -0.021962900570816919 0.018531931245255717 0.050111690243045529 -0.020782200040914679 0.0061116037737468203 -0.021108466559324156 0.014010477093905654 0.032021227559194766 0.01550871399102381 0.01508411950776033 0.046293343169871319 -0.036851311381067509 0.024676436908440159 -0.025161383545292976 -0.011691599619559612 0.00048931050032626053 -0.0086658355853565325 0.012785519775086258 0.011556040585328034 0.018034678238680223 -0.04343369985846085 0.0031459753051919686 -0.048297234369454094 -0.021350514772984705 0.041134614389549816 -0.031758937932472822 0.010110013180478411 0.034586022283317946
leaf_weight=8.1418068364000682 8.5229619237579843 19.51253835184616 5.1687830680748439 11.224020032459523 1.1296600249479518 34.752685571322218 23.664183462358778 9.7984062794566906 0.73797911115979964 15.009893657115752 22.849943314387929 2.8558732683522972 3.1104412319255044 7.4248430618026759 0.2650475974514851 13.358205092052229 1.6547218275663906 3.2692969822455771 0.43106387746229202 0.68874131733173172 9.0057423488760833 0.85622923407936546 13.076931996722122 1.993589746612997 1.5340461145897277 1.4092137923653352 0.28020868496969331 2.8084655733255204
leaf_count=756 2092 609 86 1532 47 4102 1130 747 78 273 745 1075 149 591 162 1872 119 361 27 88 4477 103 9133 855 167 587 8 91
internal_value=-0.000555471 0.00566701 0.0100023 0.021146 -0.0184519 -0.00185694 -0.00688571 -0.0149854 -0.00457004 -0.000460708 0.0342285 0.0081946 -0.0290397 -0.00958361 -0.0307896 0.0146049 0.0365722 -0.0260494 0.00635214 -0.0368666 -0.0379415 -0.0485826 -0.0393377 -0.00148965 0.0319556 -0.0211165 -0.0312255 0.0293098
internal_weight=224.536 157.308 133.837 68.5964 23.4714 65.2404 58.4169 67.2273 41.2993 26.2339 42.3625 26.2927 19.5333 10.5353 25.928 23.1566 6.8235 15.0066 3.63937 22.2886 9.74372 8.99804 21.5999 5.26289 1.79909 1.84028 3.13608 3.93813
internal_count=32062 10333 8596 3159 1737 5437 5232 21729 9473 1805 1354 3702 1599 740 12256 2619 205 5771 943 11313 4555 859 11225 1216 329 614 1083 138
is_linear=0
shrinkage=0.05


Tree=73
num_leaves=28
num_cat=0
split_feature=27 37 24 24 38 21 0 16 1 6 20 39 39 32 29 4 24 44 17 0 21 1 35 13 19 38 14
split_gain=9.10214 7.60184 5.31551 6.05777 5.9094 4.99905 5.02423 4.70407 4.55241 3.88218 3.82073 3.18818 2.41098 2.36216 1.82541 1.73836 1.02795 0.832501 0.76114 0.822908 0.605387 0.482625 0.397718 0.383175 0.275771 0.240152 0.0463823
threshold=1.8422023653984072 0.029798674397170547 0.24907384067773822 0.10714414715766908 0.0044972009491175422 0.95719203352928173 0.41136083006858831 0.44327560067176824 0.165843740105629 0.49194628000259405 0.99247220158576976 0.00075000579818151902 0.0012490562512539329 0.0022588816937059168 0.075621783733367934 0.0025342139415442948 0.29676939547061926 0.93201079964637767 0.99166667461395275 0.41834877431392675 0.88092154264450084 0.20209068804979327 0.025640972889959816 0.67465353012084972 0.043342560529708869 0.0075250137597322473 0.0013889272231608631
decision_type=2 2 2 2 2 2 2 2 2 2 2 2 2 2 2 2 2 2 2 2 2 2 2 2 2 2 2
left_child=1 5 3 10 9 6 8 -8 -1 -4 -3 -5 13 -7 15 18 -6 20 22 -20 23 -14 -2 -16 -17 -19 -22
right_child=14 2 4 11 16 12 7 -9 -10 -11 -12 -13 21 -15 17 24 -18 25 19 -21 26 -23 -24 -25 -26 -27 -28
leaf_value=-0.035711921710694323 0.014786640991527543 -0.034676114189315176 -0.027906475026695594 0.027595369647684366 -0.0056875195099623634 -0.04926892906724805 0.0094470405669572523 -0.034910124452914623 0.0093754152220155342 0.025583730866248319 0.025969965046581618 -0.0038633908255381478 0.026744012692516379 0.0040925400039888531 -0.019802965392139913 0.0068289415325876145 0.03142042548161797 -0.02820632633668976 0.025995075783853978 -0.01480865314878383 0.005945767898665591 -0.011679204363895766 0.047058563736669487 0.011430028725021572 -0.023179792133809475 0.0044086438579387906 0.029006521272506632
leaf_weight=5.6018083252056377 2.3039778660750114 8.1771622331143572 24.542328844931038 39.773522880423116 2.0689673623419349 15.079150239733286 7.5143668297096182 22.619278926562401 35.980234839036711 3.1147688214696236 2.788931071656406 9.75384756526182 1.0579130690966838 2.2130357999267281 1.0943524249014438 0.7306634289343481 7.0979443341202568 1.1677800513280088 2.4199776867753822 1.1330092829157363 0.91302693233592469 0.62122962232388079 11.976043300848685 0.95884970505721856 0.7615902345860377 0.4386716998706105 1.8911623570020308
leaf_count=1223 268 583 6059 1845 126 6395 312 6831 3744 192 222 1153 46 388 53 61 486 323 143 172 47 481 432 37 34 25 67
internal_value=-0.000808875 -0.00467121 0.00501686 0.0140468 -0.0097964 -0.0150089 -0.00870754 -0.0239007 0.00260537 -0.0211998 -0.0183711 0.0214461 -0.0372009 -0.0425894 0.0264712 0.0338392 0.0233095 0.00286043 0.0380611 0.0125886 0.0130011 0.0134753 0.0431602 -0.00625071 -0.011642 -0.0210257 0.0250348
internal_weight=213.794 188.004 97.3175 60.4935 36.824 90.687 71.7157 30.1336 41.582 27.6571 10.9661 49.5274 18.9713 17.2922 25.7891 19.3253 9.16691 6.46384 17.833 3.55299 4.85739 1.67914 14.28 2.0532 1.49225 1.60645 2.80419
internal_count=31748 30086 10666 3803 6863 19420 12110 7143 4967 6251 805 2998 7310 6783 1662 1110 612 552 1015 315 204 527 700 90 95 348 114
is_linear=0
shrinkage=0.05


Tree=74
num_leaves=21
num_cat=0
split_feature=2 21 46 24 40 25 24 25 1 29 39 4 43 1 1 1 6 6 13 24
split_gain=8.84202 8.34962 6.37543 4.92345 9.65644 5.62642 7.9172 4.24407 3.9581 3.61852 3.52495 3.24366 2.44617 1.40264 1.26114 0.782901 0.496715 0.350897 0.208077 0.166157
threshold=0.1087399832904339 0.95406734943389904 0.0048906041774898776 0.28098160028457647 0.16598320752382281 -1.0000000180025095e-35 0.17543803900480273 -0.0024512271629646416 0.74789893627166759 -0.011144007090479134 0.00095657477504573773 -0.003381502465344965 0.0065078907646238813 0.22728524357080462 0.74170276522636425 0.30745695531368261 -0.7904456853866576 0.86583974957466137 0.72112372517585765 0.056804586201906211
decision_type=2 2 2 2 2 2 2 2 2 2 2 2 2 2 2 2 2 2 2 2
left_child=16 3 10 5 7 8 -7 -5 -2 -6 11 -3 15 -12 -14 -4 -1 18 19 -18
right_child=1 2 12 4 9 6 -8 -9 -10 -11 13 -13 14 -15 -16 -17 17 -19 -20 -21
leaf_value=0.0070515023086126869 0.028520769896851185 0.022264644822181958 0.0093996566032196263 0.015347678748191793 0.0355018603827617 -0.01604258799433014 0.019166129842592104 -0.03509119337320931 -0.0051057991815415382 -0.011130775124658645 0.027953807099090785 -0.047907986002426073 0.032776938094390071 -0.018615236371758909 -0.01301118563414886 -0.028880092139485131 0.00095467152867390645 0.0046475796081194946 0.0016508673933566147 -0.051077107972111728
leaf_weight=0.17968817567452688 53.367162159833242 1.2339526738942392 1.3920737532171177 4.5397103504365104 12.140735955938 30.161038831058249 31.758241909599747 20.968957046054129 10.101073736375836 5.5131062952714265 2.2447257367311968 17.643964683746166 6.9019155398855201 2.2688443087754422 1.2839337951663763 3.1126727102673613 0.1191707027610337 0.1417304318747491 0.13327227790432594 7.9041427988559008
leaf_count=21 2207 128 159 487 626 3377 3609 5723 751 559 206 6682 546 1050 350 786 13 17 46 4479
internal_value=0.000986146 0.00315796 -0.0183542 0.00784422 -0.00660901 0.0128324 0.00203348 -0.0258744 0.0231729 0.021123 -0.0333561 -0.0424318 0.00971428 0.0054143 0.0249606 -0.0174921 -0.0462369 -0.0480251 -0.0493479 -0.0502841
internal_weight=213.11 204.632 36.0821 168.55 43.1625 125.388 61.9193 25.5087 63.4682 17.6538 23.3915 18.8779 12.6906 4.51357 8.18585 4.50475 8.478 8.29832 8.15659 8.02331
internal_count=31822 27246 9907 17339 7395 9944 6986 6210 2958 1185 8066 6810 1841 1256 896 945 4576 4555 4538 4492
is_linear=0
shrinkage=0.05


Tree=75
num_leaves=29
num_cat=0
split_feature=21 39 24 40 0 37 16 0 1 3 4 17 4 25 32 6 29 47 36 35 22 34 36 20 17 41 44 13
split_gain=8.93202 6.52066 6.1836 8.49417 6.00455 6.7622 6.92015 5.66965 4.36512 4.72954 4.14045 3.40406 3.04419 3.32312 2.78346 1.93949 1.63658 1.5239 1.39529 1.28813 0.742418 0.663033 0.607824 0.446741 0.244105 0.155211 0.171266 0.0987318
threshold=0.95719203352928173 0.0012490562512539329 0.31193716824054724 0.21284403651952746 0.41136083006858831 0.031962370499968536 0.44327560067176824 0.58774650096893322 0.83298131823539745 0.0021024055313318972 -0.0033287173137068744 0.65833333134651195 -0.0029985235305503006 -0.0024512271629646416 0.0025136317126452927 0.11719202250242235 -0.022818647325038906 0.35409891605377203 0.00028007180662825709 0.026739761233329776 1.0000000180025095e-35 0.25069467723369604 0.00043039042793679988 0.99094903469085704 0.15833333879709247 0.00187219784129411 0.8164966106414796 0.19498791545629504
decision_type=2 2 2 2 2 2 2 2 2 2 2 2 2 2 2 2 2 2 2 2 2 2 2 2 2 2 2 2
left_child=2 10 4 12 8 6 -6 -7 9 -1 23 -10 18 -14 17 20 21 -12 -4 -16 24 -5 -18 27 -3 26 -17 -2
right_child=1 15 3 16 5 7 -8 -9 11 -11 14 -13 13 -15 19 25 22 -19 -20 -21 -22 -23 -24 -25 -26 -27 -28 -29
leaf_value=0.02732747609388558 -0.014404482095707154 0.0053565243179332783 -0.023451150695833041 0.0038639256804311427 0.016357131849279252 -0.0046884821418984972 -0.035009635866026866 0.033257971325500138 -0.04405622508952705 -0.012602084545505716 -0.053731052558028375 0.023152945992082383 0.0003488086895969834 -0.043947933239368367 0.025852443021370238 0.014725961900199348 -0.025914819282317189 0.0083884912114258331 0.03338663336871691 -0.024308313376779495 0.017570342707608471 0.04204775153106876 0.012555892987167087 0.031689808069845768 -0.033291694038791668 0.036832721714093908 -0.010873286098228395 0.0067074979719202428
leaf_weight=56.436761665012455 0.37409179429233264 0.18911016686615711 0.80783107845491331 1.6368077464867381 8.6569459306192602 22.936716729156615 20.907873448144528 15.971529274873317 3.8797907421467235 7.9228246151396879 17.735520798923979 2.2693512867917889 5.375661523401507 18.664632231470023 1.4837703074081212 0.40712575899669889 1.2136451549959004 0.77817394897283421 2.0808067544494406 1.6405682580443679 0.47341520618647326 5.5710688368126284 1.0831092585867734 1.5065120571453006 1.597859881185286 3.697176485628006 0.27608011095435359 0.17718590739241336
leaf_count=2977 125 42 422 209 274 1472 5563 1354 326 969 7593 377 1464 6135 183 70 160 92 63 356 18 273 102 101 940 168 147 13
internal_value=-0.000888921 -0.0254839 0.00348492 -0.0145927 0.0082943 -0.00225721 -0.0199257 0.0113313 0.0184294 0.0222944 -0.0374236 -0.0194835 -0.0286991 -0.0344244 -0.0438085 0.0164416 0.0243013 -0.050824 0.0155484 5.76326e-06 -0.0166328 0.0349039 -0.00946716 0.0220858 -0.0287472 0.0334281 0.0040673 -0.00766923
internal_weight=205.752 30.3366 175.415 36.4336 138.982 68.4731 29.5648 38.9082 70.5087 64.3596 23.6958 6.14914 26.9289 24.0403 21.638 6.64077 9.50463 18.5137 2.88864 3.12434 2.26039 7.20788 2.29675 2.05779 1.78697 4.38038 0.683206 0.551278
internal_count=31988 9848 22140 8828 13312 8663 5837 2826 4649 3946 8463 703 8084 7599 8224 1385 744 7685 485 539 1000 482 262 239 982 385 217 138
is_linear=0
shrinkage=0.05


Tree=76
num_leaves=29
num_cat=0
split_feature=44 4 21 24 1 39 24 35 0 1 29 1 34 6 24 1 0 0 2 0 2 30 4 6 1 0 16 38
split_gain=8.78871 5.43852 6.70233 5.80363 4.36935 4.31383 3.52482 5.1416 3.35433 3.33902 3.2585 3.18941 3.01277 2.42438 2.27915 2.02946 1.9509 1.91794 1.61164 1.39202 1.31373 1.05114 0.963723 0.854489 0.763912 0.558931 0.459555 0.180886
threshold=0.82097071409225475 -0.0033037946559488769 0.94948032498359691 0.20981206744909289 0.1234005279839039 0.0012490562512539329 0.11834894493222238 0.036216691136360175 0.76903387904167186 0.78417861461639415 1.0000000180025095e-35 0.86964362859725963 0.23743148893117907 -0.51250299811363209 0.21459157764911654 0.21093532443046573 0.42501328885555273 0.69671961665153515 0.1670140624046326 0.58774650096893322 0.12224537134170534 0.0053054322488605985 -0.00046332986676134164 0.0044717714190483102 0.60265079140663158 0.15678255259990695 0.98084324598312389 0.010665965732187034
decision_type=2 2 2 2 2 2 2 2 2 2 2 2 2 2 2 2 2 2 2 2 2 2 2 2 2 2 2 2
left_child=6 3 4 21 14 13 7 20 10 -6 11 -8 -10 -4 -3 -7 23 25 -12 -18 26 -2 -22 -9 -14 -5 -1 -19
right_child=1 2 5 17 9 15 8 16 12 -11 18 -13 24 -15 -16 -17 19 27 -20 -21 22 -23 -24 -25 -26 -27 -28 -29
leaf_value=-0.026645043757813708 -0.041058581398206215 0.02008648244906298 0.014452318268448769 0.014070488727398692 0.0040848706733495879 0.030327182315839099 0.034201154372270857 -0.026619613382427489 -0.043516173086972088 -0.026413620447058618 -0.018499982329669845 -0.0075620687702872367 0.032037301671768756 -0.047334355198127044 -0.040092578776609468 -0.02202377908139817 -0.051645103025357797 -0.020473173785659198 0.030502290054166582 0.012739471323751375 0.004152584160504783 0.015817293921373078 0.041676287620795449 0.015694488488941723 -0.0081156725715351326 0.060318341316540548 0.011481564536333966 0.0079352715937334745
leaf_weight=1.0229227804520649 2.3315220217482406 1.2183362674622902 1.2822823390379259 1.5444405653979627 68.466416633484187 2.8637638870277433 38.073540116223739 0.81121893973613479 2.8909853665973051 9.3057500773647899 5.6080301215843056 4.8098040720069539 2.0071758122066972 19.053126976672502 9.7584658836640283 2.5948101769172354 5.3881779395014746 0.65461598047841096 1.2788117099553344 0.56704774333047669 2.8413202155061299 0.48666732385754574 4.4748732598382048 2.5057206725468859 1.4088051297003401 5.5468496678513475 0.57325166391092341 0.20655035076197237
leaf_count=71 388 98 235 97 9804 165 1548 70 366 3515 335 341 119 9170 2693 1323 413 338 41 68 170 7 158 120 47 116 62 8
internal_value=0.000458586 -0.00760263 -0.0108482 0.0249029 -0.00418085 -0.0327765 0.0139818 -0.00494471 0.0200984 0.000146615 0.0244176 0.0294514 -0.012663 -0.0429435 -0.0322938 0.00588454 -0.0295116 0.0453949 -0.00668702 -0.0445643 0.0210128 -0.0296666 0.0293552 0.00157671 0.0173897 0.0532297 -0.013804 -0.0130568
internal_weight=199.575 125.314 114.543 10.7706 88.749 25.794 74.2617 18.1845 56.0772 77.7722 49.7702 42.8833 6.30697 20.3354 10.9768 5.45857 9.27217 7.95246 6.88684 5.95523 8.91237 2.81819 7.31619 3.31694 3.41598 7.09129 1.59617 0.861166
internal_count=31886 27957 27003 954 16110 10893 3929 1132 2797 13319 2265 1889 532 9405 2791 1488 671 559 376 481 461 395 328 190 166 213 133 346
is_linear=0
shrinkage=0.05


end of trees

feature_importances:
radius_norm=196
y_norm=148
distance_to_centroid_norm=140
optical_spin_confidence=134
x_norm=117
orientation_sin=90
appearance_peer_z=75
history_std_angular_velocity_norm=74
orientation_cos=72
speed_norm=67
speed_minus_peer_median_norm=65
history_mean_angular_velocity_norm=62
history_std_translation_residual_norm=56
vx_norm=51
vy_norm=51
history_mean_speed_norm=51
history_std_direction_score_norm=49
history_std_speed_norm=45
visible_streak_norm=41
history_mean_direction_score_norm=41
is_current_target=40
motion_reliability=39
association_quality=38
angular_velocity_norm=35
history_mean_translation_residual_norm=32
history_mean_appearance_distance=30
history_std_appearance_distance=28
appearance_distance=21
yolo_confidence=20
history_std_rotation_score_norm=16
optical_spin_abs_norm=16
history_mean_rotation_score_norm=13
direction_score_norm=12
direction_score_peer_z=12
history_length_norm=11
multilag_spin_confidence=9
rigidity_score_peer_z=8
multilag_spin_abs_norm=8
rotation_score_peer_z=6
optical_spin_evidence=6
translation_residual_norm=5
rotation_score_norm=3
speed_score_norm=3
rigidity_score_norm=3
multilag_spin_consistency=1

parameters:
[boosting: gbdt]
[objective: lambdarank]
[metric: ndcg]
[tree_learner: serial]
[device_type: cpu]
[data_sample_strategy: bagging]
[data: ]
[valid: ]
[num_iterations: 200]
[learning_rate: 0.05]
[num_leaves: 31]
[num_threads: 0]
[seed: 20260911]
[deterministic: 0]
[force_col_wise: 0]
[force_row_wise: 0]
[histogram_pool_size: -1]
[max_depth: 5]
[min_data_in_leaf: 40]
[min_sum_hessian_in_leaf: 0.001]
[bagging_fraction: 0.8]
[pos_bagging_fraction: 1]
[neg_bagging_fraction: 1]
[bagging_freq: 1]
[bagging_seed: 22173]
[bagging_by_query: 0]
[feature_fraction: 0.85]
[feature_fraction_bynode: 1]
[feature_fraction_seed: 8630]
[extra_trees: 0]
[extra_seed: 5152]
[early_stopping_round: 0]
[early_stopping_min_delta: 0]
[first_metric_only: 0]
[max_delta_step: 0]
[lambda_l1: 0]
[lambda_l2: 1]
[linear_lambda: 0]
[min_gain_to_split: 0]
[drop_rate: 0.1]
[max_drop: 50]
[skip_drop: 0.5]
[xgboost_dart_mode: 0]
[uniform_drop: 0]
[drop_seed: 25851]
[top_rate: 0.2]
[other_rate: 0.1]
[min_data_per_group: 100]
[max_cat_threshold: 32]
[cat_l2: 10]
[cat_smooth: 10]
[max_cat_to_onehot: 4]
[top_k: 20]
[monotone_constraints: ]
[monotone_constraints_method: basic]
[monotone_penalty: 0]
[feature_contri: ]
[forcedsplits_filename: ]
[refit_decay_rate: 0.9]
[cegb_tradeoff: 1]
[cegb_penalty_split: 0]
[cegb_penalty_feature_lazy: ]
[cegb_penalty_feature_coupled: ]
[path_smooth: 0]
[interaction_constraints: ]
[verbosity: -1]
[saved_feature_importance_type: 0]
[use_quantized_grad: 0]
[num_grad_quant_bins: 4]
[quant_train_renew_leaf: 0]
[stochastic_rounding: 1]
[linear_tree: 0]
[max_bin: 255]
[max_bin_by_feature: ]
[min_data_in_bin: 3]
[bin_construct_sample_cnt: 200000]
[data_random_seed: 5056]
[is_enable_sparse: 1]
[enable_bundle: 1]
[use_missing: 1]
[zero_as_missing: 0]
[feature_pre_filter: 1]
[pre_partition: 0]
[two_round: 0]
[header: 0]
[label_column: ]
[weight_column: ]
[group_column: ]
[ignore_column: ]
[categorical_feature: ]
[forcedbins_filename: ]
[precise_float_parser: 0]
[parser_config_file: ]
[objective_seed: 11763]
[num_class: 1]
[is_unbalance: 0]
[scale_pos_weight: 1]
[sigmoid: 1]
[boost_from_average: 1]
[reg_sqrt: 0]
[alpha: 0.9]
[fair_c: 1]
[poisson_max_delta_step: 0.7]
[tweedie_variance_power: 1.5]
[lambdarank_truncation_level: 30]
[lambdarank_norm: 1]
[label_gain: ]
[lambdarank_position_bias_regularization: 0]
[eval_at: 1]
[multi_error_top_k: 1]
[auc_mu_weights: ]
[num_machines: 1]
[local_listen_port: 12400]
[time_out: 120]
[machine_list_filename: ]
[machines: ]
[gpu_platform_id: -1]
[gpu_device_id: -1]
[gpu_use_dp: 0]
[num_gpu: 1]

end of parameters

pandas_categorical:null
