tree
version=v4
num_class=1
num_tree_per_iteration=1
label_index=0
max_feature_idx=47
objective=lambdarank
feature_names=x_norm y_norm radius_norm vx_norm vy_norm speed_norm orientation_sin orientation_cos orientation_known angular_velocity_norm translation_residual_norm rotation_residual_norm rotation_score_norm direction_score_norm speed_score_norm rigidity_score_norm motion_reliability visible_streak_norm lost_frames_norm appearance_distance association_quality yolo_confidence is_current_target bg_certified distance_to_centroid_norm speed_minus_peer_median_norm rotation_score_peer_z direction_score_peer_z rigidity_score_peer_z appearance_peer_z history_mean_speed_norm history_mean_angular_velocity_norm history_mean_translation_residual_norm history_mean_rotation_score_norm history_mean_direction_score_norm history_mean_appearance_distance history_std_speed_norm history_std_angular_velocity_norm history_std_translation_residual_norm history_std_rotation_score_norm history_std_direction_score_norm history_std_appearance_distance history_length_norm optical_spin_abs_norm optical_spin_evidence multilag_spin_abs_norm multilag_spin_confidence multilag_spin_consistency
feature_infos=[0.023437527939677238:0.97688722610473633] [0.034432891756296158:0.96392875909805298] [0.053096525371074677:0.1973479837179184] [-0.0080459257587790489:0.009354742243885994] [-0.0070236730389297009:0.0059997495263814926] [1.6123552768476657e-06:0.0093742832541465759] [-0.99997174739837646:0.99999529123306274] [-0.99999368190765381:1] none [-0.54599446058273315:0.55592876672744751] [0:0.092281647026538849] none [0:0.072172954678535461] [0:0.99946087598800659] [0:0.11707045137882233] [0:0.0078225545585155487] [0:0.99996823072433472] [0.033333331346511841:1] none [0.00012260675430297852:2] [0.00039127969648689032:0.99996823072433472] [0:0.99794524908065796] [0:1] none [0.00074696843512356281:0.48266205191612244] [-0.0052215233445167542:0.0059342398308217525] [-1.4680711030960083:4.1000180244445801] [-2.1915533542633057:4.0590243339538574] [-0.9187544584274292:4.2065086364746094] [-3.0406723022460938:3.4346854686737061] [8.0617763842383283e-07:0.0079342853277921677] [-0.28176912665367126:0.4193059504032135] [0:0.14316053688526154] [0:0.072172954678535461] [0:0.90268337726593018] [3.9807386201573536e-05:2] [8.0617763842383283e-07:0.0031374881509691477] [0:0.28885024785995483] [0:0.085645973682403564] [0:0.033846057951450348] [0:0.49838733673095703] [0:0.99925148487091064] [0.125:1] [0:0.29078683257102966] [0:0.16223746538162231] [0:0.77272725105285645] [0:0.82690662145614624] [0:1]
tree_sizes=2740 2501 2508 2830 3381 3038 3238 3355 2720 3153 2830 3146 2933 3148 2842 3241 2944 3144 2724 3156 3166 2834 2622 3166 3156 2510 3157 3365 2826 3050 2944 3161 3055 2736 2945 2727 2725 2731 3290 3159 3364 3256 3160 2838 3061 2623 3268 2839 2945 3278 3268 2741 3267 2616 2307 3370 3067 3165 2507 3377 3269 2841 2626 3060 3292 3283 3051 3286 2647

Tree=0
num_leaves=24
num_cat=0
split_feature=31 16 22 38 24 36 7 5 30 28 42 25 30 38 36 38 32 29 38 30 40 9 1
split_gain=2491.73 1238.26 549.368 261.301 221.104 151.041 116.905 111.682 82.6906 58.6472 57.3643 55.5508 43.2924 40.2333 32.921 28.1425 25.4535 23.9285 16.0815 15.3296 3.16868 6.7058 1.83176
threshold=0.037376912310719497 0.98084324598312389 1.0000000180025095e-35 0.0035549283493310217 0.36830478906631475 0.00034203656832687562 0.76798865199089061 0.001501110789831728 0.0042838321533054122 -0.12456040829420088 0.96875000000000011 -0.00089538836618885387 0.0043938604649156341 0.0034460022579878573 0.00035364775976631796 0.0034460022579878573 0.0063436534255743035 0.80717387795448314 0.0020588912302628164 0.0031720574479550128 0.15201202780008319 0.0048026505392044791 0.33579342067241674
decision_type=2 2 2 2 2 2 2 2 2 2 2 2 2 2 2 2 2 2 2 2 2 2 2
left_child=1 5 3 7 8 9 -6 -3 17 15 13 -12 -11 -7 -5 -1 22 19 -19 -2 21 -4 -10
right_child=4 2 20 14 6 10 -8 -9 16 12 11 -13 -14 -15 -16 -17 -18 18 -20 -21 -22 -23 -24
leaf_value=-0.0909081330564733 0.094836305679779243 0.00080075142176876915 0.0085286500011786288 -0.03120573741778189 0.088051387675043585 -0.072524962744235658 -0.096229992418400023 -0.090643960110825803 -0.022017680645883744 0.023569650608730869 0.084119268119991972 0.036402590962836594 -0.074914882976988714 0.043422533462769454 0.04956909654062986 -0.0038514361626298382 0.052842665266579172 -0.050704345188273971 0.056198659659443907 0.066365865340629548 0.09259645983535035 0.080358649544108401 -0.087625400283533494
leaf_weight=25.268432617303915 519.34195729182102 34.825490275339689 5.2646827786229542 17.697349889669567 11.826408766908569 13.532298834819814 25.525145596009679 798.94037713279249 2.1788682739716005 86.90209023130592 131.87014118139632 117.61166500125546 11.797976608155293 14.474143436877055 38.608783870586194 14.498556408099828 5.2653622180223456 4.0749729980016118 11.085068797925485 63.855793530819938 39.416510182665661 8.7479814365506154 7.081069472245872
leaf_count=765 1534 766 68 373 32 471 1050 21186 51 1374 732 1347 373 173 400 268 28 102 84 426 112 35 122
internal_value=-0.000268927 -0.0387693 -0.0704308 -0.0797928 0.0801604 0.0330444 -0.0371075 -0.086828 0.087356 -0.00956959 0.0542669 0.0618596 0.0111641 -0.0131705 0.0240796 -0.0600414 -0.028793 0.0902188 0.026104 0.0918379 0.0841312 0.0557372 -0.0758385
internal_weight=2009.69 1359.46 943.501 890.072 650.235 415.955 37.3516 833.766 612.883 138.467 277.488 249.482 98.7001 28.0064 56.3061 39.767 14.5253 598.358 15.16 583.198 53.4292 14.0127 9.25994
internal_count=31872 28443 22940 22725 3429 5503 1082 21952 2347 2780 2723 2079 1747 644 773 1033 201 2146 186 1960 215 103 173
is_linear=0
shrinkage=0.05


Tree=1
num_leaves=22
num_cat=0
split_feature=34 43 20 22 2 35 2 24 31 3 29 24 2 34 43 2 25 34 31 5 29
split_gain=5345.05 1983.51 1810.57 980.565 849.133 541.839 399.479 312.395 261.719 286.165 143.317 136.434 133.906 97.2898 39.5703 53.0841 33.6601 41.2262 25.6247 7.40387 5.32894
threshold=0.24333363026380542 0.042440153658390052 0.97224143147468578 1.0000000180025095e-35 0.12021922320127489 0.077722117304801955 0.10242147743701936 0.083079196512699141 0.037376912310719497 0.0017452143365517261 -0.011144007090479134 0.23466990888118747 0.12122971192002298 0.35556218028068548 0.06480391696095468 0.11256612837314607 -0.00023146653984440488 0.35556218028068548 0.068412400782108321 0.0027600446483120327 0.24850946664810183
decision_type=2 2 2 2 2 2 2 2 2 2 2 2 2 2 2 2 2 2 2 2 2
left_child=1 2 4 5 11 -4 18 -6 9 12 -5 -1 -8 -11 15 -3 20 -18 -2 -17 -10
right_child=6 14 3 10 7 -7 8 -9 16 13 -12 -13 -14 -15 -16 19 17 -19 -20 -21 -22
leaf_value=-0.0055806724077542384 -0.095702531707948194 -0.034231399132444218 -0.081234970028423989 0.081854214774151862 -0.062468064045513708 -0.03865857036094119 -0.019827825439257474 0.045603424741896603 0.092138240560887819 -0.072398699970335087 -0.015734689772371215 -0.094967161872097805 0.068593524714955195 0.040282079715084795 0.091602894078666341 0.083989430310650523 0.030542960486069561 0.088899120510229995 -0.0015332371465229214 0.04829403568888397 0.073778473860650312
leaf_weight=57.94010697863996 34.974903639405966 14.302096344530581 1765.7139414316043 134.36108605004847 71.618722172454 1300.6333731031045 46.097555231302977 862.83410866349004 1016.7300885170698 57.967132516205311 51.706090327352285 162.57997271651402 536.32629958540201 27.595702432096004 286.87258253246546 40.431540656834841 57.306475736200809 67.051931247115135 9.080360218882559 31.572503171861172 67.411201998591423
leaf_count=213 150 70 16221 119 345 9420 166 1769 677 270 123 1057 737 48 211 42 87 48 34 66 73
internal_value=0.000343555 -0.0279605 -0.0373365 -0.0564292 0.016431 -0.0631941 0.0707752 0.0372626 0.0742779 0.0490384 0.0547962 -0.0716127 0.0615732 -0.0360114 0.0825782 0.0518756 0.0881767 0.0624658 -0.0767578 0.0692136 0.0910657
internal_weight=6701.11 4780.57 4407.39 3252.41 1154.97 3066.35 1920.54 934.453 1876.49 667.987 186.067 220.52 582.424 85.5628 373.179 86.3061 1208.5 124.358 44.0553 72.004 1084.14
internal_count=31946 29656 29267 25883 3384 25641 2290 2114 2106 1221 242 1270 903 318 389 178 885 135 184 108 750
is_linear=0
shrinkage=0.05


Tree=2
num_leaves=22
num_cat=0
split_feature=31 16 22 0 2 25 17 0 2 2 38 24 7 24 35 22 25 41 0 30 29
split_gain=4044.27 2048.84 932.524 822.278 599.253 634.947 418.829 316.949 315.446 246.185 179.485 166.284 149.924 221.836 85.8451 77.9439 58.9359 44.577 33.3972 25.0346 6.54671
threshold=0.036094171926379211 0.98234087228775036 1.0000000180025095e-35 0.90531975030899059 0.12199999764561655 -0.0014430725714191792 0.24166666716337207 0.42842167615890508 0.099345017224550261 0.13455335050821307 0.0036782399984076623 0.21772087365388873 0.89787140488624584 0.28424251079559332 0.11527179554104806 1.0000000180025095e-35 -0.00015217455802485344 0.0032995352521538739 0.77459836006164562 0.0034034535055980091 -0.2833560556173324
decision_type=2 2 2 2 2 2 2 2 2 2 2 2 2 2 2 2 2 2 2 2 2
left_child=1 4 6 8 11 18 9 -7 -2 -3 -8 14 19 -14 -1 -13 20 -18 -6 -10 -4
right_child=3 2 16 -5 5 7 10 -9 12 -11 -12 15 13 -15 -16 -17 17 -19 -20 -21 -22
leaf_value=-0.040902228439003561 -0.089530696651029792 -0.058159767137030395 0.086978550376517583 -0.089429586702796743 0.074651409324416676 0.02839046521316891 -0.074657001048903854 -0.031077813554992752 0.084582354428876599 0.063835951697151769 -0.0023933536942947892 -0.082710219590446443 0.070482149970910568 0.013537843031080445 0.070538026474834731 0.038538011368288994 -0.046188940864943517 0.064940221191489608 0.025992005932694923 0.052318501933215793 0.058201831966717292
leaf_weight=33.367002103477716 30.891756430268288 72.193218014901504 79.705460995435715 87.315455053001642 485.13875077664852 502.968493307475 1995.750128811691 402.40819148533046 945.08402802236378 94.105179159669206 89.861389845609665 196.38045632280409 571.27126619406044 244.72529678745195 33.835999298840761 13.643798947334288 19.132033456116915 15.358256459236143 39.505764670670033 70.68836947530508 39.67894558608532
leaf_count=202 267 622 60 827 554 1264 20865 1843 774 214 489 1911 742 866 49 32 77 20 102 114 68
internal_value=0.000516334 -0.0276006 -0.0573192 0.0598064 0.0142867 0.0273334 -0.0654596 0.00195377 0.0668463 0.0108443 -0.0715461 -0.0528685 0.0695309 0.0534415 0.0154183 -0.0746883 0.0614669 0.00373149 0.0710438 0.0823908 0.0779772
internal_weight=6063.01 4113.03 2405.78 1949.98 1707.25 1430.02 2251.91 905.377 1862.66 166.298 2085.61 277.227 1831.77 815.997 67.203 210.024 153.875 34.4903 524.645 1015.77 119.384
internal_count=31962 28372 22415 3590 5957 3763 22190 3107 2763 836 21354 2194 2496 1608 251 1943 225 97 656 888 128
is_linear=0
shrinkage=0.05


Tree=3
num_leaves=25
num_cat=0
split_feature=31 16 22 2 0 17 5 36 2 1 37 24 22 5 24 9 4 1 5 43 41 28 20 9
split_gain=3389.52 1811.39 841.121 530.415 477.398 397.847 333.413 402.504 167.519 163.728 148.759 145.475 141.265 124.968 120.451 67.5589 56.4558 42.8856 33.9838 34.4946 32.4865 16.4492 5.15836 2.90438
threshold=0.043609214946627624 0.98329460620880138 1.0000000180025095e-35 0.11981283873319627 0.90531975030899059 0.24166666716337207 0.003003863501362503 0.00058120902394875895 0.10669768974184991 0.65195709466934215 0.047963431105017669 0.26548333466053015 1.0000000180025095e-35 0.0036075498210266237 0.21459157764911654 0.050592703744769103 -0.00043944134085904801 0.89300364255905162 0.003295199829153717 0.0093291397206485289 0.0082301716320216673 2.2431811094284062 0.80675753951072704 -0.0011323255021125076
decision_type=2 2 2 2 2 2 2 2 2 2 2 2 2 2 2 2 2 2 2 2 2 2 2 2
left_child=1 3 5 14 8 9 11 -8 12 -3 -7 -5 21 17 16 -15 -1 -10 23 -20 -16 -2 -6 -4
right_child=4 2 18 6 22 10 7 -9 13 -11 -12 -13 -14 15 20 -17 -18 -19 19 -21 -22 -23 -24 -25
leaf_value=-0.070288007123125842 -0.086494942784555232 0.037837436778644255 0.059419511637665193 0.064051820471544271 -0.012697724070244635 -0.07238454126235512 -0.037343050258037296 0.042681213694921533 0.074943992478373855 -0.081451319053297069 -0.028272362793511037 0.019851035775273158 0.075023217193245895 -0.020086487157876472 -0.080393938772085949 0.050680280802818702 0.045481502622044125 0.031890477170467182 -0.03602872809380047 0.062082131449091776 0.042071232767787785 0.015877314383708565 -0.082533146409301858 0.083332900498062495
leaf_weight=13.878489062190054 33.497820887714624 132.99716659169644 31.517856255173683 500.22289902402554 3.1929161399602881 1777.2103096311912 345.02923500165343 286.84328160993755 1335.9201013585553 35.644946020329371 216.08825228456408 298.07634663954377 25.349939748644829 54.327815150842071 166.77081225207075 86.093277737498283 35.160668997094035 62.605572152882814 15.069249436259268 19.443155637010932 5.0121930912137023 4.1086899712681761 55.46721057780087 77.282099485397339
leaf_count=110 333 488 52 749 25 19723 2144 608 1460 362 1790 727 26 199 1960 143 98 115 66 30 16 19 674 62
internal_value=0.000183911 -0.0249801 -0.0536027 0.0149934 0.0601154 -0.0613827 0.0261359 -0.00100539 0.0652561 0.0122925 -0.067619 0.0475932 -0.0144773 0.0685252 -0.0569643 0.0233527 0.0119679 0.0730408 0.0633755 0.0194355 -0.0765979 -0.0751887 -0.0790085 0.0770098
internal_weight=5616.81 3956.25 2305.25 1650.99 1660.56 2161.94 1430.17 631.873 1601.9 168.642 1993.3 798.299 62.9565 1538.95 220.822 140.421 49.0392 1398.53 143.312 34.5124 171.783 37.6065 58.6601 108.8
internal_count=31979 28985 22573 6412 2994 22363 4228 2752 2295 850 21513 1476 378 1917 2184 342 208 1575 210 96 1976 352 699 114
is_linear=0
shrinkage=0.05


Tree=4
num_leaves=30
num_cat=0
split_feature=32 30 24 20 6 26 31 2 37 25 38 37 6 29 0 4 0 2 35 43 39 20 27 22 25 9 29 29 25
split_gain=2793.64 1242.03 1225.33 435.738 431.916 421.501 407.231 355.932 259.071 227.096 260.303 166.066 83.2816 74.7164 70.6008 68.0906 112.368 59.3794 55.1098 54.6537 49.5341 45.7349 45.4827 27.6302 27.603 21.4953 17.8556 11.8057 0.0180138
threshold=0.002913884818553925 0.0030931073706597094 0.30491694808006292 0.97931408882141124 0.46763075888156896 -0.01278101187199354 0.048042146489024169 0.12122971192002298 0.022782607004046444 -0.0010316193220205603 0.0058516415301710376 0.028857713565230373 0.11719202250242235 0.34314866364002233 0.7199884057044984 -0.0033287173137068744 0.16261499375104907 0.10725653171539308 0.012372157070785763 0.049235926941037185 0.0023987845052033667 0.42886926233768469 1.9945235848426821 1.0000000180025095e-35 0.00022494360746350142 0.092557728290557875 -2.0120297670364375 0.020262590609490875 -0.002105196006596088
decision_type=2 2 2 2 2 2 2 2 2 2 2 2 2 2 2 2 2 2 2 2 2 2 2 2 2 2 2 2 2
left_child=1 2 5 11 23 12 7 20 -7 13 -11 21 -1 -9 -13 16 -5 18 -8 -17 26 -3 -22 -4 27 -26 -2 -19 -6
right_child=6 3 4 15 28 8 17 9 -10 10 -12 14 -14 -15 -16 19 -18 24 -20 -21 22 -23 -24 -25 25 -27 -28 -29 -30
leaf_value=-0.064493252874614923 0.0093786347412910254 0.032144145286064033 -0.075217016812930679 0.058822802870782759 0.081126443674736495 -0.0043817333193428209 0.058227033672487986 0.067744870751836328 0.063940800344446769 -0.028428499801765518 0.042779478913226067 0.036777432728878817 0.013593553953217007 0.012307131737079119 -0.084317420687660821 -0.075188970578741049 -0.071460306344445099 0.076608423172525419 -0.076304234625984596 0.05724174177511019 -0.046082726679765831 -0.065352134104367784 0.056521543532007071 0.012098867140031748 -0.0080892107625417358 0.060872028965925189 -0.082859794030974057 0.056433377782628663 0.062157827626071804
leaf_weight=106.47650957340375 5.4255198091268531 13.265116780996321 471.79250262631103 25.531028032302856 26.292188614606857 175.53900343924761 16.450454398989681 414.25862037949264 658.82456878409721 224.74748349003494 296.59027085453272 157.95808105170727 49.59991118311882 71.78647406026721 12.083561342209576 1280.6130085168406 43.211437184363604 740.95032378472388 12.502719990909098 7.1578480377793303 31.082620546221733 89.140909379348159 15.311483778059481 8.9746695095673186 18.492670223116875 27.222835160791874 75.747034033760428 96.374963846057653 29.586625676602125
leaf_count=1131 34 44 5211 92 23 1077 34 543 1197 1555 740 469 228 207 100 15617 488 703 154 21 286 616 40 27 70 35 861 147 59
internal_value=-0.000378937 -0.0298817 0.00251716 -0.0602373 -0.0582652 0.0354762 0.0451018 0.025076 0.0495786 0.0350467 0.0120862 -0.00252137 -0.0397493 0.0595991 0.0277295 -0.0718188 -0.0229234 0.0699686 -0.000474959 -0.074409 -0.0533224 -0.0525343 -0.0117421 -0.0735653 0.0722762 0.0334001 -0.0766555 0.0743564 0.0723524
internal_weight=5202.99 3156.05 1527.09 1628.96 536.646 990.44 2046.94 1134.95 834.364 1007.38 521.338 272.448 156.076 486.045 170.042 1356.51 68.7425 911.994 28.9532 1287.77 127.567 102.406 46.3941 480.767 883.041 45.7155 81.1726 837.325 55.8788
internal_count=31809 26400 8953 17447 5320 3633 5409 4266 2274 3045 2295 1229 1359 750 569 16218 580 1143 188 15638 1221 660 326 5238 955 105 895 850 82
is_linear=0
shrinkage=0.05


Tree=5
num_leaves=27
num_cat=0
split_feature=34 7 16 30 22 2 1 38 29 40 5 22 2 35 39 0 43 26 34 2 22 31 6 25 6 0
split_gain=2494.33 1004.29 1049.02 474.81 296.183 292.746 237.471 219.626 170.461 139.338 113.873 111.519 124.824 78.468 37.9417 36.5918 33.0942 29.3923 38.3303 28.7413 27.0336 25.2912 18.3551 12.3284 11.7024 4.4429
threshold=0.23387677967548373 0.87377294898033153 0.97896876931190502 0.0031272314954549079 1.0000000180025095e-35 0.10669768974184991 0.32321648299694067 0.0039043368306010966 -0.32648728787899012 0.15491821616888049 0.0041657532565295705 1.0000000180025095e-35 0.1670140624046326 0.053855285048484809 0.0032623034203425054 0.37992922961711889 0.014976086560636761 -0.11944000050425528 0.17106583714485171 0.10669768974184991 1.0000000180025095e-35 0.058328818529844291 0.11390240490436555 -0.00078581835259683419 0.28606480360031133 0.13178705424070361
decision_type=2 2 2 2 2 2 2 2 2 2 2 2 2 2 2 2 2 2 2 2 2 2 2 2 2 2
left_child=1 3 5 17 7 -3 -7 -4 10 20 19 12 13 -10 -11 -12 -6 18 -1 21 -5 -2 -21 -13 -17 -19
right_child=8 2 4 9 16 6 -8 -9 11 14 15 23 -14 -15 -16 24 -18 25 -20 22 -22 -23 -24 -25 -26 -27
leaf_value=-0.040650278027669365 -0.049800405651903551 -0.077029879851526262 -0.062651572871398359 -0.077126253309269158 -0.0013444854868745915 0.041219762378484626 -0.011123188507247958 0.010878246570181049 0.0010881062113843392 -0.019783079900855059 0.048016900606783923 0.070916959274133148 0.06932455166158405 -0.080926737511655994 0.071596682801357336 -0.084039480088131918 0.072886994785678477 0.055755976718283855 0.059244775206800049 0.059029184194454111 0.024843820252518911 0.054463366425199104 0.074618096046258936 0.035720755105932547 -0.0027378872195746346 0.076395626624919249
leaf_weight=12.92509238515049 8.9688520990312117 89.724926265887916 1834.5092710070312 92.238127341493964 22.468874145299196 473.87281783949584 397.92015873547643 107.21307124197483 137.11007805354893 18.520555175840855 10.380452007055281 99.203757490962744 55.25493185967207 36.034557847306132 26.99676788598299 15.589323816820981 44.042159549891949 43.653679452836514 30.839217882603407 297.70423271879554 6.532012538984417 13.031699834391473 694.6601809412241 37.698415733873844 6.1307160928845397 299.03528831154108
leaf_count=105 102 1211 22304 1191 85 1201 2011 571 590 129 18 110 64 314 35 118 48 100 53 448 25 30 697 67 22 327
internal_value=-0.000527505 -0.0231544 -0.0344763 0.040143 -0.0550304 0.00846566 0.017343 -0.0585881 0.0555528 -0.0370692 0.0658176 0.0260483 0.00459042 -0.0163474 0.0347892 -0.0261998 0.0481615 0.0689924 0.0294933 0.0687525 -0.0702012 0.0116415 0.0700056 0.0615544 -0.0622218 0.0739363
internal_weight=4912.26 3500.49 2969.75 530.741 2008.23 961.518 871.793 1941.72 1411.77 144.287 1046.47 365.302 228.4 173.145 45.5173 32.1005 66.511 386.453 43.7643 1014.36 98.7701 22.0006 992.364 136.902 21.72 342.689
internal_count=31976 29396 27431 1965 23008 4423 3212 22875 2580 1380 1435 1145 968 904 164 158 133 585 158 1277 1216 132 1145 177 140 427
is_linear=0
shrinkage=0.05


Tree=6
num_leaves=29
num_cat=0
split_feature=34 5 24 36 6 1 37 16 0 0 34 2 31 22 3 2 2 17 5 4 32 7 28 29 43 41 2 37
split_gain=2148.32 909.722 1006.05 603.667 328.686 242.666 182.268 147.93 129.401 126.773 121.278 106.885 104.603 94.9818 78.4502 70.4448 57.467 28.9992 22.5183 23.6261 15.3325 11.9172 11.825 6.54909 6.29673 4.16971 3.33518 3.27202
threshold=0.23743148893117907 0.0031198643846437339 0.28561507165431982 0.00058120902394875895 0.46763075888156896 0.094678498804569258 0.029798674397170547 0.9695802927017213 0.71085646748542797 0.34973329305648809 0.35556218028068548 0.13010288774967196 0.034772275015711791 1.0000000180025095e-35 0.0014073042548261585 0.11560932546854021 0.16876113414764407 0.27500000596046453 0.0031511094421148305 0.00035506930726114666 0.023359116166830066 0.9880739450454713 2.2431811094284062 0.2729835063219071 0.018553763628005985 0.0022988880518823866 0.13706316053867343 0.025323080830276016
decision_type=2 2 2 2 2 2 2 2 2 2 2 2 2 2 2 2 2 2 2 2 2 2 2 2 2 2 2 2
left_child=1 2 5 7 11 24 -7 9 16 -3 12 -4 14 -9 15 -2 -5 -16 21 -20 23 -14 -10 27 -1 -25 -6 -12
right_child=10 3 4 8 26 6 -8 13 22 -11 20 -13 18 -15 17 -17 -18 -19 19 -21 -22 -23 -24 25 -26 -27 -28 -29
leaf_value=-0.082044966814546552 -0.071964575592608868 0.034684144395251963 -0.06872620158114473 0.01729715328508917 0.043327914224960781 0.017158652190586543 0.065241286492580944 -0.067362667749816113 -0.076258471289295887 -0.050094756997646095 0.057367349216945675 -0.026255271040533434 0.068662112397585573 0.022514712119015647 0.012608879323457355 0.033785984449061501 0.078621999199362191 -0.075129004162168653 0.053796308683973726 -0.016785195286774659 0.036633316413114861 0.037754271149082315 0.016690168750958228 0.026696603978989299 -0.021786255295451921 0.061212785454009426 0.071493309780196773 0.072656670061061704
leaf_weight=36.212381724268198 16.036655558273196 71.287555455230176 352.40599931171164 248.85367833636701 21.774606440216303 313.75648364145309 533.27040017861873 1252.0220758216456 36.521227156743407 112.33308645244688 61.830086192116141 258.32363687176257 209.43664261698723 29.654378890991211 13.473583918064831 218.47037681471556 44.362884648144245 28.425247173756361 28.312715411186218 19.271093729883432 40.087953642010689 41.587684685364366 3.4096709564328185 16.872682163491845 5.9007522761821738 25.486007742583752 47.577141113579273 579.09616423025727
leaf_count=402 216 220 4582 1053 71 1622 855 16738 459 873 85 2234 258 102 55 574 55 275 51 72 79 93 16 55 48 40 55 605
internal_value=-0.000119865 -0.0211863 0.00663391 -0.0454509 -0.0391101 0.041627 0.0474717 -0.059256 0.0152644 -0.0171712 0.0544951 -0.0508343 0.0372462 -0.0652672 0.0149989 0.0262794 0.0268111 -0.0472785 0.0577206 0.0254542 0.068136 0.0637117 -0.0681078 0.069928 -0.0743029 0.0483968 0.0633917 0.0712734
internal_weight=4666.05 3367.67 1569.22 1798.44 680.081 889.14 847.027 1465.3 333.147 183.621 1298.39 610.73 575.014 1281.68 276.406 234.507 293.217 41.8988 298.608 47.5838 723.373 251.024 39.9309 683.285 42.1131 42.3587 69.3517 640.926
internal_count=31843 29385 9869 19516 6942 2927 2477 17933 1583 1093 2458 6816 1594 16840 1120 790 1108 330 474 123 864 351 475 785 450 95 126 690
is_linear=0
shrinkage=0.05


Tree=7
num_leaves=30
num_cat=0
split_feature=34 25 24 16 7 38 1 2 1 34 31 37 1 0 7 2 38 31 32 32 31 29 2 25 25 9 2 35 37
split_gain=1883.61 791.245 854.62 398.016 278.434 265.624 195.167 125.485 121.197 113.211 92.7321 91.3451 89.5108 94.311 67.0188 54.8764 40.4261 34.0282 29.5169 18.8299 18.7406 18.6549 32.375 12.8577 12.1211 8.39284 6.42456 2.52536 1.19747
threshold=0.22762667387723926 -0.0005244271014817058 0.2825725674629212 0.9695802927017213 0.87377294898033153 0.0039043368306010966 0.092415429651737227 0.12941937148571017 0.90529265999794017 0.34218244254589086 0.034772275015711791 0.045287437736988075 0.29120439291000372 0.37308631837368017 0.99968785047531139 0.11560932546854021 0.0025353941600769763 -0.046859145164489739 0.0037925383076071744 0.023359116166830066 0.05532681196928025 0.62086075544357311 0.16362600773572925 0.00012151141709182413 -1.0000000180025095e-35 0.018924547359347347 0.11136212572455408 0.067049756646156325 0.0029759288299828772
decision_type=2 2 2 2 2 2 2 2 2 2 2 2 2 2 2 2 2 2 2 2 2 2 2 2 2 2 2 2 2
left_child=1 2 6 12 17 11 28 -6 -8 10 15 -5 14 -14 -3 27 -17 -4 -7 23 -21 24 -23 26 -12 -25 -11 -2 -1
right_child=9 3 4 5 7 18 8 -9 -10 19 21 -13 13 -15 -16 16 -18 -19 -20 20 -22 22 -24 25 -26 -27 -28 -29 -30
leaf_value=-0.03200024663599374 -0.069445851373173287 0.041012998572844045 -0.033856287434588871 -0.063685033294418825 -0.06898373386442623 0.059283348927282889 0.055679848961225131 -0.01959829157895731 -0.069869111924455302 0.034639017894470624 0.061848269495614644 -0.017259193093561227 0.022747837972430039 -0.049105877293266827 -0.061378518080871629 -0.036316136281934419 0.026515970215574766 0.056445085835145896 0.0035317220638168023 -0.0014275088350602452 0.064018600982567203 -0.04077222600332879 0.065097606725814758 0.0072735748181809367 0.026044471294828498 0.05548517587975204 0.068378211277323242 -0.012757935760308987 -0.076964185470358701
leaf_weight=3.6775930114090469 18.049236491322521 155.52385258674622 11.267641754820941 1252.1592441936955 306.56234795227647 35.92173420637846 648.83155739959329 222.92506557423621 18.990220723673701 17.647669076919556 229.83112959191203 116.71363793965429 77.550803825259209 108.49327223468572 16.909159606322646 27.847857315093279 234.36934041883796 81.579214051365852 66.888328149914742 22.340106442570686 20.352684646844864 13.189040752127768 13.771884083747862 15.805698394775389 28.621771307662129 21.165794044733047 622.779017560184 2.7600486874580374 28.268974820151925
leaf_count=40 261 395 109 17432 4314 91 1396 1967 203 62 338 1085 279 839 88 204 793 165 397 63 22 77 15 54 82 37 702 28 358
internal_value=-0.000319229 -0.0211388 0.00833192 -0.0424213 -0.0342665 -0.0539223 0.0462114 -0.0482676 0.0520106 0.0505906 0.0338115 -0.0597421 0.00481358 -0.0191928 0.0306763 0.0134584 0.0197305 0.0452424 0.0233947 0.0637709 0.0305234 0.0538769 0.0137011 0.0658182 0.0579989 0.0356086 0.0675039 -0.0628568 -0.0729165
internal_weight=4440.79 3152.26 1322.1 1830.16 622.334 1471.68 699.768 529.487 667.822 1288.53 568.44 1368.87 358.477 186.044 172.433 283.026 262.217 92.8469 102.81 720.091 42.6928 285.414 26.9609 677.398 258.453 36.9715 640.427 20.8093 31.9466
internal_count=31896 29158 8552 20606 6555 19005 1997 6281 1599 2738 1798 18517 1601 1118 483 1286 997 274 488 940 85 512 92 855 420 91 764 289 398
is_linear=0
shrinkage=0.05


Tree=8
num_leaves=24
num_cat=0
split_feature=31 16 22 0 2 25 38 0 25 2 5 24 6 35 36 17 40 2 0 1 6 27 41
split_gain=1684.48 981.725 374.793 294.178 284.013 199.717 188.388 149.696 131.261 103.916 66.6474 59.0836 54.9643 50.4806 47.3642 44.7099 33.5354 25.2177 15.6093 19.3598 6.15722 3.31849 2.73438
threshold=0.034772275015711791 0.98234087228775036 1.0000000180025095e-35 0.90531975030899059 0.12249197438359262 -0.0010887613170780239 0.0026428065029904251 0.40783654153347021 -0.0029556242516264315 0.10051277279853822 0.0038731930544599895 0.29303485155105596 0.065936584025621428 0.11527179554104806 0.00058818332036025833 0.65833333134651195 0.3234266489744187 0.12941937148571017 0.69387525320053112 0.66070422530174266 0.32996262609958654 0.19813588261604312 0.0058508371002972135
decision_type=2 2 2 2 2 2 2 2 2 2 2 2 2 2 2 2 2 2 2 2 2 2 2
left_child=1 4 6 9 12 17 8 -7 -3 20 11 -11 16 -14 -8 -12 -1 -6 21 -20 -2 -4 -5
right_child=3 2 18 22 5 7 14 -9 -10 10 15 -13 13 -15 -16 -17 -18 -19 19 -21 -22 -23 -24
leaf_value=-0.061232616868715208 -0.068714047178470766 0.048804811274379543 0.041126716391793786 -0.069543988253181394 0.023712353477537119 0.028722116498348962 -0.021312356447169205 -0.022715444034262098 -0.059581386045980116 0.063242669453910341 0.03673237306169648 0.037709078926568565 -0.058854148462879813 0.05760843591654409 0.035436126246073743 -0.03693239319436014 0.029750673672396866 0.055525689438840037 -0.038762344895674608 0.053795930867659561 0.0074868615336498509 0.067095072121429719 -0.012191335149719151
leaf_weight=145.84627816174179 17.676748695783321 27.786026194691658 25.149278450757265 51.385341925546527 78.455243457108736 298.79999076295644 92.450845458544791 266.81575031857938 1420.1034575253725 842.36433098092675 58.24820563942194 317.92650245130062 14.315875589847563 22.776627996005118 59.62156262807548 30.629207637161016 10.299432393163441 348.29249499551952 9.8942259997129458 10.780916161835192 2.8740630261600009 51.290613807737827 2.6571121029555789
leaf_count=1909 275 114 63 804 221 1008 816 1842 20847 1116 161 1061 194 60 245 253 41 584 65 19 20 61 24
internal_value=-0.000301013 -0.0217416 -0.0461195 0.04637 0.0131627 0.0239652 -0.0519125 0.00446041 -0.0574691 0.0512441 0.0530898 0.0562848 -0.0421507 0.0122946 0.00102262 0.0112173 -0.0550802 0.0497461 0.0488748 0.00975678 -0.0582043 0.0591927 -0.0669968
internal_weight=4206.44 2882.68 1697.08 1323.76 1185.6 992.363 1599.96 565.616 1447.89 1269.72 1249.17 1160.29 193.238 37.0925 152.072 88.8774 156.146 426.748 97.115 20.6751 20.5508 76.4399 54.0425
internal_count=31803 28089 22230 3714 5859 3655 22022 2850 20961 2886 2591 2177 2204 254 1061 414 1950 805 208 84 295 124 828
is_linear=0
shrinkage=0.05


Tree=9
num_leaves=28
num_cat=0
split_feature=34 9 16 0 0 7 5 2 21 25 29 43 2 19 5 25 38 7 33 26 28 15 24 24 19 39 41
split_gain=1521.78 674.847 431.655 315.668 133.837 131.829 130.174 128.33 151.17 117.967 82.3769 43.8966 40.9348 52.1944 37.0451 35.3467 46.0959 33.3752 24.2388 19.6053 19 14.8267 13.6587 10.8194 21.551 9.16793 5.7007
threshold=0.25069467723369604 0.029286806471645836 0.98507279157638561 0.7079855501651765 0.082508694380521788 0.89787140488624584 0.0035297344438731675 0.11323481053113939 0.85310304164886486 -0.00026190029166173184 -0.33873300254344935 0.027717176824808124 0.13486734032630923 0.01918059587478638 0.0040494154673069724 -0.0010316193220205603 0.0044972009491175422 0.58655452728271495 0.00012413478543749082 3.4036214351654057 2.7414531707763676 0.00029007857665419584 0.21348178386688235 0.37553149461746221 0.056166291236877448 0.00044013567094225442 0.0018536819843575361
decision_type=2 2 2 2 2 2 2 2 2 2 2 2 2 2 2 2 2 2 2 2 2 2 2 2 2 2 2
left_child=1 2 7 4 -3 9 -6 22 -9 -4 14 -7 13 -12 23 26 -17 -5 -16 -15 -20 -19 -1 25 -25 -2 -14
right_child=10 3 5 17 6 11 -8 8 -10 -11 12 -13 15 19 18 16 -18 21 20 -21 -22 -23 -24 24 -26 -27 -28
leaf_value=-0.00029993284695900053 0.04767323053133378 -0.068768799972787911 0.037698811541493765 0.056672396800522634 0.049576691628846647 -0.057759558405211686 -0.0036851715409072644 0.031352767155685836 -0.016020751832449855 -0.046298429055804932 0.049750504592872336 -0.0029999459244584564 0.030870115530473249 -0.063272717774585666 0.064498810743133281 -0.060355275506836059 0.030357262089368349 -0.06369646152844094 -0.056990105974964657 0.038964303513113689 0.029944542248265954 0.017605239673763661 -0.068328623848526435 -0.028133075873585791 0.061065069827635876 0.065290311015987104 0.062140633049899911
leaf_weight=8.1732797510921937 99.574064180254936 29.988640610128641 74.926157120615244 5.7340926527976981 513.95776137057692 1173.6987257250585 147.42822092864662 283.67857846990228 411.29758709296584 92.048083951696754 20.914281740784645 37.890521758235991 21.286600925028324 29.85200930852443 11.9763759188354 16.082243831828237 77.491706185042858 111.01644092425704 13.552702795714142 4.8344623409211627 10.22009723074734 5.4995640255510798 75.723608273547143 9.8357224557548779 17.824868228286505 621.76695688255131 87.218031924217939
leaf_count=56 159 469 336 7 1423 17924 1139 960 2913 1286 49 363 55 285 17 143 196 1671 104 13 35 36 1282 94 27 804 124
internal_value=-0.000646093 -0.018884 -0.0335138 0.0199023 0.0330051 -0.0503148 0.0377166 -0.00375064 0.00333365 -0.0086064 0.0513027 -0.0560509 0.0266245 -0.0112102 0.0593618 0.0370384 0.0142935 -0.053866 0.00934936 -0.0483308 -0.0199162 -0.0597419 -0.0617828 0.0617333 0.0294725 0.0629278 0.0563439
internal_weight=4013.49 2971.06 2157.44 813.625 691.375 1378.56 661.386 778.873 694.976 166.974 1042.43 1211.59 257.679 55.6008 784.751 202.079 93.574 122.25 35.7492 34.6865 23.7728 116.516 83.8969 749.002 27.6606 721.341 108.505
internal_count=31970 29865 25120 4745 3031 19909 2562 5211 3873 1622 2105 18287 865 347 1240 518 339 1714 156 298 139 1707 1338 1084 121 963 179
is_linear=0
shrinkage=0.05


Tree=10
num_leaves=25
num_cat=0
split_feature=34 30 0 36 7 1 37 30 0 34 0 22 4 7 40 39 2 0 35 7 32 2 12 37
split_gain=1330.39 522.581 457.253 388.513 282.953 223.802 112.449 110.033 82.0613 69.4126 64.9269 62.5724 62.4486 58.7602 55.0112 52.6422 74.522 48.1003 24.9594 24.6987 7.44983 6.38085 3.52541 3.49849
threshold=0.22485619783401492 0.0030580745078623299 0.69929018616676342 0.00058120902394875895 0.96901842951774608 0.80577921867370617 0.040965974330902107 0.0044841971248388299 0.13899360597133639 0.35556218028068548 0.70548158884048473 1.0000000180025095e-35 -0.00076332976459525515 0.9165293574333192 0.17162900418043139 0.0044500303920358428 0.11764355376362802 0.34973329305648809 0.018064271658658985 0.58655452728271495 0.023359116166830066 0.11051005497574808 0.0038759034359827642 0.02203423343598843
decision_type=2 2 2 2 2 2 2 2 2 2 2 2 2 2 2 2 2 2 2 2 2 2 2 2
left_child=1 2 4 6 8 -6 11 9 -1 15 12 -3 -5 -8 19 16 -2 -9 -16 -4 23 -17 -12 -11
right_child=7 3 14 10 5 -7 13 17 -10 20 22 -13 -14 -15 18 21 -18 -19 -20 -21 -22 -23 -24 -25
leaf_value=0.0037564000333274667 -0.051491768547976935 -0.059005420820519607 0.050068700375212674 -0.011797955269510142 0.011076280000990132 -0.066935389907933449 0.025896745272338279 0.045036043663023127 0.061150053026506238 0.046868833734876339 -0.066965618247377859 0.026530393920960921 0.049919832557731678 -0.033536153280093205 0.056586897329389207 0.027414442682581933 0.030854294292012287 -0.078595557265166358 -0.03612380893860153 -0.070094025368969901 0.036059616457837583 0.060734149558223718 -0.003708631266162252 0.063910113267316188
leaf_weight=76.607418324798346 29.312270745635033 1011.3257664372213 3.6983299851417533 58.174872096627951 516.22250901907682 110.81189977936447 58.325987614691257 10.661482583731411 335.21007865015417 46.881630922667682 18.283836785703901 21.308983847498894 135.10988779738545 138.8972806269303 12.702940322458746 18.455324383452535 302.03072409285232 24.19923235476017 14.469101254828272 202.57089602621272 33.066519096493721 156.7775106690824 2.6235876306891432 478.56264112889767
leaf_count=490 373 16333 5 262 3389 1584 327 36 648 86 284 86 410 1699 30 89 971 243 181 3426 74 243 26 666
internal_value=-0.000433625 -0.0192196 0.00414536 -0.0397941 0.0183637 -0.00279487 -0.0506119 0.045934 0.0505085 0.0488012 0.0222668 -0.0572164 0.0313789 -0.0159177 -0.058937 0.0352751 0.0234365 -0.0405837 0.00768862 -0.0677084 0.0609845 0.0574004 -0.0595594 0.0624816
internal_weight=3816.29 2716.34 1272.29 1444.05 1038.85 627.034 1229.86 1099.95 411.817 1065.09 214.192 1032.63 193.285 197.223 233.441 506.576 331.343 34.8607 27.172 206.269 558.511 175.233 20.9074 525.444
internal_count=31961 29180 9753 19427 6111 4973 18445 2781 1138 2502 982 16419 672 2026 3642 1676 1344 279 211 3431 826 332 310 752
is_linear=0
shrinkage=0.05


Tree=11
num_leaves=28
num_cat=0
split_feature=32 37 0 26 34 22 20 0 33 2 0 1 21 2 31 17 2 6 29 40 29 41 30 6 1 6 34
split_gain=1185.77 621.422 371.448 253.96 237.029 216.312 200.273 111.066 98.9357 169.553 108.075 66.4501 44.9099 43.317 22.0993 19.8842 22.5126 20.2394 19.7036 11.9604 11.6181 16.7635 6.29927 5.54248 1.02935 0.926758 0.603918
threshold=0.0027532156091183428 0.033876018598675735 0.73689875006675731 -1.0000000180025095e-35 0.30098859965801245 1.0000000180025095e-35 0.93615138530731212 0.13178705424070361 0.0030386134749278431 0.12488645315170289 0.42501328885555273 0.31862467527389532 0.73934581875801098 0.10114151239395143 0.043609214946627624 0.10833333432674409 0.12625496089458468 0.16342544555664065 0.23696463555097583 0.31186205148696905 -0.55087175965309132 0.0015537345316261055 0.0018695336184464397 0.14015149325132373 0.72699990868568432 -0.59209036827087391 0.31807482242584234
decision_type=2 2 2 2 2 2 2 2 2 2 2 2 2 2 2 2 2 2 2 2 2 2 2 2 2 2 2
left_child=1 5 3 14 8 6 11 -5 9 19 -11 -1 -8 24 -3 16 17 -6 -15 -2 26 -22 -18 -7 -10 -4 -17
right_child=4 2 25 7 15 23 12 -9 13 10 -12 -13 -14 18 -16 20 22 -19 -20 -21 21 -23 -24 -25 -26 -27 -28
leaf_value=0.037302148303425348 -0.061946442557767691 -0.062882834961589404 -0.01906790806354234 -0.017885676329881674 -0.070909283114968399 0.063791046621015896 -0.0083605768255072509 0.044210028740220481 -0.059372756918529751 0.033757670357404707 -0.015398625996549557 -0.036580621711018231 -0.057191119772446591 0.058354384792676219 -0.006219089514746712 0.049988226108295321 0.027823526743448696 0.032322331949210935 0.015116929402411295 0.021065571317452524 0.00050111450357900606 0.052160199716318967 0.056384135183442922 0.028497065352990694 -0.013500144613004972 -0.066701014388645258 0.063797892735653672
leaf_weight=82.522752270102501 84.998843735083938 75.630309246480465 2.0010876934975377 82.372105723246932 7.9836270455271032 35.505583614110947 49.586376590654254 546.10591121949255 7.8815468843094987 320.46163646131754 170.72496729157865 46.928220719099045 1096.9663114072755 158.83302769763395 22.493105227127671 29.746093329042196 36.635955534875393 9.1859494261443597 32.564655613154173 4.1070586126297703 17.635175913572311 143.87224497366697 50.482582993805408 19.792560189962387 2.237813051789999 131.31634696107358 428.3756393045187
leaf_count=278 1234 1316 23 831 85 50 495 1758 140 1212 1491 375 18311 326 170 60 62 26 175 26 82 288 85 63 29 2389 605
internal_value=0.000623258 -0.0228465 0.0102782 0.0243699 0.0347703 -0.0442342 -0.0484372 0.0360559 0.0156501 0.0051398 0.0166755 0.0104433 -0.0550884 0.0457409 -0.0500874 0.0553695 0.0345925 -0.0169398 0.0511147 -0.0579289 0.058805 0.0465573 0.0448256 0.051889 -0.0513548 -0.0661333 0.0630121
internal_weight=3696.95 2191.22 859.919 726.601 1505.73 1331.3 1276 628.478 781.81 580.293 491.187 129.451 1146.55 201.517 98.1234 723.917 104.288 17.1696 191.398 89.1059 619.629 161.507 87.1185 55.2981 10.1194 133.317 458.122
internal_count=31985 26059 6487 4075 5926 19572 19459 2589 4633 3963 2703 653 18806 670 1486 1293 258 111 501 1260 1035 370 147 113 169 2412 665
is_linear=0
shrinkage=0.05


Tree=12
num_leaves=26
num_cat=0
split_feature=31 16 22 38 2 2 25 36 5 7 34 33 17 1 5 42 36 5 5 7 25 2 4 34 2
split_gain=1065.4 597.314 292.93 193.58 173.213 145.094 122.526 88.6426 87.1267 78.2122 74.5394 67.3507 42.6684 34.5054 31.5728 24.307 19.6143 19.3019 13.7875 13.2921 10.7561 13.9834 4.05809 3.41864 0.368803
threshold=0.033558145165443427 0.97992569208145153 1.0000000180025095e-35 0.0027640202315524225 0.12199999764561655 0.10114151239395143 -0.0008697205630596726 0.00064004890737123798 0.001501110789831728 0.91380706429481517 0.25069467723369604 0.0001584511483088136 0.30833333730697637 0.78417861461639415 0.0024926555342972283 0.84375000000000011 0.0013724858290515842 0.0038731930544599895 0.0041657532565295705 0.80726343393325817 -9.7834257758222507e-05 0.16244622319936755 0.0026141399284824733 0.35556218028068548 0.12657731771469119
decision_type=2 2 2 2 2 2 2 2 2 2 2 2 2 2 2 2 2 2 2 2 2 2 2 2 2
left_child=1 4 3 8 12 19 15 -8 -3 17 11 -11 16 -5 -14 -6 -1 22 -19 -2 24 -22 -7 -12 -4
right_child=5 2 20 13 6 9 7 -9 -10 10 23 -13 14 -15 -16 -17 -18 18 -20 -21 21 -23 -24 -25 -26
leaf_value=-0.061776342587274324 0.029841952822000573 -0.0019951498006848217 0.044034421635422205 0.01871909054315795 0.015572052695685942 0.059246676272986659 -0.017045078167533156 0.028266385333832456 -0.05485072566413101 0.031544975352130467 0.045443173438289908 -0.01782888978817285 0.03956353409974972 -0.054950460188744714 -0.041599328011170993 0.048555489048549116 0.020970541967081587 0.04625818637586001 -0.025449081658493269 -0.06418472655303227 -0.022407264530703571 0.055485640562149219 0.036357135602754796 0.061524357085902072 0.060372170135582937
leaf_weight=93.734137617982924 3.6261759065091601 83.805646908469498 20.537119843065739 128.44132570363581 70.128209933638573 536.10165517218411 240.63857180811465 194.08740072324872 1133.0172007796355 187.18620229605585 81.001282431185246 108.30446687527001 24.992902558296919 17.142150908708572 21.23225680552423 299.14165677130222 7.2745167128741732 13.219050064682962 11.792313907295464 34.102982322685421 11.296283274888994 9.9678492471575719 26.132942948490381 96.095068942755461 50.353880099952221
leaf_count=1581 18 727 50 812 217 904 1844 529 20893 768 176 1038 98 236 271 625 44 29 74 653 75 18 63 148 82
internal_value=-9.95018e-05 -0.0187226 -0.0388599 -0.0447004 0.0120785 0.0407012 0.0212135 0.00320308 -0.0512151 0.0441425 0.0289021 0.0134492 -0.0376114 0.00972896 0.00219214 0.0423506 -0.0556699 0.0563372 0.0127711 -0.0546106 0.0470371 0.0149582 0.0582492 0.0544655 0.0563175
internal_weight=3503.35 2405.79 1454.56 1362.41 951.23 1097.56 803.996 434.726 1216.82 1059.83 472.587 295.491 147.234 145.583 46.2252 369.27 101.009 587.246 25.0114 37.7292 92.1551 21.2641 562.235 177.096 70.891
internal_count=31973 28102 22893 22668 5209 3871 3215 2373 21620 3200 2130 1806 1994 1048 369 842 1625 1070 103 671 225 93 967 324 132
is_linear=0
shrinkage=0.05


Tree=13
num_leaves=28
num_cat=0
split_feature=34 31 16 24 36 22 2 17 24 29 31 6 40 43 30 30 0 22 30 30 41 0 1 2 17 1 2
split_gain=971.312 427.097 380.844 157.571 149.455 152.307 137.866 103.892 103.159 63.6908 51.9907 50.4472 36.4538 31.6567 31.1418 28.3216 41.4922 24.1978 22.139 24.2096 8.44913 7.91422 7.56186 7.42228 9.90021 6.54271 4.86984
threshold=0.25069467723369604 0.048042146489024169 0.98299238085746776 0.31193716824054724 0.00057490915060043346 1.0000000180025095e-35 0.12122971192002298 0.20833333581686023 0.23175768554210666 -0.41644935309886927 0.034772275015711791 0.46763075888156896 0.21514704078435901 0.031657576560974128 0.0044700899161398419 0.0040589666459709415 0.37640704214572912 1.0000000180025095e-35 0.0035854085581377153 0.004202695796266199 0.0020904915872961287 0.70140787959098827 0.58233982324600231 0.11095909401774408 0.42499999701976782 0.84790217876434337 0.13869901001453402
decision_type=2 2 2 2 2 2 2 2 2 2 2 2 2 2 2 2 2 2 2 2 2 2 2 2 2 2 2
left_child=1 2 6 18 5 -4 13 -8 -6 15 14 12 -5 -1 17 23 -17 -11 21 -20 22 -3 -12 24 -2 -25 -22
right_child=9 3 4 11 8 -7 7 -9 -10 10 20 -13 -14 -15 -16 16 -18 -19 19 -21 26 -23 -24 25 -26 -27 -28
leaf_value=-0.053579413803485326 -0.016422915129463114 0.055990151753448153 -0.052528267359027506 -0.052947897063049601 0.042759828239906886 0.037023597102795784 0.040022178622415236 -0.0023344931719640363 -0.03325625199782014 -0.0057521519708011414 -0.0042054319514532972 0.044261119387138601 0.042533467000106642 0.020091037305796547 -0.075244549007946304 0.062490195868636904 -0.066744533475523754 0.045505153612279178 0.041264991631428605 -0.05718582082978757 0.029079831274361936 0.023688895594255993 0.043846207628093145 0.05989268391886457 0.051196472025059274 0.040788063893440564 0.060738273870124683
leaf_weight=113.79958889493719 8.0622237436473387 251.97160174697638 1068.7124943197705 70.968183853197843 79.61479633487761 49.007237665355206 217.14697258919477 430.10054324381053 98.988338382914662 78.395163559354842 13.727210724726318 21.76982855796814 10.842679120600222 16.176989188417792 11.105359748005865 11.860490944236519 11.011690240353344 31.49388936907053 15.253407299518587 9.1434361115097982 18.014314504340291 22.721327630802989 18.713158387690783 499.25197594240308 13.361741490662096 59.527024738490582 72.71118375658989
leaf_count=1926 84 444 20486 1109 417 145 566 2813 1536 465 53 67 44 121 107 21 99 72 51 105 51 101 42 816 29 138 108
internal_value=-0.000246286 -0.0160587 -0.0252095 0.0310091 -0.0417913 -0.0485722 0.00246526 0.0119157 0.00067837 0.0459331 0.0242434 -0.0219834 -0.0399326 -0.0443269 0.000910567 0.0546597 8.12635e-05 0.00921594 0.0493735 0.00356879 0.0469729 0.053414 0.0239953 0.0568074 0.0261525 0.057934 0.0548378
internal_weight=3323.45 2476.22 2073.55 402.67 1296.32 1117.72 777.224 647.248 178.603 847.235 244.16 103.581 81.8109 129.977 120.994 603.075 22.8722 109.889 299.09 24.3968 123.166 274.693 32.4404 580.203 21.424 558.779 90.7255
internal_count=32016 29931 28010 1921 22584 20631 5426 3379 1953 2085 898 1220 1153 2047 644 1187 120 537 701 156 254 545 95 1067 113 954 159
is_linear=0
shrinkage=0.05


Tree=14
num_leaves=25
num_cat=0
split_feature=31 16 22 36 24 25 7 36 20 1 25 1 29 0 24 0 30 32 22 29 9 43 15 25
split_gain=823.004 527.938 217.217 167.238 157.129 122.35 84.7678 75.041 72.751 71.2673 50.4103 46.2672 39.5308 68.5145 39.028 35.4916 29.1689 13.1324 45.2465 12.6683 13.7339 4.46242 4.2349 2.00243
threshold=0.042120410129427917 0.9852886199951173 1.0000000180025095e-35 0.00031427810608875012 0.36721420288085943 -0.0023529540048912163 0.76798865199089061 0.00057490915060043346 0.95025146007537853 0.092415429651737227 -0.0009493312973063438 0.35227777063846594 -0.022818647325038906 0.12076077982783319 0.27589797973632818 0.74029171466827404 0.0030757313361391429 0.0024751146556809549 1.0000000180025095e-35 -0.011144007090479134 0.0033291158033534889 0.018254255875945095 7.2223225288325934e-05 7.864875806262718e-05
decision_type=2 2 2 2 2 2 2 2 2 2 2 2 2 2 2 2 2 2 2 2 2 2 2 2
left_child=1 3 5 8 12 14 -6 -7 11 21 -11 -1 17 22 -3 -15 -10 18 -2 -4 -21 -5 -14 -19
right_child=4 2 19 9 6 7 -8 -9 16 10 -12 -13 13 15 -16 -17 -18 23 -20 20 -22 -23 -24 -25
leaf_value=0.031238060553291397 -0.022398533144274702 0.058054693016390081 0.056611920010315966 -0.07135905550248163 0.055706682367041217 -0.052868314261897004 -0.065123701494466876 -0.011777499145592056 -0.022957521732424713 0.038935732302948715 0.012834033530324522 -0.020923692116564478 -0.078286982584984288 0.043889973658048975 -0.017155778019580049 -0.022145606875200303 -0.065572903025048465 0.059205947642855972 0.059107172887569476 -0.034401853464511682 0.040229930444857925 -0.0110911238736063 -0.010151309613992895 0.041874662187659069
leaf_weight=77.024560766294599 23.377125721424818 34.104493103921413 52.001355651766062 19.428480345290158 19.481692112982273 939.35617966856807 49.585601238068193 126.75212237704545 84.056511878967285 346.32480333838612 398.96144129242748 92.41587252356112 12.896918104961516 215.54945795424283 33.216613916680217 21.854572182521224 78.931399501860142 444.05244878306985 57.602616119198501 8.9747589640319365 15.319773890078066 4.0979063026607028 3.1191256158053866 28.805756728164852
leaf_count=390 216 83 100 331 37 19284 991 1647 1021 1270 2073 786 155 560 414 171 1293 791 103 59 43 57 34 86
internal_value=6.4889e-05 -0.0155815 -0.0383694 0.00946334 0.0412969 -0.0438711 -0.0307327 -0.0479985 -0.0201281 0.022268 0.0249991 0.00283226 0.04749 0.030927 0.0212375 0.0377436 -0.0438692 0.0549993 0.035592 0.0428729 0.0123898 -0.0617416 -0.0663939 0.0582408
internal_weight=3187.29 2310.97 1209.73 1101.24 876.325 1133.43 69.0673 1066.11 332.428 768.813 745.286 169.44 807.258 253.42 67.3211 237.404 162.988 553.838 80.9797 76.2959 24.2945 23.5264 16.016 472.858
internal_count=31995 28851 21630 7221 3144 21428 1028 20931 3490 3731 3343 1176 2116 920 497 731 2314 1196 319 202 102 388 189 877
is_linear=0
shrinkage=0.05


Tree=15
num_leaves=29
num_cat=0
split_feature=34 37 0 38 26 22 16 0 34 32 39 3 2 0 40 35 2 29 19 35 29 32 40 29 7 2 43 2
split_gain=751.516 362.608 306.615 183.44 153.941 131.961 153.171 100.849 68.316 67.6735 45.6241 33.2295 28.3373 27.4774 21.9343 25.2936 18.1818 14.2382 12.2752 10.9375 9.04908 8.43753 6.72883 6.43556 6.00505 2.45992 1.95049 1.46347
threshold=0.23387677967548373 0.030052864924073223 0.71085646748542797 0.0036782399984076623 -0.039413256570696824 1.0000000180025095e-35 0.83750316500663768 0.082508694380521788 0.35556218028068548 0.003028741455636919 0.0042887160088866958 0.0031112155411392455 0.11764355376362802 0.42501328885555273 0.17162900418043139 0.018459063023328785 0.12488645315170289 -0.0936918370425701 0.072978258132934584 0.014124762266874315 -0.24121094495058057 0.023359116166830066 0.23751655220985415 0.29769212007522589 0.67930427193641674 0.1670140624046326 0.0016077031614258888 0.11323481053113939
decision_type=2 2 2 2 2 2 2 2 2 2 2 2 2 2 2 2 2 2 2 2 2 2 2 2 2 2 2 2
left_child=1 3 4 5 9 6 -1 -6 10 -3 11 12 -2 16 24 -16 -5 27 -13 -15 -7 23 -19 26 -4 -25 -10 -12
right_child=8 2 14 13 7 20 -8 -9 21 -11 17 18 -14 19 15 -17 -18 22 -20 -21 -22 -23 -24 25 -26 -27 -28 -29
leaf_value=0.0095032730859897288 -0.0351349526236873 -0.048577407346344956 0.016243684593628897 -0.008506282566094793 -0.062353661785137765 0.05956271911814022 -0.052353595648063328 0.033711935974546685 0.038268973064820064 0.0089628833084703721 0.038833826859995361 -0.072219602117742074 0.023854640214957822 0.028453528711168082 0.043322783442112135 -0.05995463382298867 0.047833874727859917 -0.026062024612018942 0.022951277826034098 -0.031028838793702745 0.01260411011563818 0.026751576377446441 0.032283033782387463 0.014489384733019639 -0.062698825014839948 0.045909257362593221 0.059139651230238947 0.059923126606576886
leaf_weight=112.83335993532091 21.344657745212317 101.39446681272238 2.0743302628397933 17.427689274773002 27.624946986325085 27.341043796390295 865.27029683906585 647.58823968889192 19.010164549574256 101.47834430448711 17.468895874917507 13.43983741477132 241.77677664905787 9.9281818345189077 11.152428328990938 10.594160007312892 72.809202451258898 7.3036640156060484 3.8984347879886618 26.060843332670629 17.106494007632136 28.274688292294741 11.352963514626024 13.730066608637573 147.4676472870633 12.92860387265682 355.32137455977499 94.119011171162128
leaf_count=788 324 1975 12 202 583 46 17839 2897 42 767 63 147 894 57 40 197 219 75 20 332 80 78 25 66 3308 22 661 174
internal_value=0.000407323 -0.0149657 0.00628089 -0.0343625 0.0182289 -0.0413797 -0.0452154 0.0296952 0.0406077 -0.0198926 0.0259295 0.0144811 0.0189544 0.0223626 -0.054719 -0.00741415 0.0369788 0.0502834 -0.0507362 -0.014294 0.0421648 0.0545583 0.00927834 0.0564476 -0.0615032 0.030836 0.0581845 0.0569959
internal_weight=3038.12 2198.15 1049.37 1148.78 878.086 1022.55 978.104 675.213 839.969 202.873 410.704 280.46 263.121 126.226 171.289 21.7466 90.2369 130.245 17.3383 35.989 44.4475 429.265 18.6566 400.99 149.542 26.6587 374.332 111.588
internal_count=31933 29342 9779 19563 6222 18753 18627 3480 2591 2742 1722 1385 1218 810 3557 237 421 337 167 389 126 869 100 791 3320 88 703 237
is_linear=0
shrinkage=0.05


Tree=16
num_leaves=26
num_cat=0
split_feature=31 38 21 35 24 5 6 2 36 22 6 37 30 1 5 1 21 40 30 40 29 39 2 19 10
split_gain=656.19 415.651 277.99 177.408 113.859 102.453 99.4823 83.5388 77.7427 77.3535 65.4587 58.3244 46.6724 41.4872 36.1719 34.9432 34.0303 29.0014 18.1693 14.9504 14.7558 10.7459 7.53718 6.94971 2.10331
threshold=0.043609214946627624 0.0034460022579878573 0.8859442174434663 0.10646334290504457 0.36721420288085943 0.0031799726421013479 0.11719202250242235 0.12199999764561655 0.00016554359172005209 1.0000000180025095e-35 0.62814128398895275 0.067676059901714339 0.0044700899161398419 0.79874795675277721 0.0038731930544599895 0.10890023410320283 0.90563252568244945 0.28627975285053259 0.0044841971248388299 0.26797817647457128 0.5092851221561433 0.0067280572839081296 0.14103233069181445 0.0095036625862121599 0.0015755250351503494
decision_type=2 2 2 2 2 2 2 2 2 2 2 2 2 2 2 2 2 2 2 2 2 2 2 2 2
left_child=1 2 3 9 14 6 -4 17 -5 -1 -6 -7 13 -9 15 19 -14 21 22 -2 -17 -3 -16 -19 -20
right_child=4 7 5 8 10 11 -8 12 -10 -11 -12 -13 16 -15 18 20 -18 23 24 -21 -22 -23 -24 -25 -26
leaf_value=-0.048076858788782012 -0.069298691477919436 -0.061535196370455125 -0.034058920077649976 -0.040214568653930811 -0.062251740784284061 -0.054453566587575733 0.024174032604706575 0.042641723135555518 0.034414622651151451 0.049816246185194563 0.054007141660649731 0.033222313153260352 -0.055427442805986153 -0.01068423802286695 -0.015489988257871857 0.052858431906004338 0.021191343657183226 0.055173189870682593 -0.068511666692329928 0.032141062755729755 0.021146460150576474 0.02450058161756177 0.032662051773510462 -0.0092991018370298714 -0.013074017286350754
leaf_weight=157.73516853200272 7.9717203211039287 37.607088375836611 308.37917808722705 38.702425601426512 39.403753116726875 675.44752987520769 95.33769862446934 375.99134769383818 295.54555982910097 22.293018691241741 16.402349498122931 18.887971524149179 23.47488721460104 39.985828824341297 10.526187943294643 597.10395896248519 34.635569348931313 7.8835170567035657 6.5718158073723298 5.3260217905044556 41.006820170208812 3.4771468453109255 28.509630288928747 7.4259577989578247 2.9288940448313951
leaf_count=3227 122 732 4939 516 916 15378 791 1144 1346 59 35 122 260 213 62 1436 225 18 81 14 190 26 85 72 32
internal_value=0.000573135 -0.0135566 -0.0261848 0.00414879 0.0406006 -0.0403825 -0.0202815 0.0248024 0.0256792 -0.0357465 -0.0277321 -0.0520242 0.0316494 0.0375024 0.0460805 0.0491789 -0.0101744 -0.0323071 0.00434387 -0.0292636 0.0508568 -0.0538444 0.019615 0.0252478 -0.0542939
internal_weight=2898.56 2142.81 1612.33 514.276 755.751 1098.05 403.717 530.481 334.248 180.028 55.8061 694.336 474.088 415.977 699.945 651.409 58.1105 56.3937 48.5365 13.2977 638.111 41.0842 39.0358 15.3095 9.50071
internal_count=32041 29068 26378 5148 2973 21230 5730 2690 1862 3286 951 15500 1842 1357 2022 1762 485 848 260 136 1626 758 147 90 113
is_linear=0
shrinkage=0.05


Tree=17
num_leaves=28
num_cat=0
split_feature=34 43 16 2 22 25 37 2 29 5 31 36 3 29 1 19 5 0 44 42 1 0 2 29 6 2 39
split_gain=622.263 302.001 279.153 125.219 109.475 100.278 63.6439 48.8689 48.1164 42.7661 37.7777 31.305 27.9539 17.8266 16.5553 15.057 14.3087 19.1864 13.4066 11.0783 23.3498 10.1745 8.82965 13.0038 5.54652 2.70742 1.34834
threshold=0.25069467723369604 0.025021528825163845 0.98507279157638561 0.11981283873319627 1.0000000180025095e-35 -0.0008697205630596726 0.03736959025263787 0.10669768974184991 -0.50950810313224781 0.0036431216867640619 0.034772275015711791 0.00060847192071378242 0.0015745374257676306 -0.14597245305776593 0.78859341144561779 0.010397732257843019 0.0040494154673069724 0.41834877431392675 0.058454584330320365 0.84375000000000011 0.48952150344848638 0.16945925354957583 0.16002421826124194 0.28405031561851507 -0.10649863630533217 0.16174234449863437 0.001207984460052103
decision_type=2 2 2 2 2 2 2 2 2 2 2 2 2 2 2 2 2 2 2 2 2 2 2 2 2 2 2
left_child=1 2 3 15 6 -5 -4 18 16 21 12 -11 14 -6 -10 -1 19 -18 -3 20 -2 -9 23 -12 -21 -14 -19
right_child=8 7 4 5 13 -7 -8 9 10 11 22 -13 25 -15 -16 -17 17 26 -20 24 -22 -23 -24 -25 -26 -27 -28
leaf_value=-0.0096660989891459385 0.055918524090115586 -0.057415377272685246 -0.049440025039882055 0.034192342149677049 0.054065815224506125 -0.0059777404875030896 -0.020055893515634589 0.0085784802402461297 0.018839375626262714 -0.046827967246336102 0.044226813146014156 0.036017277008814769 -0.066374002152897141 -0.0098591484557802936 -0.047536210555739901 -0.054693827254404317 0.047113320919330362 -0.06241929226398743 0.044137472125128613 0.030236187555882605 -0.024187129547983494 0.056058468260972827 0.059632325994861346 -0.0068336555755858872 0.056364669903628817 -0.0099188006262333588 -0.0163420075467074
leaf_weight=23.701188299804926 22.306584857404232 15.833565937355162 733.42328020720743 258.84725722298026 33.47751010209322 385.76388105284423 248.65777903003618 12.45927434042096 88.185140093788505 19.850512825883925 42.194403421133757 24.167775439098477 13.191724015399815 15.552447590976952 9.5403169356286508 93.676516307517886 12.340111132711174 4.7324489392340165 3.2433758080005637 25.442173050716519 14.177293844521044 179.30304916296154 46.168632686138153 17.189178260043263 372.70334159815684 2.9570279084146014 3.4870578330010176
leaf_count=325 49 420 17788 918 77 3171 4065 108 425 393 115 79 190 99 59 2003 32 57 8 76 66 449 83 84 834 27 32
internal_value=-0.000474749 -0.0141957 -0.0214371 0.00151487 -0.0383836 0.0101808 -0.0420281 0.036637 0.041138 0.0428796 0.0217613 -0.00155298 0.00172306 0.0339969 0.0119437 -0.0457602 0.0504105 0.00915387 -0.0388114 0.0523366 0.0249754 0.0530341 0.0431603 0.0295784 0.054775 -0.0572176 -0.0467642
internal_weight=2722.57 2047.96 1793.1 761.989 1031.11 644.611 982.081 254.858 674.615 235.781 219.426 44.0183 113.874 49.03 97.7255 117.378 455.189 20.5596 19.0769 434.629 36.4839 191.762 105.552 59.3836 398.146 16.1488 8.21951
internal_count=32032 29903 28446 6417 22029 4089 21853 1457 2129 1029 983 472 701 176 484 2328 1146 121 428 1025 115 557 282 199 910 217 89
is_linear=0
shrinkage=0.05


Tree=18
num_leaves=24
num_cat=0
split_feature=31 38 20 5 24 0 1 2 2 30 24 29 35 6 37 1 5 22 40 9 39 13 31
split_gain=541.047 344.751 188.21 115.044 116.981 114.559 82.019 67.5678 51.4167 42.8987 42.7782 42.1666 37.7336 33.4671 33.149 31.3867 31.0751 25.9194 19.382 10.5709 8.14971 3.21832 1.14443
threshold=0.033558145165443427 0.0034460022579878573 0.96859836578369152 0.0031799726421013479 0.30491694808006292 0.90531975030899059 0.25467909872531896 0.12199999764561655 0.10669768974184991 0.004454393172636629 0.23265603184700015 0.97532781958580028 0.029181584715843204 -0.48620580136775965 0.045287437736988075 0.80577921867370617 0.0038731930544599895 1.0000000180025095e-35 0.29660856723785406 0.087750360369682326 0.0067280572839081296 0.50267839431762706 0.036094171926379211
decision_type=2 2 2 2 2 2 2 2 2 2 2 2 2 2 2 2 2 2 2 2 2 2 2
left_child=1 2 6 4 -4 8 10 18 17 15 -1 16 -11 -8 -5 -9 -10 21 20 -13 -3 -2 -7
right_child=5 7 3 14 -6 22 13 9 11 12 -12 19 -14 -15 -16 -17 -18 -19 -20 -21 -22 -23 -24
leaf_value=0.045790826690194027 -0.06082977201256267 -0.05643575570594659 0.0045520114409611347 -0.054825394798026589 -0.047911790538203908 -0.009615535384120728 0.037206050865355084 0.040695796074525073 0.04725114972090505 0.031153647261266265 -0.0088842335524161303 -0.040225421139416941 -0.052790251852110108 -0.030767577912559709 -0.014979999594528132 -0.0099963896015556938 0.010950707591981156 0.047203010605509736 0.025265377464103435 0.030921084350288803 0.020259434377318242 0.0057020105269370066 -0.059434054743122446
leaf_weight=121.31679778825492 18.837366776540883 34.075287160463631 251.5889902128838 566.701687741559 182.73218392534181 1.6405457444489027 20.282295238226652 318.98580118361861 625.86467603780329 24.825886158272624 50.158146475441754 18.577186364680532 26.891798440366983 124.84646041318774 58.483507999219 33.368273548781872 65.853506272658706 7.8263362012803546 10.614191643893717 6.2876699436455956 3.3440885525196782 1.8215401489287604 29.854792660102248
leaf_count=313 442 733 2659 15638 4206 29 52 1045 1895 101 460 202 383 1247 926 202 385 23 57 29 28 21 824
internal_value=-1.26355e-05 -0.0148642 -0.0273053 -0.0374054 -0.0175805 0.0349255 0.00650599 0.0229806 0.0388919 0.0296507 0.029839 0.0415144 -0.0126683 -0.0210784 -0.0511279 0.0358805 0.043816 -0.0262499 -0.032591 -0.0217344 -0.0492328 -0.0549711 -0.0572148
internal_weight=2604.78 1828.22 1376.11 1059.51 434.321 776.564 316.604 452.105 745.068 404.072 171.475 716.583 51.7177 145.129 625.185 352.354 691.718 28.4852 48.0336 24.8649 37.4194 20.6589 31.4953
internal_count=31900 28050 25501 23429 6865 3850 2072 2549 2997 1731 773 2511 484 1299 16564 1247 2280 486 818 231 761 463 853
is_linear=0
shrinkage=0.05


Tree=19
num_leaves=28
num_cat=0
split_feature=32 37 24 5 34 6 20 22 36 42 19 0 2 5 29 38 6 2 24 25 2 29 22 32 26 2 3
split_gain=481.922 282.359 249.117 151.179 105.322 94.2061 91.9817 78.6159 62.6548 57.4823 47.2608 73.3019 63.6377 35.104 35.0069 33.6976 25.5933 21.8394 25.0929 20.6912 18.8167 9.78661 17.8284 7.05806 6.31666 1.94353 1.45779
threshold=0.0028798455605283384 0.029798674397170547 0.27589797973632818 0.003499650396406651 0.30098859965801245 0.49194628000259405 0.93615138530731212 1.0000000180025095e-35 0.00086196776828728627 0.96875000000000011 0.02796047925949097 0.454249918460846 0.12488645315170289 0.0031655923230573539 0.87620094418525707 0.024455360136926178 0.065936584025621428 0.12249197438359262 0.070523668080568327 -0.00017852082964964208 0.10669768974184991 -0.58186009526252735 1.0000000180025095e-35 0.02007418125867844 0.7262084186077119 0.12903869897127154 0.0028033189009875063
decision_type=2 2 2 2 2 2 2 2 2 2 2 2 2 2 2 2 2 2 2 2 2 2 2 2 2 2 2
left_child=1 6 3 9 10 16 17 13 -5 -3 15 12 -12 -8 21 20 -4 -1 -19 -13 -2 23 -23 -6 -9 -7 -17
right_child=4 2 5 8 14 25 7 24 -10 -11 11 19 -14 -15 -16 26 -18 18 -20 -21 -22 22 -24 -25 -26 -27 -28
leaf_value=-0.058485181802683556 -0.022162640944396086 -0.019589651388269295 -0.06061876697573243 -0.036155911740464362 0.055621506605218612 0.021396597700342548 -0.03152210362338384 0.0098566234026207858 0.031877911238382364 0.052992333212773184 -0.058932083764801683 -0.010205367006933964 0.024279890599347626 -0.055519384024780793 -0.026124841855872383 -0.056870582053367071 -0.026213715558332081 -0.065360086135846776 0.026533115071470534 -0.058776136420855635 0.042074919350288564 0.016547098539809454 0.054359949914227004 0.024083029165375223 0.058183008006177664 0.053283360578612285 -0.0043991911278426906
leaf_weight=9.6025446942076069 11.630958862602709 29.580463414080441 125.75410982128233 103.17280841665342 281.06578556261957 8.4224086981266755 240.76145175890997 12.33987780287862 49.218194901943207 291.19512702571228 24.744414590299129 39.880116085521877 215.72969196923077 440.69463623547927 15.721038132905958 9.1811364162713271 98.707255289424211 7.2755756806582204 75.293601389974356 49.103146626148373 166.21690193749964 61.60683624073863 64.802248949185014 21.231130177155137 15.377518460154532 23.031012121587992 1.724501872435211
leaf_count=228 240 207 3287 1739 703 72 4385 61 169 901 513 497 1158 13110 69 213 1718 59 308 866 741 280 159 72 31 61 29
internal_value=0.000263212 -0.0171681 0.00534751 0.0268248 0.027965 -0.0343122 -0.0376344 -0.0437345 -0.0141182 0.0462591 0.0126108 0.0011588 0.0155089 -0.0470997 0.0457998 0.032488 -0.0456725 0.00926593 0.0177507 -0.0373632 0.0377735 0.048492 0.036206 0.0534932 0.0377604 0.0456673 -0.0496397
internal_weight=2493.06 1530.43 729.081 473.167 962.638 255.915 801.345 709.173 152.391 320.776 518.211 329.457 240.474 681.456 444.427 188.753 224.461 92.1717 82.5692 88.9833 177.848 428.706 126.409 302.297 27.7174 31.4534 10.9056
internal_count=31876 26336 8154 3016 5540 5138 18182 17587 1908 1108 4257 3034 1671 17495 1283 1223 5005 595 367 1363 981 1214 439 775 92 133 242
is_linear=0
shrinkage=0.05


Tree=20
num_leaves=28
num_cat=0
split_feature=40 37 24 38 25 20 6 34 22 26 22 38 39 36 24 1 4 25 6 1 24 37 31 31 19 39 24
split_gain=420.727 204.624 212.63 146.947 127.657 88.1861 79.701 73.7313 64.9931 55.5414 46.8275 43.4666 41.0494 43.9484 37.0763 32.5662 16.075 12.5588 10.818 10.1817 10.1081 6.83826 8.45789 3.14852 2.33884 1.75555 1.47068
threshold=0.17569567263126376 0.030052864924073223 0.30080968141555792 0.0039043368306010966 -0.00015217455802485344 0.93615138530731212 0.49194628000259405 0.35556218028068548 1.0000000180025095e-35 -0.06223934888839721 1.0000000180025095e-35 0.0061127783264964828 0.0048411139287054547 0.00044691609218716627 0.11435057595372201 0.31862467527389532 -0.00016071528079919514 -1.0000000180025095e-35 1.0000000180025095e-35 0.28040979802608496 0.074961412698030486 0.025121258571743969 0.010567584540694954 -0.014659733045846222 1.0654287636280062 0.00079736177576705824 0.35109464824199682
decision_type=2 2 2 2 2 2 2 2 2 2 2 2 2 2 2 2 2 2 2 2 2 2 2 2 2 2 2
left_child=1 3 4 5 9 15 11 10 -7 -3 12 -4 13 -2 -6 -1 23 25 -18 -14 -9 22 -22 -5 -8 -12 -23
right_child=7 2 6 16 14 8 24 20 -10 -11 17 -13 19 -15 -16 -17 18 -19 -20 -21 21 26 -24 -25 -26 -27 -28
leaf_value=0.032363131818972483 -0.021585721902893904 -0.038880667306298272 -0.050652925540993689 0.01486123341382157 -0.058138434101676364 -0.047470951869318066 0.018171100070471749 0.0071237033729213712 0.031021782560173419 0.047875635508576049 0.038162171365005729 0.030322881915399582 -0.0053389517297521118 0.018172174391974657 0.00092778896635425088 -0.027682184034005072 -0.057179771923898774 0.0066147903979200066 0.020548566584133964 0.051708056460074849 0.0060880080689686275 0.056839067925210242 0.05178194792171617 0.050732426593154738 0.050940660061839262 0.057511261832722628 0.037866513567032488
leaf_weight=54.406397900544107 123.1449166610837 18.945142397657037 201.13686868152581 8.0851308554410917 30.243522772565484 641.78891727374867 9.348370751366021 13.333948850631712 26.846281813457608 295.47560093970969 24.978037346154451 17.403285371139646 8.8238274324685317 156.93767635896802 177.33493494987488 37.165134576149285 6.0034802593290832 17.562533628195524 11.479250278323887 57.527503943070769 18.296035375446081 224.90047017112374 22.542759995907545 51.722843045368791 20.748142622411251 71.660155735909939 19.428093841299415
leaf_count=251 1684 361 4918 56 516 17526 80 44 101 922 67 126 119 982 2141 397 121 74 83 179 73 565 52 167 52 169 79
internal_value=0.000272082 -0.0142095 0.00438368 -0.0313031 0.0225 -0.0379835 -0.0335883 0.0309278 -0.0442778 0.0425415 0.01832 -0.0440957 0.00910737 0.000677073 -0.00791545 0.00795742 0.0340493 0.0459454 -0.0077925 0.0441549 0.0502575 0.0522424 0.0319456 0.0462073 0.0416737 0.0529522 0.0554909
internal_weight=2367.27 1608.13 770.636 837.497 521.999 760.207 248.637 759.136 668.635 314.421 460.635 218.54 346.434 280.083 207.578 91.5715 77.2907 114.201 17.4827 66.3513 298.501 285.167 40.8388 59.808 30.0965 96.6382 244.329
internal_count=31905 27818 9116 18702 3940 18275 5176 4087 17627 1283 3274 5044 2964 2666 2657 648 427 310 204 298 813 769 125 223 132 236 644
is_linear=0
shrinkage=0.05


Tree=21
num_leaves=25
num_cat=0
split_feature=31 16 22 24 36 36 7 24 24 25 7 24 40 1 0 5 32 29 5 5 4 30 29 30
split_gain=394.994 223.45 125.021 88.7684 80.9175 65.0892 58.2783 55.0465 54.9663 53.0248 45.1192 46.6622 75.9152 40.8141 32.1284 30.0979 26.9563 10.6241 15.8292 9.63142 10.8518 7.82947 7.67054 2.87629
threshold=0.031328799203038223 0.97945997118949901 1.0000000180025095e-35 0.36609348654747015 0.0005615799454972149 0.00020061244867974895 0.76798865199089061 0.10714414715766908 0.23175768554210666 -0.0024512271629646416 0.89787140488624584 0.22558574378490451 0.18403173983097079 0.092415429651737227 0.59804528951644909 0.0034306545276194815 0.0063436534255743035 -0.29410320520400995 0.0031655923230573539 0.0039616876747459182 0.0014487667940557005 0.0033460421254858379 -1.2938903570175169 0.0032924260012805466
decision_type=2 2 2 2 2 2 2 2 2 2 2 2 2 2 2 2 2 2 2 2 2 2 2 2
left_child=1 5 4 10 9 16 -5 14 -6 -3 19 15 -13 -9 -7 -12 21 -4 -19 23 -21 -1 -18 -2
right_child=3 2 17 6 8 7 -8 13 -10 -11 11 12 -14 -15 -16 -17 22 18 -20 20 -22 -23 -24 -25
leaf_value=-0.031070694846412967 0.054592425812110927 0.016225597841867546 0.05601846088605731 0.051575727705440222 0.03049100133775496 -0.048910414080834352 -0.059213720687986172 -0.051758762387857371 -0.032412469133010893 -0.045853687662423058 0.053245325860428273 -0.036547923284486736 0.036542387889957111 0.022156810067449437 0.053347876869828725 0.0071084966865801198 0.044054150774583453 0.039038197335714252 -0.040985391823009226 -0.031384522353941471 0.048540917236685036 -0.065958607029222821 -0.016270274140319476 0.029991478901330609
leaf_weight=51.95491623878479 262.23555126320571 35.807424039579928 34.475960917770863 15.694328017532824 69.268771642819047 46.8412093995139 40.842233498580754 18.490639224648476 67.664429019205272 660.9672753077466 129.93903225846589 65.905794406775385 74.751429075375199 488.48539193766192 8.294678643345831 48.888597848825157 12.312559060752394 18.015806145966057 8.2141026854515058 7.0978449918329707 8.0153602771460992 25.352123778313398 8.0314572229981405 16.657459512352943
leaf_count=841 740 355 83 44 506 514 1216 368 1647 20010 319 958 297 2667 19 354 56 63 86 54 30 465 97 70
internal_value=-0.000594266 -0.0144285 -0.030698 0.0314689 -0.0357484 0.00764052 -0.0280971 0.0141935 -0.000601874 -0.0426447 0.036995 0.0238682 0.00227924 0.0193643 -0.0328503 0.0407419 -0.0298422 0.0381164 0.0133933 0.0511301 0.0113861 -0.0432081 0.0205926 0.0532355
internal_weight=2224.2 1554.18 894.414 670.028 833.708 659.763 56.5366 562.112 136.933 696.775 613.491 319.485 140.657 506.976 55.1359 178.828 97.6511 60.7059 26.2299 294.006 15.1132 77.307 20.344 278.893
internal_count=31859 27777 22750 4082 22518 5027 1260 3568 2153 20365 2822 1928 1255 3035 533 673 1459 232 149 894 84 1306 153 810
is_linear=0
shrinkage=0.05


Tree=22
num_leaves=23
num_cat=0
split_feature=22 16 37 2 25 0 0 17 2 1 31 40 0 29 3 17 34 9 17 0 39 25
split_gain=363.708 237.545 131.724 103.926 85.2933 63.8531 52.6384 50.6109 44.6521 40.0537 31.2603 29.6148 29.335 26.7744 15.3025 12.9625 6.07152 5.97273 3.89971 4.46553 3.26594 0.438611
threshold=1.0000000180025095e-35 0.98507279157638561 0.036046793684363372 0.1087399832904339 -0.00059120162040926505 0.7199884057044984 0.40783654153347021 0.30833333730697637 0.11605701968073846 0.90970960259437572 0.00046990248665679252 0.28135474026203161 0.23390356451272967 -0.011144007090479134 0.00051050438196398329 0.47499999403953558 0.23387677967548373 0.19937840849161151 0.10833333432674409 0.32055780291557318 0.00094877701485529553 -8.8721630163490759e-05
decision_type=2 2 2 2 2 2 2 2 2 2 2 2 2 2 2 2 2 2 2 2 2 2
left_child=1 3 7 17 9 8 -6 10 -4 -5 -3 -7 -9 18 15 -15 -16 -1 19 -2 -17 -20
right_child=13 2 5 4 6 11 -8 12 -10 -11 -12 -13 -14 14 16 20 -18 -19 21 -21 -22 -23
leaf_value=-0.059383645464699299 0.057868368356936706 -0.037588991680574738 -0.040863435441510609 0.030627169238481706 0.015359948734437726 -0.054487807758824995 -0.020510275646392337 -0.028940496575413002 0.020111040395931815 -0.070165402265451579 0.032818895391049915 0.051200080581724941 -0.05524610643648812 -0.020505509254320976 -0.070747551857877636 0.01934222946801583 0.0039081086442132977 0.0041269139731897634 0.056347270953595097 0.017144463668557295 0.053602685956323073 0.042100102168722314
leaf_weight=54.667758203111589 10.980073198676111 27.920536700636148 34.299978999886662 431.21992174908519 195.34692025091499 61.295678623951972 212.51074657635763 157.3224686961621 201.42251676879823 9.1694032177329046 33.657074705697596 6.6279904041439286 350.85990121588111 10.279674869030712 5.3269410487264377 12.49331336840987 4.606896661221981 3.8312723273411384 234.88253894913942 18.344786314293742 21.302641030400991 21.360925368964672
leaf_count=1787 24 458 936 2119 1272 1957 2500 4482 2040 124 289 20 12664 63 61 65 25 55 684 71 59 71
internal_value=-0.000195073 -0.00924729 -0.0278427 0.00867537 0.0131421 -0.00123209 -0.00333438 -0.0419975 0.0111035 0.0283743 0.000804011 -0.0435816 -0.0471753 0.0471467 0.0145334 0.0271805 -0.0389345 -0.0552247 0.0532427 0.0337981 0.0418575 0.0553279
internal_weight=2119.73 1780.15 873.406 906.746 848.247 303.646 407.858 569.76 235.722 440.389 61.5776 67.9237 508.182 339.578 54.0095 44.0756 9.93384 58.499 285.568 29.3249 33.796 256.243
internal_count=31826 30703 22846 7857 6015 4953 3772 17893 2976 2243 747 1977 17146 1123 273 187 86 1842 850 95 124 755
is_linear=0
shrinkage=0.05


Tree=23
num_leaves=28
num_cat=0
split_feature=32 34 37 0 22 34 24 9 38 16 2 3 24 0 40 1 36 29 17 17 29 41 39 35 29 40 35
split_gain=333.619 193.079 166.278 132.667 85.0016 76.7142 56.8188 41.915 49.0615 39.6123 36.9065 33.4947 33.1691 32.4778 25.8636 17.8822 13.8115 11.7243 10.8889 10.6692 9.55391 8.56182 5.80593 5.68883 1.51837 0.94762 0.638774
threshold=0.0027532156091183428 0.055795753374695785 0.023369941860437397 0.71085646748542797 1.0000000180025095e-35 0.35556218028068548 0.30080968141555792 0.048724573105573661 0.0058516415301710376 0.73265993595123302 0.12552835792303088 0.00092972852871753286 0.37059721350669866 0.33964709937572485 0.16783888638019565 0.33192814886569982 3.8753289118176333e-05 0.82295042276382457 0.79166665673255932 0.10833333432674409 -0.011144007090479134 0.0014536906383000316 0.00031364778988063341 0.035930125042796142 0.32181531190872198 0.25220672786235815 0.059041474014520652
decision_type=2 2 2 2 2 2 2 2 2 2 2 2 2 2 2 2 2 2 2 2 2 2 2 2 2 2 2
left_child=1 2 9 6 14 7 -4 8 11 15 -10 -2 17 -11 16 -1 -3 -9 -16 21 -6 23 -21 -7 -24 -14 -23
right_child=5 4 3 -5 20 19 -8 12 10 13 -12 -13 25 -15 18 -17 -18 -19 -20 22 -22 26 24 -25 -26 -27 -28
leaf_value=0.029983782198470393 0.001362168698300661 0.0013179147263231946 0.031239799124954917 -0.060647263762660955 0.053564064289707752 0.029871704114983862 -0.016481437300959408 0.044699946127501909 -0.031912804155632267 -0.018603698422243745 0.030238229989358559 -0.044352733813452894 -0.058384361749225094 -0.056718967656236186 0.0080481820379883409 -0.03718842977365841 -0.055045335362517524 -0.0054819958306856278 -0.043583372301908799 0.023074756135211549 -0.0035347826305962742 0.03301204578148724 0.056187481110392894 -0.018562946018504813 0.034742306376331099 -0.0082425093430824586 0.055006672039123489
leaf_weight=31.932921945117414 119.06638172641397 11.163748836144803 389.80680511612445 50.937432155013084 21.162702552974228 9.7373953890055436 73.567868677899241 143.84015111532062 26.795292534399778 96.745660114567727 175.27803108841181 59.347580500412732 7.9489574329927546 135.98495580861345 26.448614445514977 13.215296034701167 354.88429945660755 12.433079286012797 15.384836171753703 17.887833008542657 10.767205048352478 15.620954921469094 178.13426791504025 12.939163520932196 15.046982016414402 1.4591169636696575 11.597945578396319
leaf_count=177 1540 253 2083 1513 68 46 1192 634 553 2144 777 1101 227 3921 338 185 13575 117 507 79 62 66 560 45 52 26 28
internal_value=-3.4535e-05 -0.0163996 -0.00163818 0.0151944 -0.042924 0.0249344 0.0236441 0.0142337 0.00505988 -0.0327356 0.0218803 -0.0140069 0.0351447 -0.0410219 -0.0490776 0.00994207 -0.0533275 0.040698 -0.0115142 0.04719 0.0347869 0.0256144 0.0521455 0.0026183 0.0547046 -0.0521469 0.0440011
internal_weight=2039.14 1232 792.191 514.312 439.811 807.133 463.375 546.169 380.487 277.879 202.073 178.414 165.681 232.731 407.881 45.1482 366.048 156.273 41.8335 260.965 31.9299 49.8955 211.069 22.6766 193.181 9.40807 27.2189
internal_count=31869 26018 11215 4788 14803 5851 3275 4975 3971 6427 1330 2641 1004 6065 14673 362 13828 751 845 876 130 185 691 91 612 253 94
is_linear=0
shrinkage=0.05


Tree=24
num_leaves=28
num_cat=0
split_feature=34 0 9 25 2 38 29 30 0 38 2 22 19 5 0 37 17 30 34 24 2 6 22 28 29 31 30
split_gain=286.82 184.327 147.685 103.377 92.8584 54.0911 39.4255 38.5089 46.8827 25.5631 25.2486 24.2229 18.615 15.4018 13.8501 12.7881 10.2738 9.2682 7.28669 7.24848 7.08131 5.90011 9.75172 4.77358 2.18962 1.75581 0.243544
threshold=0.25069467723369604 0.71085646748542797 0.029286806471645836 -0.00076010558404959727 0.11722170934081079 0.0063733584247529515 -0.39569383859634394 0.0043938604649156341 0.13178705424070361 0.0025353941600769763 0.16486076265573504 1.0000000180025095e-35 0.045312017202377326 0.0040494154673069724 0.3938301950693131 0.0022826624335721139 0.82499998807907116 0.0052444676402956256 0.35556218028068548 0.37844021618366247 0.11981283873319627 -0.46536426246166224 1.0000000180025095e-35 2.4964087009429936 1.5763146877288821 0.034772275015711791 0.0032256916165351872
decision_type=2 2 2 2 2 2 2 2 2 2 2 2 2 2 2 2 2 2 2 2 2 2 2 2 2 2 2
left_child=1 2 3 4 -1 -5 13 8 -4 21 11 12 -8 15 -15 -2 20 -9 -13 -17 -11 22 -3 -16 -23 -12 -18
right_child=6 9 7 5 -6 -7 10 17 -10 16 25 18 -14 14 23 19 26 -19 -20 -21 -22 24 -24 -25 -26 -27 -28
leaf_value=-0.047377871018220559 -0.008522531566977196 -0.0440015817415206 -0.014458688272096142 -0.031372713173488179 0.022984030326124651 0.02135959038711931 0.0079678226807228109 -0.05339013708512496 0.036536833314806651 -0.042332432511623025 0.029942283352622914 0.0037484750183668196 -0.045014425867832469 0.040730737554422573 -0.064084290504587221 0.050849125894447525 -0.016654764938780944 0.016308838394169932 0.049532626277640407 0.010705102590791084 0.022428609963545499 -0.059272711968371222 0.04987775055648612 0.0075432739988639313 -0.026690015879677093 0.056052584163235802 -0.05575185162112295
leaf_weight=56.989899801556021 9.674506835639475 9.5942466009873879 53.129399195779115 524.63120206748135 244.49198814411648 52.895519968122244 31.99235194735229 17.999600626993928 279.70401577977464 4.3650841265916851 15.105315083637832 14.560135651379822 32.846950152888894 9.4921548832207936 6.0414009355008584 269.3154846355319 1.5626393682323376 5.8428759193047872 21.219982851296663 12.367034574970601 19.231584000401199 198.67844594619237 2.8255568742752066 3.1854105480015278 7.693434042390435 22.415239199995995 7.3080702018924057
leaf_count=1637 35 340 910 14127 1813 394 276 521 1588 157 57 65 363 30 81 931 35 49 67 112 139 7698 6 28 255 61 175
internal_value=-0.000515337 -0.0110863 -0.00313235 -0.0141411 0.00957068 -0.0265144 0.0345002 0.0239619 0.0283776 -0.0500362 0.0121671 -0.00100161 -0.0191485 0.0443786 0.00038956 0.0471938 -0.00834309 -0.0363407 0.03151 0.0491307 0.00921463 -0.0561571 -0.0205184 -0.0410364 -0.0581926 0.0465911 -0.0512497
internal_weight=1935.16 1486.94 1235.68 879.009 301.482 577.527 448.216 356.676 332.833 251.259 138.14 100.619 64.8393 310.076 18.719 291.357 32.4674 23.8425 35.7801 281.683 23.5967 218.792 12.4198 9.22681 206.372 37.5206 8.87071
internal_count=31950 29844 21039 17971 3450 14521 2106 3068 2498 8805 889 771 639 1217 139 1078 506 570 132 1043 296 8299 346 109 7953 118 210
is_linear=0
shrinkage=0.05


Tree=25
num_leaves=22
num_cat=0
split_feature=32 40 24 5 22 1 7 34 7 43 2 0 43 4 2 37 17 31 29 32 29
split_gain=269.155 163.208 146.088 118.253 89.4543 81.182 65.8544 61.3441 48.3763 35.4218 39.101 32.8724 28.7731 19.8056 19.5245 15.1697 11.3919 9.93199 6.0075 5.6199 2.24546
threshold=0.002913884818553925 1.0000000180025095e-35 0.28098160028457647 0.003499650396406651 1.0000000180025095e-35 0.31862467527389532 0.87377294898033153 0.35556218028068548 0.96815675497055065 0.038500366732478149 0.11605701968073846 0.42501328885555273 0.049235926941037185 -0.0009934114641509948 0.13773247599601748 0.068927604705095305 0.058333335444331176 0.072040308266878142 -0.12457648664712904 0.02007418125867844 0.33356796205043798
decision_type=2 2 2 2 2 2 2 2 2 2 2 2 2 2 2 2 2 2 2 2 2
left_child=1 2 3 8 12 -5 13 9 -1 10 17 -12 14 -4 -3 -8 -9 -2 -6 20 -18
right_child=7 4 6 5 18 -7 15 16 -10 -11 11 -13 -14 -15 -16 -17 19 -19 -20 -21 -22
leaf_value=0.05629219912033926 -0.054210941837367077 -0.055587815743023572 0.052378629388331654 0.012153097466056598 0.055952611663078904 -0.054624835290612454 -0.055929413952899736 0.0077153338510131788 0.016908054519882868 0.052036083785934585 0.024586003247942544 -0.0059208367848917363 0.044927022265321984 -0.03491928993940021 -0.033156288160554125 -0.0029069870124049492 0.05363858902402701 0.0076306339941116692 0.010887687561701505 0.015429536555680308 0.030553895597037722
leaf_weight=126.57407719781622 27.067488801665604 234.63467942923307 22.473932818509642 100.43070420133881 21.014011146500707 81.793611281784251 138.52505518414546 17.936120808124542 203.97386225312948 54.928364725783467 258.98497263714671 133.22023352165706 8.1210579732432944 8.1852185949683172 176.4229900566861 15.058403591625391 175.04361057467759 8.1515730479732138 12.003912426531313 12.297972097992895 16.064029486849904
leaf_count=431 979 9660 60 896 68 2302 4143 76 1371 229 1555 1698 45 125 6962 270 637 126 73 57 77
internal_value=0.000317729 -0.0145905 0.000595688 0.0143201 -0.0379482 -0.0179555 -0.0374722 0.0246507 0.0321134 0.0145977 0.0096763 0.014235 -0.0441986 0.0287055 -0.0460642 -0.0507832 0.0463943 -0.040082 0.0403706 0.0497505 0.0518673
internal_weight=1852.91 1149.21 697.015 512.772 452.197 182.224 184.243 703.694 330.548 482.353 427.424 392.205 419.179 30.6592 411.058 153.583 221.342 35.2191 33.0179 203.406 191.108
internal_count=31840 26406 9598 5000 16808 3198 4598 5434 1802 4587 4358 3253 16667 185 16622 4413 847 1105 141 771 714
is_linear=0
shrinkage=0.05


Tree=26
num_leaves=28
num_cat=0
split_feature=32 34 0 30 24 36 34 7 30 24 6 0 33 40 6 25 36 36 6 17 41 28 39 29 24 29 6
split_gain=240.514 161.727 125.525 110.862 82.2192 63.0635 62.555 49.1725 33.8545 30.4621 27.6308 24.4135 18.2863 18.0992 16.5258 14.683 14.264 14.228 9.91929 9.51116 7.37585 8.21628 4.59361 5.27449 3.17409 1.67738 0.136187
threshold=0.0027532156091183428 0.056484365835785873 0.71085646748542797 0.0036659907782450323 0.30491694808006292 0.00072699916199781011 0.35556218028068548 0.72937968373298656 0.0044841971248388299 0.38214848935604101 0.11719202250242235 0.34973329305648809 0.0032917702337726955 0.16783888638019565 0.028808304108679298 -0.00012946659262524915 3.8753289118176333e-05 0.00037526118103414779 -0.19444953650236127 0.10833333432674409 0.0014261933392845096 1.1949650645256045 0.00031364778988063341 -0.76684311032295216 0.2083939611911774 0.36551335453987127 0.14727812260389331
decision_type=2 2 2 2 2 2 2 2 2 2 2 2 2 2 2 2 2 2 2 2 2 2 2 2 2 2 2
left_child=1 2 3 4 -1 -5 8 15 9 10 -2 17 -13 16 -15 24 -9 -10 -11 20 21 -8 23 -21 -3 -24 -22
right_child=6 7 -4 5 -6 -7 19 13 11 18 -12 12 -14 14 -16 -17 -18 -19 -20 22 26 -23 25 -25 -26 -27 -28
leaf_value=0.029278834314540755 0.0093050036517084954 0.057291798624854708 -0.059429746977836366 -0.045633494023733102 -0.025877681596913484 0.021177847102808081 -0.031731314542249638 0.0072433921010273952 -0.049948386876466362 0.023340457922879747 0.035303471110171673 -0.062790901197191773 0.045730449365804116 -0.050948812857800056 0.015615748002585507 -0.046298795797199255 -0.053545423399679742 0.045660340283345952 -0.054969308766837088 0.051390568981635257 0.029815939909963198 0.028903933723681403 0.054927396208113377 -0.0047071076449064506 0.014233489351220827 0.029847685168728866 0.047718124854743318
leaf_weight=375.61744387377985 240.53292871732265 12.838918780907994 80.607854200527072 127.03665501531214 81.519102098653093 48.091037599369884 9.1758962143212575 9.7558118943124992 4.3821782823652056 4.5512367477640536 178.01118051330559 29.845154370646924 3.7107032872736445 15.522676262306048 20.617015780881047 5.0007907790131858 284.92328499280848 13.666246565990148 17.623354847542942 7.1032416820526114 9.7379965875297803 11.391738075762985 143.05105508118868 8.3609135653823596 7.4078561114147297 11.095995290204881 14.610171571373938
leaf_count=2462 2349 40 3083 3952 1640 177 47 248 139 60 1069 798 10 527 307 274 13095 53 616 24 48 43 559 57 107 47 49
internal_value=0.000132557 -0.0148261 -0.00106677 0.00645607 0.019408 -0.0272707 0.0227429 -0.0422933 0.012877 0.0173709 0.0204202 -0.0251032 -0.0498142 -0.0474241 -0.013577 0.0241813 -0.0515152 0.0210429 -0.038583 0.0452198 0.023964 0.00163557 0.0506752 0.0226169 0.0429491 0.0533261 0.0420169
internal_weight=1775.79 1068.94 712.872 632.264 457.137 175.128 706.85 356.066 492.323 440.719 418.544 51.6043 33.5559 330.819 36.1397 25.2476 294.679 18.0484 22.1746 214.527 44.9158 20.5676 169.611 15.4642 20.2468 154.147 24.3482
internal_count=31880 25912 11314 8231 4102 4129 5968 14598 5094 4094 3418 1000 808 14177 834 421 13343 192 676 874 187 90 687 81 147 606 97
is_linear=0
shrinkage=0.05


Tree=27
num_leaves=30
num_cat=0
split_feature=34 0 37 30 2 2 3 38 40 34 35 6 2 17 25 17 6 2 19 5 4 32 2 12 2 37 34 2 39
split_gain=208.014 142.576 107.333 67.2043 65.9555 52.2586 51.3424 47.6049 35.7989 22.7465 21.8895 18.1232 23.502 11.8177 9.21618 8.24384 7.70327 7.22407 6.34163 6.31871 7.78024 6.2116 5.07058 6.27645 4.56547 4.0925 1.2437 0.808381 0.463041
threshold=0.25069467723369604 0.71085646748542797 0.028857713565230373 0.0036659907782450323 0.13284512609243396 0.10669768974184991 0.0015360183897428217 0.0039043368306010966 0.17569567263126376 0.35556218028068548 0.034981053322553642 0.097163978964090361 0.14534674584865573 0.7749999761581422 -0.0010887613170780239 0.10833333432674409 0.089647229760885253 0.12725310027599337 0.0045616626739501962 0.0040494154673069724 -0.0030543224420398469 0.01324477791786194 0.16486076265573504 0.0032178661786019806 0.14870560914278033 0.021125435829162601 0.23084913194179538 0.12199999764561655 0.0015433389926329257
decision_type=2 2 2 2 2 2 2 2 2 2 2 2 2 2 2 2 2 2 2 2 2 2 2 2 2 2 2 2 2
left_child=1 2 3 4 -1 18 -7 -5 22 10 19 12 -12 16 -13 17 -10 -11 -4 21 -21 -2 26 -24 -19 -17 -3 -27 -15
right_child=9 8 5 7 -6 6 -8 -9 13 15 11 14 -14 28 -16 25 -18 24 -20 20 -22 -23 23 -25 -26 27 -28 -29 -30
leaf_value=-0.037679105390428187 0.04642021512122485 -0.057957552891016242 0.019594150499361199 -0.053706440693805896 0.010146917033168718 0.024941186803798261 -0.011220478020236782 0.013736413271565513 0.037655357512656765 -0.014678358591209277 -0.057775701618347053 0.041764247273371871 0.016707915315551821 -0.051630614485485865 -0.0012416739707804686 0.015708412508647285 -0.02648763912435247 0.050627060766257885 -0.054782622454080776 0.041615119936259513 -0.034756412111287618 0.0025249698124362118 -0.038891013919375161 0.048627779209265809 0.011137701111096354 0.036998677636209946 -0.016533737367465908 0.05375788782818447 -0.0086596502411501446
leaf_weight=104.88003206835128 71.977442947216332 169.21954455319792 2.6663869414478532 156.62650745268911 224.98365005734377 412.00797559274361 128.10902644321322 30.943964791018516 16.983513661660261 9.0404278934001905 21.051388551481068 26.572799767367542 19.701804691925645 6.5117994074244043 22.622355757281184 9.3793269135057908 5.5254302695393553 17.723165055736903 29.612338729668409 5.3510468918830156 6.0236754752695543 9.1936538154259306 5.9623410715721539 1.9509188057854769 13.172407027333973 18.253383265808225 2.8029609639197579 126.29104968346655 1.1809222782030699
leaf_count=3309 358 8050 33 7121 3374 3677 1843 324 148 76 308 123 152 214 153 39 88 60 1259 20 76 58 264 5 45 116 71 518 40
internal_value=-7.74449e-05 -0.00955765 -0.00226995 -0.0187549 -0.00512727 0.0126388 0.0163592 -0.0425664 -0.0471638 0.0326067 0.0197697 0.00213391 -0.0222294 0.00312828 0.0223573 0.0445277 0.0214528 0.0234114 -0.0482346 0.0367045 0.00163089 0.0415398 -0.0555759 -0.0142794 0.0346677 0.0498199 -0.057382 0.0519102 -0.0467891
internal_weight=1676.32 1299.97 1089.83 517.434 329.864 572.396 540.117 187.57 210.137 376.354 182.494 89.9483 40.7532 30.2017 49.1952 193.86 22.5089 39.936 32.2787 92.5458 11.3747 81.1711 179.936 7.91326 30.8956 153.924 172.023 144.544 7.69272
internal_count=31922 29820 20940 14128 6683 6812 5520 7445 8880 2102 1248 736 460 490 276 854 236 181 1292 512 96 416 8390 269 105 673 8121 634 254
is_linear=0
shrinkage=0.05


Tree=28
num_leaves=25
num_cat=0
split_feature=22 20 32 45 24 35 24 24 3 43 6 35 29 30 1 1 32 29 0 6 3 9 24 21
split_gain=202.101 150.221 102.743 82.4172 46.509 45.8917 39.1785 42.434 40.1099 23.3494 22.9377 37.9236 19.4919 18.5833 11.6993 13.0055 11.5316 5.56002 3.01753 2.59281 1.84698 3.39641 0.737325 3.42081
threshold=1.0000000180025095e-35 0.97572439908981334 0.0028460574103519325 0.070311363786458983 0.29303485155105596 0.077722117304801955 0.070523668080568327 0.35849826037883764 0.0025351291988044982 0.027717176824808124 -0.022647923789918419 0.032617669552564628 -0.011144007090479134 0.0043938604649156341 0.56616753339767467 0.36744843423366552 0.0058475439436733731 -1.2938903570175169 0.27931636571884161 0.012002235744148495 0.0018311053281649949 0.047134518623352058 0.074961412698030486 0.90229740738868724
decision_type=2 2 2 2 2 2 2 2 2 2 2 2 2 2 2 2 2 2 2 2 2 2 2 2
left_child=1 6 3 5 -5 -3 9 8 -8 17 11 -4 20 -12 15 -14 -9 -1 -17 -16 22 -22 23 -2
right_child=12 2 10 4 -6 -7 7 16 -10 -11 13 -13 14 -15 19 18 -18 -19 -20 -21 21 -23 -24 -25
leaf_value=-0.0064683309533453796 0.014063790379957204 -0.053191883815718682 0.024705573620953467 0.057150327022605564 -0.024072403901940289 -0.024336550532187709 0.025888039436045781 -0.048774685923203789 -0.019659148197023583 0.035966666940129281 0.027396701764750037 -0.054765111613919504 0.030348286487488049 -0.051461751083433885 0.052893872801986222 -0.013093362156813138 0.0016705691855683144 -0.068528042716333767 -0.071089062991882987 0.01726967268515511 0.0051468712162167293 0.046958281143223347 0.054742655214606688 0.051904385372154416
leaf_weight=4.5125953610986498 9.310980358161034 243.53824838576838 29.579277261160314 38.083565869368613 31.31297611258924 323.31009971536696 419.5331068309024 27.854668749962002 53.875528760254383 7.6669683698564759 124.72196372342296 28.617081238888204 7.393833955749872 7.036880030296742 10.176392406225206 3.9793303161859495 18.546014496590942 22.891167821362615 6.4383595678955317 12.133293271064757 7.45398095622659 14.555826856754718 131.6405458021909 22.212036167271435
leaf_count=32 44 13687 337 158 1143 8439 2576 854 650 39 1148 775 44 281 38 13 293 376 85 79 49 78 535 96
internal_value=-0.000214174 -0.00738588 -0.0208897 -0.030513 0.0206798 -0.0368057 0.0127223 0.0161926 0.0206741 -0.0377356 0.0113339 -0.0146378 0.0435876 0.0228292 0.0116418 -0.0180338 -0.0290022 -0.0588961 -0.052023 0.0350914 0.0504095 0.0336372 0.0524533 0.0415035
internal_weight=1606.37 1381.08 826.2 636.245 69.3965 566.848 554.88 519.809 473.409 35.0707 189.955 58.1964 225.295 131.759 40.1212 17.8115 46.4007 27.4038 10.4177 22.3097 185.173 22.0098 163.164 31.523
internal_count=31849 30788 25968 23427 1301 22126 4820 4373 3226 447 2541 1112 1061 1429 259 142 1147 408 98 117 802 127 675 140
is_linear=0
shrinkage=0.05


Tree=29
num_leaves=27
num_cat=0
split_feature=31 21 38 2 25 0 7 2 29 6 0 7 16 43 1 29 36 36 3 20 16 29 3 27 1 43
split_gain=196.242 124.691 75.8501 73.1624 60.9321 57.7368 44.6411 37.2477 32.4527 30.7766 39.9784 28.7302 24.6724 21.3075 20.9075 17.7314 14.06 8.4908 7.5409 7.51688 8.78627 7.34402 6.48672 3.98392 2.91434 0.774441
threshold=0.031328799203038223 0.91708001494407665 0.0053900324273854503 0.11353842541575433 -3.8838443288113915e-05 0.42171847820281988 0.91380706429481517 0.12122971192002298 0.075621783733367934 0.10368685051798822 0.22967917472124103 0.90810120105743419 0.98610299825668346 0.049235926941037185 0.84500020742416393 -1.0201282501220701 0.0012535483692772689 0.00043853750685229903 -0.0032440850045531984 0.90306708216667186 0.63380259275436412 0.75231909751892101 0.0026641217991709714 0.68227267265319835 0.12561000138521197 0.049235926941037185
decision_type=2 2 2 2 2 2 2 2 2 2 2 2 2 2 2 2 2 2 2 2 2 2 2 2 2 2
left_child=1 3 9 19 8 -6 18 13 -5 11 -11 -3 21 16 17 -14 -8 -4 -2 20 -1 -9 24 -24 -20 -21
right_child=6 2 14 4 5 -7 7 12 -10 10 -12 -13 15 -15 -16 -17 -18 -19 22 25 -22 -23 23 -25 -26 -27
leaf_value=-0.050482289087364053 -0.0038787592732913386 -0.0013582151288839563 -0.0098595048204703252 0.028981027418948285 0.01531100958812158 -0.037737350122870522 -0.049303566859758619 0.038887790576921211 -0.012847203086195899 0.016640716365928513 -0.041164937011368176 -0.050367129104544217 0.042311151096496871 0.046130316199615128 -0.060821318947571756 -0.021635274760191753 0.034982124080539266 0.04482069255306223 0.01855737311367443 -0.057740871538749641 0.024062676520248939 -0.0020288821930840467 -0.024834438865686523 0.033613150465945534 0.05048414564965642 -0.0064286675824941275
leaf_weight=6.9526655841618759 7.4438980463892213 33.394179230788723 8.1773570608347637 283.80235536536202 97.685919016599655 106.03650764841586 37.622773971874267 116.85039783315733 54.79122979240492 53.234117352636531 66.044419410871342 289.80592377204448 13.689019080717115 7.9823780022561541 5.4203845048323265 40.464116608723998 4.9507957859896115 40.504659520462155 9.0370116918347758 47.301230248063803 6.9909357223659754 11.985513458959757 4.5703916698694211 5.1661174045875669 173.81339676026255 1.017755583859979
leaf_count=316 63 936 122 2139 1229 2878 1340 572 880 1140 2589 12723 92 52 107 780 46 202 73 2328 99 97 82 28 853 25
internal_value=-0.000733933 -0.0119531 -0.0304913 0.00329883 0.00921896 -0.0123499 0.0277214 0.0127878 0.0221945 -0.0373212 -0.0154424 -0.0453232 0.0232678 -0.0248605 0.0250313 -0.0049966 -0.0389243 0.0356222 0.0450067 -0.047597 -0.0139983 0.035095 0.0469065 0.00641969 0.0490157 -0.0568123
internal_weight=1534.74 1101.16 496.581 604.579 542.316 203.722 433.576 233.545 338.594 442.479 119.279 323.2 182.989 50.5559 54.1024 54.1531 42.5736 48.682 200.031 62.2626 13.9436 128.836 192.587 9.73651 182.85 48.319
internal_count=31791 27713 17819 9894 7126 4107 4078 2979 3019 17388 3729 13659 1541 1438 431 872 1386 324 1099 2768 415 669 1036 110 926 2353
is_linear=0
shrinkage=0.05


Tree=30
num_leaves=26
num_cat=0
split_feature=31 36 3 2 1 0 30 0 17 43 2 17 0 34 9 7 7 0 1 5 9 1 44 41 2
split_gain=172.753 123.175 50.3985 49.8733 48.1164 54.0101 41.7077 39.8511 38.9007 31.3544 27.5518 26.5793 26.0853 31.3469 25.3592 21.8717 21.2923 20.4322 20.3914 21.0722 17.4204 9.10841 3.30503 0.90418 0.233765
threshold=0.032394660636782653 0.00034487512311898177 0.0014946788433007898 0.12199999764561655 0.32735091447830206 0.41136083006858831 0.0040154927410185346 0.90531975030899059 0.19166667014360431 0.010026320815086366 0.12625496089458468 0.19166667014360431 0.12853965163230899 0.25849823653697973 -0.049903461709618561 0.82661813497543346 0.91380706429481517 0.449525997042656 0.096782498061656966 0.0030923159793019299 0.020428469404578212 0.42001171410083776 0.019677659496665004 0.0063155777752399453 0.12420320510864259
decision_type=2 2 2 2 2 2 2 2 2 2 2 2 2 2 2 2 2 2 2 2 2 2 2 2 2
left_child=1 4 3 17 5 6 -1 12 10 -5 -6 21 13 15 -7 -2 -10 -3 22 -20 -13 -4 -14 -9 -15
right_child=7 2 11 9 8 14 -8 23 16 -11 -12 20 18 24 -16 -17 -18 -19 19 -21 -22 -23 -24 -25 -26
leaf_value=0.030742101126704099 0.028091369915732911 -0.05603462413815135 -0.017924498637826896 0.0075323689758342713 -0.052183687941296332 0.020152978589756194 -0.049670431983813476 -0.052568966304340228 -0.019015782849409732 0.037251954661109608 0.01810903378181496 -0.046726384789981548 -0.059336100901875556 0.027301791596240067 -0.050101631049054567 -0.064114006667308848 -0.055189249344813167 -0.00069520811742109607 0.045562459139449382 0.018075535545571387 0.0025771061308307404 0.037515683448666161 0.010678636111369723 0.0021146369586802281 0.050539856613769932
leaf_weight=85.895758676342666 8.5835275948047656 29.018490095622838 10.683537389151754 188.51223190641031 19.395578798372298 15.122170217335222 18.858204368501902 14.303859351901334 52.057180482894182 167.7807228974998 43.078464646823704 71.92792366957292 5.5368247386068097 5.9807547042146352 69.631535350345075 20.020536205964163 211.18759727734141 37.593995856121182 235.87607003236189 101.55480456165969 23.617116879671812 20.05560680385679 1.9054038804024456 0.71559715783223588 12.786027438938616
leaf_count=1377 49 1194 112 2604 647 275 1044 852 1708 1125 248 2217 158 64 3253 621 10495 1173 1254 867 400 110 27 16 65
internal_value=1.7254e-05 -0.01058 0.00589298 0.0141682 -0.0281162 -0.00802515 0.0159331 0.0276721 -0.0397452 0.0215926 -0.00419224 -0.021713 0.0307656 -0.00395208 -0.0374776 -0.0364307 -0.0481349 -0.025275 0.0355319 0.0373677 -0.0346389 0.0182895 -0.0422689 -0.0499942 0.04489
internal_weight=1471.68 1064.42 549.19 422.905 515.226 189.508 104.754 407.263 325.719 356.293 62.474 126.284 392.244 47.3708 84.7537 28.6041 263.245 66.6125 344.873 337.431 95.545 30.7391 7.44223 15.0195 18.7668
internal_count=31955 27982 8935 6096 19047 5949 2421 3973 13098 3729 895 2839 3105 799 3528 670 12203 2367 2306 2121 2617 222 185 868 129
is_linear=0
shrinkage=0.05


Tree=31
num_leaves=28
num_cat=0
split_feature=32 34 1 6 1 30 31 34 22 9 30 38 31 38 6 29 33 40 9 2 6 35 38 41 0 6 29
split_gain=158.116 114.521 93.3103 100.418 68.4518 61.2597 55.6297 45.1352 42.1164 27.8594 27.3549 23.1372 29.5202 22.8135 20.9935 19.8404 13.0484 12.1765 11.3305 9.91575 9.4759 8.58433 8.54199 16.0662 6.85387 4.41054 3.25471
threshold=0.0027239220216870312 0.05906209163367749 0.34446594119071966 -0.38791985809803003 0.11433785408735277 0.0040916576981544503 0.085468698292970671 0.30098859965801245 1.0000000180025095e-35 -0.081995178014039979 0.0033951296936720614 0.0058516415301710376 -0.011275043245404957 0.021482250653207306 0.4014939963817597 0.80717387795448314 0.0042084543965756902 0.15989679098129275 0.0054188775829970845 0.15009039640426639 0.028808304108679298 0.030120862647891048 0.0092901401221752184 0.0014412360033020379 0.42501328885555273 -0.7904456853866576 -0.58186009526252735
decision_type=2 2 2 2 2 2 2 2 2 2 2 2 2 2 2 2 2 2 2 2 2 2 2 2 2 2 2
left_child=1 2 4 10 9 -6 -5 11 17 -1 -4 12 16 21 -14 22 -2 25 -10 -17 -19 -13 26 -24 -15 -3 -9
right_child=7 8 3 6 5 -7 -8 15 18 -11 -12 13 14 24 -16 19 -18 20 -20 -21 -22 -23 23 -25 -26 -27 -28
leaf_value=0.044955653536438392 -0.055340254366562737 0.018494052092325266 0.049693378085703684 -0.044261974590630693 0.038083523935069204 -0.025834910858868465 0.040494296740314913 0.054442323042281006 -0.02477589099289693 -0.052317534742184479 -0.052454990663066171 0.046626012204529943 -0.0053620657045114692 0.0038421742171482424 0.037476500606399149 -0.070432212937449182 0.020459276328160306 -0.04566387036168746 0.048130914930703872 0.019253316349059954 0.009329757619551635 0.020294345221758141 -0.012144008509164562 0.040528508328552676 -0.044151429504237373 -0.052854410607396755 0.034652988989185889
leaf_weight=8.0840142727829498 31.064220221247524 1.734300183597951 50.234004649333656 211.73772788094357 220.72086273226887 44.37643352849409 20.523416282841936 97.269974422641098 7.323535097762945 41.850298904115334 6.6855593621730796 54.889288451522589 95.93265732889995 16.952582168858502 39.62744246609509 5.1409106692299229 6.3521093078888944 14.027852767147126 14.629296044353394 5.515681704506278 15.779890549369155 75.989659437444061 18.658358046784997 58.089778724126518 12.056672433391212 200.99286851612851 36.147708586417139
leaf_count=64 899 40 237 6820 1795 1020 172 533 53 1321 290 282 1946 315 275 50 99 601 74 30 342 598 112 305 289 13175 253
internal_value=-3.31841e-05 -0.0134615 -0.00159217 -0.0220613 0.0172077 0.0273269 -0.0366311 0.0207793 -0.0415256 -0.0359962 0.0369969 0.00910443 -0.00357065 0.022754 0.0073434 0.0382574 -0.0422743 -0.0477673 0.0237892 -0.026343 -0.017193 0.0316074 0.0416422 0.0277317 -0.0169112 -0.0521563 0.0493784
internal_weight=1412.39 858.7 604.212 289.181 315.032 265.097 232.261 553.687 254.488 49.9343 56.9196 332.865 172.976 159.888 135.56 220.822 37.4163 232.535 21.9528 10.6566 29.8077 130.879 210.166 76.7481 29.0093 202.727 133.418
internal_count=31990 26004 11719 7519 4200 2815 6992 5986 14285 1385 527 4703 3219 1484 2221 1283 998 14158 127 80 943 880 1203 417 604 13215 786
is_linear=0
shrinkage=0.05


Tree=32
num_leaves=27
num_cat=0
split_feature=32 0 26 5 24 20 31 36 27 0 36 24 40 29 27 38 29 39 4 7 29 38 7 0 15 7
split_gain=137.265 100.236 86.651 56.9601 77.8424 40.4583 39.1829 30.6992 20.5692 17.4415 15.9939 15.9682 15.869 13.8086 12.1691 11.1848 11.0543 10.3253 5.60844 4.63492 4.5983 3.58758 2.55782 2.27204 2.15117 0.514982
threshold=0.0027532156091183428 0.71085646748542797 -1.0000000180025095e-35 0.0035201334394514565 0.30379328131675726 0.912553369998932 0.034772275015711791 0.00044691609218716627 0.65841889381408703 0.454249918460846 3.8753289118176333e-05 0.37167209386825567 0.16965372115373614 0.97532781958580028 1.0029018521308901 0.015430593863129618 -0.73981782793998707 0.00095657477504573773 0.0025756714167073373 0.74695953726768505 1.0000000180025095e-35 0.0020588912302628164 0.58655452728271495 0.76903387904167186 2.6160172637901272e-05 0.88550838828086864
decision_type=2 2 2 2 2 2 2 2 2 2 2 2 2 2 2 2 2 2 2 2 2 2 2 2 2 2
left_child=1 2 10 4 -4 -5 7 8 16 -10 17 13 -12 20 15 -9 -2 -1 -16 -13 -8 22 -3 -23 -15 -24
right_child=6 21 3 5 -6 -7 11 14 9 -11 12 19 -14 24 18 -17 -18 -19 -20 -21 -22 23 25 -25 -26 -27
leaf_value=-0.028707555263537174 0.0015615975583210416 0.014578766918341821 0.025082975737800741 0.015577149969045787 -0.030620110395441061 -0.037331639115213124 0.04699222669579705 0.020011449359423134 0.026657089964737736 -0.026584387235298459 -0.052321699563688179 0.031787971271565775 0.0026238968043563794 0.0036756764291014364 0.041759912996417049 -0.017270335680414365 -0.040775632555277275 0.070797964468663724 -0.0046121370722521067 -0.050979147364143065 0.025233168254043925 0.023228245738720569 -0.035552182398310136 -0.038066950904293989 -0.040857759655815395 -0.057369852693976764
leaf_weight=4.3935574465431255 22.284741590730846 0.92165210843086143 304.85426882607862 51.470274646766484 77.992883293423802 116.6909515617881 144.92297394201159 84.826591287273914 48.877069290727377 21.319691574666649 111.99167251656763 1.4980466309934843 14.765139683615415 5.5840281629934889 68.400656627956778 25.433254759758711 48.518612280953676 4.2200407306663692 6.9890742106363168 5.7941312044858932 33.908437572419643 2.2713522003032258 9.0664880094118399 1.841474564746022 4.0112540209665895 113.53546093101613
leaf_count=170 395 9 2572 331 2299 4250 931 791 467 499 7953 11 436 57 394 338 1423 24 46 255 235 31 500 102 47 7269
internal_value=-0.000557577 -0.0133888 -0.00578882 0.00303746 0.013685 -0.0211411 0.0194248 0.00877691 -0.00877865 0.0103407 -0.0414739 0.037061 -0.045951 0.039897 0.0220859 0.0113339 -0.0276142 0.0223363 0.0374568 -0.0321931 0.0430297 -0.0538956 -0.0554172 -0.00629368 -0.0170404 -0.0560571
internal_weight=1336.38 814.015 686.379 551.008 382.847 168.161 522.369 326.65 141 70.1968 135.37 195.719 126.757 188.427 185.65 110.26 70.8034 8.6136 75.3897 7.29218 178.831 127.636 123.524 4.11283 9.59528 122.602
internal_count=31835 25946 18035 9452 4871 4581 5889 4353 2784 966 8583 1536 8389 1270 1569 1129 1818 194 440 266 1166 7911 7778 133 104 7769
is_linear=0
shrinkage=0.05


Tree=33
num_leaves=24
num_cat=0
split_feature=31 36 17 2 0 21 32 7 1 24 29 2 1 29 7 25 1 2 19 17 7 43 33
split_gain=122.631 92.6559 50.5028 48.389 47.6398 45.3511 50.243 49.0885 44.352 34.5081 28.3844 25.496 23.8247 22.6222 21.0437 17.1409 16.2072 16.1369 12.264 10.2665 8.05855 7.12085 2.47882
threshold=0.031328799203038223 0.00034764062729664152 0.82499998807907116 0.12689898163080218 0.28519411385059362 0.84586077928543102 0.0027844574069604282 0.96977725625038158 0.32735091447830206 0.36721420288085943 -1.0000000180025095e-35 0.10922662168741228 0.10890023410320283 0.075621783733367934 0.76798865199089061 -0.0005244271014817058 0.90970960259437572 0.1670140624046326 0.012955039739608766 0.64166665077209484 0.88993513584136974 0.024324749596416954 0.0046414260286837825
decision_type=2 2 2 2 2 2 2 2 2 2 2 2 2 2 2 2 2 2 2 2 2 2 2
left_child=1 2 3 18 8 11 7 -7 -4 12 -5 -3 21 -13 -11 16 -14 -8 -1 -17 -6 22 -2
right_child=9 5 4 10 20 6 17 -9 -10 14 -12 13 15 -15 -16 19 -18 -19 -20 -21 -22 -23 -24
leaf_value=0.00098381255330175633 -0.074378770918120007 -0.053319871127251964 0.021409424534531454 0.040648042012050876 -0.023456087746629693 0.02003323789896188 0.010282262508398884 -0.036981098737108573 -0.043490915451945528 0.044796988901554549 -0.006854960575165406 0.037051963655003621 0.043411125373602026 -0.018544437572980969 -0.054360787014764926 0.031169278487039737 -0.037566191554636176 0.055043405700428497 -0.056760013704816474 1.8095898701463036e-05 -0.057827192330389632 0.023079175515288958 -0.0050636866686713305
leaf_weight=11.743977067060767 6.3549605235457403 8.6751249050721508 52.045433902880177 51.818981227348559 21.293365410761908 51.304359222296625 100.82633419986814 136.52768780372571 51.369272362440825 6.4101387141272452 77.131789942039177 153.09952949499711 205.1779911860358 20.14886029670015 19.359902958618477 53.803073830436915 5.6424788562580934 24.387456418480724 40.815449924208224 51.12419451167807 154.01852057198994 2.807657469995319 1.7501866412349043
leaf_count=514 143 506 1314 557 878 1090 1234 4754 2797 40 1652 824 1497 259 1185 339 95 87 1990 691 9472 32 55
internal_value=0.000757569 -0.0085449 -0.0246698 -0.00410667 -0.0379982 0.00646802 -0.00507468 -0.0213846 -0.0109363 0.0259233 0.0124001 0.0262493 0.0303268 0.0305168 -0.0289439 0.0328653 0.0410767 0.0193673 -0.0440802 0.0161348 -0.0538092 -0.0397137 -0.0616112
internal_weight=1307.64 955.206 460.237 181.51 278.727 494.969 313.046 187.832 103.415 352.431 128.951 181.924 326.661 173.248 25.77 315.748 210.82 125.214 52.5594 104.927 175.312 10.9128 8.10515
internal_count=32005 27928 19174 4713 14461 8754 7165 5844 4111 4077 2209 1589 2852 1083 1225 2622 1592 1321 2504 1030 10350 230 198
is_linear=0
shrinkage=0.05


Tree=34
num_leaves=26
num_cat=0
split_feature=9 16 24 7 0 6 1 3 1 5 38 1 5 17 6 7 4 31 9 36 4 6 24 43 4
split_gain=117.096 74.211 41.1567 39.7314 34.0946 55.577 30.6236 32.2428 27.7286 27.4414 25.1094 24.7408 23.5906 23.2579 18.2146 15.0462 13.7122 12.8155 10.8823 10.7354 8.64878 7.24202 5.4407 2.7059 1.7273
threshold=0.029286806471645836 0.9778532385826112 0.36494031548500067 0.91380706429481517 0.36320692300796514 -0.0011371077271178363 0.83298131823539745 0.0017452143365517261 0.089901175349950804 0.0039024202851578598 0.002589484211057425 0.094678498804569258 0.0028164195828139786 0.45833332836627966 0.58033692836761486 0.91046524047851574 0.0025756714167073373 0.015418055467307569 -0.077645044773817049 0.00060187524650245916 0.0010433344286866488 0.21420970559120181 0.28724779188632971 0.024324749596416954 -0.0025331568904221054
decision_type=2 2 2 2 2 2 2 2 2 2 2 2 2 2 2 2 2 2 2 2 2 2 2 2 2
left_child=1 6 9 12 5 -5 7 8 -1 11 -6 23 22 -14 24 -8 -13 -17 -9 21 -21 -11 -3 -2 -4
right_child=2 3 14 4 10 -7 15 18 -10 19 -12 16 13 -15 -16 17 -18 -19 -20 20 -22 -23 -24 -25 -26
leaf_value=-0.04831511551233824 -0.058802883055579264 0.054022269807578009 0.0044453992384578898 -0.047391965096434903 -0.050111158726641195 0.009737664791715445 0.027235293987776101 0.017924586816687262 0.021739495671233951 -0.045582017826517683 -0.002153432459023595 0.038101252999098154 0.048273566623458067 -0.031425629699931096 0.042011102237340198 -0.065485442752732159 -0.005397450738710347 0.012904342489789708 -0.037243191497103381 -0.01140610982669865 0.040957184132072465 0.010055948369681671 0.012169574752948008 0.0073322936500969556 -0.056504951525998597
leaf_weight=14.001023145858197 7.0073939543217403 21.141927811317146 1.0766091882251263 70.895328669343144 189.41485480056144 103.71078501024749 7.1308051245287052 10.824970194604246 261.85243922378868 17.644368105102334 31.967775203753263 277.95687170187011 10.784582575783132 40.628995967446826 5.478023226838558 25.050109138246629 19.127923191525042 6.1500339847989371 39.33154053799808 15.132364108227195 14.729803533293305 8.066034682095049 13.067734364420174 1.6623591827228663 22.055007801158354
leaf_count=528 250 89 39 4157 11649 3131 49 106 2322 866 627 2401 87 1889 41 505 303 75 681 149 75 182 234 34 1403
internal_value=-0.000255852 -0.0107034 0.0223792 -0.0235645 -0.0302289 -0.0135965 0.00631518 0.0113128 0.0180222 0.0269651 -0.0432269 0.0328231 0.00725004 -0.0141058 -0.0344936 -0.0353968 0.0352919 -0.0501127 -0.025219 -0.00527534 0.0149128 -0.0284039 0.0388347 -0.0466751 -0.0536015
internal_weight=1235.89 845.953 389.937 481.612 395.989 174.606 364.341 326.01 275.853 361.327 221.383 305.755 85.6232 51.4136 28.6096 38.3309 297.085 31.2001 50.1565 55.5726 29.8622 25.7104 34.2097 8.66975 23.1316
internal_count=31872 26129 5743 21863 19564 7288 4266 3637 2850 4260 12276 2988 2299 1976 1483 629 2704 580 787 1272 224 1048 323 284 1442
is_linear=0
shrinkage=0.05


Tree=35
num_leaves=24
num_cat=0
split_feature=43 38 0 37 1 2 5 3 36 2 3 24 0 6 0 41 32 43 40 35 1 6 22
split_gain=102.518 89.9989 64.6696 51.7761 52.2575 29.7798 32.8879 25.2908 22.5302 20.8736 19.1511 17.0038 10.982 8.99607 8.95965 8.93446 7.66441 5.36202 4.62958 5.62786 4.11811 4.00085 3.00808
threshold=0.016655648127198223 0.0036782399984076623 0.69929018616676342 0.044318424537777908 0.3483570665121079 0.10669768974184991 0.0038004873786121611 0.0011971449130214753 0.00060187524650245916 0.11605701968073846 0.0032743546180427079 0.070523668080568327 0.1077515557408333 0.15879993140697482 0.18041533976793292 0.77810069918632518 0.017553722485899929 0.06480391696095468 0.20161920040845874 0.018898075446486477 0.29120439291000372 -0.36629755795001978 1.0000000180025095e-35
decision_type=2 2 2 2 2 2 2 2 2 2 2 2 2 2 2 2 2 2 2 2 2 2 2
left_child=1 2 3 4 -1 17 12 -5 15 22 11 -11 13 -7 -12 -8 -14 -2 21 -20 -10 -4 -3
right_child=5 9 18 7 -6 6 8 -9 20 10 14 -13 16 -15 -16 -17 -18 -19 19 -21 -22 -23 -24
leaf_value=2.8317263151292951e-06 -0.051684240122594351 -0.051176234454210927 -0.027885686205946433 0.024787220971083507 -0.037510676579704472 -0.041621141966333569 -0.042848472240107086 -0.019343982660098891 0.042182293917815458 -0.027196026712577728 0.042975472142832899 0.029954230610909488 0.043679264759762873 0.034884733610052822 -0.043019780726011723 0.051807788753034968 -0.010871172969475037 0.029248553638737462 0.03268963895129201 -0.038493671851705429 0.001433210812435054 -0.05702412256296966 0.01131809563994865
leaf_weight=169.84395489329472 13.059696899261322 10.908241619355973 16.783952955855057 121.05660065962002 203.74944263207726 6.8755446115974319 26.343709036940712 43.391184246400371 17.001545077655468 13.202423805836586 2.9050505496561554 190.81619153451174 191.5902963981498 6.5157705158926547 14.616053678561 1.9031592216342677 6.2920675529167047 1.7318147085607059 3.1559776449576002 7.8692324447911233 9.5678327986970526 97.454733015387319 1.9135492173954851
leaf_count=4855 1000 552 853 1284 9558 278 1379 776 88 229 10 1315 1519 77 310 8 39 19 33 215 91 7255 20
internal_value=-0.000149183 -0.00840111 -0.0178063 -0.0102275 -0.0205017 0.0261593 0.0300295 0.0130962 -0.00442053 0.0181807 0.0218185 0.0261413 0.0389465 -0.00455855 -0.027211 -0.0349176 0.0418988 -0.0409564 -0.0500204 -0.0170934 0.0280925 -0.0530222 -0.0417054
internal_weight=1178.55 897.667 663.305 538.041 373.593 280.881 266.09 164.448 54.8162 234.362 221.54 204.019 211.274 13.3913 17.5211 28.2469 197.882 14.7915 125.264 11.0252 26.5694 114.239 12.8218
internal_count=31763 27265 24829 16473 14413 4498 3479 2060 1566 2436 1864 1544 1913 355 320 1387 1558 1019 8356 248 179 8108 572
is_linear=0
shrinkage=0.05


Tree=36
num_leaves=24
num_cat=0
split_feature=34 0 45 2 21 40 24 29 0 25 31 2 29 2 19 21 32 17 6 30 38 38 7
split_gain=92.8225 72.8683 58.0784 51.7707 57.4376 35.0075 25.6263 23.1269 19.76 18.8263 8.1853 11.2792 7.5559 7.15694 5.72449 5.35346 4.45957 3.09535 2.82914 2.35186 2.19086 2.01467 0.29367
threshold=0.28679421544075018 0.71085646748542797 0.070311363786458983 0.12488645315170289 0.81982851028442394 0.19922770559787753 0.21772087365388873 0.80717387795448314 0.082508694380521788 0.00064973134431056689 0.011441295500844719 0.12199999764561655 -0.78098362684249867 0.15009039640426639 0.078261494636535658 0.54219520092010509 0.0063436534255743035 0.67500001192092907 -0.46536426246166224 0.003543801605701447 0.0056284519378095874 0.0069450563751161107 0.84060665965080272
decision_type=2 2 2 2 2 2 2 2 2 2 2 2 2 2 2 2 2 2 2 2 2 2 2
left_child=1 2 3 6 -5 16 -1 10 22 -10 11 20 -13 -9 17 -12 18 -7 -3 -17 -2 -18 -4
right_child=7 5 8 4 -6 14 -8 13 9 -11 15 12 -14 -15 -16 19 21 -19 -20 -21 -22 -23 -24
leaf_value=-0.0010891504450303783 -0.0015451462779677307 -0.018805646951727557 -0.0041390961405867481 0.033286368065764842 -0.008195920966620366 0.035514812325642783 -0.048779165303184623 -0.065507670909728241 0.039104770394020938 -0.036790755005724471 0.0081832686375734511 0.045710829415160477 0.009888988275222459 0.0078609687120805467 -0.045420696964679298 0.051008797931838962 0.029213406555794026 -0.003767985040216755 -0.056011976916465735 0.0218766267526916 -0.058373078702036355 -0.028674454063618994 -0.049432626078505737
leaf_weight=39.861944692675024 2.7680356909986576 6.7237337045371524 0.57769744656979938 101.86028337175958 441.14378184033558 14.219467385206377 95.411692481255159 6.4502911167219263 114.75262102391571 8.0209607500582916 9.5780545463785511 30.470168445259333 28.97551320400089 5.6536745419725776 2.6266308501362792 87.216457275673747 1.9593406245112408 7.2139931642450383 103.36393608292565 9.8354486264288408 3.6193758938461542 2.0543409737292677 6.6605901380535215
leaf_count=1440 64 348 18 748 12103 139 5673 81 957 106 69 161 224 53 73 677 15 181 8171 76 83 77 410
internal_value=-0.00082856 -0.00716143 -0.0014061 -0.0072832 -0.000367516 -0.04058 -0.0348372 0.0315097 0.0290766 0.0338892 0.0362204 0.0218378 0.0287027 -0.0332531 0.0137606 0.0448149 -0.0520585 0.0227146 -0.0539293 0.0483097 -0.037289 -0.000225212 -0.0467589
internal_weight=1131.02 946.451 808.29 678.278 543.004 138.161 135.274 184.567 130.012 122.774 172.463 65.8331 59.4457 12.104 24.0601 106.63 114.101 21.4335 110.088 97.0519 6.38741 4.01368 7.23829
internal_count=31947 30459 21455 19964 12851 9004 7113 1488 1491 1063 1354 532 385 134 393 822 8611 320 8519 753 147 92 428
is_linear=0
shrinkage=0.05


Tree=37
num_leaves=24
num_cat=0
split_feature=22 2 21 43 38 30 30 17 24 1 24 29 17 19 29 1 1 24 6 24 19 27 2
split_gain=92.3407 66.5275 77.2161 54.6685 52.6577 45.0883 25.892 21.5483 32.8443 19.3396 16.3208 15.2573 12.8939 10.9553 10.6907 7.74722 3.77858 3.61874 2.38981 2.33706 7.93991 1.48916 0.0932522
threshold=1.0000000180025095e-35 0.12451204657554628 0.85310304164886486 0.038500366732478149 0.0036782399984076623 0.004218307090923191 0.004107425222173334 0.99166667461395275 0.17397964745759967 0.80577921867370617 0.21566296368837359 0.065006341785192504 0.82499998807907116 0.0049973130226135263 0.010401027742773296 0.56616753339767467 0.36744843423366552 0.24060026556253436 0.16799290478229525 0.074961412698030486 0.01918059587478638 0.90951216220855724 0.12795089930295947
decision_type=2 2 2 2 2 2 2 2 2 2 2 2 2 2 2 2 2 2 2 2 2 2 2
left_child=1 3 7 10 5 -4 14 11 -9 -6 12 -3 -1 -12 19 16 -16 -5 -19 20 -2 -17 -21
right_child=6 2 4 17 9 -7 -8 8 -10 -11 13 -13 -14 -15 15 21 -18 18 -20 22 -22 -23 -24
leaf_value=0.0098863027372018339 0.047965350356705565 0.038206600564830412 -0.0098629815420098813 0.051570975827644951 0.027014106129759508 -0.052956392637438413 -0.062298115268381818 -0.057341936081870895 0.02747012156839615 -0.054216848976564251 0.012727753155277761 -0.0020975355523555894 -0.051470526110004293 -0.050450484091107639 0.015013273965254698 0.01449879533530353 -0.036495806033075083 -0.035103230715856776 0.029338025277926366 0.042838618965045622 -0.018002191406266431 0.049998335115256622 0.055412307580551615
leaf_weight=25.766849340638146 16.510105589404706 162.00911944545805 341.44214051682502 17.964208792662252 101.92056489363313 73.02119005296845 5.4012787081301203 17.671809326158836 28.400542163290083 6.9685228490270665 6.8397822501137844 27.314898331416771 11.646549803670494 137.79084375337698 5.4864149037748593 5.9601777158677569 7.2859525792300701 1.7482512595597648 2.0217247775290161 25.169558686669916 5.568600100465118 8.2805307414382678 63.643569812178612
leaf_count=396 122 871 11018 135 952 5221 66 434 381 156 176 265 1063 9601 42 69 75 125 34 259 39 41 391
internal_value=2.16278e-05 -0.00556489 0.00125894 -0.0308548 -0.00943853 -0.0175645 0.0373225 0.0249817 -0.00558802 0.0213695 -0.0398187 0.0324112 -0.0100564 -0.0473958 0.0416447 0.0128478 -0.0148863 0.042675 -0.00163964 0.0484821 0.0312682 0.0370669 0.0523656
internal_weight=1105.83 962.527 758.749 203.778 523.352 414.463 143.306 235.396 46.0724 108.889 182.044 189.324 37.4134 144.631 137.905 27.0131 12.7724 21.7342 3.76998 110.892 22.0787 14.2407 88.8131
internal_count=31932 30828 19298 11530 17347 16239 1104 1951 815 1108 11236 1136 1459 9777 1038 227 117 294 159 811 161 110 650
is_linear=0
shrinkage=0.05


Tree=38
num_leaves=29
num_cat=0
split_feature=9 21 2 3 1 0 24 38 0 16 5 38 1 29 36 31 24 17 14 36 41 5 2 0 45 2 22 28
split_gain=84.5089 59.3474 39.7218 35.2752 31.7707 35.1403 28.1813 25.9095 24.3262 24.237 19.7639 17.7574 16.8011 16.1923 14.6279 13.8376 13.4386 13.4251 8.00649 7.04719 6.63439 6.40519 5.77959 4.80244 4.69888 2.11053 1.87027 0.365676
threshold=0.029286806471645836 0.93560272455215465 0.11981283873319627 0.0017452143365517261 0.33579342067241674 0.22967917472124103 0.36494031548500067 0.0026924398262053732 0.41136083006858831 0.99210864305496227 0.0032546859001740818 0.0026428065029904251 0.099069330841302886 0.54785433411598217 0.00055357374367304157 0.040429620072245605 0.21772087365388873 0.15833333879709247 0.00024902875884436076 0.0006773544300813229 0.0082301716320216673 0.0050664418376982221 0.13048212975263598 0.12487058714032175 0.018205835483968261 0.12941937148571017 1.0000000180025095e-35 0.73802924156188976
decision_type=2 2 2 2 2 2 2 2 2 2 2 2 2 2 2 2 2 2 2 2 2 2 2 2 2 2 2 2
left_child=1 2 16 8 5 9 10 24 -4 -3 12 -7 25 -14 15 -12 18 -5 -1 -9 -18 -16 26 -24 -6 -2 -8 -25
right_child=6 4 3 17 7 11 22 19 -10 -11 14 -13 13 -15 21 -17 20 -19 -20 -21 -22 -23 23 27 -26 -27 -28 -29
leaf_value=0.03145902289439001 -0.053668202617656646 -0.023043306253207056 0.025243922687819845 0.021711031895769305 -0.055103340648644111 -0.047716008735114959 -0.053830539340355012 -0.021296103456075497 -0.0012679987235069265 0.052194822584051365 -0.031676193852903309 0.035273683248281916 0.040997670511021364 -0.013648302300036205 0.035884089761569538 0.022497278206974832 -0.052963721711614245 -0.033531556830703142 -0.046568932229978904 0.027822888869222424 0.029753900258488859 -0.0080572931828322529 0.036066110340467111 -0.042556743032594192 -0.019391225209885312 0.014813106527055581 0.010830550138674042 0.00079307311046500958
leaf_weight=9.4528700925875437 5.1376787561457595 15.907449322519822 187.82157214567997 12.531611401587723 117.46412693848833 40.905828953604214 13.718799548107199 14.860727628692986 159.53521849575918 29.033066170522943 31.535225952742621 6.8663754092995068 181.00101795350201 14.180260404711587 36.939636503811926 17.607459038496017 45.150706106214784 63.614741224329919 3.8136762608773997 12.535273693501948 1.9444320475449774 10.199601526372133 4.1037021600641301 2.5474254759028558 11.518485970795153 0.92314206529408682 0.88195538893342096 0.52194198360666622
leaf_count=87 238 446 2274 91 8615 2954 1185 402 3630 524 1511 80 1641 248 290 207 3442 2793 207 119 50 88 35 216 598 11 16 17
internal_value=3.55389e-05 -0.0093162 0.000903665 0.00633727 -0.0290927 -0.00580642 0.0214647 -0.0427739 0.0130988 0.0256411 0.0255013 -0.0353091 0.0343822 0.0369782 0.00677635 -0.0122047 -0.036701 -0.0242766 0.0073367 0.00136705 -0.0490009 0.0264065 -0.0323893 0.00419803 -0.0520879 -0.0426169 -0.0494808 -0.0368018
internal_weight=1052.25 732.956 483.865 423.503 249.091 92.7127 319.298 156.379 347.357 44.9405 297.524 47.7722 201.242 195.181 96.2819 49.1427 60.3617 76.1464 13.2665 27.396 47.0951 47.1392 21.7738 7.17307 128.983 6.06082 14.6008 3.06937
internal_count=32015 26312 12574 8788 13738 4004 5703 9734 5904 970 4234 3034 2138 1889 2096 1718 3786 2884 294 521 3492 378 1469 268 9213 249 1201 233
is_linear=0
shrinkage=0.05


Tree=39
num_leaves=28
num_cat=0
split_feature=7 1 21 38 2 6 38 24 9 3 21 29 40 36 39 30 35 1 6 39 20 0 12 3 43 0 27
split_gain=75.464 75.2124 55.8699 51.8688 40.3173 31.1524 28.1968 27.2937 26.4414 18.5214 12.5118 10.3466 12.8887 9.87451 9.71071 8.78395 6.713 6.64861 9.26531 8.6365 6.24946 5.74431 5.34314 3.95623 3.70033 2.80736 2.321
threshold=0.91380706429481517 0.74170276522636425 0.88716059923172008 0.0036782399984076623 0.10669768974184991 -1.0000000180025095e-35 0.0012924642651341858 0.09734793379902841 0.010741776321083309 0.0017452143365517261 0.92185488343238842 0.054197184741497047 0.14398579299449923 0.00047940360673237597 0.0057801592629402885 0.0022897707531228666 0.042527686804533012 0.50689861178398143 0.46763075888156896 0.0019855591235682373 0.20692097395658496 0.75790327787399303 0.0038759034359827642 0.00024142717302311215 0.017160770483314994 0.16945925354957583 1.1099804043769839
decision_type=2 2 2 2 2 2 2 2 2 2 2 2 2 2 2 2 2 2 2 2 2 2 2 2 2 2 2
left_child=8 2 4 5 -2 -4 20 -6 9 10 16 14 -13 -5 -8 -12 -1 18 19 -10 -3 25 24 -20 -11 -19 -23
right_child=1 6 3 13 7 -7 11 -9 17 22 15 12 -14 -15 -16 -17 -18 21 23 -21 -22 26 -24 -25 -26 -27 -28
leaf_value=-0.016030496938879573 -0.05303274004489128 0.039779805162189763 -0.04500015091070575 -0.004271613535729169 -0.01981816204576917 -0.010057166541638225 -0.012488099929676491 0.026380270186448632 -0.049374921687416425 -0.056883755173317133 0.031480495377333155 0.0088107993448824778 -0.071974594300864378 0.038797534446771947 0.041928975383333705 -0.030404170863570779 0.039236144448902222 0.019208033841663211 0.04518973943460608 0.03180391200861573 -0.059658757548290309 -0.028118941715368995 0.027560691077844226 0.0061915685131838606 0.010707070194368649 0.054240968507843823 0.030764534438632092
leaf_weight=5.8022796576842657 18.879288709023967 0.96216418175026674 99.105488280649297 18.24287453526631 35.788689890410751 178.01782597939018 31.518415661528707 255.21014311001636 6.4201263079885376 14.133209839463239 7.3636208553798523 7.5910150171257582 12.139917294727637 46.426710117375478 9.9627762758173031 17.586588216712698 39.377947494620457 7.7292294905055305 27.815201868768781 4.9594018054194748 81.779990430106409 2.9739962213207027 2.0205408358015111 8.8525665535125864 2.0066721609327933 75.321394165745005 1.9016894183587281
leaf_count=173 1732 7 7169 366 673 6789 867 3300 164 702 83 427 294 384 107 1006 369 116 240 86 5827 94 23 147 40 615 27
internal_value=0.000637213 -0.00658874 0.000656108 -0.0132655 0.0160048 -0.0226704 -0.0391639 0.0206501 0.0261882 0.00479354 0.0164966 -0.0131242 -0.0419685 0.026768 0.00126091 -0.0116307 0.0319451 0.0399439 0.0241872 -0.0142845 -0.0580412 0.0481853 -0.0389027 0.0361889 -0.0483458 0.0512479 -0.00382516
internal_weight=1019.89 795.625 651.671 341.793 309.878 277.123 143.954 290.999 224.264 88.2909 70.1304 61.2121 19.7309 64.6696 41.4812 24.9502 45.1802 135.974 48.0473 11.3795 82.7422 87.9263 18.1604 36.6678 16.1399 83.0506 4.87569
internal_count=31827 27942 20413 14708 5705 13958 7529 3973 3885 2396 1631 1695 721 750 974 1089 542 1489 637 250 5834 852 765 387 742 731 121
is_linear=0
shrinkage=0.05


Tree=40
num_leaves=30
num_cat=0
split_feature=7 1 5 1 36 0 32 25 17 31 28 2 2 29 31 40 30 20 3 7 21 41 31 2 41 12 31 6 46
split_gain=78.3416 67.521 56.1001 57.4962 56.385 40.2721 28.8471 26.1768 21.4514 19.1774 11.5991 11.4213 10.6229 9.8876 18.2692 12.0861 8.60405 8.33407 7.04177 6.32867 7.38513 5.15592 5.13244 3.45809 3.23722 2.32219 1.26245 1.13849 0.606088
threshold=0.91380706429481517 0.74170276522636425 0.0031952154822647576 0.10890023410320283 0.00058120902394875895 0.13552708178758624 0.0027532156091183428 -0.00043876499694306398 0.30833333730697637 0.0050317246932536372 0.029455253854393963 0.16754776984453204 0.13549410551786426 0.2729835063219071 0.012910767924040558 0.11374988779425622 0.0043938604649156341 0.20692097395658496 0.0010642279521562161 0.81844267249107372 0.79428145289421093 0.0015697128255851569 -0.029858269728720185 0.10922662168741228 0.0014137372490949931 0.0059976170305162677 0.1429480388760567 -0.68065360188484181 0.59284827113151561
decision_type=2 2 2 2 2 2 2 2 2 2 2 2 2 2 2 2 2 2 2 2 2 2 2 2 2 2 2 2 2
left_child=7 2 3 12 8 -5 17 19 -4 10 25 -6 -2 14 -8 -15 18 -3 -11 23 24 -12 -22 26 -21 -9 -1 -25 -19
right_child=1 6 4 5 11 -7 13 9 -10 16 21 -13 -14 15 -16 -17 -18 28 -20 20 22 -23 -24 27 -26 -27 -28 -29 -30
leaf_value=-0.02199776412344923 -0.05247278408761627 0.046468670405179574 0.017169549755320906 -0.021005204805226198 0.0059268152325269883 0.029228253148566176 -0.031992193709592338 -0.050672031910437988 -0.037313160667814711 0.037464706442681711 -0.041328864551515278 0.04934590858965926 0.018712399753705016 0.028363249870620211 0.034699100922522957 -0.07036534176451413 -0.043541154638339637 -0.058868333270003272 -0.017666814624689581 -0.04794814622962576 -0.013672854751362463 0.035562612628927841 0.0398024625315479 0.026262640926482651 0.018198518697418016 0.020765779325258887 0.023359316596414739 0.052689738288806881 -0.0015853408852760293
leaf_weight=1.8108796377200622 34.15114717790857 1.2323947986587871 19.528616584837437 46.78387833153829 84.946655709762126 247.45070154825225 18.353895673761144 19.67155490373262 177.05737878434593 38.4755184489768 1.9981740154325942 17.532740242779255 5.63790031033568 3.6471100153867146 20.887789772823453 10.247155860299243 3.5287611545063546 84.576243335439358 6.1789605196099719 3.8229610715061417 4.7206802074797443 7.6451531655620784 30.715223109582439 7.5600584973581126 2.3149838936515152 0.68531314982101221 2.4001745418645442 76.062940799398348 0.52070933044887979
leaf_count=56 1963 4 230 1713 1162 3294 429 1256 12026 421 104 79 82 75 241 244 250 6603 171 63 190 90 339 100 59 11 40 644 26
internal_value=-0.000146147 -0.00747899 -0.000519973 0.0135447 -0.0162215 0.0211969 -0.0388402 0.0270482 -0.0318414 0.0041168 -0.0267398 0.0137603 -0.0421747 -0.00959233 0.00348676 -0.0442857 0.023482 -0.0565263 0.0296161 0.0407646 0.0237987 0.017244 0.0324989 0.0484367 -0.0239459 -0.0474074 0.00337603 0.0506391 -0.0585403
internal_weight=980.146 772.554 633.089 334.024 299.065 294.235 139.465 207.591 196.586 78.1834 30.0002 102.479 39.789 53.136 39.2417 13.8943 48.1832 86.3293 44.6545 129.408 41.5738 9.64333 35.4359 87.8341 6.13794 20.3569 4.21105 83.623 85.097
internal_count=31965 28171 20549 7052 13497 5007 7622 3794 12256 2303 1461 1241 2045 989 670 319 842 6633 592 1491 651 194 529 840 122 1267 96 744 6629
is_linear=0
shrinkage=0.05


Tree=41
num_leaves=29
num_cat=0
split_feature=34 0 25 0 1 1 1 35 2 29 4 40 6 35 2 5 0 35 35 38 2 29 29 2 32 1 9 6
split_gain=65.3051 68.4172 38.1511 64.7708 40.9345 27.8853 26.5194 22.2429 20.9837 20.2914 12.1526 11.6778 7.8018 7.56538 5.62895 5.86986 5.5137 4.29653 3.00656 2.78226 2.51359 3.50318 2.02251 1.69237 0.921419 0.796551 0.493448 0.189498
threshold=0.25441154837608343 0.73028257489204418 -1.0000000180025095e-35 0.17458572983741763 0.11209464818239213 0.32321648299694067 0.32735091447830206 0.086386922746896758 0.1756609529256821 0.62086075544357311 -0.00048821176460478449 0.17162900418043139 -0.10211719200015067 0.046164646744728095 0.11179219558835031 0.004654783522710205 0.78409263491630565 0.028837030753493312 0.01284921169281006 0.0025353941600769763 0.16443767398595813 -1.0044149756431577 0.2729835063219071 0.16174234449863437 0.0073268082924187192 0.66070422530174266 0.015781466849148277 -0.22016438096761701
decision_type=2 2 2 2 2 2 2 2 2 2 2 2 2 2 2 2 2 2 2 2 2 2 2 2 2 2 2 2
left_child=1 2 3 5 -5 -1 7 -4 -8 12 23 20 16 26 18 -16 17 -2 -14 27 24 -22 -21 -11 -3 -15 -12 -13
right_child=9 11 6 4 -6 -7 8 -9 -10 10 13 19 14 25 15 -17 -18 -19 -20 22 21 -23 -24 -25 -26 -27 -28 -29
leaf_value=0.001922639222804658 0.020378483356034413 -0.057129203893741799 -0.033579983234791097 -0.03743701017729345 0.028318321396183923 -0.0491044003148811 -0.035734307009947085 0.013614593629633904 0.027334265683890732 0.0010230997896403819 -0.0057155192150197785 -0.0020425265669596696 0.021867515349662872 -0.034998176302158741 0.0401971414583022 -0.013573681114001352 0.040197125986178819 -0.035484233241388156 -0.042702219214842706 0.019845593731992382 0.037271194685056033 -0.040392569009240514 -0.022468790218806902 0.046051748285346167 -0.0072616684555021115 -0.081885480308330288 0.025634927468307662 -0.042287369265649577
leaf_weight=52.988858291180804 4.5845807397272464 72.955829421174712 32.673823197372258 25.301430486841127 247.14344197814353 52.970131841953844 133.14295559824677 95.556817285949364 13.896686048479749 3.5211959183216122 1.6915233354084187 0.42838994739577119 2.6585130644962183 3.8709627566859108 133.55043516308069 4.8188294991850844 5.3735952549614003 8.501293786801396 2.6750495980959386 8.1532950634136778 1.3673083782196043 2.9244383894838384 3.1402631825767449 4.2932906383648515 1.2551312181167293 5.7972901319153607 1.88184202555567 3.0546515809837729
leaf_count=1430 65 7365 2697 1186 3928 2795 8091 1348 261 65 53 27 47 101 1161 77 46 162 144 138 3 274 85 25 48 43 28 234
internal_value=-0.000256306 -0.0068239 -0.00107918 0.00921443 0.0220972 -0.023807 -0.0152116 0.00142238 -0.0296293 0.0264105 -0.019051 -0.0466428 0.0323941 -0.0469456 0.0362994 0.0382406 0.00168861 -0.0158557 -0.0121464 -0.0054354 -0.0542334 -0.0132821 0.00720913 0.0281799 -0.0563936 -0.0681531 0.0127898 -0.0388973
internal_weight=930.172 746.953 653.674 378.404 272.445 105.959 275.27 128.231 147.04 183.218 21.0561 93.2793 162.162 13.2416 143.703 138.369 18.4595 13.0859 5.33356 14.7766 78.5027 4.29175 11.2936 7.81449 74.211 9.66825 3.57337 3.48304
internal_count=31927 29910 21736 9339 5114 4225 12397 4045 8352 2017 315 8174 1702 225 1429 1238 273 227 191 484 7690 277 223 90 7413 144 81 261
is_linear=0
shrinkage=0.05


Tree=42
num_leaves=28
num_cat=0
split_feature=34 24 5 36 7 6 38 6 6 29 46 2 19 25 26 22 38 2 5 7 24 24 3 29 31 28 5
split_gain=59.8992 48.0631 65.654 38.2455 31.8846 23.9673 23.3331 23.1961 21.4865 16.0447 15.7324 11.7132 11.2069 11.1718 9.83188 9.14848 9.01359 7.7005 7.25477 4.0369 4.03088 3.73962 2.58756 2.55695 1.76479 0.362462 0.243557
threshold=0.25441154837608343 0.30491694808006292 0.0034515790175646548 0.00055357374367304157 0.96901842951774608 0.0020581141579896216 0.0053900324273854503 0.28606480360031133 0.49194628000259405 -0.33873300254344935 0.12209485098719598 0.1670140624046326 0.047458231449127204 0.00071131362346932303 -0.25856602191925043 1.0000000180025095e-35 0.021482250653207306 0.13869901001453402 0.0039616876747459182 0.99998703598976146 0.13100054860115054 0.38361559808254247 -0.0017025816487148402 0.21376739442348483 -0.10159644111990927 2.6243700981140141 0.0028951439308002595
decision_type=2 2 2 2 2 2 2 2 2 2 2 2 2 2 2 2 2 2 2 2 2 2 2 2 2 2 2
left_child=1 2 4 7 14 -6 8 -4 13 18 -5 12 17 -3 -1 -14 23 -11 19 21 25 -2 -10 -8 -18 -20 -13
right_child=9 6 3 10 5 -7 16 -9 22 11 -12 26 15 -15 -16 -17 24 -19 20 -21 -22 -23 -24 -25 -26 -27 -28
leaf_value=-0.0020356838085420883 0.045931795533674942 -0.042484168677009805 -0.042582159310922386 0.019725798533095806 -0.015180357815767601 0.019136527604653196 0.039482048055170839 0.011209226200259144 -0.015614276832471498 -0.017422681205530508 -0.030375113945458967 0.025293640490534338 -0.05398987196463173 0.033566554784921231 0.045692578314943867 0.01737517046254471 0.019473660531265074 0.035833883370382118 -0.045423895489286985 0.00011175835591549205 0.021353884317862212 -0.0042930968400162733 0.035433112753567399 -0.0033639412939364074 -0.04811263029345321 -0.0092325946817745728 0.048252837142456373
leaf_weight=12.203502435004337 93.451228994177654 144.6150344494381 122.78032899129903 65.84705428162124 83.314695858280174 127.47132183483336 16.253318767994649 23.478112312732264 2.5366113230120382 10.628237800439821 19.510020789690316 5.9782123044133177 14.547963300719859 4.2904334771446875 86.983398158103228 5.7494241204112759 0.60245804907754319 15.72396711213514 2.4422055617906135 5.540197951719164 7.0316200708039105 3.6876177784288293 10.580487190862184 4.1758769031148395 4.5064202090725267 1.648502657189965 9.9349268395453674
leaf_count=414 922 11445 9872 883 2274 1882 148 1011 69 232 302 43 308 203 883 42 8 132 65 41 73 96 111 74 293 31 59
internal_value=0.000370381 -0.00596116 0.00160535 -0.018489 0.0166313 0.0055649 -0.0277024 -0.0339298 -0.0346801 0.0264331 0.00805513 0.0059575 -0.0068305 -0.0400836 0.0398586 -0.0339084 0.0162055 0.014503 0.0375398 0.0416566 -0.000767563 0.0440008 0.0251547 0.0309757 -0.0382595 -0.0355178 0.0416331
internal_weight=905.513 729.149 541.588 231.616 309.973 210.786 187.561 146.258 162.023 176.364 85.3571 62.5627 46.6496 148.905 99.1869 20.2974 25.5381 26.3522 113.801 102.679 11.1223 97.1388 13.1171 20.4292 5.10888 4.09071 15.9131
internal_count=31916 29872 17521 12068 5453 4156 12351 10883 11828 2044 1185 816 714 11648 1297 350 523 364 1228 1059 169 1018 180 222 301 96 102
is_linear=0
shrinkage=0.05


Tree=43
num_leaves=25
num_cat=0
split_feature=27 1 7 1 29 38 30 24 5 9 9 2 2 2 39 30 29 1 36 43 43 24 1 19
split_gain=60.9433 47.3758 64.5513 43.011 38.8851 33.9549 30.7461 24.5238 23.3899 19.1076 17.0773 14.7568 13.3917 12.601 9.91597 9.35313 7.41426 7.29096 6.07752 5.10321 2.79046 2.12254 1.41601 0.502794
threshold=1.0029018521308901 0.34446594119071966 0.9165293574333192 0.11433785408735277 0.054197184741497047 0.0022927459795027976 0.0040310644544661054 0.19371533393859866 0.0025142005179077391 0.011504209134727718 -0.081995178014039979 0.11051005497574808 0.1670140624046326 0.13931529968976977 0.0026653243694454436 0.0044700899161398419 0.075621783733367934 0.88581135869026195 0.00047940360673237597 0.006316669052466751 0.049235926941037185 0.2415047958493233 0.5013864040374757 0.0064720511436462411
decision_type=2 2 2 2 2 2 2 2 2 2 2 2 2 2 2 2 2 2 2 2 2 2 2 2
left_child=1 3 8 10 6 7 -5 -4 22 -10 21 20 -7 -12 -6 16 17 -13 -17 -18 23 -1 -3 -2
right_child=11 2 5 4 14 12 -8 -9 9 -11 13 15 -14 -15 -16 18 19 -19 -20 -21 -22 -23 -24 -25
leaf_value=0.058434630224542219 0.00057575304924755214 0.013143876710279223 -0.018407024591089755 0.033152836435318772 -0.040383880600276471 -0.012944515230058979 -0.014024830360437671 -0.054485477451730296 -0.031816650388527573 0.024523268670209705 -0.049682184817087138 0.044220121679920475 0.036379285364859411 0.029289896401187718 0.020562950489006721 -0.051081964474300127 -0.007598022421012313 -0.0079731422073809847 0.01979221937906812 0.028661204596023074 0.024937457106748884 0.0012801135299270866 0.049927969684202239 -0.048515697342253049
leaf_weight=4.11484570801258 0.53448622091673126 3.747531978879123 77.30371142498916 184.49489929503761 32.435577646421734 71.667664222070016 41.838328271871433 125.59959461516701 28.274085109354928 29.981479027541354 44.886210102471523 100.84234720619861 15.984519238583742 5.0173696707934132 7.6741483695222987 4.6821537445066479 15.048890358535571 6.8614912806078783 5.6348776607774198 24.652687840163708 1.0418080415111033 2.4472629048395902 35.034178731846623 6.7008563773706555
leaf_count=28 18 58 3351 2466 2703 1700 1566 10799 1692 568 3060 1214 140 81 255 291 406 119 57 360 20 117 325 633
internal_value=0.000202956 -0.00617744 -0.0179418 0.00795535 0.0163661 -0.0297094 0.0244086 -0.0408977 0.0172371 -0.00289654 -0.0313262 0.0273854 -0.00364078 -0.0413228 -0.0285064 0.030841 0.034056 0.0408523 -0.014044 0.0150681 -0.0346886 0.0401075 0.0467932 -0.0452597
internal_weight=876.501 710.501 387.593 322.909 266.443 290.555 226.333 202.903 97.0373 58.2556 56.4657 166 87.6522 49.9036 40.1097 157.722 147.405 107.704 10.317 39.7016 8.27715 6.56211 38.7817 7.23534
internal_count=32027 28909 18633 10276 6990 15990 4032 14150 2643 2260 3286 3118 1840 3141 2958 2447 2099 1333 348 766 671 145 383 651
is_linear=0
shrinkage=0.05


Tree=44
num_leaves=27
num_cat=0
split_feature=43 2 25 0 36 6 1 24 5 2 39 1 22 24 40 4 44 43 9 0 43 41 12 35 35 36
split_gain=54.3388 50.0135 37.6874 25.5193 43.3056 25.964 19.7709 16.0894 14.125 15.7011 11.1045 8.31741 7.41993 7.25744 6.16429 5.98281 5.06799 8.76532 5.05073 3.24744 3.02205 2.32798 1.79126 1.24674 1.23786 0.227049
threshold=0.017712962813675407 0.12451204657554628 -0.00084188737673684944 0.41136083006858831 0.0006773544300813229 -0.022647923789918419 0.87450128793716442 0.070523668080568327 0.0039024202851578598 0.10825660452246667 0.0064749675802886495 0.90292266011238109 1.0000000180025095e-35 0.21772087365388873 0.16356857120990756 0.0024487392511218791 0.015168534591794016 0.033308027312159545 -0.007799523649737238 0.54623395204544078 0.06480391696095468 0.0029940656386315827 0.0051843305118381986 0.01284921169281006 0.034454708918929107 0.00060187524650245916
decision_type=2 2 2 2 2 2 2 2 2 2 2 2 2 2 2 2 2 2 2 2 2 2 2 2 2 2
left_child=1 10 6 5 -5 -4 7 -3 9 20 12 15 13 -1 -12 -11 25 22 -8 -19 -2 -14 -18 -16 -13 -10
right_child=8 2 3 4 -6 -7 18 -9 16 11 14 24 21 -15 23 -17 17 19 -20 -21 -22 -23 -24 -25 -26 -27
leaf_value=-0.018679280158668841 -0.046344287648050098 -0.051720327362970969 -0.02714345065995365 -0.040197921554323314 0.01898147624089825 0.013550827808887429 -0.064451637524262903 0.024745104301335814 0.014416299094054405 0.03927746605958661 -0.040817447379944888 0.0094765716137312321 -0.017008788747616018 -0.051934152115634014 0.045367954483809467 -0.013096940906768407 -0.042393213510654476 -0.01434801146282684 -0.0088016408323730415 0.042827407676147698 0.019595666186399067 0.037274119388203346 0.016437922260402721 0.0037099847614838811 -0.050609484493453927 0.041326293555119464
leaf_weight=22.702654323074967 6.7038162462413293 6.2504722480662158 53.741605507559143 118.97570953972172 40.965796732110903 137.05621891492046 6.7738365272525725 172.89692930039018 3.0439831693656769 126.24703201907687 3.1951332087628526 0.77870066708419416 3.1203346890397361 77.220885490416549 5.1907666097395122 5.2427707065362474 14.688183109741658 3.3916875156573933 9.3621662838850153 5.4580590426921844 1.6291289585642514 2.9239680729806423 0.89647580240853209 2.7990203385706991 2.3556839479133487 2.9333304343745112
leaf_count=1325 823 51 2663 8402 552 3469 189 2673 66 1472 423 44 61 7739 54 137 1113 83 191 107 35 26 20 85 99 18
internal_value=-0.000420758 -0.00694187 -0.00055837 -0.0103523 -0.0250166 0.0020068 0.0169951 0.0218049 0.0244208 0.0309655 -0.0364374 0.0351206 -0.0414041 -0.0446386 0.0101537 0.0371061 -0.00635047 -0.016526 -0.0345612 0.0216828 -0.0327344 0.0108145 -0.038222 0.0328102 -0.0370003 0.0316525
internal_weight=836.544 663.175 546.023 350.739 159.942 190.798 195.283 179.147 173.369 142.957 117.153 134.624 105.968 99.9235 11.1849 131.49 30.4117 24.4344 16.136 8.84975 8.33295 6.0443 15.5847 7.98979 3.13438 5.97731
internal_count=31920 27903 18190 15086 8954 6132 3104 2724 4017 2610 9713 1752 9151 9064 562 1609 1407 1323 380 190 858 87 1133 139 143 84
is_linear=0
shrinkage=0.05


Tree=45
num_leaves=23
num_cat=0
split_feature=22 21 38 2 6 5 4 30 0 29 43 30 1 24 29 31 3 1 5 16 31 2
split_gain=52.1877 43.9122 36.3171 33.7792 26.3338 27.1574 23.0076 20.4433 21.306 20.985 15.483 15.4436 9.91438 9.26656 6.2465 5.05888 4.53982 3.65694 2.67066 1.38984 1.2582 1.12235
threshold=1.0000000180025095e-35 0.91285482048988353 0.0035549283493310217 0.12420320510864259 0.11719202250242235 0.0031198643846437339 -0.0032622184371575709 0.0034654809860512619 0.41834877431392675 0.065006341785192504 0.049235926941037185 0.0040589666459709415 0.79874795675277721 0.21772087365388873 0.010401027742773296 0.096260275691747679 -0.0029173004440963264 0.56616753339767467 0.0032307704677805309 0.44327560067176824 0.0019705372396856551 0.17380877584218982
decision_type=2 2 2 2 2 2 2 2 2 2 2 2 2 2 2 2 2 2 2 2 2 2
left_child=1 3 4 10 6 -6 -3 9 -9 -5 13 14 16 -1 19 -14 -4 18 -16 -2 -19 -21
right_child=11 2 12 7 5 -7 -8 8 -10 -11 -12 -13 15 -15 17 -17 -18 20 -20 21 -22 -23
leaf_value=-0.0014852290293563847 0.022789146528632509 0.01962321946810092 -0.017665620616743337 0.028625732101223385 0.022568494281625537 -0.03332294749911318 -0.043223574532680525 0.018105944251602061 -0.026147007826874558 -0.013520028823872611 0.048133742895558107 -0.05144226262423688 -0.056251325458362506 -0.040014052071437094 0.01026728525169434 0.031077078902662904 0.032990205861339238 0.0067004441050326673 -0.043078088750700988 0.050088665752233821 0.044751234541623983 0.014455860868763055
leaf_weight=21.913282374036498 8.6832368886098248 15.435752840363419 4.3298932451289138 181.83756118419115 45.207735194009729 40.050624711904675 160.71736577001866 51.661360986181535 55.304134972742759 34.607026539742947 6.2013136211317024 4.1237074816599479 5.0575416432693592 53.907191736856475 4.8742307266220477 1.5513361319899557 40.015906076412648 3.8783633541315776 3.0520968888886273 59.113198173232377 5.4847784712910652 3.3197023011744013
leaf_count=445 79 618 154 1926 947 3157 14124 878 2367 952 84 73 197 4414 58 15 521 56 56 716 50 18
internal_value=-0.000501149 -0.00507204 -0.0191312 0.00578027 -0.0266473 -0.00376878 -0.0376368 0.0130506 -0.00480432 0.0218559 -0.0226984 0.0346328 0.0191996 -0.0290429 0.0391782 -0.0343621 0.0277637 0.0114079 -0.0127986 0.0456778 0.0311574 0.0484517
internal_weight=810.327 717.798 312.366 405.432 261.411 85.2584 176.153 323.41 106.965 216.445 82.0218 92.5293 50.9547 75.8205 88.4056 6.60888 44.3458 17.2895 7.92633 71.1161 9.36314 62.4329
internal_count=31905 30799 19733 11066 18846 4104 14742 6123 3245 2878 4943 1106 887 4859 1033 212 675 220 114 813 106 734
is_linear=0
shrinkage=0.05


Tree=46
num_leaves=29
num_cat=0
split_feature=43 2 25 0 6 21 1 3 7 33 36 19 36 37 3 1 32 5 3 2 0 0 4 4 22 9 6 28
split_gain=44.9961 46.8032 39.6833 38.6589 38.4247 30.8707 11.2248 12.2699 10.9347 10.7921 10.7618 8.87363 8.25589 6.35883 6.93148 5.96956 7.21966 4.9554 4.03962 3.92935 2.41491 2.08982 1.51591 1.35013 0.988947 0.8834 0.754518 0.654084
threshold=0.018553763628005985 0.12451204657554628 -0.0017155546229332683 0.36320692300796514 -0.0029955791542306538 0.81982851028442394 0.90292266011238109 0.0018311053281649949 0.96815675497055065 0.0056697663385421046 0.00044691609218716627 0.0053682923316955575 4.5865866923122674e-05 0.10743939131498338 -0.0011432855390012262 0.29120439291000372 0.0027844574069604282 0.0040217046625912198 0.0018311053281649949 0.11256612837314607 0.13552708178758624 0.26587153971195226 6.8673201894853278e-05 0.0021556550636887555 1.0000000180025095e-35 0.092557728290557875 0.67048934102058422 1.5075684785842898
decision_type=2 2 2 2 2 2 2 2 2 2 2 2 2 2 2 2 2 2 2 2 2 2 2 2 2 2 2 2
left_child=1 9 6 4 -4 -5 7 -3 17 13 11 -10 -13 14 -1 18 -17 20 -12 24 22 -19 -2 -22 -11 -21 -15 -23
right_child=8 2 3 5 -6 -7 -8 -9 10 19 15 12 -14 26 -16 16 -18 21 -20 25 23 27 -24 -25 -26 -27 -28 -29
leaf_value=-0.025856356720768428 0.030596832585549516 0.03554079820007091 -0.025149191316473276 0.014630159512485787 0.0231984940928407 -0.031073726731581763 -0.054679306676315077 -0.024958141877213038 0.051403011591811515 -0.039491438996725532 0.047372460132382742 0.041315918309461123 -0.025965317532350252 -0.0055004747158357882 -0.054369322965753364 -0.042772699392359746 0.02156260375792941 0.032193703533231935 -0.0022142276761359394 0.003579837522835846 0.050825682164281218 -0.04141694293382004 -0.017555592153483172 0.011167403140356316 0.015981274184738156 0.043670874529200307 0.034648517971279186 0.0059572008028429373
leaf_weight=38.375039980222937 2.4595246000681064 92.41070101747755 57.374413652112707 46.143292747205123 138.2319429628551 174.64298159931786 3.1549948805477461 8.5063957585953158 4.649323469027876 2.440296292537822 28.182720841607079 4.4408295907778657 29.447014656616375 1.5113170830300071 57.951819166890346 4.6997145699569982 17.760968282818794 1.0084864287637167 4.6788185944315037 2.076376463053748 44.170683222473599 2.1123346533859153 2.2011636648094282 2.934913270873948 0.45044134557247151 4.5792096678633243 2.0446530100889504 0.65455849096178997
leaf_count=4148 45 1140 2931 558 2961 10518 59 241 51 299 299 93 1655 79 5127 193 236 8 50 85 640 170 114 57 8 61 14 15
internal_value=-0.000705056 -0.00656281 -0.000289242 -0.00720249 0.00896157 -0.0214989 0.027176 0.0302464 0.0238714 -0.0361282 0.0132327 -0.00696512 -0.0162169 -0.0409543 -0.0433926 0.0271762 0.0068516 0.0412977 0.0404554 0.0134625 0.0452832 -0.0113889 0.0087714 0.0486383 -0.0289617 0.0332648 0.0201229 -0.0316035
internal_weight=779.295 629.894 520.465 416.393 195.606 220.786 104.072 100.917 149.401 109.429 93.8594 38.5372 33.8878 99.8828 96.3269 55.3222 22.4607 55.5417 32.8615 9.54632 51.7663 3.77538 4.66069 47.1056 2.89074 6.65559 3.55597 2.76689
internal_count=31855 28229 18408 16968 5892 11076 1440 1381 3626 9821 2577 1799 1748 9368 9275 778 429 1049 349 453 856 193 159 697 307 146 93 185
is_linear=0
shrinkage=0.05


Tree=47
num_leaves=25
num_cat=0
split_feature=9 2 21 0 7 41 43 24 29 4 25 1 29 24 7 20 7 2 1 41 9 2 43 9
split_gain=45.3233 32.1716 33.9992 36.7317 26.9648 18.2246 13.8748 13.6297 12.794 11.1296 10.5539 12.0393 8.93292 8.43163 7.85159 7.66843 4.86934 4.31177 3.59197 3.33362 3.23472 1.42034 0.984222 0.796082
threshold=0.048724573105573661 0.12488645315170289 0.83090016245841991 0.36320692300796514 0.89425009489059459 0.0024201736086979513 0.038500366732478149 0.37059721350669866 0.26063023507595068 0.0030110524967312817 -2.4315368136740286e-05 0.10890023410320283 0.075621783733367934 0.19036559015512469 0.94805049896240245 0.90306708216667186 0.82661813497543346 0.1670140624046326 0.30242420732975012 0.0043910511303693065 -0.090898979455232606 0.11512076109647752 0.0088243344798684138 0.022747121751308445
decision_type=2 2 2 2 2 2 2 2 2 2 2 2 2 2 2 2 2 2 2 2 2 2 2 2
left_child=1 6 9 5 -5 -4 15 8 10 12 11 -2 -3 -12 22 19 -9 -16 -11 -1 -17 23 -10 -8
right_child=7 2 3 4 -6 -7 21 16 14 18 13 -13 -14 -15 17 20 -18 -19 -20 -21 -22 -23 -24 -25
leaf_value=-0.016383262117559343 -0.033732782724631108 0.030221009786618416 -0.0037584891001738105 0.019678260167656725 -0.032826483724817404 0.031489005384198916 -0.022476095145707167 0.027785603980144305 0.00074733548778815385 0.0099390359898340816 -0.01624662642452001 0.043541598352433881 -0.010483445945662096 0.031356603647785336 -0.049707476893266489 -0.011069982851068669 -0.04961338523958185 0.026648430659058159 -0.062555578073331453 0.036864664689843368 -0.047264522697307597 0.050174996938512677 0.036833493345917241 0.022717631083619749
leaf_weight=12.391937306616454 4.6158234664471811 96.353737469762564 123.5096471819561 28.075730026816018 162.21574976886041 51.05513321631588 0.9825299757067103 1.9351868436206112 2.8732084039365899 2.1972201343160114 17.847233488457277 93.381570259924047 15.13666284852661 17.461861610529013 9.6007810763549042 7.5210074059432364 7.7576916732941754 1.5774152963422228 4.1273238833528012 2.7792899974156162 72.459698083868716 4.0592962314840406 4.7660140660591424 0.91640936234034598
leaf_count=577 173 873 4597 911 10102 1144 102 34 70 35 348 1346 248 364 495 598 1046 19 81 35 8549 45 71 14
internal_value=-0.0012419 -0.00773634 -0.00233722 -0.00987941 -0.0250175 0.00667102 -0.0332349 0.0220915 0.0257948 0.0209064 0.031218 0.0395979 0.0246506 0.00751044 -0.0122608 -0.0379238 -0.0330073 -0.0376291 -0.0394517 -0.00495209 -0.0440397 0.0363349 0.0249186 -0.000352974
internal_weight=745.598 583.781 482.671 364.856 190.291 174.565 101.11 161.817 152.124 117.815 133.306 97.9974 111.49 35.3091 18.8174 95.1519 9.69288 11.1782 6.32454 15.1712 79.9807 5.95824 7.63922 1.89894
internal_count=31877 27911 17991 16754 11013 5741 9920 3966 2886 1237 2231 1519 1121 712 655 9759 1080 514 116 612 9147 161 141 116
is_linear=0
shrinkage=0.05


Tree=48
num_leaves=26
num_cat=0
split_feature=27 24 25 38 36 1 1 7 0 6 7 38 4 24 29 4 29 36 34 6 38 5 41 6 1
split_gain=38.7264 32.4271 35.4552 29.9585 25.0653 24.4624 29.7037 27.6904 17.3964 15.408 13.3482 9.20019 6.68114 6.33627 5.67486 4.16602 3.50316 3.86931 3.31634 3.20619 2.93164 2.68468 1.44577 1.14286 0.70792
threshold=1.6339657902717593 0.30491694808006292 -1.0000000180025095e-35 0.0052005730103701362 0.00055357374367304157 0.75056001543998729 0.11433785408735277 0.88993513584136974 0.16261499375104907 0.49194628000259405 0.99847304821014415 0.032039400190114982 -0.0034156941110268231 0.37059721350669866 0.26063023507595068 -0.0010192691697739063 0.075621783733367934 0.00077895945287309598 0.25441154837608343 0.11390240490436555 0.0020919351372867827 0.0015411102212965491 0.00097151155932806443 0.23316385596990588 0.74494609236717235
decision_type=2 2 2 2 2 2 2 2 2 2 2 2 2 2 2 2 2 2 2 2 2 2 2 2 2
left_child=1 2 5 9 8 6 -1 -7 -4 12 -6 14 -3 16 -5 -11 19 21 -15 20 -2 -18 -21 -13 -20
right_child=13 3 4 11 10 7 -8 -9 -10 15 -12 23 -14 18 -16 -17 17 -19 24 22 -22 -23 -24 -25 -26
leaf_value=-0.032416441124706048 -0.017703490746758546 0.022018065145705121 0.031328212674757293 0.039743771847774008 0.022870146114891583 0.035025665098803983 0.029704947462154435 -0.040761169236072703 -0.029652324213644294 0.03551153662865366 -0.020065100205165661 -0.048696582528341692 -0.042683950476037735 -0.049596811623368299 -0.024496868147609076 -0.024978730534848319 -0.033245713806422834 0.04130887958296383 -0.0077362191119561344 0.018255412439599255 0.029733620995755362 0.011486056275008847 0.052034980960345249 0.0098819385152083116 0.031427161338732634
leaf_weight=20.750794928404503 3.0151727504562613 3.5570377246476701 11.990370726445688 22.95089359860868 57.862062346073799 17.318760410300456 176.78087802533992 34.578679744969122 134.72908190562157 8.5518140216590819 25.248302366235293 3.9128821861231691 110.51410208654124 2.9340010953601441 3.3238443563459432 3.2285888588521621 3.213814123766503 8.9000221730675531 1.46870265272446 5.0803151580039403 27.411953209084459 15.516841017291879 32.102356689749286 0.64203264866955567 1.6697552655823527
leaf_count=878 197 105 406 293 675 217 2720 1636 10774 102 433 253 11238 238 106 88 55 65 68 110 331 465 420 26 17
internal_value=0.000137554 -0.00444925 0.00201782 -0.0241182 -0.0121224 0.0150433 0.0230487 -0.0152862 -0.0244905 -0.0348908 0.00974326 0.0195718 -0.0404926 0.028691 0.0310169 0.018276 0.0318553 0.0160171 -0.0184249 0.0380002 0.0246191 0.00251498 0.0480186 -0.0401472 0.0156591
internal_weight=737.253 635.94 479.259 156.681 229.83 249.429 197.532 51.8974 146.719 125.852 83.1104 30.8297 114.071 101.313 26.2747 11.7804 95.2405 27.6307 6.07246 67.6098 30.4271 18.7307 37.1827 4.55491 3.13846
internal_count=31916 29950 17739 12211 12288 5451 3598 1853 11180 11533 1108 678 11343 1966 399 190 1643 585 323 1058 528 520 530 279 85
is_linear=0
shrinkage=0.05


Tree=49
num_leaves=29
num_cat=0
split_feature=9 21 1 2 17 37 0 16 2 4 1 32 41 5 0 38 1 39 43 6 1 22 19 35 7 27 2 31
split_gain=37.5696 31.307 21.4671 19.2997 19.8701 27.5067 17.5324 13.2051 13.1135 12.2349 15.0635 11.3434 10.7975 10.6707 10.1949 10.0185 9.59631 6.76994 5.38249 4.35195 3.94725 2.64549 2.63499 1.73339 0.727321 0.630806 0.104713 0.166076
threshold=0.029286806471645836 0.94902673363685619 0.29692111909389501 0.12199999764561655 0.30833333730697637 0.066562589257955565 0.22967917472124103 0.99237188696861278 0.11051005497574808 0.001229012734256685 0.84115007519721996 0.0038851269055157904 0.0082301716320216673 0.0044971865136176356 0.90363702178001415 0.0056284519378095874 0.87684962153434765 0.0019855591235682373 0.033308027312159545 -0.48620580136775965 0.14373012632131579 1.0000000180025095e-35 0.047458231449127204 0.028837030753493312 0.58655452728271495 2.9180650711059575 0.10669768974184991 0.1429480388760567
decision_type=2 2 2 2 2 2 2 2 2 2 2 2 2 2 2 2 2 2 2 2 2 2 2 2 2 2 2 2
left_child=1 3 6 12 16 -6 7 -3 18 13 17 -8 21 14 -10 19 -5 -11 24 -4 -15 -1 -12 -17 -2 -26 27 -20
right_child=8 2 15 4 5 -7 11 -9 9 10 22 -13 -14 20 -16 23 -18 -19 26 -21 -22 -23 -24 -25 25 -27 -28 -29
leaf_value=-0.039637685074018533 0.0042854634275132234 -0.025366275539650786 -0.0062286664769017315 0.022108443568367789 -0.014136515860532235 0.034926829495984184 -0.04978513329501269 0.052696483377973613 0.032747814238614954 -0.002194414984112469 -0.0043997734539913663 0.037160671672563372 0.055036984350134689 0.029232611707924617 -0.043363213699787878 0.028680608728761287 -0.033322171627691598 0.04475419531915624 -0.0095816046228034898 -0.055547698188262884 -0.039133787249140628 0.006820262358159461 -0.072550476018827068 -0.016804133228572538 -0.050601852410944295 0.0062076229881253067 0.028803918664783303 0.014656120919360581
leaf_weight=42.241935275378637 0.53074629977345367 7.3535678924527046 5.0964182689785948 120.07486197398975 177.37449387693778 33.037784934509546 18.30621986446204 15.416424109484067 138.62464262673166 25.586047995835543 1.9155092045548352 3.8791104087140402 2.5913148586405432 2.0199943670304474 3.7128325378871514 4.0034598179627201 7.4744975522626182 9.9186167826410365 0.44723556761164163 63.501298004819546 7.2902318778214976 3.0073106824420384 6.4994729555910453 2.7423484467435628 9.4925696987775119 0.29736898199189532 2.0627761983778328 0.4465762588661164
leaf_count=4521 15 313 337 1134 9314 413 2045 291 2190 819 75 46 47 47 486 76 165 168 63 7507 421 54 109 74 1297 20 53 17
internal_value=-0.000712072 -0.00807397 -0.0302304 -0.00110495 0.00313199 -0.00630409 -0.00275622 0.0274796 0.0170817 0.0203762 -0.00281847 -0.0336356 -0.0304875 0.0270682 0.0304738 -0.0463727 0.0186262 0.0117879 -0.0294717 -0.0520257 -0.022904 -0.0364693 -0.0591523 0.0104076 -0.0456094 -0.0484609 0.0241507 0.0038728
internal_weight=714.946 506.101 120.299 385.802 337.962 210.412 44.9553 22.77 208.845 195.567 43.9196 22.1853 47.8406 151.648 142.337 75.3435 127.549 35.5047 13.2773 68.5977 9.31023 45.2492 8.41498 6.74581 10.3207 9.78994 2.95659 0.893812
internal_count=32117 26337 10689 15648 11026 9727 2695 604 5780 4315 1171 2091 4622 3144 2676 7994 1299 987 1465 7844 468 4575 184 150 1332 1317 133 80
is_linear=0
shrinkage=0.05


Tree=50
num_leaves=29
num_cat=0
split_feature=9 21 2 3 39 7 17 2 35 4 38 5 1 3 3 4 30 24 1 39 34 34 2 30 19 39 1 0
split_gain=33.4369 28.1265 19.1593 18.6362 16.3479 15.4115 15.2531 14.5896 15.8401 13.5983 11.336 9.83773 8.77516 7.75202 7.69493 6.907 6.41941 6.16913 6.31129 5.46083 4.67346 4.56872 3.92798 3.01767 1.1683 1.05156 0.685317 0.397957
threshold=0.029286806471645836 0.95719203352928173 0.1087399832904339 0.0013610128080472352 0.0012490562512539329 0.97070041298866283 0.14166666567325595 0.12903869897127154 0.019756222143769268 0.0012566347722895446 0.0058516415301710376 0.0047422791831195363 0.837274730205536 0.0022985561517998581 0.0014488077140413227 -0.0032622184371575709 0.0031597313936799769 0.22558574378490451 0.22728524357080462 0.0018975601997226479 0.35556218028068548 0.20394910871982577 0.10051277279853822 0.0052444676402956256 0.075476944446563735 0.00015104775957297536 0.28040979802608496 0.29888693988323217
decision_type=2 2 2 2 2 2 2 2 2 2 2 2 2 2 2 2 2 2 2 2 2 2 2 2 2 2 2 2
left_child=1 2 -1 5 10 -4 -5 8 16 11 15 14 19 21 -9 -3 22 18 -10 -11 -19 -6 -2 -13 -15 -18 -12 -14
right_child=7 4 3 6 13 -7 -8 9 17 12 26 23 27 24 -16 -17 25 20 -20 -21 -22 -23 -24 -25 -26 -27 -28 -29
leaf_value=-0.052954201117330228 -0.029438066882527193 0.0034257598315452658 0.023988324961429133 0.025129636844880329 -0.045595610205821174 -0.00094631462810382217 -0.028731077769924836 0.043059170671944862 0.03617248289962291 -0.0055152792299443393 0.039086658908414819 -0.045215837681920119 -0.071699743374205968 0.0038434915815761411 0.010324237723575613 -0.053768340877576093 0.0098750463925266901 -0.053546747872125794 -0.037247430582017148 0.043849109085707216 0.014317751440630203 0.020025934028443368 0.042313968121772606 0.020836093819186347 0.050930707411801293 -0.037256114142930882 0.0034219074027963727 -0.021866743817477413
leaf_weight=16.436843181203585 1.4156052910839267 5.6496268575428976 89.064999266061932 15.165679457830263 5.7198878352064657 198.42630494519835 73.140293450502213 86.070999351912178 5.4327319025760534 20.565555990440778 2.542665838263928 4.3595979646779588 2.9861679559107861 1.8035583582241068 23.570478170353454 60.26936094276607 1.1377507899305772 17.477659094030972 4.3761291914852336 6.6106325879227361 2.5128567097708574 3.6336696094367653 18.364483347162604 1.8463214107323436 6.56950798840262 3.3722195277223364 2.5124325098004192 1.7846499815350396
leaf_count=2683 187 330 2206 148 734 7286 5109 1063 52 554 21 228 26 174 685 7279 93 1617 93 90 49 79 506 44 28 414 62 94
internal_value=-0.000330656 -0.00749862 -0.0017177 0.000657902 -0.0327577 0.00683483 -0.0193032 0.0166979 -0.00544906 0.0247854 -0.043364 0.0326909 -0.00400398 0.00975574 0.0361788 -0.0488885 0.0239816 -0.0294383 0.00300132 0.00762273 -0.0447403 -0.020631 0.0360093 -0.0254003 0.0422803 -0.0257318 0.0248535 -0.0600779
internal_weight=682.819 480.935 392.234 375.797 88.7007 287.491 88.306 201.884 54.0894 147.794 70.9741 115.847 31.947 17.7266 109.641 65.919 24.2901 29.7994 9.80886 27.1762 19.9905 9.35356 19.7801 6.20592 8.37307 4.50997 5.0551 4.77082
internal_count=31934 26139 17432 14749 8707 9492 5257 5795 3011 2784 7692 2020 764 1015 1748 7609 1200 1811 145 644 1666 813 693 272 202 507 83 120
is_linear=0
shrinkage=0.05


Tree=51
num_leaves=24
num_cat=0
split_feature=2 25 0 36 1 30 44 22 7 1 40 2 39 3 0 41 41 24 22 24 2 16 19
split_gain=33.8686 27.7546 28.7317 37.9189 24.1951 25.2286 20.7045 17.3029 15.333 11.991 11.2763 9.37221 8.95218 8.71145 7.64424 7.0166 5.04154 4.98085 3.25686 2.82621 1.05679 0.645113 0.183626
threshold=0.12420320510864259 -0.0018167193629778919 0.42171847820281988 0.00045115924149286007 0.76412475109100353 0.0044841971248388299 0.037482630461454398 1.0000000180025095e-35 0.99847304821014415 0.90292266011238109 0.18594775348901751 0.16002421826124194 0.0024843000574037437 0.0015360183897428217 0.88124960660934459 0.0074725244194269189 0.0016888164100237193 0.21772087365388873 1.0000000180025095e-35 0.38214848935604101 0.10825660452246667 0.73265993595123302 0.009067505598068239
decision_type=2 2 2 2 2 2 2 2 2 2 2 2 2 2 2 2 2 2 2 2 2 2 2
left_child=6 9 4 7 5 -3 10 -4 -5 13 15 -6 18 14 -2 17 -15 -1 -12 -14 22 -17 -8
right_child=1 2 3 8 11 -7 20 -9 -10 -11 12 -13 19 16 -16 21 -18 -19 -20 -21 -22 -23 -24
leaf_value=-0.020851498489500978 0.039041695162358753 0.020783493508885857 -0.044518542641145631 0.018603797020232904 -0.049772832471271476 -0.033459425525142944 0.010630099474841583 0.023464027328971085 -0.033101944925909059 -0.052979225946385572 -0.045428782095768144 0.039117057918127383 0.038761834103842437 -0.04119607026939455 -0.015170643496696634 0.050619483135436884 0.021258273863824312 -0.050023744555056975 0.020813722781435437 -0.022529111426193779 0.045703054062813775 0.0030915314524019842 -0.01274428611221844
leaf_weight=22.291490730480291 89.848118963418528 206.51495333667845 85.362816638953518 69.759343181387521 19.912930273683745 23.003211729286704 0.7739752517081786 9.8736624487210047 17.020772112125997 3.5967123482841989 7.9419958887156117 2.6952871963148928 10.096359147457404 5.511450447374953 6.4922383060911661 1.156826883554458 5.5235195782734081 58.112813235668 1.7107543107122181 1.5800272850319732 8.9868255100445804 1.2747172416420651 0.59816317411605269
leaf_count=1397 939 4871 8503 1591 1172 1624 31 137 647 61 631 19 219 168 406 6 116 8848 26 113 230 91 84
internal_value=-6.90531e-05 0.00513403 -0.000589075 -0.0156802 0.0103245 0.0152255 -0.0246649 -0.0372999 0.00820083 0.0273292 -0.0314203 -0.0379676 0.000993608 0.0304833 0.0352701 -0.0396787 -0.0107659 -0.0422915 -0.0328369 0.0293451 0.0400493 0.0338652 -0.000636521
internal_weight=659.639 545.115 434.143 182.017 252.126 229.518 114.524 95.2365 86.7801 110.972 104.165 22.6082 21.3291 107.375 96.3404 82.8358 11.035 80.4043 9.65275 11.6764 10.359 2.43154 1.37214
internal_count=31930 20254 18564 10878 7686 6495 11676 8640 2238 1690 11331 1191 989 1629 1345 10342 284 10245 657 332 345 97 115
is_linear=0
shrinkage=0.05


Tree=52
num_leaves=29
num_cat=0
split_feature=2 21 7 43 38 5 24 30 40 40 6 29 24 24 25 39 36 21 4 7 21 39 2 13 2 2 30 40
split_gain=35.5036 26.5041 33.0295 22.5494 22.4117 18.0298 15.197 14.6172 12.1787 11.8864 11.7865 11.5729 13.7022 9.78691 8.4254 6.38133 6.36144 6.07538 5.79677 5.1534 4.97561 4.9623 4.61479 4.47218 2.21159 0.542257 0.183716 0.101838
threshold=0.12689898163080218 0.84087085723876964 0.96901842951774608 0.038500366732478149 0.003795489552430809 0.003499650396406651 0.27272267639636999 0.0044700899161398419 0.18403173983097079 0.20370239764451983 0.018362256698310379 0.075621783733367934 0.11082521826028825 0.22466973215341571 -0.003162258653901517 0.00012219409109093252 0.00043039042793679988 0.61352831125259411 0.0026952993357554082 0.81844267249107372 0.76378902792930614 0.0057801592629402885 0.11217000335454942 0.37836459279060369 0.12046078965067865 0.10969382524490358 0.001903801108710468 0.19689744710922244
decision_type=2 2 2 2 2 2 2 2 2 2 2 2 2 2 2 2 2 2 2 2 2 2 2 2 2 2 2 2
left_child=3 11 6 8 5 -4 7 -3 13 -8 21 12 14 15 -2 -1 -6 -13 -14 -15 24 -10 -12 -19 27 26 -22 -5
right_child=1 2 4 20 16 -7 9 -9 10 -11 22 17 18 19 -16 -17 -18 23 -20 -21 25 -23 -24 -25 -26 -27 -28 -29
leaf_value=0.0032067700880329219 0.050588972477475604 0.037354391329608778 -0.0083742393360612972 0.0010661279697435095 -0.0083919626310203568 -0.041100788382564389 -0.021066782285504196 -0.045932695848112937 -0.052391391710938665 0.034735962245544517 -0.032554204754608053 -0.054665159142738812 0.041377313249138389 0.006645059818650375 -0.02506525568833335 -0.04729349703637592 0.028545088348084769 -0.01708636054466605 -0.0039852723888725511 -0.052732744379831421 -0.0057419971106921035 0.028416186954672747 0.033908515438644864 0.034246777381513854 -0.049142091747641121 0.049000990389427505 0.018616176889717683 0.022955771859963878
leaf_weight=19.24694767390611 3.7957670520991114 79.777401255851146 125.47113587846979 0.87258721486432766 16.376061372458935 62.867450215970166 30.373590937175322 4.8043603749829336 9.6234231656417268 12.725705189863218 2.2886473065591444 4.5825225980952409 93.612698445911519 3.6640079282806246 15.019419036456382 8.1869555436423962 36.441678261151537 8.6139226547675189 7.428185371332801 59.801796311046928 0.64423563214950164 1.6452178391627956 15.242680629366076 6.63575669331476 1.5773276574909685 11.208835397264918 1.0630019207019357 0.93850402976386249
leaf_count=408 22 1649 4948 59 474 7236 1925 655 570 209 244 46 900 194 305 1455 435 252 114 9011 49 39 281 68 14 275 55 22
internal_value=0.000440545 0.00651556 -0.000525987 -0.022156 -0.0114023 -0.0194577 0.0199456 0.0321421 -0.0296812 -0.00417614 -0.0012652 0.0249799 0.0307996 -0.0385726 -0.00802001 -0.012997 0.0171497 -0.00998149 0.038036 -0.0492548 0.0316132 -0.039239 0.0239436 0.00598369 -0.018266 0.0450708 0.0106987 0.0165403
internal_weight=644.53 508.526 368.837 136.004 241.156 188.339 127.681 84.5818 119.7 43.0993 28.8 139.688 119.856 90.8997 18.8152 27.4339 52.8177 19.8322 101.041 63.4658 16.3045 11.2686 17.5313 15.2497 3.38842 12.9161 1.70724 1.81109
internal_count=31914 19238 17531 12676 13093 12184 4438 2304 12202 2134 1134 1707 1341 11068 327 1863 909 366 1014 9205 474 609 525 320 95 379 104 81
is_linear=0
shrinkage=0.05


Tree=53
num_leaves=23
num_cat=0
split_feature=34 0 2 43 40 37 0 24 24 29 24 32 19 2 38 2 22 4 29 7 30 35
split_gain=31.7606 26.7337 23.9743 26.0026 20.1502 16.909 23.8837 16.382 7.58922 6.34148 5.91048 4.36456 4.05994 2.97356 1.68554 1.56776 2.19636 1.53388 1.37921 0.533453 0.400178 0.376708
threshold=0.37249372899532324 0.71085646748542797 0.12903869897127154 0.022520225495100025 0.17569567263126376 0.028857713565230373 0.40783654153347021 0.10714414715766908 0.21772087365388873 -0.71256694197654713 0.33012114465236669 0.02007418125867844 0.01918059587478638 0.12199999764561655 0.0080370334908366221 0.16443767398595813 1.0000000180025095e-35 0.00035506930726114666 0.59580504894256603 0.58655452728271495 0.0034129641717299823 0.043337076902389533
decision_type=2 2 2 2 2 2 2 2 2 2 2 2 2 2 2 2 2 2 2 2 2 2
left_child=1 2 3 8 15 6 -4 -7 -1 21 -5 13 -11 14 -2 19 -17 -13 20 -3 -15 -6
right_child=11 4 5 10 9 7 -8 -9 -10 12 -12 17 -14 18 -16 16 -18 -19 -20 -21 -22 -23
leaf_value=-0.010489279738443628 0.024600260767309836 0.0043088608688709295 0.0074423832882809992 0.032907727856703005 0.012212095160652282 -0.022949292396799013 -0.031277677776392857 0.021741848883879918 -0.042379877122862022 0.029522516156305308 -0.03293737067279303 0.020517972542329156 -0.029921874183596882 0.051538388047221877 -0.02989480856696889 -0.036185743616002124 0.030614984515680732 -0.024089023502024395 0.010693794132600574 -0.052764184672733708 0.02081327209251746 0.044788809336242033
leaf_weight=27.892924448125996 2.1663776328787203 0.26663182908669014 126.84474100795342 22.47003297141055 2.0844514302443731 22.448021971213166 56.876946779841091 171.38299999228911 60.796138141595293 3.0547012819442889 3.161332025716546 2.7327701423782846 9.5215457439189759 33.297607375308871 1.5711912177503107 2.1602294604526824 1.0849551260471346 3.000346593093127 3.0992961563169947 45.512547620863188 3.0205606331583104 6.4431807363871485
leaf_count=1731 103 10 4937 667 103 633 3924 3156 6533 62 381 41 473 484 38 322 4 43 30 8077 47 59
internal_value=-0.000625282 -0.00401246 0.000130513 -0.0198291 -0.0326642 0.00621056 -0.00464909 0.0164748 -0.032579 0.00795876 0.0238547 0.0376124 -0.0143721 0.0429439 0.000217083 -0.0499609 -0.0119016 -0.00293706 0.0468897 -0.0523468 0.0496092 0.0389434
internal_weight=610.89 562.001 491.873 114.32 70.1282 377.553 183.722 193.831 88.6891 21.1039 25.6314 48.8881 12.5762 43.155 3.73757 49.0244 3.24518 5.73312 39.4175 45.7792 36.3182 8.52763
internal_count=31858 31072 21962 9312 9110 12650 8861 3789 8264 697 1048 786 535 702 141 8413 326 84 561 8087 531 162
is_linear=0
shrinkage=0.05


Tree=54
num_leaves=20
num_cat=0
split_feature=22 1 6 38 35 0 32 31 41 38 31 3 16 33 37 0 38 5 0
split_gain=32.6819 23.7033 23.9575 23.5904 33.7672 26.4794 12.2875 7.16604 6.39354 6.137 5.74335 5.63559 5.20756 5.19909 3.14288 2.13738 3.01889 1.63833 1.60258
threshold=1.0000000180025095e-35 0.77300861477851879 -0.51250299811363209 0.0035549283493310217 0.077722117304801955 0.71085646748542797 0.003028741455636919 0.022765060886740688 0.0056921278592199096 0.024455360136926178 0.038881113752722747 0.0030044334707781677 0.21576974540948871 0.00079465447925031196 0.005314877489581705 0.38286139070987707 0.010665965732187034 0.0021539018489420418 0.65826034545898449
decision_type=2 2 2 2 2 2 2 2 2 2 2 2 2 2 2 2 2 2 2
left_child=1 3 17 4 6 -6 -1 12 9 -5 -10 14 -4 -9 -2 -16 -17 -3 -19
right_child=11 2 7 8 5 -7 -8 13 10 -11 -12 -13 -14 -15 15 16 -18 18 -20
leaf_value=-0.0449481134138267 -0.0024153612123933416 0.051875379601079102 0.012194160789706671 0.028090254448556968 0.0075862602112442548 -0.051472815940455822 -0.0023579905992514717 -0.045093023851282228 -0.050398696934990939 -0.01566419157466311 0.033085868630606578 -0.031539122097821386 -0.053948597956566313 0.0057130683991407248 0.049621259022992636 0.03477718391453867 -0.0088270998719232763 -0.0303950858059743 0.028860303321114857
leaf_weight=60.73732331575593 4.6829438628628841 7.1703573539853078 2.8235368159948839 90.237852863210719 242.23039218800841 19.588351505808532 23.49491174420109 7.0702780674910199 4.8113306622253722 8.1554112671292369 2.3470526519231498 2.46257912646979 45.771432703942992 12.883617447863797 29.060323171317577 23.891391583601948 4.2999870879575601 0.98106714093592051 1.7217685987707225
leaf_count=11634 53 44 116 1668 6168 2520 1138 457 158 420 35 58 5639 604 437 522 56 74 44
internal_value=9.84056e-05 -0.00400918 -0.029199 0.000419955 -0.00589904 0.00298863 -0.0332355 -0.0397019 0.0209977 0.0243425 -0.0223259 0.0334505 -0.0499371 -0.013582 0.0364946 0.0396641 0.0280517 0.0406667 0.00495198
internal_weight=594.422 530.025 78.4221 451.603 346.051 261.819 84.2322 68.5489 105.552 98.3933 7.15838 64.3972 48.595 19.9539 61.9346 57.2517 28.1914 9.87319 2.70284
internal_count=31845 30719 6978 23741 21460 8688 12772 6816 2281 2088 193 1126 5755 1061 1068 1015 578 162 118
is_linear=0
shrinkage=0.05


Tree=55
num_leaves=30
num_cat=0
split_feature=45 38 0 6 0 24 25 0 2 38 4 29 40 29 21 41 21 3 20 41 24 46 32 24 7 12 29 0 24
split_gain=25.1129 19.7719 19.5881 17.4347 30.4145 14.3633 13.1892 12.8742 9.0476 6.35561 6.34898 5.37055 4.98828 4.70633 6.62492 4.56446 4.47677 3.8466 3.94408 3.67043 3.57943 3.37384 2.90942 2.26766 2.07534 1.91264 1.52738 1.22114 0.583967
threshold=0.043136179447174079 0.0056284519378095874 0.71085646748542797 0.0044717714190483102 0.60536581277847301 0.2307136878371239 0.00096795792342163633 0.36320692300796514 0.12903869897127154 0.010665965732187034 0.0011253154370933773 -0.76684311032295216 0.19049634039402011 0.4557109028100968 0.90563252568244945 0.0010924673988483848 0.54219520092010509 1.325621315118042e-05 0.98400592803955089 0.0013863547937944534 0.18635449558496478 0.070190187543630614 0.0086026182398200052 0.36830478906631475 0.81844267249107372 0.0032178661786019806 -0.32648728787899012 0.37640704214572912 0.061387583613395698
decision_type=2 2 2 2 2 2 2 2 2 2 2 2 2 2 2 2 2 2 2 2 2 2 2 2 2 2 2 2 2
left_child=1 2 3 4 -1 6 17 -5 11 13 16 23 25 27 -15 22 -10 28 -19 -12 -8 -17 -11 -7 -13 -4 -14 -3 -2
right_child=5 9 12 7 -6 8 20 -9 10 15 19 24 26 14 -16 21 -18 18 -20 -21 -22 -23 -24 -25 -26 -27 -28 -29 -30
leaf_value=-0.032177826789852364 0.023084906399101102 0.046463655808817235 -0.0516875644173799 0.015017663139272506 0.029757428008502698 0.021800984309776686 -0.057701354762774971 -0.011185320426617393 -0.042665351491148466 0.020309876476646588 -0.056897627261933453 0.011176338865095052 0.022505235361098223 -0.043068981632233778 0.030066299686609739 0.020229365090333334 0.03368985414426811 0.011482219877487652 0.049008583057100458 0.0087300046240765955 0.01540966695514057 -0.019374345246041522 -0.041975747909949332 -0.030353279161401198 -0.048389243849627908 0.0010981057541238008 -0.019395077559921512 0.024804482067222522 0.052465056025721872
leaf_weight=102.48673178089666 4.1644271631957954 18.682751866523176 34.137079528358299 105.83962021779735 23.683163993759081 6.1922511641751061 3.8901974917389444 82.58141875063302 1.2406183890998423 1.7802806553081589 3.0278369860025114 1.2657052583526809 2.6463211780646816 4.3111276366980729 6.426068676635623 21.225840128259737 23.40224422008032 20.857877001864839 10.261239588027818 4.0426722157280892 2.0137956868857145 6.2216894277953534 7.0521271619363688 1.9695006258261853 12.458274110627825 1.7609595706744574 4.4153303909697561 16.883280304493383 34.989863616239745
leaf_count=8801 101 218 6794 4288 1172 274 100 4149 8 38 110 44 91 119 99 363 561 262 145 102 26 196 228 408 1838 271 232 325 391
internal_value=0.00030748 -0.00539778 -0.0104921 -0.00610244 -0.0204095 0.01955 0.0333592 0.00353496 -0.000327659 0.0165203 0.0165486 -0.0244366 -0.0417675 0.0285953 -0.000466078 0.000755694 0.0283319 0.0394299 0.0249968 -0.0229418 -0.0341439 0.0108867 -0.0286325 0.00727635 -0.0425098 -0.0491386 -0.00284922 0.0371415 0.0499929
internal_weight=569.91 440.134 357.551 314.591 126.17 129.777 76.1774 188.421 53.5991 82.5832 31.7134 21.8857 42.9597 46.3032 10.7372 36.2799 24.6429 70.2734 31.1191 7.07051 5.90399 27.4475 8.83241 8.16175 13.724 35.898 7.06165 35.566 39.1543
internal_count=31754 27384 25798 18410 9973 4370 1025 8437 3345 1586 781 2564 7388 761 218 825 569 899 407 212 126 559 266 682 1882 7065 323 543 492
is_linear=0
shrinkage=0.05


Tree=56
num_leaves=27
num_cat=0
split_feature=34 24 25 24 37 1 1 38 6 37 25 1 6 38 22 41 38 30 25 39 30 19 2 17 37 19
split_gain=27.9789 27.3496 26.8226 13.7807 16.6572 13.6476 13.1556 12.493 8.93148 6.09499 5.83896 4.86238 4.51631 4.43974 4.02427 3.8562 3.77787 3.75208 3.46463 3.00566 2.78659 2.02456 1.33013 1.05396 1.03604 0.721289
threshold=0.25441154837608343 0.30491694808006292 -1.0000000180025095e-35 0.10714414715766908 0.028857713565230373 0.11433785408735277 0.74789893627166759 0.0061127783264964828 0.49194628000259405 0.068927604705095305 -0.0020359650952741499 0.84790217876434337 -0.10649863630533217 0.021482250653207306 1.0000000180025095e-35 0.0010458157048560681 0.010665965732187034 0.0045006712898612031 0.0018712604651227596 0.0044500303920358428 0.0017611228977330031 0.032738506793975837 0.15153690427541736 0.5249999761581422 0.087353538721799864 0.029545247554779056
decision_type=2 2 2 2 2 2 2 2 2 2 2 2 2 2 2 2 2 2 2 2 2 2 2 2 2 2
left_child=1 2 5 18 -5 10 -7 8 9 -3 -1 12 19 25 21 16 -14 -17 -4 22 -10 -13 -2 -23 -15 -9
right_child=11 7 3 4 -6 6 -8 13 20 -11 -12 14 15 24 -16 17 -18 -19 -20 -21 -22 23 -24 -25 -26 -27
leaf_value=0.015179708235313651 -0.037285371932914306 -0.043381877002379644 -0.050946642814064969 -0.021674647893561799 0.011408214789128162 0.028285385480012634 -0.0077149649685969825 0.043221753168711803 -0.034301741093169053 -0.0047916939507741145 -0.04839005375005126 0.013183664368466472 0.020809883049828146 -0.041108010823295557 0.036388761893466771 0.039603435135243545 -0.036410959349159361 -0.0092243361669469212 0.016108293714297835 0.033553269324959195 0.028542240250882329 -0.051314964338528182 0.0042129339557707372 -0.0066473297112918488 0.016850668144811509 0.014341664138777355
leaf_weight=4.8089803036418735 3.88940843392629 71.663067864486948 22.096405157470148 76.748480634909356 73.619407383957878 123.79884979786584 31.388713145133806 5.4467367860488576 1.3725604140199701 12.219148533447877 9.945492922794072 2.1607175909448397 10.56198589876294 2.5187982197385277 2.9620363079011431 64.550437420839444 2.8677240411052471 3.8244307558052233 1.6476441710256029 2.681849665241316 6.7744797250488773 3.6663718277122825 2.8862894708290696 2.3098143402021378 0.39389995345845807 5.4918590921442956
leaf_count=227 150 10736 1677 8121 2459 2507 1814 58 13 1015 647 67 237 297 56 1081 53 115 52 46 163 74 76 78 4 135
internal_value=0.00104734 -0.00433279 0.00252337 -0.0112381 -0.00550907 0.0166058 0.0210011 -0.0264267 -0.033055 -0.0378831 -0.0280222 0.0245091 0.0282771 0.0168726 -0.00624953 0.0320187 0.00691462 0.0367787 -0.0458306 -0.00405378 0.0153621 -0.0240548 -0.0213397 -0.0374784 -0.0309665 0.0311379
internal_weight=552.296 449.935 344.054 174.112 150.368 169.942 155.188 105.881 92.0293 83.8822 14.7545 102.361 91.2621 13.8513 11.0989 81.8046 13.4297 68.3749 23.744 9.45755 8.14704 8.1369 6.7757 5.97619 2.9127 10.9386
internal_count=31958 29925 17504 12309 10580 5195 4321 12421 11927 11751 874 2033 1758 494 275 1486 290 1196 1729 272 176 219 226 152 301 193
is_linear=0
shrinkage=0.05


Tree=57
num_leaves=28
num_cat=0
split_feature=34 0 37 0 1 30 6 36 29 2 21 30 40 32 0 12 35 43 6 32 43 2 39 34 1 13 6
split_gain=25.6517 25.5228 18.4923 16.8103 16.2829 13.8605 15.2899 14.7841 8.63473 7.54104 7.61492 6.80726 6.6512 3.82143 3.10741 2.43099 2.17461 1.6709 1.54936 1.64283 1.6287 1.31567 1.33346 0.898693 0.556283 0.350987 0.291756
threshold=0.26330868899822241 0.73028257489204418 0.033558772876858718 0.5921093523502351 0.17434290051460269 0.0036659907782450323 0.0088141821324825304 0.00053623857093043636 -0.37166315317153925 0.14640488475561145 0.61352831125259411 0.0039860177785158166 0.17162900418043139 0.017553722485899929 0.32055780291557318 0.00054258038289845001 0.038502704352140434 0.014812138862907888 -0.076022252440452562 0.0063436534255743035 0.021525003015995029 0.12199999764561655 0.0011791859287768605 0.27977168560028082 0.25021550059318548 0.5916142761707307 -0.48620580136775965
decision_type=2 2 2 2 2 2 2 2 2 2 2 2 2 2 2 2 2 2 2 2 2 2 2 2 2 2 2
left_child=1 2 5 4 -4 6 -1 -7 13 14 -11 -5 25 21 24 -12 -15 -16 19 -14 -20 22 -2 -23 -10 26 -3
right_child=8 12 3 11 -6 7 -8 -9 9 10 15 -13 18 16 17 -17 -18 -19 20 -21 -22 23 -24 -25 -26 -27 -28
leaf_value=-0.019509539726288258 -0.024665256687490283 -0.016503892304931583 0.025560096679570505 0.052680219484719459 -0.0082587781856181524 -0.043381965052727844 0.011609987576399167 0.008843975340562164 -0.0080714499857143778 -0.042766317002278946 0.043567435829845139 -0.016425191048416461 -0.015279519557731748 -0.020214633535996812 -0.017004483185167365 0.0028288398162241513 0.028520732128367046 0.028066815368570308 -0.03381770662822671 0.037314964456214503 0.023552255971019256 0.015694437484477665 0.025626491117884394 0.046748775285975389 -0.052987441606267643 0.0030207383644344655 -0.051920397542470242
leaf_weight=69.904562773794169 0.9495342472800975 1.7791778969694849 55.063178406096995 26.954828381014526 96.583757893880829 48.653776309482055 88.05992370081367 18.2257400827948 1.2309796458575855 2.9820365179330137 14.430974935996348 3.6148599275620645 1.7720472714863715 4.0024124486371866 4.3276465761009604 4.9922172112856051 3.2268602275289595 2.349116068566218 3.6346494785975647 2.6546610209625214 0.8912672244478016 3.8498809952288857 3.6266982377273962 39.195702103665099 5.1396430825116113 0.19738538103410874 32.747746732435189
leaf_count=4642 64 240 1158 372 3762 8238 3121 277 80 20 182 319 150 79 158 110 48 65 306 27 29 80 185 656 120 10 7359
internal_value=0.000188311 -0.00469758 -0.000758351 0.0110466 0.0041079 -0.0103318 -0.00219754 -0.0292289 0.0243598 0.00491092 0.0221721 0.0442471 -0.0405717 0.0366175 -0.0241985 0.0337479 0.00236123 0.000443565 -0.00182581 0.0173251 -0.0203024 0.0416623 0.0126394 0.0443907 -0.046581 -0.0502304 -0.0506113
internal_weight=541.041 450.738 407.061 182.217 151.647 224.844 157.964 66.8795 90.3037 35.4526 22.4052 30.5697 43.6769 54.8511 13.0474 19.4232 7.22927 6.67676 8.95262 4.42671 4.52592 47.6218 4.57623 43.0456 6.37062 34.7243 34.5269
internal_count=31857 30010 21889 5611 4920 16278 7763 8515 1847 735 312 691 8121 1112 423 292 127 223 512 177 335 985 249 736 200 7609 7599
is_linear=0
shrinkage=0.05


Tree=58
num_leaves=22
num_cat=0
split_feature=22 24 5 16 38 37 29 17 4 21 6 29 2 3 4 21 0 29 4 24 33
split_gain=24.4647 20.1641 17.6034 20.4689 16.8051 14.5066 14.1679 12.9073 9.44217 9.32568 7.58485 5.57037 5.97309 5.38551 5.2037 2.23363 2.37 3.99878 2.18674 1.7079 1.11295
threshold=1.0000000180025095e-35 0.30491694808006292 0.0034515790175646548 0.76723548769950878 0.003795489552430809 0.0058651217259466657 0.054197184741497047 0.39166666567325598 0.0010174697381444278 0.89556366205215465 0.49194628000259405 0.26063023507595068 0.128637470304966 0.0030044334707781677 -0.0031558937625959511 0.37373381853103643 0.72321692109107982 -0.21898853778839109 -0.001188857539091259 0.32191513478755956 0.00044552142207976436
decision_type=2 2 2 2 2 2 2 2 2 2 2 2 2 2 2 2 2 2 2 2 2
left_child=1 2 5 8 10 9 -7 -5 -4 -1 14 12 -6 15 -3 -2 20 -18 -12 -13 -17
right_child=13 4 3 7 11 6 -8 -9 -10 -11 18 19 -14 -15 -16 16 17 -19 -20 -21 -22
leaf_value=0.0042220104486557246 -0.017100614742839148 0.0032503298695829735 -0.0048480379346253757 0.0099839060440229631 -0.01443964092934596 0.0219704572749614 -0.015935215220285123 -0.030555796949563743 0.044230500252740945 -0.05602339067923881 0.034118552808682805 0.0076683082481482914 0.04000952486012177 -0.03175661145689055 -0.041756971484684387 0.024124493354584001 0.035273817301300719 -0.027715879355761169 -0.022990522617672371 -0.046144759704431701 0.047195179208675608
leaf_weight=13.513287703215612 1.4236443797126401 6.9217794387950553 18.64305806090124 24.761978780879872 6.763992009451619 160.64318923972314 28.341242572088959 86.730028786521871 19.252323301159777 11.02405460810405 4.4835048134555109 1.7922335141338397 14.82595357892569 2.4178509768098584 68.657784778188216 10.517004264285786 5.5226956189144403 3.1896150044631195 1.5985843257512886 3.6339695921633393 31.105004020966589
leaf_count=314 19 656 377 517 507 2907 1688 11201 216 771 77 57 188 63 10982 193 140 98 95 233 587
internal_value=0.000339093 -0.00333991 0.00233176 -0.0107916 -0.022128 0.0115208 0.0162319 -0.0215434 0.0205819 -0.0239787 -0.0333359 0.011731 0.0230669 0.031844 -0.0376465 0.0353607 0.0371487 0.0117337 0.0179815 -0.0299433 0.0420685
internal_weight=525.763 471.587 362.909 149.387 108.678 213.522 188.984 111.492 37.8954 24.5373 81.6617 27.0161 21.5899 54.1758 75.5796 51.758 50.3343 8.71231 6.08209 5.4262 41.622
internal_count=31886 30786 17991 12311 12795 5680 4595 11718 593 1085 11810 985 695 1100 11638 1037 1018 238 172 290 780
is_linear=0
shrinkage=0.05


Tree=59
num_leaves=30
num_cat=0
split_feature=43 21 2 0 7 3 39 4 7 1 1 36 17 7 1 30 4 38 1 0 0 16 24 40 30 4 6 1 25
split_gain=20.329 23.1197 21.1091 15.7515 18.215 16.2038 10.1963 10.5583 7.79592 6.32584 7.56134 6.11825 6.06779 6.02356 5.97322 4.94969 4.04667 4.04448 3.92566 2.95913 2.80457 2.65722 2.33675 1.57396 1.52468 1.44149 0.479638 0.366701 0.0729706
threshold=0.016655648127198223 0.95448702573776256 0.12903869897127154 0.41834877431392675 0.99852657318115245 0.0016609486192464831 0.0012490562512539329 -0.003381502465344965 0.97145026922225963 0.1234005279839039 0.29692111909389501 0.00043470320815686142 0.87500000000000011 0.79125416278839122 0.32735091447830206 0.0040916576981544503 0.0010999822407029571 0.0058516415301710376 0.82698941230773937 0.4916593879461289 0.47279927134513861 0.99299621582031261 0.34744632244110113 0.21048394590616229 0.0031864049378782515 0.0023989870678633456 0.054069882258772857 0.2859106063842774 -0.00023146653984440488
decision_type=2 2 2 2 2 2 2 2 2 2 2 2 2 2 2 2 2 2 2 2 2 2 2 2 2 2 2 2 2
left_child=1 2 9 5 -5 -4 7 21 15 13 -11 12 18 -1 26 22 19 -9 -10 -13 -18 -3 25 -16 -14 -2 -8 -24 -17
right_child=8 6 3 4 -6 -7 14 17 11 10 -12 16 24 -15 23 28 20 -19 -20 -21 -22 -23 27 -25 -26 -27 -28 -29 -30
leaf_value=0.031607206382146702 0.047909092965743028 -0.018881400071305229 0.024013533940053313 0.0039412837607482563 -0.042661642618429363 -0.018824743562527477 0.0052831860544789609 -0.049331590273820697 0.015382840739456014 0.015881457652895791 -0.027379295202914752 0.0393107664590127 0.0051134614397799431 -0.056716590467039786 -0.037192105637216775 -0.0014392580895339268 -0.036558451560407552 0.015092726682863959 -0.04403326611043875 0.0067361441406105357 0.016845443909422494 0.054817603706423579 0.0096325112854239257 0.0076246969312364606 -0.049498403516265395 0.0039228436783348905 0.045035347874230906 -0.019543157641942293 -0.033228675475531794
leaf_weight=1.5173245921032528 30.642960639786907 1.2230145028734107 129.397546004795 82.349420058191754 27.065034544677474 25.795287675631698 1.1945003573491684 49.982243648642907 17.729610823065745 13.759621889767002 32.104269003961235 21.74697147711413 1.3059236965491452 17.61974409542745 4.7471104323922191 0.29507280793041002 3.7539569709915659 2.1275130943395189 2.28197139702388 10.742853901145279 4.2170651454944164 2.6750581912638154 1.5079799621889827 2.5268911694874987 7.1848767076444346 2.1779068149626246 5.209079101216048 0.93164097997941997 1.5471281849895591
leaf_count=13 738 120 2904 4964 1925 1452 164 8072 691 771 3674 467 186 2063 920 12 87 71 194 325 97 38 146 92 1155 60 73 136 218
internal_value=-5.59653e-05 -0.005232 0.000331645 0.00661915 -0.00786851 0.0168183 -0.0311802 -0.0404918 0.0192965 -0.0249762 -0.0143387 0.00911394 -0.00846536 -0.0484918 0.00711059 0.0374871 0.0214031 -0.0464666 0.00683426 0.0290626 -0.00957678 0.0325606 0.0417771 -0.0225835 -0.0414451 0.0451926 0.0393353 -0.00395166 -0.0304347
internal_weight=505.36 399.294 329.608 264.607 109.414 155.193 69.6854 56.0078 106.066 65.001 45.8639 68.9632 28.5024 19.1371 13.6776 37.1027 40.4608 52.1098 20.0116 32.4898 7.97102 3.89807 35.2605 7.274 8.4908 32.8209 6.40358 2.43962 1.8422
internal_count=31828 27316 17766 11245 6889 4356 9550 8301 4512 6521 4445 3202 2226 2076 1249 1310 976 8143 885 792 184 158 1080 1012 1341 798 237 282 230
is_linear=0
shrinkage=0.05


Tree=60
num_leaves=29
num_cat=0
split_feature=43 21 24 2 5 45 24 44 43 2 1 7 0 4 33 19 0 24 0 38 28 12 5 9 5 17 2 44
split_gain=20.4705 18.9437 14.7839 14.4023 18.5247 10.5337 9.47359 8.52606 8.8782 7.47548 5.58328 7.60452 4.6578 3.53989 3.45621 2.97668 2.93086 2.68773 2.50854 1.95877 1.91847 1.26992 1.04442 0.836126 0.68318 0.533911 0.314869 0.0829965
threshold=0.016416642814874653 0.95448702573776256 0.070523668080568327 0.12941937148571017 0.0012399047845974567 0.0028342964360490446 0.21772087365388873 0.01560174720361829 0.026626314967870716 0.13149087876081469 0.32735091447830206 0.89425009489059459 0.46871817111969 0.0018438420956954362 0.0014803134254179897 0.036602228879928596 0.42171847820281988 0.09130414575338365 0.24598101526498797 0.0058516415301710376 -0.043483329936861985 0.0001050771970767528 0.0034023862099274997 -0.060040416195988648 0.0032857819460332398 0.99166667461395275 0.16754776984453204 0.014631310477852823
decision_type=2 2 2 2 2 2 2 2 2 2 2 2 2 2 2 2 2 2 2 2 2 2 2 2 2 2 2 2
left_child=1 2 20 6 -5 14 -4 17 9 23 18 -12 -11 16 19 -15 -10 24 -7 -3 22 -16 -1 -9 -2 27 -27 -19
right_child=7 5 3 4 -6 10 -8 8 13 12 11 -13 -14 15 21 -17 -18 25 -20 -21 -22 -23 -24 -25 -26 26 -28 -29
leaf_value=0.012223350472442539 0.01526447236720823 -0.051412158713452297 0.010483225815377051 0.039795907166182254 0.002065116855248972 0.039660965892587649 -0.031330767854345395 -0.008125364321083758 0.045344726134914561 0.027063210079719752 0.031925982867345035 -0.042386114729053091 -0.017826321049941998 0.027687377929813652 0.024811096235620438 -0.039229079592488891 0.016830141888106914 0.055902267149586585 -0.0080658783250016873 0.0079703961892209751 -0.059691699559850923 -0.02106233304857949 -0.030392190273918603 -0.046592617358152767 -0.022509448041317295 0.0084166874834832837 0.035710215616599372 0.030308879314262144
leaf_weight=1.567980826308484 1.6090488089248567 35.331841325212736 18.85803248573211 37.551682826597244 209.1319392134028 6.678036189114211 43.638778883978375 2.2107663235219652 17.381042660650564 12.797467997937931 3.9401189956697626 11.350301834318087 9.0454293440852762 1.9492917588504486 1.7134162732108951 2.9678077957360074 21.515347206994193 16.099267892568612 3.8379510912054684 1.1846272742841382 9.770335019391494 2.3993375012069009 2.9663842622830998 8.8660456534707901 1.2253110774036029 2.7789745573827522 2.2618867909768596 4.6358186915167598
leaf_count=46 27 6735 672 389 10210 155 5707 231 493 323 184 1555 566 91 92 88 895 196 382 46 465 427 271 1333 77 152 17 104
internal_value=0.000407804 -0.00488419 0.000140832 0.00250743 0.00794621 -0.028991 -0.0187473 0.0198574 0.010896 -0.00859214 -0.00374042 -0.0224527 0.00850727 0.0254036 -0.0445543 -0.0125053 0.0303892 0.0427124 0.0230546 -0.0493246 -0.0478322 -0.000836173 -0.0161098 -0.0402237 -0.00267705 0.0476171 0.0245477 0.051838
internal_weight=495.264 389.921 323.485 309.18 246.684 66.4356 62.4968 105.344 76.7332 32.9197 25.8064 15.2904 21.8429 43.8135 40.6292 4.9171 38.8964 28.6103 10.516 36.5165 14.3047 4.11275 4.53437 11.0768 2.83436 25.7759 5.04086 20.7351
internal_count=31929 27336 17760 16978 10599 9576 6379 4593 4020 2453 2276 1739 889 1567 7300 179 1388 573 537 6781 782 519 317 1564 104 469 169 300
is_linear=0
shrinkage=0.05


Tree=61
num_leaves=25
num_cat=0
split_feature=22 36 24 17 24 41 0 31 2 0 2 17 6 25 3 17 30 29 1 24 21 31 1 35
split_gain=16.8443 18.3252 15.8847 13.027 14.995 21.5798 12.4473 18.8558 17.0616 11.5003 11.0102 10.5894 10.5734 10.9668 8.20999 5.34407 4.55108 2.50438 3.30653 2.26572 6.10163 1.12716 1.07105 1.01943
threshold=1.0000000180025095e-35 0.00034487512311898177 0.2307136878371239 0.82499998807907116 0.21459157764911654 0.0016260409029200675 0.21119209378957751 0.05532681196928025 0.15562078356742862 0.41834877431392675 0.15705665200948718 0.19166667014360431 -0.20774848014116284 -0.00016544890968361867 0.0002017185324802995 0.80833333730697643 0.0040458741132169971 0.010401027742773296 0.57206794619560253 0.074961412698030486 0.73135498166084301 0.0031889975070953373 0.36744843423366552 0.010795943439006807
decision_type=2 2 2 2 2 2 2 2 2 2 2 2 2 2 2 2 2 2 2 2 2 2 2 2
left_child=1 3 12 4 9 -6 8 -8 -5 -1 11 -4 14 -14 -3 -12 17 19 22 20 -2 -20 -19 -21
right_child=16 2 10 6 5 -7 7 -9 -10 -11 15 -13 13 -15 -16 -17 -18 18 21 23 -22 -23 -24 -25
leaf_value=0.044285063076797304 -0.045571258147486721 0.059857723815171127 0.015533140215092611 -0.025922129505689763 -0.044253779272408159 0.022254242541505945 -0.048602777559381652 0.040029187740741046 0.044776237151515297 -0.0085219090179265242 -0.0069381648695669429 -0.025166635192895494 0.028013176490084297 -0.0033141033962258691 -0.010861737771700821 0.052209957292386512 -0.032078726316506809 0.0087362786218746161 0.0022561296858699853 0.016040086793391375 0.038955663187393477 0.046225915665003343 -0.033666743293777161 0.048259550861862129
leaf_weight=22.997363007511012 2.2504388205707064 20.023182967881443 20.26349125924753 25.815952047531027 30.584525966420188 19.077410822123056 57.779834302447853 5.930977114418055 11.522340499213895 17.591668998211389 5.8474989656533571 65.733283102468704 49.457122350664577 62.174768895492889 4.7550976047641589 8.9687623577192408 2.2183263734914354 1.8095562653616051 2.2810504073277116 4.1632770136930075 5.3667138537275605 3.6408406151458621 3.0786627336638048 23.748613110976294
leaf_count=253 22 200 836 2842 3217 1204 11595 193 384 591 371 5985 917 1776 214 143 74 40 58 185 145 53 66 454
internal_value=0.000305988 -0.00287924 0.00639645 -0.0143551 -0.000511105 -0.01877 -0.0265935 -0.0398608 -0.00350624 0.0217434 -0.00860601 -0.0155082 0.0174659 0.0106905 0.0463914 0.0299034 0.0279068 0.0313953 0.00924287 0.0376979 0.0115923 0.032062 -0.0191518 0.0441748
internal_weight=477.081 428.523 237.223 191.3 90.251 49.6619 101.049 63.7108 37.3383 40.589 100.813 85.9968 136.41 111.632 24.7783 14.8163 48.5575 46.3392 10.8101 35.529 7.61715 5.92189 4.88822 27.9119
internal_count=31818 30721 10442 20279 5265 4421 15014 11788 3226 844 7335 6821 3107 2693 414 514 1097 1023 217 806 167 111 106 639
is_linear=0
shrinkage=0.05


Tree=62
num_leaves=23
num_cat=0
split_feature=22 21 2 25 0 47 43 1 1 7 35 30 1 16 43 27 2 38 0 17 2 40
split_gain=19.4409 16.4069 11.785 14.8553 13.3946 9.19363 8.07845 6.83619 6.14066 5.99422 4.31877 3.67674 3.44838 3.0121 2.71916 2.54078 1.37149 1.11528 1.1118 1.09869 0.701375 0.419758
threshold=1.0000000180025095e-35 0.95719203352928173 0.12096652761101724 -0.0019615620840340848 0.41136083006858831 0.083874031901359572 0.038500366732478149 0.34008847177028662 0.6957472860813142 0.89787140488624584 0.0099408403038978594 0.0039860177785158166 0.11433785408735277 0.49522502720355993 0.017160770483314994 1.0029018521308901 0.11051005497574808 0.0058516415301710376 0.54245308041572582 0.35833333432674414 0.10969382524490358 0.16783888638019565
decision_type=2 2 2 2 2 2 2 2 2 2 2 2 2 2 2 2 2 2 2 2 2 2
left_child=1 2 6 8 -5 14 10 12 -4 -9 -1 13 -7 15 17 -2 21 -3 -18 -16 -8 -15
right_child=11 5 3 4 -6 7 20 9 -10 -11 -12 -13 -14 16 19 -17 18 -19 -20 -21 -22 -23
leaf_value=0.0044727393555010269 -0.031065927424460377 -0.052668281220236757 0.032903328394025814 0.0082001042877450012 -0.014966300153178139 -0.033116679684781221 -0.0034697276848697626 0.024949762306152663 -0.0061103351953725798 -0.044374331443769878 -0.040808781828572636 -0.025258290134248681 0.031954711466163285 -0.018483076914543588 0.019244928366208315 0.023918218044283377 0.045348354176012608 -0.0016313637920175245 0.020848862411418714 -0.026800340534800862 0.045560892049813471 0.015638726134134886
leaf_weight=6.1532131417188785 2.5589172411710015 27.619548395668975 49.094423612288665 138.9756721292797 111.60626537796634 1.6347751038265439 0.72644102721824255 3.4247648678137912 12.27538757160073 11.546635617938589 29.197493739848142 2.1894916854798785 10.214820088905979 0.99198163970140629 1.8770251590176479 4.1333187073469162 27.420945949852467 1.1795709666330356 8.7266223405022156 1.3611969788908025 3.0311910464079119 0.67902271263301373
leaf_count=766 39 6210 864 4845 8536 292 110 221 429 1898 5493 77 449 59 50 65 612 46 230 303 102 39
internal_value=-0.000599415 -0.00410552 1.99342e-05 0.00329019 -0.00213642 -0.028301 -0.0254973 -0.00629885 0.0251268 -0.0279469 -0.0330208 0.0296168 0.0210988 0.0328118 -0.0459726 0.00158846 0.0381537 -0.0507028 0.0401542 -0.001867 0.0373451 -0.00395363
internal_weight=456.619 409.918 351.06 311.952 250.582 58.8583 39.1083 26.821 61.3698 14.9714 35.3507 46.7003 11.8496 44.5108 32.0373 6.69224 37.8186 28.7991 36.1476 3.23822 3.75763 1.671
internal_count=31735 30614 21145 14674 13381 9469 6471 2860 1293 2119 6259 1121 741 1044 6609 104 940 6256 842 353 212 98
is_linear=0
shrinkage=0.05


Tree=63
num_leaves=27
num_cat=0
split_feature=43 32 9 30 1 24 34 2 35 2 5 1 24 7 30 38 6 45 36 4 1 30 43 41 7 37
split_gain=18.5806 16.9811 15.636 14.0837 13.0767 10.8131 6.51202 6.63518 7.58662 5.9452 5.63451 5.26577 5.22738 4.68494 4.65134 4.19249 3.18495 3.146 2.68481 2.10049 1.63033 1.62958 1.31757 0.865274 0.292327 0.178567
threshold=0.015552553813904526 0.003377606277354062 -0.048013681545853608 0.004218307090923191 0.1234005279839039 0.26548333466053015 0.37249372899532324 0.16655644774436953 0.047672539949417121 0.11051005497574808 0.0034306545276194815 0.85352408885955822 0.18422307819128039 0.98889359831810009 0.0037261194083839659 0.0099271959625184553 0.43173274397850042 0.027966005727648739 0.00019107270054519179 0.0012035170220769944 0.47545631229877477 0.0036659907782450323 0.049235926941037185 0.0014137372490949931 0.79125416278839122 0.055666357278823859
decision_type=2 2 2 2 2 2 2 2 2 2 2 2 2 2 2 2 2 2 2 2 2 2 2 2 2 2
left_child=1 2 5 4 -4 11 7 8 -3 22 13 -1 14 19 -12 -15 -7 -5 -14 -11 -9 23 24 -8 -2 -24
right_child=9 6 3 17 -6 16 21 20 -10 10 12 -13 18 15 -16 -17 -18 -19 -20 -21 -22 -23 25 -25 -26 -27
leaf_value=0.041498226171572346 0.0045612344880800234 0.010426720985660928 -0.053139781201803606 -0.055795659070223602 -0.0086478930900472789 -0.040776967126670741 0.01240736856472777 0.0040774084665945809 -0.024278775466208814 0.047215847622900035 0.013369575216995035 -0.032714701536708142 -0.023907870153878012 0.021443094461324631 -0.041277179179391256 -0.027013735911123861 0.027481393025140785 -0.0012095959738874589 0.03043704006313587 0.012134702287010789 0.046135267452704395 -0.0050357561248202815 -0.0065174065166792826 0.044421857099822409 -0.042770962228548648 0.018580758503053595
leaf_weight=22.524912736116679 0.15475933428387989 41.666701071633724 17.492154499879689 26.063154244970068 161.54719395060965 7.2233625431545061 3.5325003773905399 3.2528615081682792 23.969893401459558 27.634578014287399 6.053216352651364 1.9223937156202726 1.9481354173331045 30.548075459897518 8.2682855639141035 4.3238211137941098 1.405287268979009 2.974587426200741 12.814889358458457 6.0019980196957468 9.1096125196199846 2.0690545616671434 0.53190737246768527 15.383571397687772 4.1020822756108828 0.74553042906336486
leaf_count=470 19 1536 1994 5905 13369 1367 100 105 1027 713 154 100 502 703 760 81 30 221 661 188 95 48 47 319 1258 49
internal_value=-0.000810178 -0.00645138 -0.0135937 -0.0186686 -0.0132658 0.0179427 0.0109113 0.00408088 -0.00242156 0.017679 0.0206036 0.0346063 0.0020519 0.0283368 -0.0188147 0.0148493 -0.0279606 -0.0504304 0.0222039 0.0414872 0.0362022 0.0349586 -0.0291546 0.0393665 -0.0405098 0.00985722
internal_weight=443.265 340.137 241.153 208.077 179.039 33.076 98.9842 77.9991 65.6366 103.127 97.593 24.4473 29.0845 68.5085 14.3215 34.8719 8.62865 29.0377 14.763 33.6366 12.3625 20.9851 5.53428 18.9161 4.25684 1.27744
internal_count=31821 26686 23456 21489 15363 1967 3230 2763 2563 5135 3762 570 2077 1685 914 784 1397 6126 1163 901 200 467 1373 419 1277 96
is_linear=0
shrinkage=0.05


Tree=64
num_leaves=29
num_cat=0
split_feature=37 0 24 2 41 31 38 2 3 30 34 2 24 31 0 22 31 24 39 36 16 41 25 43 31 2 27 13
split_gain=17.9296 19.0538 15.5889 20.4202 13.7437 13.254 10.8002 10.3688 8.78112 8.59012 12.0851 7.98516 6.44351 8.33523 7.3382 5.95615 5.76098 4.635 4.52626 4.39222 3.46627 3.09254 1.0372 0.855305 0.345345 0.227259 0.0625991 0.0306203
threshold=0.029798674397170547 0.41136083006858831 0.21239098161458972 0.15474470704793933 0.0013367532519623639 -0.026911960914731022 0.0027640202315524225 0.1087399832904339 0.0017452143365517261 0.0026854939060285692 0.11444340646266939 0.1581341549754143 0.11082521826028825 0.080787178128957762 0.76080611348152172 1.0000000180025095e-35 0.0041683805175125608 0.30761218070983892 0.0020738942548632626 0.00044691609218716627 0.87356176972389232 0.0025210134917870168 -0.0020656216656789179 0.033308027312159545 0.11900128424167634 0.099345017224550261 0.25300019979476934 0.6300388276576997
decision_type=2 2 2 2 2 2 2 2 2 2 2 2 2 2 2 2 2 2 2 2 2 2 2 2 2 2 2 2
left_child=1 2 9 4 -4 20 15 23 12 16 -11 18 13 -9 -14 -7 -1 -5 -10 -13 -3 -8 -22 24 27 -25 -26 -2
right_child=7 5 3 17 -6 6 21 8 11 10 -12 19 14 -15 -16 -17 -18 -19 -20 -21 22 -23 -24 25 26 -27 -28 -29
leaf_value=0.01148682166732861 -0.048649090405755491 0.043782617313526312 -0.044600572850852005 0.036257364940806378 0.0047762764909312916 -0.05051585787979021 0.016697244195848594 -0.027960552202495631 -0.030433530801193088 -0.04708029973347657 0.02801949599993301 -0.032402467190311916 0.023571605508280007 0.040371082677528647 -0.011924955211609651 0.012635095786123571 0.066989034249193558 -0.02952330192385243 0.0098289240935370663 0.040974546671079269 0.018381737790155065 -0.028417259370094358 -0.036983235229707867 -0.01569000578184963 -0.011575800982529303 0.01090791372504921 0.0042890394273256477 -0.0021818675789880013
leaf_weight=7.7618423390667912 7.2040953245304973 6.3575610540865437 37.764326775941299 19.953774849302139 21.862141587334918 53.928632446564734 10.057636923418611 15.244273481017446 25.255103901654365 7.0145784791966461 15.170708269230088 1.7554180775186967 139.6419629300799 5.1888456132146521 15.632512222262447 3.6232888353988519 12.942454251460729 2.3085320861428036 8.9552261522912868 9.186727151332887 0.53317744229570996 4.788092608912847 1.5722716904419938 0.41038826998555922 0.38660758522746608 0.86824830510886386 0.41469801022321917 0.13244468392804254
leaf_count=115 2173 73 4224 465 1974 10265 422 578 1985 1332 323 261 3902 165 1765 91 59 309 493 99 15 309 254 99 92 68 48 25
internal_value=-0.000371262 -0.0110738 0.00121434 -0.0115536 -0.0267163 -0.0298192 -0.0367342 0.00919275 0.0114459 0.0252999 0.00326786 -0.00808347 0.0164818 -0.00953424 0.0199445 -0.0463922 0.0476697 0.0284602 -0.0199142 0.0274753 0.0269666 0.00127166 -0.0215584 -0.03968 -0.0450408 -0.000768139 -0.00554231 -0.0481726
internal_weight=435.916 205.639 124.778 81.8888 59.6265 80.8607 72.3977 230.277 220.86 42.8896 22.1853 45.1525 175.708 20.4331 155.274 57.5519 20.7043 22.2623 34.2103 10.9421 8.46301 14.8457 2.10545 9.41648 8.13785 1.27864 0.801306 7.33654
internal_count=31983 20230 8801 6972 6198 11429 11087 11753 9248 1829 1655 2838 6410 743 5667 10356 174 774 2478 360 342 731 269 2505 2338 167 140 2198
is_linear=0
shrinkage=0.05


Tree=65
num_leaves=29
num_cat=0
split_feature=38 0 37 0 6 3 16 42 29 1 1 3 24 39 1 6 24 31 4 35 24 6 29 22 34 35 0 19
split_gain=15.6076 22.3818 13.0783 15.3095 14.4922 18.1349 13.8823 11.308 5.64473 4.9757 6.2067 3.66006 3.40236 2.86061 2.77426 4.1105 3.69689 3.48661 1.97005 1.76829 1.38487 1.27374 1.14552 1.03824 0.713354 0.46439 0.411148 0.111888
threshold=0.0034460022579878573 0.71085646748542797 0.028857713565230373 0.5921093523502351 0.0044717714190483102 -0.0013698374386876819 0.21576974540948871 0.96875000000000011 -0.49949845671653742 0.78859341144561779 0.53546753525733959 0.0027532411040738229 0.22965359687805179 0.00076322173117659997 0.84115007519721996 0.048466393724083907 0.11435057595372201 0.015786736272275451 0.00037402450107038027 0.0081992894411087053 0.21869519352912906 -0.46536426246166224 1.5763146877288821 1.0000000180025095e-35 0.44090683758258825 0.018064271658658985 0.22967917472124103 0.032738506793975837
decision_type=2 2 2 2 2 2 2 2 2 2 2 2 2 2 2 2 2 2 2 2 2 2 2 2 2 2 2 2
left_child=1 2 4 7 6 -6 -1 -4 14 10 12 -5 -10 -12 16 18 17 -2 -16 -18 -11 23 24 27 -23 -24 -17 -3
right_child=8 21 3 11 5 -7 -8 -9 9 20 13 -13 -14 -15 15 26 19 -19 -20 -21 -22 22 25 -25 -26 -27 -28 -29
leaf_value=0.034057741767452201 -0.026953460020504895 0.0029003667852209015 -0.039636563959048195 0.051678062372622638 -0.039012346773493536 0.016028945544008612 -0.041010104866781458 0.0079178930541072886 -0.023383238688715644 0.0086775924630952232 0.041991541557397011 -0.018531035412450041 0.010417409822342205 0.0045957631133690642 -0.047357273331929767 0.038485643344351207 0.0011484416715218811 0.026384128096139183 0.015301187180382446 0.041646256330045761 -0.048295114240103111 -0.050250063294902253 0.018851920239426688 0.024690939315013143 0.0062435184866585815 -0.019204875580595266 0.0056125665799152758 -0.028733946730494953
leaf_weight=6.2948639185051425 4.1708546738373098 0.1243865369760927 13.055954984331036 21.349810724117564 19.088544097816339 57.696510421752464 47.076239296846325 112.26193948271975 13.156310821475929 1.0007905076490704 14.074452708708124 1.5333002879633557 14.828542308387112 8.1481948326399998 3.1283462725696136 3.3221185267902911 2.9676255694939746 6.5712992032058537 1.2324441551463676 36.278988496691454 4.166958132525906 27.230402205517755 0.63111823485814855 0.81414325721561898 0.35763330827467044 0.5763151526771253 1.718256330816075 1.2294961122097445
leaf_count=147 195 32 547 429 3077 2901 7302 5060 517 40 220 220 641 213 184 52 162 153 73 792 179 8065 29 11 33 245 73 308
internal_value=0.000871638 -0.00497531 -0.000423496 0.00970313 -0.0119401 0.00202021 -0.0316927 0.00268898 0.0165375 0.00490885 0.00993828 0.0463947 -0.00573154 0.0290683 0.0271192 0.00194668 0.0317222 0.00514298 -0.0300978 0.0386886 -0.0376437 -0.044602 -0.0473101 -0.00505305 -0.0493249 0.000215986 0.0300637 -0.0258301
internal_weight=424.086 309.321 278.357 148.201 130.156 76.7851 53.3711 125.318 114.765 55.3752 50.2075 22.8831 27.9849 22.2226 59.3899 9.40117 49.9888 10.7422 4.36079 39.2466 5.16775 30.9635 28.7955 2.16803 27.588 1.20743 5.04037 1.35388
internal_count=31900 28406 19683 6256 13427 5978 7449 5607 3494 1810 1591 649 1158 433 1684 382 1302 348 257 954 219 8723 8372 351 8098 274 125 340
is_linear=0
shrinkage=0.05


Tree=66
num_leaves=27
num_cat=0
split_feature=29 24 38 24 21 36 4 1 45 2 6 43 31 7 1 31 3 0 35 40 34 35 22 29 5 19
split_gain=15.4364 15.1575 13.2839 11.8978 12.1606 6.68997 6.161 6.87969 5.54474 5.53598 5.29914 4.02464 3.10294 3.042 2.90762 4.18092 2.57491 1.89687 1.31125 0.927336 0.834449 0.74322 0.68782 0.6104 0.17305 0.128413
threshold=-1.1674335598945615 0.30491694808006292 0.0053900324273854503 0.070523668080568327 0.95719203352928173 0.00031661090906709438 -0.0031558937625959511 0.17434290051460269 0.0057786554098129281 0.11605701968073846 0.58033692836761486 0.038500366732478149 0.068412400782108321 0.98745033144950878 0.80577921867370617 0.012910767924040558 0.0017889196751639249 0.36320692300796514 0.083513986319303526 0.24097780138254168 0.23387677967548373 0.015761760994791988 1.0000000180025095e-35 0.17723350226879123 0.00082748100976459693 0.030148625373840336
decision_type=2 2 2 2 2 2 2 2 2 2 2 2 2 2 2 2 2 2 2 2 2 2 2 2 2 2
left_child=9 3 6 11 5 -5 7 -3 -6 12 -8 17 19 23 16 22 21 -2 -15 -1 -18 -11 -16 -4 -14 -17
right_child=1 2 13 4 8 -7 10 -9 -10 14 -12 -13 24 18 15 25 20 -19 -20 -21 -22 -23 -24 -25 -26 -27
leaf_value=-0.044740632939977758 0.012288990667231665 0.047258060143852962 0.04078409772417791 -0.0028597671879495167 -0.03479544689592505 0.014900896700651534 -0.041967228309285273 -0.040508403095572139 0.0082241073269247473 0.02187379231578376 0.019378299100041657 0.026725927510092229 -0.00038693344666183697 -0.024404007175026859 -0.043242985620001936 0.038197073522487288 -0.028329990441016036 -0.055345708407197096 0.020551570049569073 0.0069813872023673264 0.014742544777893794 0.046945487714076833 0.011145773622191116 0.006151689824689258 0.030620838218427999 0.007608027287596456
leaf_weight=3.6503843105310798 0.77377807363518414 4.1148697730095583 7.3572092527174373 83.813523879842251 25.480554552341346 142.01092350469844 53.973664362099953 2.9979586920089787 9.9833103578130231 6.4111139834712985 3.2009078132105051 1.2934502774151031 0.50543451146222684 3.7934500250266856 2.60106388645363 2.7893527418200397 1.1373276220256223 11.752841056004398 1.5538534040679222 0.76419956242898468 1.4599849922815336 24.909334573807428 0.27221257612109173 1.9702736266772261 1.8358696797076843 1.0286462867952648
leaf_count=901 37 25 193 6500 4954 4031 10373 666 631 378 126 22 49 296 430 76 165 868 46 67 46 583 7 75 150 82
internal_value=-0.000381068 -0.00398977 -0.0231522 0.00157419 0.00403132 0.00832558 -0.0328688 0.00983232 -0.0227917 0.0261201 -0.0382587 -0.0420189 -0.0141171 0.0187958 0.0329925 0.0024229 0.0387812 -0.0505682 -0.0101608 -0.0361514 -0.0067506 0.042649 -0.036543 0.0347726 0.0258145 0.0332454
internal_weight=401.435 354.071 78.9622 275.108 261.288 225.824 64.2874 7.11283 35.4639 47.3649 57.1746 13.8201 6.75589 14.6748 40.609 6.69128 33.9178 12.5266 5.3473 4.41458 2.59731 31.3204 2.87328 9.32748 2.3413 3.818
internal_count=31777 28843 11800 17043 16116 10531 11190 691 5585 2934 10499 927 1167 610 1767 595 1172 905 342 968 211 961 437 268 199 158
is_linear=0
shrinkage=0.05


Tree=67
num_leaves=29
num_cat=0
split_feature=3 1 9 1 30 0 0 36 16 7 7 24 17 0 7 15 24 1 3 3 42 36 30 22 41 29 32 30
split_gain=14.4574 11.1244 10.7724 10.6664 13.033 13.5804 11.4488 10.8779 9.19701 8.38787 7.97952 7.32461 6.41814 5.87518 4.68737 3.81662 3.58768 6.35334 5.01242 3.04319 2.8368 2.72159 2.68383 1.77441 1.70654 0.900406 0.729349 0.192421
threshold=0.00047301307495217776 0.76412475109100353 0.052663100883364684 0.1234005279839039 0.0044700899161398419 0.42171847820281988 0.49405446648597723 0.00098336796509102009 0.85659006237983715 0.99550890922546398 0.90810120105743419 0.23638685792684558 0.85833334922790538 0.12853965163230899 0.79125416278839122 3.2260071748169146e-05 0.15456439554691317 0.51472532749176036 0.0017452143365517261 -0.0017726586665958164 0.84375000000000011 0.0010203495039604606 0.0043625140096992263 1.0000000180025095e-35 0.0017196229891851547 -1.3397243618965147 0.006024636561051012 0.0024375384673476224
decision_type=2 2 2 2 2 2 2 2 2 2 2 2 2 2 2 2 2 2 2 2 2 2 2 2 2 2 2 2
left_child=1 3 8 6 5 -5 14 -6 16 12 19 -8 -10 26 -1 25 17 -2 -18 23 -15 -11 -22 -3 -17 -12 -4 -21
right_child=2 10 13 4 7 -7 11 -9 9 21 15 -13 -14 20 -16 24 18 -19 -20 27 22 -23 -24 -25 -26 -27 -28 -29
leaf_value=0.029325198506455975 -0.053596605525144836 -0.036369741131738791 -0.049509111370541647 0.031047281799827839 -0.045157729257190034 0.0014653263393138874 0.056259407266950147 0.034553423141407642 6.609506193702411e-05 -0.051718020074364095 -0.0091146940622650208 -0.022959606571828696 -0.034311565980645296 -0.026795702337930261 -0.050370066629217169 0.02122947707964631 0.038631983721119222 0.027701113664911337 -0.0094871983706760338 0.040549077935157149 0.030902392411855169 0.002325219050626391 -0.022929783996403032 0.023376181019690065 -0.023686242564239613 -0.049842366852082862 0.0033158450522062111 0.0099834582820724493
leaf_weight=1.4291300006443695 4.8208533749566431 2.4579251366667449 2.7420161325135299 106.68918939729338 13.684744146958112 60.806752300268272 5.7511243371700385 5.19413691794034 30.811606875344296 29.237546844306056 2.0335089527652626 4.3839837202540366 23.266511353125679 1.9835408315702867 15.062921707547501 3.3007996667292892 10.534502239723226 3.2753114065853879 9.593258927081477 5.0208228611736541 23.438805889163632 2.4330562936956985 1.8402895610633994 1.1026610000990333 3.1621279377432074 15.286240818080843 0.64644106660853129 1.4413572441553695
leaf_count=27 148 332 203 4148 2588 4773 166 54 1954 4684 426 1180 4143 54 1651 249 153 47 338 106 929 98 205 35 235 2829 45 89
internal_value=0.000112177 0.00745939 -0.0123913 0.0116974 0.0159302 0.0203805 -0.0174341 -0.0225919 -0.0194378 -0.0275089 -0.0188124 0.0230083 -0.0150789 0.0135964 -0.0421823 -0.034164 0.00518593 -0.0212779 0.016334 0.0174095 0.0215884 -0.0476221 0.02626 -0.0167986 -0.000975682 -0.0458191 -0.0409722 0.0359831
internal_weight=391.431 246.807 144.624 213.002 186.375 167.496 26.6272 18.8789 113.973 85.7487 33.8054 10.1351 54.0781 30.6511 16.4921 23.7827 28.2239 8.09616 20.1278 10.0228 27.2626 31.6706 25.2791 3.56059 6.46293 17.3197 3.38846 6.46218
internal_count=31889 18888 13001 14587 11563 8921 3024 2642 11565 10879 4301 1346 6097 1436 1678 3739 686 195 491 562 1188 4782 1134 367 484 3255 248 195
is_linear=0
shrinkage=0.05


Tree=68
num_leaves=23
num_cat=0
split_feature=34 24 38 30 4 17 29 3 34 6 38 4 38 32 3 29 38 31 35 33 41 28
split_gain=12.2645 14.0838 11.9893 10.3593 13.6747 13.3643 12.2008 12.8062 9.97537 5.45541 4.57014 3.83503 3.1444 1.74516 1.7292 1.3865 1.17021 1.04007 0.938932 0.610756 0.380818 0.0589427
threshold=0.35556218028068548 0.30491694808006292 0.0053900324273854503 0.0036659907782450323 -0.00058508239453658451 0.50833332538604747 1.0000000180025095e-35 0.0002017185324802995 0.12169786915183069 0.49194628000259405 0.0022927459795027976 -0.0029985235305503006 0.032039400190114982 0.02007418125867844 0.00067183957435190688 -0.44662088155746454 0.021482250653207306 0.038881113752722747 0.049742469564080245 0.00060035625938326131 0.0070400584954768428 0.79623135924339306
decision_type=2 2 2 2 2 2 2 2 2 2 2 2 2 2 2 2 2 2 2 2 2 2
left_child=1 3 9 6 8 -6 7 -1 -5 11 -8 -3 19 15 -11 20 -15 18 -17 -4 -2 -14
right_child=13 2 12 4 5 -7 10 -9 -10 14 -12 -13 21 16 -16 17 -18 -19 -20 -21 -22 -23
leaf_value=0.02856862406790104 0.0465810672817513 0.00027917142892193192 0.0066089730271636409 -0.056674932435795723 0.038145603316904669 -0.012803791126280498 -0.036761308404976233 2.2500696739244907e-05 -0.0012288341237215667 0.027795561457719265 0.00063330028639804541 -0.039329118653141482 -0.034414112138067797 -0.024216548418931786 -0.025469217619362189 -0.021205164761029422 0.019489148744242461 0.035083555721588451 0.015388233994045326 0.033307337214785168 0.0099812997580526943 -0.001750673021785024
leaf_weight=84.558659879592597 15.00688646826894 6.9100695761735542 3.402727343607693 20.343866390583571 18.417189515908831 37.242469864926534 15.423959366060446 72.652007510056137 13.157965522637822 4.5173571633640668 16.192876988323405 50.958171381935244 1.5245055873238005 1.6829156144522119 1.2272685359639579 1.7839808262651766 2.5706186855095439 3.4327311118831858 3.755430931225419 9.7327160208951664 1.4040384236723173 0.26406974115525361
leaf_count=2373 527 933 132 3348 427 5768 2796 2252 875 152 460 10995 235 31 59 52 68 102 61 273 38 41
internal_value=0.000448877 -0.00215397 -0.0207092 0.00314365 -0.0108253 0.00443052 0.00976188 0.0154601 -0.0355651 -0.0300966 -0.0181771 -0.0346751 0.0186815 0.0308092 0.0143271 0.0356013 0.000878906 0.0170133 0.00216272 0.027348 0.0442029 -0.0319488
internal_weight=386.162 356.526 78.5369 277.989 89.1615 55.6597 188.828 157.211 33.5018 63.6129 31.6168 57.8682 14.924 29.6366 5.74463 25.3831 4.25353 8.97214 5.53941 13.1354 16.4109 1.78858
internal_count=31998 31119 12820 18299 10418 6195 7881 4625 4223 12139 3256 11928 681 879 211 780 99 215 113 405 565 276
is_linear=0
shrinkage=0.05


end of trees

feature_importances:
radius_norm=148
x_norm=120
y_norm=111
distance_to_centroid_norm=104
appearance_peer_z=88
orientation_sin=73
history_std_translation_residual_norm=69
orientation_cos=63
history_mean_speed_norm=60
speed_norm=57
history_mean_angular_velocity_norm=56
is_current_target=55
history_mean_direction_score_norm=52
history_std_speed_norm=51
speed_minus_peer_median_norm=50
optical_spin_abs_norm=46
vx_norm=43
visible_streak_norm=40
vy_norm=39
history_mean_appearance_distance=38
history_mean_translation_residual_norm=37
history_std_direction_score_norm=37
history_std_angular_velocity_norm=36
angular_velocity_norm=33
yolo_confidence=32
history_std_appearance_distance=32
history_std_rotation_score_norm=31
motion_reliability=30
appearance_distance=25
association_quality=16
direction_score_peer_z=12
rigidity_score_peer_z=12
history_mean_rotation_score_norm=11
rotation_score_peer_z=9
rotation_score_norm=8
multilag_spin_abs_norm=7
history_length_norm=6
optical_spin_evidence=6
direction_score_norm=4
rigidity_score_norm=4
multilag_spin_confidence=3
translation_residual_norm=1
speed_score_norm=1
multilag_spin_consistency=1

parameters:
[boosting: gbdt]
[objective: lambdarank]
[metric: ndcg]
[tree_learner: serial]
[device_type: cpu]
[data_sample_strategy: bagging]
[data: ]
[valid: ]
[num_iterations: 200]
[learning_rate: 0.05]
[num_leaves: 31]
[num_threads: 0]
[seed: 20260911]
[deterministic: 0]
[force_col_wise: 0]
[force_row_wise: 0]
[histogram_pool_size: -1]
[max_depth: 5]
[min_data_in_leaf: 40]
[min_sum_hessian_in_leaf: 0.001]
[bagging_fraction: 0.8]
[pos_bagging_fraction: 1]
[neg_bagging_fraction: 1]
[bagging_freq: 1]
[bagging_seed: 22173]
[bagging_by_query: 0]
[feature_fraction: 0.85]
[feature_fraction_bynode: 1]
[feature_fraction_seed: 8630]
[extra_trees: 0]
[extra_seed: 5152]
[early_stopping_round: 0]
[early_stopping_min_delta: 0]
[first_metric_only: 0]
[max_delta_step: 0]
[lambda_l1: 0]
[lambda_l2: 1]
[linear_lambda: 0]
[min_gain_to_split: 0]
[drop_rate: 0.1]
[max_drop: 50]
[skip_drop: 0.5]
[xgboost_dart_mode: 0]
[uniform_drop: 0]
[drop_seed: 25851]
[top_rate: 0.2]
[other_rate: 0.1]
[min_data_per_group: 100]
[max_cat_threshold: 32]
[cat_l2: 10]
[cat_smooth: 10]
[max_cat_to_onehot: 4]
[top_k: 20]
[monotone_constraints: ]
[monotone_constraints_method: basic]
[monotone_penalty: 0]
[feature_contri: ]
[forcedsplits_filename: ]
[refit_decay_rate: 0.9]
[cegb_tradeoff: 1]
[cegb_penalty_split: 0]
[cegb_penalty_feature_lazy: ]
[cegb_penalty_feature_coupled: ]
[path_smooth: 0]
[interaction_constraints: ]
[verbosity: -1]
[saved_feature_importance_type: 0]
[use_quantized_grad: 0]
[num_grad_quant_bins: 4]
[quant_train_renew_leaf: 0]
[stochastic_rounding: 1]
[linear_tree: 0]
[max_bin: 255]
[max_bin_by_feature: ]
[min_data_in_bin: 3]
[bin_construct_sample_cnt: 200000]
[data_random_seed: 5056]
[is_enable_sparse: 1]
[enable_bundle: 1]
[use_missing: 1]
[zero_as_missing: 0]
[feature_pre_filter: 1]
[pre_partition: 0]
[two_round: 0]
[header: 0]
[label_column: ]
[weight_column: ]
[group_column: ]
[ignore_column: ]
[categorical_feature: ]
[forcedbins_filename: ]
[precise_float_parser: 0]
[parser_config_file: ]
[objective_seed: 11763]
[num_class: 1]
[is_unbalance: 0]
[scale_pos_weight: 1]
[sigmoid: 1]
[boost_from_average: 1]
[reg_sqrt: 0]
[alpha: 0.9]
[fair_c: 1]
[poisson_max_delta_step: 0.7]
[tweedie_variance_power: 1.5]
[lambdarank_truncation_level: 30]
[lambdarank_norm: 1]
[label_gain: ]
[lambdarank_position_bias_regularization: 0]
[eval_at: 1]
[multi_error_top_k: 1]
[auc_mu_weights: ]
[num_machines: 1]
[local_listen_port: 12400]
[time_out: 120]
[machine_list_filename: ]
[machines: ]
[gpu_platform_id: -1]
[gpu_device_id: -1]
[gpu_use_dp: 0]
[num_gpu: 1]

end of parameters

pandas_categorical:null
