tree
version=v4
num_class=1
num_tree_per_iteration=1
label_index=0
max_feature_idx=45
objective=lambdarank
feature_names=x_norm y_norm radius_norm vx_norm vy_norm speed_norm orientation_sin orientation_cos orientation_known angular_velocity_norm translation_residual_norm rotation_residual_norm rotation_score_norm direction_score_norm speed_score_norm rigidity_score_norm motion_reliability visible_streak_norm lost_frames_norm appearance_distance association_quality yolo_confidence is_current_target bg_certified distance_to_centroid_norm speed_minus_peer_median_norm rotation_score_peer_z direction_score_peer_z rigidity_score_peer_z appearance_peer_z history_mean_speed_norm history_mean_angular_velocity_norm history_mean_translation_residual_norm history_mean_rotation_score_norm history_mean_direction_score_norm history_mean_appearance_distance history_std_speed_norm history_std_angular_velocity_norm history_std_translation_residual_norm history_std_rotation_score_norm history_std_direction_score_norm history_std_appearance_distance history_length_norm multilag_spin_abs_norm multilag_spin_confidence multilag_spin_consistency
feature_infos=[0.023437527939677238:0.97688722610473633] [0.034432891756296158:0.96392875909805298] [0.053096525371074677:0.1973479837179184] [-0.0080459257587790489:0.009354742243885994] [-0.0070236730389297009:0.0059997495263814926] [1.6123552768476657e-06:0.0093742832541465759] [-0.99997174739837646:0.99999529123306274] [-0.99999368190765381:1] none [-0.54599446058273315:0.55592876672744751] [0:0.092281647026538849] none [0:0.072172954678535461] [0:0.99946087598800659] [0:0.11707045137882233] [0:0.0078225545585155487] [0:0.99996823072433472] [0.033333331346511841:1] none [0.00012260675430297852:2] [0.00039127969648689032:0.99996823072433472] [0:0.99794524908065796] [0:1] none [0.00074696843512356281:0.48266205191612244] [-0.0052215233445167542:0.0059342398308217525] [-1.4680711030960083:4.1000180244445801] [-2.1915533542633057:4.0590243339538574] [-0.9187544584274292:4.2065086364746094] [-3.0406723022460938:3.4346854686737061] [8.0617763842383283e-07:0.0079342853277921677] [-0.28176912665367126:0.4193059504032135] [0:0.14316053688526154] [0:0.072172954678535461] [0:0.90268337726593018] [3.9807386201573536e-05:2] [8.0617763842383283e-07:0.0031374881509691477] [0:0.28885024785995483] [0:0.085645973682403564] [0:0.033846057951450348] [0:0.49838733673095703] [0:0.99925148487091064] [0.125:1] [0:0.77272725105285645] [0:0.82690662145614624] [0:1]
tree_sizes=2624 2616 2613 3360 3017 3250 3235 2736 2944 3260 3453 2508 3053 3143 2738 2933 2728 2831 2941 2936 3166 2730 3249 3260 2739 3362 3264 3249 3042 2741 2952 2946 2928 3167 2509 2740 3268 3035 2920 3049 2412 2945 2836

Tree=0
num_leaves=23
num_cat=0
split_feature=31 16 22 38 0 36 5 30 0 28 42 25 0 38 36 29 34 38 32 40 9 34
split_gain=2491.73 1238.26 549.368 261.301 243.706 151.041 111.682 84.934 62.2339 58.6472 57.3643 55.5508 45.2166 40.2333 32.921 29.3355 28.3212 28.1425 14.5793 3.16868 6.7058 1.96825
threshold=0.037376912310719497 0.98084324598312389 1.0000000180025095e-35 0.0035549283493310217 0.90531975030899059 0.00034203656832687562 0.001501110789831728 0.0044841971248388299 0.074943464249372496 -0.12456040829420088 0.96875000000000011 -0.00089538836618885387 0.4916593879461289 0.0034460022579878573 0.00035364775976631796 0.80717387795448314 0.30817763507366186 0.0034460022579878573 0.0070609599351882943 0.15201202780008319 0.0048026505392044791 0.28679421544075018
decision_type=2 2 2 2 2 2 2 2 2 2 2 2 2 2 2 2 2 2 2 2 2 2
left_child=1 5 3 6 7 9 -3 8 16 17 13 -12 -11 -7 -5 -10 -2 -1 -9 20 -4 -6
right_child=4 2 19 14 21 10 -8 18 15 12 11 -13 -14 -15 -16 -17 -18 -19 -20 -21 -22 -23
leaf_value=-0.0909081330564733 -0.08703841817225004 0.00080075142176876915 0.0085286500011786288 -0.03120573741778189 -0.094832515574743592 -0.072524962744235658 -0.090643960110825803 -0.08808037534585389 0.091784179500756694 0.035271661110272058 0.084119268119991972 0.036402590962836594 -0.035348730523362612 0.043422533462769454 0.04956909654062986 0.021214783180097837 0.063877909080594861 -0.0038514361626298382 0.039569595763853105 0.09259645983535035 0.080358649544108401 -0.010118880617485159
leaf_weight=25.268432617303915 6.7151077182497811 34.825490275339689 5.2646827786229542 17.697349889669567 18.35177579079755 13.532298834819814 798.94037713279249 7.3895259206183237 594.30809121252969 65.166188729461282 131.87014118139632 117.61166500125546 33.533878109999932 14.474143436877055 38.608783870586194 15.81185752886813 4.2948280945420265 14.498556408099828 2.3886323925107718 39.416510182665661 8.7479814365506154 0.97482828760985185
leaf_count=765 262 766 68 373 772 471 21186 143 1977 893 732 1347 854 173 400 216 22 268 17 112 35 20
internal_value=-0.000268927 -0.0387693 -0.0704308 -0.0797928 0.0801604 0.0330444 -0.086828 0.0855478 0.0878647 -0.00956959 0.0542669 0.0618596 0.0111641 -0.0131705 0.0240796 0.089993 -0.027751 -0.0600414 -0.0561196 0.0841312 0.0557372 -0.0912676
internal_weight=2009.69 1359.46 943.501 890.072 650.235 415.955 833.766 630.908 621.13 138.467 277.488 249.482 98.7001 28.0064 56.3061 610.12 11.0099 39.767 9.77816 53.4292 14.0127 19.3266
internal_count=31872 28443 22940 22725 3429 5503 21952 2637 2477 2780 2723 2079 1747 644 773 2193 284 1033 160 215 103 792
is_linear=0
shrinkage=0.05


Tree=1
num_leaves=23
num_cat=0
split_feature=22 20 32 2 7 25 25 9 24 36 35 24 29 2 5 9 0 25 9 16 4 2
split_gain=4654.68 2717.26 1786.21 1017.02 721.044 567.128 560.92 470.362 452.61 312.088 280.17 220.123 182.326 179.146 173.153 46.4909 26.667 24.9027 20.2636 8.9623 4.9556 3.98619
threshold=1.0000000180025095e-35 0.97572439908981334 0.002913884818553925 0.10725653171539308 0.87377294898033153 -0.00071471516275778402 -0.00066288880771026004 0.017632054165005687 0.34357011318206793 0.00058120902394875895 0.077722117304801955 0.37410356104373937 0.033446189016103751 0.12552835792303088 0.0031952154822647576 0.0096857948228716868 0.34973329305648809 1.0008200206357289e-05 0.18135386705398562 0.14370470494031909 -0.0024590676184743638 0.10297252982854845
decision_type=2 2 2 2 2 2 2 2 2 2 2 2 2 2 2 2 2 2 2 2 2 2
left_child=1 3 4 18 5 -3 8 13 -5 -8 -6 -9 17 -4 15 -14 -16 19 -1 -2 -18 -21
right_child=12 2 7 6 10 -7 9 11 -10 -11 -12 -13 14 -15 16 -17 20 -19 -20 21 -22 -23
leaf_value=-0.096652261262385381 0.060437612222170201 0.074323377616581254 -0.085577773509336666 0.074509853467236251 -0.089916665579802421 -0.071313901860372855 -0.025667946069408948 0.06296134973117383 -0.026163862067728583 0.038943132626791832 -0.055323504901816416 -0.092468196120188445 0.017382685164396294 -0.0027397809580980122 0.0043020258205789729 0.084456730817007608 -0.043498937688097622 0.057734563891398742 -0.0080826533444909188 0.061477795496566727 -0.09466135925076552 0.093005325177838397
leaf_weight=154.32179504353553 29.732099359855056 152.62143901176751 86.986051207408309 894.02549836412072 1377.7941942866892 117.35759938973933 393.18356220470741 408.80272309482098 127.04818226071075 354.43261413834989 1030.365614650771 23.256962513551116 38.041734352707863 253.02765010483563 14.047184698283671 83.789737854152918 9.9348038397729415 63.269755244255066 6.937561083585023 17.962063502520323 18.767772998660803 1076.921802258119
leaf_count=1010 25 249 519 1000 13715 1104 1622 645 496 639 8565 149 70 1099 20 67 22 76 31 22 72 729
internal_value=0.000267912 -0.0205791 -0.0471501 0.0269222 -0.066461 0.0109865 0.0378946 0.019834 0.0619701 0.00497421 -0.0751446 0.0544007 0.0831522 -0.0241211 0.0335639 0.063825 -0.052164 0.0899886 -0.0929152 0.0917503 -0.0790132 0.0925447
internal_weight=6732.63 5380.16 3450.21 1929.95 2678.14 269.979 1768.69 772.073 1021.07 747.616 2408.16 432.06 1352.47 340.014 164.581 121.831 42.7498 1187.89 161.259 1124.62 28.7026 1094.88
internal_count=31946 30843 26045 4798 23633 1353 3757 2412 1496 2261 22280 794 1103 1618 251 137 114 852 1041 776 94 751
is_linear=0
shrinkage=0.05


Tree=2
num_leaves=23
num_cat=0
split_feature=31 16 22 2 0 25 17 2 0 2 37 24 32 24 35 0 1 22 25 6 2 29
split_gain=4124.97 2139.84 892.984 845.319 619.207 536.618 429.251 285.529 270.902 235.935 180.855 160.864 110.049 270.592 83.9548 66.0537 99.4867 47.0158 41.5997 29.9009 29.7733 4.38766
threshold=0.042120410129427917 0.98234087228775036 1.0000000180025095e-35 0.12122971192002298 0.90531975030899059 -0.0014430725714191792 0.24166666716337207 0.10114151239395143 0.40783654153347021 0.12903869897127154 0.046809781342744834 0.21772087365388873 0.0024751146556809549 0.29303485155105596 0.11527179554104806 0.70548158884048473 0.6957472860813142 1.0000000180025095e-35 -0.00023146653984440488 0.37075276672840124 0.12625496089458468 -0.41644935309886927
decision_type=2 2 2 2 2 2 2 2 2 2 2 2 2 2 2 2 2 2 2 2 2 2
left_child=1 3 6 11 7 20 9 19 -7 -3 -8 14 13 -9 -1 21 -17 -13 -14 -2 -5 -4
right_child=4 2 15 5 -6 8 10 12 -10 -11 -12 17 18 -15 -16 16 -18 -19 -20 -21 -22 -23
leaf_value=-0.045704583815162111 -0.090026976444913448 -0.064402849859046818 0.083550671194469003 0.035152683423264025 -0.086084752713690413 0.033103028676087096 -0.075953639691652364 0.072108343514934323 -0.021710486259906028 0.051689872897698913 -0.030636175735722346 -0.086909041844595095 0.083845939026717456 -0.018692161789942544 0.064461068065511967 -0.092844996316737413 0.073749584528935749 0.00646952273885581 0.05612466223162519 0.032329099894073274 0.073929946310632252 0.06041919034096796
leaf_weight=35.441640995442867 29.45147979259491 68.615991849685088 73.611361652612686 57.978851582854986 65.572418662719429 482.87754177174065 1878.5995836211368 358.92363158613443 421.06393235828727 116.89456118945964 251.48863032832742 214.38829807913862 1075.5595496334136 105.81518350727856 31.926648020744324 15.749250449240206 18.276245459914207 14.237624548375605 164.83361976593733 5.4415222182869902 498.46603193134069 51.496960759162903
leaf_count=193 248 586 57 139 743 1180 19758 436 2016 281 1909 1929 911 467 46 81 18 31 269 16 573 75
internal_value=0.000553183 -0.0264467 -0.0563934 0.0157562 0.0638024 0.0313766 -0.0642698 0.0694971 0.00757463 0.00863483 -0.0706201 -0.0611583 0.0724032 0.0514385 0.00668346 0.0579027 -0.00381062 -0.0810911 0.0802103 -0.0705766 0.0699599 0.0745839
internal_weight=6036.71 4231.11 2474.73 1756.38 1805.6 1460.39 2315.6 1740.02 903.941 185.511 2130.09 295.994 1705.13 464.739 67.3683 159.134 34.0255 228.626 1240.39 34.893 556.445 125.108
internal_count=31962 28872 22765 6107 3090 3908 22534 2347 3196 867 21667 2199 2083 903 239 231 99 1960 1180 264 712 132
is_linear=0
shrinkage=0.05


Tree=3
num_leaves=30
num_cat=0
split_feature=34 5 24 36 6 26 37 38 37 22 31 3 0 38 6 29 1 0 34 34 30 29 34 32 25 6 25 30 4
split_gain=3528.92 1377.96 1497.61 743.73 434.668 350.393 216.624 208.733 187.957 176.1 172.802 200.473 155.567 118.671 109.537 98.1533 63.9358 51.1266 46.8617 40.0968 39.2091 18.4905 18.6626 14.6271 7.06672 8.74073 4.62617 3.86353 3.75692
threshold=0.24333363026380542 0.0031799726421013479 0.28098160028457647 0.00057490915060043346 0.49194628000259405 -0.050783922895789139 0.053526433184742934 0.0020919351372867827 0.024150739423930648 1.0000000180025095e-35 0.033558145165443427 0.001950978650711477 0.7079855501651765 0.0061127783264964828 0.4014939963817597 -0.32648728787899012 0.75056001543998729 0.13552708178758624 0.31807482242584234 0.22215271741151812 0.0037529563996940856 -0.022818647325038906 0.30098859965801245 0.006024636561051012 -1.0000000180025095e-35 0.51459828019142162 -0.0020359650952741499 0.00023783634242136034 -0.00043944134085904801
decision_type=2 2 2 2 2 2 2 2 2 2 2 2 2 2 2 2 2 2 2 2 2 2 2 2 2 2 2 2 2
left_child=1 2 5 6 9 7 13 -1 -7 -4 11 15 16 -3 -8 20 -5 -17 -13 -14 -2 24 23 -23 27 -26 -6 -12 -24
right_child=10 3 4 12 26 8 14 -9 -10 -11 21 18 19 -15 -16 17 -18 -19 -20 -21 -22 22 28 -25 25 -27 -28 -29 -30
leaf_value=-0.070894118535364356 0.072319173346400242 -0.074477376494654801 -0.057845025887447866 0.028697493489056619 0.082286591191554903 0.017883923267671253 -0.037280799270293229 0.03453388882937998 0.07214598773846477 0.059458161857102149 0.058776748547472904 -0.090119694990944674 -0.085035068789772517 0.0014230944533632315 0.05671377221608042 -0.060353617595094035 -0.050874067328047771 0.028918611516463306 0.0060213766267337137 0.042716532037841752 0.012852671643818868 -0.014421731378919398 0.081813943817929766 0.052125657381398176 0.037751554277257397 0.080058569299245819 0.054053819672339493 0.081586740921806594 0.056711387761009327
leaf_weight=89.552230180241168 303.81297713145614 1517.4113136269152 773.7497627424309 311.61561552248895 39.347537675872445 210.76138050766895 94.504435195587575 96.600060876458883 666.77452118764631 32.595297325402498 31.362971857190132 30.402622424066067 46.606013527140021 53.268251501023769 44.899543026462197 17.141753021627665 26.555096384137869 140.70090217143297 21.054065316915512 6.4325396865606299 31.024520255625248 13.886235456913708 41.205399751663208 18.177524216473103 28.134445793926716 26.476721577346325 40.207129634916782 791.8312564752996 46.867919288575649
leaf_count=885 404 16624 7249 925 34 902 668 243 973 58 30 200 490 240 96 133 199 383 66 12 124 62 33 32 56 24 83 684 67
internal_value=0.000199536 -0.0243057 0.0059699 -0.052385 -0.0420233 0.0459433 -0.0666054 -0.0162921 0.0591488 -0.0530354 0.0645463 0.041753 0.00978752 -0.071904 -0.00681851 0.0515684 0.0223175 0.0189047 -0.0514176 -0.0690375 0.066864 0.0769203 0.0573945 0.0237407 0.0795242 0.0593337 0.0688658 0.0807901 0.0692424
internal_weight=5592.96 4050.88 1949.59 2101.29 885.9 1063.69 1710.08 186.152 877.536 806.345 1542.08 544.137 391.209 1570.68 139.404 492.68 338.171 157.843 51.4567 53.0386 334.837 997.942 120.137 32.0638 877.805 54.6112 79.5547 823.194 88.0733
internal_count=31979 29681 10427 19254 7424 3003 17628 1128 1875 7307 2298 1310 1626 16864 764 1044 1124 516 266 502 528 988 194 94 794 80 117 714 100
is_linear=0
shrinkage=0.05


Tree=4
num_leaves=27
num_cat=0
split_feature=34 31 16 24 2 0 25 31 2 38 5 6 30 24 3 40 20 0 38 2 27 2 24 25 32 7
split_gain=2872.91 1185.8 1032.27 535.75 332.039 243.621 205.998 155.829 179.33 142.429 142.279 139.764 121.481 99.6172 99.2048 68.7511 60.2992 50.2731 42.937 42.7426 24.1629 17.1097 17.7273 12.15 25.2751 5.00616
threshold=0.23387677967548373 0.031328799203038223 0.98299238085746776 0.31193716824054724 0.12096652761101724 0.69671961665153515 -0.0029556242516264315 0.034772275015711791 0.11627658084034921 0.002841775538399816 0.0035297344438731675 0.49194628000259405 0.0045803715474903592 0.21772087365388873 0.0014488077140413227 0.20161920040845874 0.9464801847934724 0.70548158884048473 0.049397831782698638 0.13048212975263598 2.4831144809722905 0.1087399832904339 0.31583754718303686 6.2550036091124652e-05 0.009612886235117914 0.99371331930160534
decision_type=2 2 2 2 2 2 2 2 2 2 2 2 2 2 2 2 2 2 2 2 2 2 2 2 2 2
left_child=1 2 4 10 13 -6 19 8 20 -8 17 15 14 -1 -10 -5 -12 -3 -14 -4 -2 22 -9 25 -25 -23
right_child=7 3 6 11 5 -7 9 21 12 -11 16 -13 18 -15 -16 -17 -18 -19 -20 -21 -22 23 -24 24 -26 -27
leaf_value=0.0060628108307910437 -0.08378783811693058 0.070490346933432133 -0.026455542830923658 -0.066347248976447032 0.026266102323121012 -0.067047516771426119 -0.065877698251692138 0.069310015128316332 0.059072656259395812 -0.010402541049710534 0.038292813046407553 0.051001313436373402 -0.086331547338767148 -0.07951438877484325 -0.013798057711160956 0.02478407654529383 -0.0367761406879933 0.0068030338406299545 0.05722514851143682 0.082701167369510928 0.013560176698700001 0.076337358516321244 -0.012600344682942036 0.0026127060039466618 0.07582662631291795 0.059744978922457337
leaf_weight=45.288524262607098 30.735569974407554 449.67788993753493 12.27549218945205 159.29296141956002 717.72013848647475 76.529137879610062 1764.6351282710675 12.570056378841402 459.83623630739748 124.25719493255019 54.150713060051203 36.894620686769485 21.711350072175268 133.89163021929562 51.595809759572148 23.23736933618784 50.949198141694069 33.516636546701193 5.9938644841313353 28.696349926292896 7.6587700694799414 737.63922659307718 12.362429182976483 19.398286398500204 29.341076120734215 71.282549917697906
leaf_count=191 292 571 99 1700 2372 739 20504 12 758 760 124 66 173 1574 269 101 330 142 11 28 34 694 79 68 30 88
internal_value=-0.00037725 -0.0237544 -0.0386599 0.0298039 0.00331954 0.017202 -0.0598252 0.059013 0.03871 -0.0622358 0.0546495 -0.0367546 0.0461672 -0.0579708 0.0517085 -0.0546738 0.00189807 0.0660959 -0.0543623 0.0501458 -0.0645179 0.0722396 0.0297762 0.0734379 0.0473258 0.0749508
internal_weight=5171.14 3711.01 2903.29 807.719 973.429 794.249 1929.86 1460.13 577.532 1888.89 588.294 219.425 539.137 179.18 511.432 182.53 105.1 483.195 27.7052 40.9718 38.3943 882.594 24.9325 857.661 48.7394 808.922
internal_count=31809 29301 26267 3034 4876 3111 21391 2508 1537 21264 1167 1867 1211 1765 1027 1801 454 713 184 127 326 971 91 880 98 782
is_linear=0
shrinkage=0.05


Tree=5
num_leaves=29
num_cat=0
split_feature=34 31 16 22 7 2 39 36 25 29 22 2 1 5 35 6 6 30 2 31 1 5 36 2 39 7 29 34
split_gain=2485.44 1007.49 885.699 303.986 278.323 251.07 240.078 182.672 182.373 158.599 111.436 125.702 102.412 94.9873 83.8738 58.5755 47.7031 45.1576 30.4759 59.3159 27.3941 27.3527 31.1409 19.2681 14.8491 12.6362 9.05915 0.451336
threshold=0.23387677967548373 0.031328799203038223 0.98234087228775036 1.0000000180025095e-35 0.91380706429481517 0.12000611051917077 0.00015943720791256058 0.00060187524650245916 -0.0016839840100146828 -0.34996840357780451 1.0000000180025095e-35 0.1670140624046326 0.67510378360748302 0.0040494154673069724 0.053855285048484809 0.15879993140697482 0.027423107996582988 0.0037399679422378544 0.11095909401774408 0.058328818529844291 0.88581135869026195 0.003499650396406651 0.00019908133981516587 0.14047840982675555 0.0004080776270711795 0.8819531798362733 0.48672457039356237 0.39375120401382452
decision_type=2 2 2 2 2 2 2 2 2 2 2 2 2 2 2 2 2 2 2 2 2 2 2 2 2 2 2 2
left_child=1 2 5 7 21 16 12 -4 -7 13 11 14 -6 18 -11 -8 -1 -15 19 -2 -20 25 -23 -5 -19 -3 27 -12
right_child=9 4 3 23 6 8 15 -9 -10 10 26 -13 -14 17 -16 -17 -18 24 20 -21 -22 22 -24 -25 -26 -27 -28 -29
leaf_value=-0.072727756859543344 -0.063004812956479694 0.071061822782903239 -0.066156797060814981 0.0034683803607540378 0.039039017683674092 0.053179246387101378 -0.07665668275277128 -0.012663583129212876 -0.0007076631047745228 0.0030648742775155097 0.059673297929077697 0.071546769088397313 -0.072156583108978004 0.050187969846130956 -0.08098908775813031 -0.016257646103470299 -0.012213414299006291 0.0044243867696536808 0.072311857676983698 0.062894298529891215 0.03038463363510845 0.075344839568488475 -0.027107155293174336 0.068489436655179148 -0.083063900162917592 0.033909570157753123 0.038266577775744284 0.074778515311820656
leaf_weight=107.73258063616231 12.250885689631103 265.46116519719362 1600.9656188767403 15.258726958185433 255.02063970733434 221.77647466398776 79.766164011321962 177.84696867968887 531.7966233221814 136.76253518275917 41.752065844833851 53.977822311222553 21.615604578983039 16.15873247385025 36.881202112883329 81.167405694723129 47.15097875893116 6.7819135375320938 912.42104436829686 31.34680787846446 42.783264882862568 11.697259627282621 16.969755761325359 45.307949021458626 15.208855044096707 28.044986069202423 35.404164299368858 64.694019734859467
leaf_count=1324 120 311 20043 66 808 386 894 1530 2565 599 56 64 236 30 316 582 354 32 983 49 84 16 89 74 122 118 62 63
internal_value=-0.000517482 -0.0230344 -0.0371225 -0.0570631 0.027901 0.00327017 0.00190577 -0.0608186 0.0152007 0.0556156 0.0273826 0.00563266 0.0301219 0.0656392 -0.0151494 -0.0464827 -0.054502 -0.0115143 0.0685947 0.0268974 0.0704677 0.0630921 0.0158278 0.0524309 -0.0570638 0.0676391 0.062 0.0694642
internal_weight=4914 3507.58 2747.84 1839.38 759.743 908.457 437.57 1778.81 753.573 1406.42 369.472 227.622 276.636 1036.95 173.644 160.934 154.884 38.1495 998.802 43.5977 955.204 322.173 28.667 60.5667 21.9908 293.506 141.85 106.446
internal_count=31976 29396 26342 21713 3054 4629 2520 21573 2951 2580 1160 979 1044 1420 915 1476 1678 184 1236 169 1067 534 105 140 154 429 181 119
is_linear=0
shrinkage=0.05


Tree=6
num_leaves=29
num_cat=0
split_feature=34 25 0 0 16 6 38 1 22 1 34 0 33 40 2 7 1 7 36 2 22 29 1 29 2 37 9 2
split_gain=2117.29 950.73 696.216 523.319 513.592 287.774 276.641 266.84 191.553 152.18 121.183 108.385 89.7396 89.4455 83.824 77.7808 54.9183 49.8858 39.9146 37.0709 35.0509 20.4911 34.3338 15.1907 16.7634 8.09305 15.9995 3.96783
threshold=0.23743148893117907 -0.00054580331197939802 0.69929018616676342 0.1606002822518349 0.9695802927017213 0.49194628000259405 0.003795489552430809 0.089901175349950804 1.0000000180025095e-35 0.32321648299694067 0.34218244254589086 0.37308631837368017 0.0030386134749278431 0.17162900418043139 0.1251945495605469 0.99963113665580761 0.87920954823493969 0.58655452728271495 0.00058818332036025833 0.13385386019945147 1.0000000180025095e-35 -0.29410320520400995 0.55834957957267772 0.33356796205043798 0.1527245715260506 0.025323080830276016 0.0029969572788104419 0.11179219558835031
decision_type=2 2 2 2 2 2 2 2 2 2 2 2 2 2 2 2 2 2 2 2 2 2 2 2 2 2 2 2
left_child=1 2 3 5 9 -1 8 -5 -6 15 12 -11 14 17 20 -3 -16 -4 -8 -15 -2 -14 -23 25 -25 26 -12 -27
right_child=10 4 13 7 6 -7 18 -9 -10 11 23 -13 21 19 16 -17 -18 -19 -20 -21 -22 22 -24 24 -26 27 -28 -29
leaf_value=-0.053694357830194911 -0.062785751955504468 0.049566210426646905 0.062989137695026898 -0.077260232127706982 -0.064959471750580464 0.06880282587505912 -0.0087781325994621528 0.054666563157319062 0.049657429673212107 0.021336572713983593 0.01877895867203784 -0.052579519809457534 0.070091580162606373 -0.043881683360922463 0.035618906696183929 -0.047537632051008513 -0.053323191138172403 -0.074033695820801812 0.050208457494963013 0.05165950131561195 0.040467502672899697 -0.039677947374586457 0.060769346663723536 -0.0057669581821176525 0.058635132893473066 0.046971830862170556 0.066288090934918664 0.071605285451090891
leaf_weight=236.46911767590791 37.673038313165307 174.97875670529902 6.1090014576911917 39.421985534019768 1423.6968165040016 59.161148991435766 60.972348865121603 792.55091814883053 36.718521766364574 81.935135976411402 25.76207828335464 122.96548536699265 160.05906936898828 16.944841047748923 268.53856604918838 22.558637911453843 17.679387966170907 240.03341188840568 52.732623007148504 22.444892132654786 9.6911481469869596 11.980361169204114 24.307907812297344 15.039343349635599 28.785143736749887 24.607979509979486 63.943500109016895 609.71671302616596
leaf_count=2693 351 430 6 449 18484 74 388 1855 97 288 66 886 187 180 747 105 85 3248 147 55 23 83 34 60 45 60 74 643
internal_value=-0.000144523 -0.0209377 0.010376 0.0280401 -0.0433193 -0.0290311 -0.0561993 0.0483301 -0.0620457 0.00707465 0.0541397 -0.0230621 0.0356374 -0.0592363 0.0197535 0.0382934 0.0299585 -0.0703918 0.0187771 0.0104903 -0.0412593 0.0623864 0.0274325 0.066846 0.0368985 0.0686053 0.0530016 0.0707251
internal_weight=4687.48 3389.69 1413.14 1127.6 1976.56 295.63 1574.12 831.973 1460.42 402.438 1297.78 204.901 529.929 285.532 333.582 197.537 286.218 246.142 113.705 39.3897 47.3642 196.347 36.2883 767.855 43.8245 724.03 89.7056 634.325
internal_count=31843 29385 8560 5071 20825 2767 19116 2304 18581 1709 2458 1174 1510 3489 1206 535 832 3254 535 235 374 304 117 948 105 843 140 703
is_linear=0
shrinkage=0.05


Tree=7
num_leaves=24
num_cat=0
split_feature=31 20 22 24 2 25 17 2 7 36 25 1 30 24 24 34 39 29 29 9 22 17 41
split_gain=1870.25 953.767 444.011 348.69 275.244 233.001 216.472 160.309 155.594 130.802 127.729 94.9875 75.0203 69.5403 68.593 60.0263 46.4035 33.2657 24.7083 27.7128 12.1773 6.56216 0.30851
threshold=0.034772275015711791 0.98312824964523327 1.0000000180025095e-35 0.36830478906631475 0.11981283873319627 -6.9901507231406854e-05 0.24166666716337207 0.11673445627093317 0.76798865199089061 0.00054746636305935692 -0.0026009464636445041 0.099069330841302886 0.0031597313936799769 0.070523668080568327 0.22651118785142901 0.25069467723369604 1.0000000180025095e-35 0.62086075544357311 0.043180560693144805 0.0033291158033534889 1.0000000180025095e-35 0.4916666597127915 0.0024967748904600744
decision_type=2 2 2 2 2 2 2 2 2 2 2 2 2 2 2 2 2 2 2 2 2 2 2
left_child=1 4 6 11 14 13 7 -3 -5 -7 -8 21 17 -6 16 -14 -1 -13 22 -20 -16 -2 -4
right_child=3 2 18 8 5 9 10 -9 -10 -11 -12 12 15 -15 20 -17 -18 -19 19 -21 -22 -23 -24
leaf_value=0.035626486929444666 -0.077011179026960433 -0.075214275015102416 0.053544534478277686 0.063872325758747739 -0.051580249867147036 -0.034316438758614336 0.042539483747875889 0.033113888217843834 -0.074365587182996434 0.022314297771465687 -0.05916635890061988 0.063613077599237053 0.0051295615720321772 0.042563902421858091 -0.073730484809337124 0.059839862045015173 -0.067615998227300744 0.013180297261019195 -0.046485434999335017 0.04916149539091233 0.00047208568984120046 -0.013849071594490734 0.069625608146403159
leaf_weight=32.064267110079527 11.574266278184952 46.466990609420463 27.998321149498224 26.465185225009918 19.427776344120502 221.49240424763411 30.838350277394056 120.75675889989361 78.843297317624092 187.29866769164801 1518.9916953640059 1027.0916968826205 116.84533124696463 635.54646832775325 106.98671306297183 87.088737964630127 15.22459491714835 34.384085770696402 11.632187133654954 17.994738306850195 5.8141152262687674 6.8783633131533852 54.709307752549648
leaf_count=98 129 656 54 35 73 1772 123 462 1110 553 20947 1465 647 1569 1543 135 142 140 68 41 26 47 61
internal_value=-0.000253818 -0.0221361 -0.044984 0.0478224 0.0120251 0.0212318 -0.0512885 0.00274423 -0.0393508 -0.0083784 -0.0571165 0.0549979 0.05665 0.039697 -0.048903 0.0286712 0.00167578 0.0619934 0.0509826 0.0113167 -0.0699353 -0.0553893 0.0648865
internal_weight=4442.41 3053.24 1829.39 1389.17 1223.86 1063.77 1717.05 167.224 105.308 408.791 1549.83 1283.86 1265.41 654.974 160.09 203.934 47.2889 1061.48 112.335 29.6269 112.801 18.4526 82.7076
internal_count=31896 28188 22412 3708 5776 3967 22188 1118 1145 2325 21070 2563 2387 1642 1809 782 240 1605 224 109 1569 176 115
is_linear=0
shrinkage=0.05


Tree=8
num_leaves=26
num_cat=0
split_feature=31 16 38 24 2 22 24 7 25 5 5 27 2 17 17 22 17 36 2 31 31 36 36 29 2
split_gain=1648.65 948.987 429.007 292.272 277.957 163.577 154.128 143.932 131.278 117.202 77.2227 65.3986 60.8426 57.6271 55.2393 52.1969 48.2137 45.4752 35.1704 34.1031 32.5473 31.0371 25.8376 16.4221 10.6838
threshold=0.034772275015711791 0.97945997118949901 0.0022927459795027976 0.36721420288085943 0.12249197438359262 1.0000000180025095e-35 0.070523668080568327 0.76798865199089061 -0.0009493312973063438 0.0014490585308521988 0.0038731930544599895 0.81123897433280956 0.10669768974184991 0.65833333134651195 0.30833333730697637 1.0000000180025095e-35 0.82499998807907116 0.00044691609218716627 0.14484228193759921 0.058328818529844291 0.16639116406440738 0.0010619695531204345 0.0013724858290515842 -0.24121094495058057 0.1251945495605469
decision_type=2 2 2 2 2 2 2 2 2 2 2 2 2 2 2 2 2 2 2 2 2 2 2 2 2
left_child=1 4 5 10 14 9 21 -5 -8 -3 12 17 15 18 22 -2 -16 -4 -12 -14 -15 -6 -1 -7 -13
right_child=3 2 11 7 6 23 8 -9 -10 -11 13 24 19 20 16 -17 -18 -19 -20 -21 -22 -23 -24 -25 -26
leaf_value=-0.065301205489623287 -0.060375011856116823 -0.0045610719146677156 -0.029624903681984411 0.061483705769110164 -0.072117309019944786 0.070356817105295316 0.051072658495122894 -0.071851921934294516 0.01236439774912098 -0.060867827713244539 -0.007373489727786388 0.0017022298730009636 0.041683049646292325 -0.064476062861769032 0.043032324883820194 0.056221776420764064 -0.051788418307443553 0.021399869987278025 0.069302145245749375 0.063043534226654041 0.060592231722602252 0.047738504534431431 0.021777908597110637 0.0070917085292197084 0.053932809498425396
leaf_weight=119.75197012536228 19.936405934393406 99.247525985119864 85.486706276424229 26.907687801867723 44.8629798758775 22.89432817697525 416.3630875563249 73.62299924204126 462.7623990457505 1376.0703179943375 25.124701980501413 11.165227521210907 251.00679724942893 28.121793096885085 29.596558682620525 16.737338582053781 22.861902298405766 87.220992989838123 35.320276306010783 847.04754279274493 5.5030457973480216 5.4244767203927031 8.6996121592819673 18.405745992437005 82.568120986223221
leaf_count=1609 248 688 866 38 367 24 754 1122 1999 20571 111 79 675 251 98 24 258 423 52 1187 6 13 42 88 210
internal_value=-0.000296379 -0.021472 -0.0440592 0.0457755 0.0148076 -0.0543337 0.0258478 -0.0359097 0.0307342 -0.0570856 0.0524821 0.0144089 0.0560887 0.00884422 -0.0417412 -0.00708215 0.00151278 -0.00388148 0.0378297 0.0582031 -0.0428486 -0.0585098 -0.0592809 0.0429963 0.0477949
internal_weight=4222.71 2893.38 1783.06 1329.33 1110.32 1516.62 929.413 100.531 879.125 1475.32 1228.8 266.441 1134.73 94.0698 180.91 36.6737 52.4585 172.708 60.445 1098.05 33.6248 50.2875 128.452 41.3001 93.7333
internal_count=31803 28089 22949 3714 5140 21371 3133 1160 2753 21259 2554 1578 2134 420 2007 272 356 1289 163 1862 257 380 1651 112 289
is_linear=0
shrinkage=0.05


Tree=9
num_leaves=29
num_cat=0
split_feature=34 9 20 0 26 37 38 0 0 1 1 38 29 38 2 39 30 24 6 25 38 40 24 24 35 9 41 9
split_gain=1522.66 667.365 395.902 312.412 135.812 127.403 105.308 99.5598 93.2647 91.5678 98.8384 82.4026 76.0515 60.1442 41.2012 49.4633 39.3395 37.7144 29.6391 24.0156 50.1708 19.6131 15.5665 12.8198 26.4595 10.0929 8.45532 7.01632
threshold=0.25069467723369604 0.029286806471645836 0.97652655839920055 0.71085646748542797 -0.050783922895789139 0.035150080919265754 0.002841775538399816 0.082508694380521788 0.7199884057044984 0.33192814886569982 0.10124753043055536 0.0032518398948013787 -0.2833560556173324 0.0071871762629598388 0.13486734032630923 0.0026653243694454436 0.0038961432874202733 0.13100054860115054 -0.46536426246166224 -0.0010316193220205603 0.0044972009491175422 0.21514704078435901 0.29303485155105596 0.37553149461746221 0.059767315164208419 0.0011920407996512952 0.0019767604535445575 0.052663100883364684
decision_type=2 2 2 2 2 2 2 2 2 2 2 2 2 2 2 2 2 2 2 2 2 2 2 2 2 2 2 2
left_child=1 2 9 4 11 6 -4 -6 -7 10 -1 -3 16 -11 15 27 23 -18 -5 26 -21 -20 -17 25 -25 -2 -16 -14
right_child=12 3 5 18 7 8 -8 -9 -10 13 -12 -13 14 -15 19 22 17 -19 21 20 -22 -23 -24 24 -26 -27 -28 -29
leaf_value=-0.05267541371599354 0.050674402665243645 -0.048824250438678982 -0.0576986597205855 0.044536407744158096 -0.067755518536676149 -0.0063186943296787345 0.0010037161828021055 0.047276319588108962 -0.06127981029752954 -0.02972980153133466 0.033697051016955658 0.030367334454523245 -0.077347777742282214 0.02789489001037216 0.027270934256079595 0.062632929242909086 -0.073535857112998648 0.039171848445933383 -0.066712147827612575 -0.058883805323499065 0.03591391870500972 0.0074274065711906123 -0.012785608801441717 -0.033331956876099987 0.062410310432100768 0.065857696492069032 0.062184094807164164 -0.0082159002759909453
leaf_weight=37.191347054205835 161.17871371842921 71.704602996818721 1138.1377893893514 6.4455393441021434 18.633421487174928 289.74684246815741 81.855634127743542 544.8763231150806 104.35525409597903 217.18879440519959 252.40464687533677 59.013940149918199 18.982185259461406 56.290899312123656 25.389006555080414 16.088116090744737 9.5773487985134107 23.911957085132599 103.62838362762704 16.281923890113831 72.528635486960411 9.5449268221855146 10.926401909440754 10.664346009492876 18.479944802820683 572.4673553109169 76.683914192020893 4.8095344807952634
leaf_count=442 265 914 17353 24 303 2588 589 1612 1614 1531 787 222 195 216 61 22 92 78 1623 140 187 47 85 96 27 717 106 34
internal_value=-0.000647729 -0.0187562 -0.0331922 0.0198558 0.0327223 -0.0457786 -0.0537624 0.0433593 -0.0209902 0.00290503 0.0224616 -0.0131134 0.0515015 -0.0178104 0.0267746 -0.0130393 0.0589637 0.00574187 -0.0544696 0.0373843 0.0180722 -0.060449 0.0327613 0.0612897 0.0274332 0.0625955 0.0538488 -0.0642678
internal_weight=4028.99 2991.02 2177.17 813.847 694.228 1614.1 1219.99 563.51 394.102 563.076 289.596 130.719 1037.97 273.48 241.69 50.8062 796.28 33.4893 119.619 190.883 88.8106 113.173 27.0145 762.79 29.1443 733.646 102.073 23.7917
internal_count=31970 29865 25120 4745 3051 22144 17942 1915 4202 2976 1229 1136 2105 1747 830 336 1275 170 1694 494 327 1670 107 1105 123 982 167 229
is_linear=0
shrinkage=0.05


Tree=10
num_leaves=31
num_cat=0
split_feature=34 7 16 30 2 38 24 5 34 31 3 39 2 36 25 29 2 33 26 24 25 17 29 0 9 29 37 34 37 24
split_gain=1318.68 537.527 604.998 276.139 162.9 162.29 140.791 125.515 101.576 83.4574 108.052 78.0856 58.9957 44.1581 34.1631 19.5753 28.5891 14.7157 11.9855 14.9407 10.4769 9.10228 6.65667 5.87401 3.18887 2.23949 2.74749 2.2158 1.48702 0.587501
threshold=0.22485619783401492 0.87377294898033153 0.97309064865112316 0.0030023575527593498 0.10825660452246667 0.0039043368306010966 0.09734793379902841 0.0014032492763362827 0.35556218028068548 0.036094171926379211 0.0012368370080366733 0.0032623034203425054 0.11627658084034921 0.00048975582467392098 -0.00012946659262524915 0.52230322360992443 0.16069215536117556 0.00015290430746972564 -0.16202288866043088 0.21677962690591815 -0.00029176614771131421 0.10833333432674409 -0.50950810313224781 0.12853965163230899 0.19937840849161151 0.075621783733367934 0.049070626497268684 0.19277558475732806 0.049070626497268684 0.10399341955780984
decision_type=2 2 2 2 2 2 2 2 2 2 2 2 2 2 2 2 2 2 2 2 2 2 2 2 2 2 2 2 2 2
left_child=1 3 4 18 24 7 -6 -4 9 10 12 14 -2 -7 -5 20 -17 -12 19 -1 -11 22 28 -20 -3 29 -27 -13 -10 -23
right_child=8 2 5 11 6 13 -8 -9 21 15 17 27 -14 -15 -16 16 -18 -19 23 -21 -22 25 -24 -25 -26 26 -28 -29 -30 -31
leaf_value=0.060697075896432862 -0.064713009851936024 -0.067169012451279195 -0.0002678513809778808 0.0058009027602220573 -0.058022621913584531 -0.027680000764977803 0.02610999608772302 -0.053155572150581601 0.043198717347987636 0.058652409087509454 0.013469175465159543 0.02804988692363174 0.031439334351378162 0.039324403976207109 -0.064028245450766616 -0.042270334986868684 0.064138292164282504 -0.070915128525253113 0.039721214553578438 -0.01383985278289088 0.027702123933096807 0.054252222357657857 0.020273963018780105 0.067130732854867411 -0.005385852096377923 0.030478883621955572 0.059740005442570146 0.061113399014611262 0.064273415479302584 0.06571797116305518
leaf_weight=13.715581208467485 16.284149600192904 60.621793589554727 121.85589379258454 22.449479326605797 53.530978959985077 37.598049152642488 569.88588638231158 1413.613225860754 33.385301129892468 207.44457132741809 5.6132004484534255 12.20713008567691 217.57979039661586 67.139795832335949 76.236002488061786 12.916998725384476 10.562924012541769 38.393967777490616 27.09411958605051 11.813321545720099 34.610990133136511 47.139997109770775 23.488400369882584 229.91134673263878 2.350532751530408 17.006527829915285 25.816337127238512 14.108171019703148 24.363060712814331 388.85419487208128
leaf_count=22 268 1077 957 173 408 360 2094 22079 78 351 26 60 686 236 1177 85 14 407 74 99 99 62 67 321 23 58 43 20 32 505
internal_value=-0.0004701 -0.0190902 -0.028369 0.0338222 0.011034 -0.044855 0.0188044 -0.0489613 0.0456418 0.0301513 0.0109332 -0.0279005 0.0244971 0.0152373 -0.0482443 0.0501458 0.00626432 -0.0600916 0.0611321 0.0269841 0.0543591 0.0605913 0.0439226 0.0644063 -0.0649831 0.063322 0.04908 0.0473643 0.0530325 0.0646053
internal_weight=3837.59 2734.13 2326.6 407.535 686.389 1640.21 623.417 1535.47 1103.46 543.407 277.871 125.001 233.864 104.738 98.6855 265.535 23.4799 44.0072 282.534 25.5289 242.056 560.054 81.2368 257.005 62.9723 478.817 42.8229 26.3153 57.7484 435.994
internal_count=31961 29180 27234 1946 3602 23632 2502 23036 2781 1936 1387 1430 954 596 1350 549 99 433 516 121 450 845 177 395 1100 668 101 80 110 567
is_linear=0
shrinkage=0.05


Tree=11
num_leaves=22
num_cat=0
split_feature=31 38 25 2 0 21 0 2 37 2 2 3 1 39 22 36 6 30 30 29 31
split_gain=1179.28 691.823 411.957 301.164 246.015 197.385 188.307 142.207 108.167 86.2356 79.1699 70.1482 44.7622 44.104 32.6705 33.21 28.1148 27.591 25.8694 19.1622 4.2659
threshold=0.048042146489024169 0.0034460022579878573 -0.00059120162040926505 0.12147369608283044 0.69671961665153515 0.81219512224197399 0.90906813740730297 0.12199999764561655 0.067676059901714339 0.12330029159784318 0.10051277279853822 0.0032743546180427079 0.80577921867370617 0.0015433389926329257 1.0000000180025095e-35 0.0013724858290515842 0.039522714912891395 0.0036421922268345956 0.0044841971248388299 0.82295042276382457 0.12875780463218692
decision_type=2 2 2 2 2 2 2 2 2 2 2 2 2 2 2 2 2 2 2 2 2
left_child=1 2 3 16 -5 9 10 14 -7 -4 20 12 -9 -13 15 -3 -1 19 -19 -12 -2
right_child=6 7 5 4 -6 8 -8 11 -10 -11 17 13 -14 -15 -16 -17 -18 18 -20 -21 -22
leaf_value=-0.063674381404715083 -0.066703207545060719 -0.067042755525779901 -0.058263681925674243 0.033092841668396857 -0.059538711410680435 -0.056178181163548904 -0.065364605838063569 0.04449289708382323 0.033121877075478347 0.039711487176381559 0.057218607823554327 -0.066982335026249298 -0.0050486021999281983 0.045882310589853099 0.030218619487915419 0.037577835685175198 -0.0237779360933301 0.035486570679672161 -0.050524222050823922 0.011505454636194089 0.0019518378983079043
leaf_weight=146.7670061532408 13.311039432883261 52.821932925842702 29.255596502684057 456.652201899793 84.045222191140056 1164.5527805918828 34.671446984633803 512.62752943392843 34.308310927823186 86.493435776792467 846.95510700857267 25.167254630476236 49.825159864500165 12.089617904275654 14.01946761086583 8.1692779175937158 65.411687039770186 40.0780627168715 10.170794121921061 24.146115833893418 2.6211462393403044
leaf_count=2490 216 777 467 1986 1348 18868 640 1355 174 352 1517 303 196 36 43 34 809 128 103 123 20
internal_value=0.000417832 -0.0163568 -0.0307007 -0.00120255 0.018611 -0.0475806 0.0477127 0.0275766 -0.0535972 0.0146613 0.0519608 0.0356978 0.0401031 -0.0301165 -0.0369677 -0.0526495 -0.0515441 0.0538857 0.0174311 0.0559661 -0.05596
internal_weight=3714.16 2742.21 2067.49 752.876 540.697 1314.61 971.954 674.72 1198.86 115.749 937.282 599.71 562.453 37.2569 75.0107 60.9912 212.179 921.35 50.2489 871.101 15.9322
internal_count=31985 29238 26494 6633 3334 19861 2747 2744 19042 819 2107 1890 1551 339 854 811 3299 1871 231 1640 236
is_linear=0
shrinkage=0.05


Tree=12
num_leaves=27
num_cat=0
split_feature=34 37 0 26 38 22 16 0 34 40 39 6 38 0 4 40 4 25 25 33 29 1 22 33 29 32
split_gain=1057.78 473.76 381.017 235.99 223.1 177.071 190.579 139.901 76.9917 64.4343 54.9581 43.5257 47.6623 37.3657 28.3308 13.4462 12.7339 12.3509 10.7646 10.915 10.3429 13.0129 9.31362 9.27242 6.73303 5.25907
threshold=0.23084913194179538 0.030052864924073223 0.74029171466827404 -0.039413256570696824 0.0036782399984076623 1.0000000180025095e-35 0.87356176972389232 0.13178705424070361 0.34218244254589086 0.1330319941043854 0.0042887160088866958 0.28606480360031133 0.0052005730103701362 0.42501328885555273 -0.0011124116717837749 0.20580574125051501 0.00064698257483541976 0.0013679615221917631 0.00012151141709182413 0.00016757100092945623 -0.2833560556173324 0.53546753525733959 1.0000000180025095e-35 0.00090930156875401746 0.33356796205043798 0.023359116166830066
decision_type=2 2 2 2 2 2 2 2 2 2 2 2 2 2 2 2 2 2 2 2 2 2 2 2 2 2
left_child=1 4 3 9 5 6 -1 -5 10 -3 11 12 -2 14 -6 -15 -13 22 24 -20 -12 -22 -4 -7 25 -10
right_child=8 2 17 7 13 23 -8 -9 18 -11 20 16 -14 15 -16 -17 -18 -19 19 -21 21 -23 -24 -25 -26 -27
leaf_value=0.0073964020167304224 -0.027945095438271547 -0.053227444326859677 -0.065207238471753554 -0.020514676950818392 0.058831788737622306 0.016185954278661895 -0.055997201417499469 0.039550611063328939 0.061396954593726454 -0.0010767455772069533 0.060051785003668229 0.054768987031851825 0.021980341406341034 -0.048970997855712725 0.0082871551449539612 0.0084366535932106773 0.010678157292230685 0.040789352216174447 0.058076328934362244 -0.0033544589822621569 -0.020182227744311707 0.048890876393890025 -0.0047064226805708567 0.064424856377050893 0.034637580799137695 0.03737612955156331
leaf_weight=133.95904107857496 77.346887309104204 112.84908799175173 169.65917221829295 112.75658495817333 57.094995487481356 15.505484130233524 1015.6842045730446 667.10656378325075 447.8853168990463 123.54519821796566 116.24883256852627 68.366353875026107 121.64573440887034 20.286391299217939 53.75710366666317 19.100735558196902 22.173084769397974 2.2784240394830695 12.47240122780204 15.386637471616266 9.8063719645142573 18.441474221646786 6.7756201382726422 31.840458534657955 32.760997850447893 30.009959269315004
leaf_count=835 655 1888 3234 1116 112 72 17806 2504 688 973 197 132 493 249 326 127 93 7 23 77 90 38 50 48 75 65
internal_value=-0.000211582 -0.0171777 0.00574032 0.0175927 -0.0374948 -0.0447002 -0.0486104 0.0308509 0.0441094 -0.0260916 0.0283346 0.0156711 0.00253201 0.0198281 0.0346137 -0.0216117 0.0442058 -0.0613816 0.0567474 0.0252073 0.0534268 0.0250416 -0.0629234 0.0492885 0.0584154 0.0599697
internal_weight=3514.74 2542.2 1194.97 1016.26 1347.23 1196.99 1149.64 779.863 972.544 236.394 434.029 289.532 198.993 150.239 110.852 39.3871 90.5394 178.713 538.515 27.859 144.497 28.2478 176.435 47.3459 510.656 477.895
internal_count=31973 29347 9772 6481 19575 18761 18641 3620 2626 2861 1698 1373 1148 814 438 376 225 3291 928 100 325 128 3284 120 828 753
is_linear=0
shrinkage=0.05


Tree=13
num_leaves=28
num_cat=0
split_feature=34 25 0 0 36 1 6 31 22 29 38 30 2 2 7 2 7 7 2 36 9 0 34 7 13 3 35
split_gain=978.481 464.107 326.338 301.92 230.59 143.652 130.808 129.052 86.1088 57.6475 52.094 49.8958 48.0195 47.0465 50.4965 24.6931 22.1374 21.6883 21.6693 20.6784 19.4157 18.6649 16.5329 13.7886 9.73952 3.58236 1.64972
threshold=0.25069467723369604 -0.0005244271014817058 0.69671961665153515 0.16737509518861773 0.00058818332036025833 0.092415429651737227 0.49194628000259405 0.05532681196928025 1.0000000180025095e-35 0.59580504894256603 0.0023332625860348348 0.0044700899161398419 0.15009039640426639 0.17218530178070071 0.99842527508735668 0.13611930608749392 0.58655452728271495 0.92287108302116405 0.10773930698633195 0.00079627017839811753 0.092557728290557875 0.36049813032150274 0.35556218028068548 0.92850330471992504 0.4131906926631928 0.0029522485565394167 0.041323186829686172
decision_type=2 2 2 2 2 2 2 2 2 2 2 2 2 2 2 2 2 2 2 2 2 2 2 2 2 2 2
left_child=1 2 3 6 7 -5 -1 8 -3 11 16 18 17 14 -6 -12 -4 -11 20 24 -2 -13 -20 -9 -14 -23 -19
right_child=9 4 10 5 13 -7 -8 23 -10 12 15 21 19 -15 -16 -17 -18 26 22 -21 -22 25 -24 -25 -26 -27 -28
leaf_value=-0.041120796670355564 -0.059558236696950234 -0.050850129690418612 0.049018373263595844 -0.067649900504348048 0.013800113862687514 0.04520786690580058 0.053057745074022666 0.053074493364160584 0.034799174509957446 0.030531563856221827 -0.038608882706011823 0.040970183120031395 -0.046943962479072607 0.065984358054861636 -0.036096727509414277 0.040776102128318968 -0.062107061256127652 -0.034214059856127362 0.043088178721243674 0.061919605020519165 0.039259034174382167 -0.07769826792541909 0.05907808400889604 -0.0041322227330371592 0.026957955498933303 -0.020008767220416255 -0.081254720386542481
leaf_weight=208.30058349017054 7.43062237184495 1056.2494808887132 3.9034262895584098 28.709228534251451 171.38992980588228 605.36611939501017 43.853605635464191 32.357995439320803 29.522045690566301 5.982566453516486 16.707669002003968 6.0061904266476658 7.7005411945283404 28.509466409683228 70.835047866217792 20.947182182222605 167.63264994556084 4.5098032839596298 271.70504673756659 25.878102354705334 11.11355137452483 8.504746347665785 470.30626637116075 15.194527508690951 8.2090173289179784 4.9950681142508975 16.09160425234586
leaf_count=2888 126 18994 6 454 1010 1845 80 72 118 22 252 16 71 52 673 65 3304 58 670 38 35 68 770 118 24 50 137
internal_value=-0.000290218 -0.0160402 0.00834921 0.0216133 -0.0350608 0.0399995 -0.0245968 -0.0449568 -0.0484915 0.0460734 -0.0476789 0.0499273 0.00201815 0.00637812 -0.000879883 0.00546496 -0.0593089 -0.0494525 0.0519564 0.0351527 -0.00135829 -0.0278656 0.0532889 0.0350865 -0.00947284 -0.0592046 -0.0730178
internal_weight=3347.91 2499.48 1095.42 886.23 1404.06 634.075 252.154 1133.32 1085.77 848.433 209.191 780.061 68.3716 270.734 242.225 37.6549 171.536 26.584 760.555 41.7877 18.5442 19.506 742.011 47.5525 15.9096 13.4998 20.6014
internal_count=32016 29931 8894 5267 21037 2299 2968 19302 19112 2085 3627 1735 350 1735 1683 317 3310 217 1601 133 161 134 1440 190 95 118 195
is_linear=0
shrinkage=0.05


Tree=14
num_leaves=24
num_cat=0
split_feature=31 16 36 38 0 2 5 2 3 21 2 2 4 0 30 4 2 31 6 32 29 6 13
split_gain=827.411 545.015 172.522 159.571 147.468 90.0054 83.0874 96.6853 66.8664 63.0546 71.5989 60.0115 38.7786 36.9655 36.3908 35.4771 33.9671 32.9938 32.3086 24.7544 23.7359 15.386 0.427046
threshold=0.042120410129427917 0.9852886199951173 0.00034203656832687562 0.0022096738684922461 0.90906813740730297 0.12199999764561655 0.0031062887283042078 0.14375565946102145 0.0018311053281649949 0.91914665699005138 0.11981283873319627 0.10669768974184991 -0.0033287173137068744 0.449525997042656 0.004140441771596671 0.00086222367826849233 0.11764355376362802 0.11900128424167634 0.26652926206588751 0.0063436534255743035 0.80717387795448314 0.11390240490436555 0.35913823544979101
decision_type=2 2 2 2 2 2 2 2 2 2 2 2 2 2 2 2 2 2 2 2 2 2 2
left_child=1 2 9 6 11 13 7 -3 -7 10 -1 17 -8 -4 20 16 -5 22 -11 -16 -13 -17 -2
right_child=4 3 5 15 -6 8 12 -9 -10 18 -12 14 -14 -15 19 21 -18 -19 -20 -21 -22 -23 -24
leaf_value=-0.054356375820507612 -0.064710587430110003 -0.045942303730337704 -0.06168730822633909 -0.061156524556678221 -0.061347580568156403 0.037904807650124397 -0.0044314349309835565 0.0096600462904694803 -0.0052483293232555572 -0.065920519954284204 0.0079453601263049529 0.051865104735100379 -0.058041860846170849 0.0037602039822686169 -0.054480693788242211 -0.059273363818447868 0.024601466181925571 0.036353259283257992 0.0038077519205364551 0.043436501597061326 0.0049550748231238177 0.0075460968616643731 -0.023658795884432492
leaf_weight=57.294225558638573 16.812858624383811 205.87860290845856 35.460635875351727 11.724956761114298 32.643499743193388 536.27201259694993 35.676598956342787 125.19974695332348 107.50508113810793 78.416267258115113 219.88522507762536 760.19729639869183 677.8475994518958 52.583772239275277 13.617465334013106 24.825967480428517 128.40682827122509 14.337567161768673 20.873775841668248 10.601982820779083 28.18726144824177 12.617785528302191 2.2594077223911873
leaf_count=1094 300 3562 589 210 731 1639 511 1317 698 1221 1290 1676 14789 525 153 356 783 58 165 27 162 102 37
internal_value=0.000282232 -0.0153078 0.0100808 -0.03832 0.0416021 0.0242188 -0.0457626 -0.0249501 0.0307017 -0.0173935 -0.00508179 0.0456422 -0.0553713 -0.0229961 0.0483427 0.00547305 0.0170435 -0.0195358 -0.0513697 -0.011595 0.0501963 -0.037146 -0.0612683
internal_weight=3209.13 2330.47 1108.29 1222.18 878.657 731.822 1044.6 331.078 643.777 376.469 277.179 846.014 713.524 88.0444 812.604 177.576 140.132 33.4098 99.29 24.2194 788.385 37.4438 19.0723
internal_count=31995 28851 7221 21630 3144 3451 20179 4879 2337 3770 2384 2413 15300 1114 2018 1451 993 395 1386 180 1838 458 337
is_linear=0
shrinkage=0.05


Tree=15
num_leaves=26
num_cat=0
split_feature=34 37 0 22 16 0 38 5 29 2 2 9 3 5 24 40 35 1 7 31 2 5 7 28 36
split_gain=771.436 365.495 298.251 162.64 175.972 123.851 121.447 117.295 69.1881 68.0233 44.5231 48.8823 31.1823 26.9936 22.3455 20.8091 27.9354 13.9456 39.9979 11.2387 7.99968 7.32424 5.71092 3.26739 0.14794
threshold=0.23387677967548373 0.030052864924073223 0.71085646748542797 1.0000000180025095e-35 0.83750316500663768 0.082508694380521788 0.0039043368306010966 0.0034306545276194815 -0.42635717988014216 0.12420320510864259 0.1670140624046326 0.07134424522519113 0.0015745374257676306 0.0040494154673069724 0.13100054860115054 0.17162900418043139 0.018459063023328785 0.84790217876434337 0.98934274911880504 0.0041683805175125608 0.11179219558835031 0.002467488520778716 0.67930427193641674 2.4964087009429936 0.00077895945287309598
decision_type=2 2 2 2 2 2 2 2 2 2 2 2 2 2 2 2 2 2 2 2 2 2 2 2 2
left_child=1 3 5 4 9 -3 -6 -7 13 -1 11 12 -10 17 23 22 -17 20 -19 -5 -2 -13 -4 -15 -12
right_child=8 2 15 19 6 7 -8 -9 10 -11 24 21 -14 14 -16 16 -18 18 -20 -21 -22 -23 -24 -25 -26
leaf_value=-0.04715865642391244 0.021754727105578527 -0.062798548899530585 0.015123569619462761 0.0077395335951923536 -0.05227414690785407 0.035215250704113715 0.015397741094953338 -0.0041945612005780354 0.00068197857926406507 0.028387846407254121 0.047725443614835307 0.052100310955337653 -0.065421165840350973 -0.067501159634886218 0.037307028301484912 0.044906235936538759 -0.062338464930539177 0.053150370029250105 -0.030975365033002147 0.058162673630937613 0.05731815520751659 0.013625824594634099 -0.062120545316577458 -0.0099112294633709359 0.063186784603127974
leaf_weight=38.58668103069067 18.034367073327303 44.41454622335732 2.0740388594567767 15.089201927185057 867.75778647698462 561.85969317052513 71.345106334425509 283.80830079689622 110.7421233644709 119.76007409952581 26.280811101198196 49.124649310484529 20.26176399923861 7.1800124086439627 18.167280957102776 11.229821912944319 11.085289638489483 53.896896377205849 18.281210059300065 44.07498568110168 467.38129223138094 17.590928994119167 146.54501483449712 4.0851180925965309 32.280791737139225
leaf_count=636 123 947 12 77 17867 2407 480 2868 624 422 58 121 273 76 68 40 197 111 100 81 874 82 3308 32 49
internal_value=0.000361885 -0.0151178 0.00607463 -0.0345471 -0.0389079 0.0177028 -0.0471221 0.0219999 0.0410382 0.0097979 0.0192589 0.00780026 -0.00996004 0.0504976 0.00369718 -0.0542258 -0.00875754 0.0529569 0.031711 0.0456452 0.0560443 0.0423068 -0.0609487 -0.0491279 0.0571659
internal_weight=3060.94 2217.63 1061.02 1156.61 1097.45 890.083 939.103 845.668 843.307 158.347 256.281 197.719 131.004 587.026 29.4324 170.934 22.3151 557.594 72.1781 59.1642 485.416 66.7156 148.619 11.2651 58.5616
internal_count=31933 29342 9779 19563 19405 6222 18347 5275 2591 1058 1207 1100 897 1384 176 3557 237 1208 211 158 997 203 3320 108 107
is_linear=0
shrinkage=0.05


Tree=16
num_leaves=24
num_cat=0
split_feature=22 36 31 24 38 7 5 2 25 2 36 24 37 29 30 40 1 3 25 31 34 38 17
split_gain=652.613 419.323 222.643 169.422 182.588 185.718 117.082 122.389 100.837 72.0594 63.6169 55.6712 44.7932 28.2641 25.078 18.9369 16.4568 15.4426 10.7916 17.5087 9.56052 2.37229 2.34628
threshold=1.0000000180025095e-35 0.00034487512311898177 0.045672580599784858 0.23550552874803546 0.0036782399984076623 0.8819531798362733 0.0031511094421148305 0.12941937148571017 -0.00068745922180823971 0.12759415060281756 0.00060847192071378242 0.32643349468708044 0.067676059901714339 0.53535839915275585 0.0012293513282202186 0.2284909784793854 0.56616753339767467 0.0011135042295791211 -0.00010747845954028888 0.0030334281036630277 0.25849823653697973 0.0066596576943993577 0.10833333432674409
decision_type=2 2 2 2 2 2 2 2 2 2 2 2 2 2 2 2 2 2 2 2 2 2 2
left_child=1 2 6 8 5 -5 7 -1 14 -6 -10 17 -8 18 -3 -13 20 -4 22 -20 -15 -21 -2
right_child=13 3 11 4 9 -7 12 -9 10 -11 -12 15 -14 16 -16 -17 -18 -19 19 21 -22 -23 -24
leaf_value=-0.052235108658309985 0.042344424513734429 0.019687189349174572 0.046057655640093363 0.042986421889186631 -0.023860627412261456 -0.046044966517676311 -0.054673612604583144 0.0061895497718042359 -0.019195871828817886 0.044645763846860843 0.02533520432841016 -0.053859349884395481 0.022650316558854078 -0.071931408498504115 0.056392250354737564 0.041136451883921114 0.036587410616135595 -0.0091647640634348829 -0.025984205667870592 0.061158481079149708 0.0094347569812053278 0.032048393957062639 0.059809783109422393
leaf_weight=148.93575950572267 32.07467776350677 59.595563583076 108.27713892422616 71.087564875371754 49.742394268047065 314.62458549253643 643.27097253454849 222.43150018900633 123.87421402567998 159.53787855152041 223.54463484603912 24.61642202176154 18.777887977659702 6.7465331982821244 237.52366074919701 5.8065710254013529 18.235159948468208 13.978745149448512 9.6521343998610956 17.744480598717928 6.3761006444692612 18.644255734980106 381.95718960044906
leaf_count=2825 70 238 287 316 558 5842 14643 1937 1614 411 940 503 133 62 555 24 62 99 73 31 20 61 737
internal_value=0.000359485 -0.0102906 -0.0315304 0.0100426 -0.00919063 -0.0295676 -0.039854 -0.0173188 0.027784 0.0283269 0.00944787 0.0247014 -0.0524496 0.0528408 0.0491208 -0.0349962 0.00667961 0.0397204 0.0559657 0.0318694 -0.0345281 0.0474996 0.058562
internal_weight=2917.06 2425.63 1186.09 1239.53 594.992 385.712 1033.42 371.367 644.538 209.28 347.419 152.679 662.049 491.431 297.119 30.423 31.3578 122.256 460.073 46.0409 13.1226 36.3887 414.032
internal_count=32041 30925 20451 10474 7127 6158 19538 4762 3347 969 2554 913 14776 1116 793 527 144 386 972 165 82 92 807
is_linear=0
shrinkage=0.05


Tree=17
num_leaves=25
num_cat=0
split_feature=34 20 22 2 30 24 1 38 6 29 1 22 2 19 29 1 5 0 32 30 42 29 33 0
split_gain=642.892 286.689 318.482 102.686 92.5092 96.2566 83.3381 63.4567 58.2067 45.5895 43.6127 32.0765 35.1657 37.5784 17.5649 16.6753 14.3252 19.7373 11.6825 11.3392 7.00393 4.69902 0.42377 0.0902762
threshold=0.25069467723369604 0.98312824964523327 1.0000000180025095e-35 0.10669768974184991 0.0030757313361391429 0.22864447534084323 0.33192814886569982 0.0039043368306010966 -0.38791985809803003 -0.49949845671653742 0.094678498804569258 1.0000000180025095e-35 0.16612013429403308 0.047458231449127204 -0.14597245305776593 0.62139987945556652 0.0040494154673069724 0.41834877431392675 0.017553722485899929 0.0015754911000840368 0.90625000000000011 0.52230322360992443 0.00090930156875401746 0.34973329305648809
decision_type=2 2 2 2 2 2 2 2 2 2 2 2 2 2 2 2 2 2 2 2 2 2 2 2
left_child=1 3 4 -1 5 -3 10 -6 -8 16 -5 12 13 -11 -4 -16 18 -18 20 -20 -2 23 -19 -13
right_child=9 2 14 6 7 -7 8 -9 -10 11 -12 21 -14 -15 15 -17 17 22 19 -21 -22 -23 -24 -25
leaf_value=-0.060897820703677344 0.032649210056312376 0.019279537724424034 0.057979094534882973 -0.034220124579288087 -0.052998778980751698 -0.033479193267995838 0.040674907003843214 0.0067638180917815359 -0.010785423968410151 0.015721790757138678 0.035420388642221287 0.059562887537905354 0.049969210638925843 -0.047015265213210214 -0.043628729010463004 0.043575107612445735 0.047281138137979864 -0.060545830218667308 -0.011727356903020339 0.044850126339463586 0.05725493988535979 0.023782491428821398 -0.023956218021860987 0.045258137798238007
leaf_weight=48.55463230330497 36.384106209501624 116.79137776792049 95.979729387909174 23.312130466569215 643.26056559290737 325.89973100693896 64.738847766071558 47.478769757319242 333.90195583552122 64.523998728021979 336.18512295652181 35.930804520845413 35.530484061688185 36.578160187229514 8.5811181273311394 11.843734279274939 12.174314204603435 4.4853106923401347 13.271608537063001 23.67908781953156 365.71144118160009 18.525758065283298 3.3534350246191025 25.335383529774845
leaf_count=1241 118 964 201 285 16480 5868 242 403 2789 375 1316 66 77 336 77 37 33 55 45 60 810 52 35 67
internal_value=-0.000469566 -0.014372 -0.0293612 0.00885901 -0.0374554 -0.0195482 0.0134009 -0.0488871 -0.00234745 0.0418153 0.030822 0.0227425 0.00791096 -0.00721427 0.049099 0.00661172 0.0507382 0.00887505 0.052622 0.0247556 0.055115 0.0477271 -0.049374 0.0544693
internal_weight=2732.01 2056.53 1249.84 806.693 1133.43 442.691 758.138 690.739 398.641 675.484 359.497 216.425 136.633 101.102 116.405 20.4249 459.059 20.0131 439.046 36.9507 402.096 79.7919 7.83875 61.2662
internal_count=32032 29903 24030 5873 23715 6832 4632 16883 3031 2129 1601 973 788 711 315 114 1156 123 1033 105 928 185 90 133
is_linear=0
shrinkage=0.05


Tree=18
num_leaves=26
num_cat=0
split_feature=31 16 38 24 2 22 36 30 7 7 24 38 3 17 36 25 2 30 17 28 36 29 3 29 4
split_gain=562.042 335.209 177.134 121.024 92.3921 87.7861 72.2717 71.091 63.7795 42.9317 49.0176 88.8385 36.8063 36.6707 34.6131 27.8797 26.8488 18.4253 17.4742 15.9252 15.009 14.1207 8.76733 7.33377 5.81959
threshold=0.033558145165443427 0.97309064865112316 0.0026924398262053732 0.36830478906631475 0.12199999764561655 1.0000000180025095e-35 0.00079627017839811753 0.0041240472346544274 0.76798865199089061 0.91380706429481517 0.22558574378490451 0.003795489552430809 0.0017452143365517261 0.4083333313465119 0.00098336796509102009 8.4265968325780718e-05 0.1251945495605469 0.0044256313703954228 0.82499998807907116 0.11356770619750024 0.0013724858290515842 -0.24121094495058057 0.0026641217991709714 -1.1674335598945615 0.0028548419941216712
decision_type=2 2 2 2 2 2 2 2 2 2 2 2 2 2 2 2 2 2 2 2 2 2 2 2 2
left_child=1 4 5 9 13 6 -3 12 -5 22 15 -12 -6 20 -9 -11 19 -18 -15 -4 -1 -7 24 -24 -2
right_child=3 2 16 8 7 21 -8 14 -10 10 11 -13 -14 18 -16 -17 17 -19 -20 -21 -22 -23 23 -25 -26
leaf_value=-0.056455659145931938 0.055813570470241762 -0.0461735572584141 -0.054810742032706222 0.051286339681396967 0.036330606812951999 0.060617078040662367 0.0099432320271821174 -0.032836461835546622 -0.061761191112612183 0.054200737885772149 -0.036395657958109513 0.044027105514164444 -0.0024456866427342593 0.044804918694380587 0.031067731129736917 0.010020022385081668 0.028370603955032461 -0.019519414326151053 -0.029515166661789362 0.019415872871949822 0.021947400023522148 -0.00091453431572336504 0.050421114978927456 -0.011557455468738854 0.023789463294774816
leaf_weight=65.270050207152963 350.7251289319247 884.68965813703835 19.762458497658375 16.257700461894274 379.4742680080235 21.333663776516914 61.006212636362761 76.560444043017924 45.043919080868363 152.00591963902116 66.032611286267638 69.419783690944314 72.781972311902791 18.615343490615487 28.264730773866177 47.25774703733623 136.12344458978623 22.80462755728513 12.366032227873804 10.444042738527058 6.2024726849049321 15.955968117341397 7.7710330784320858 9.8230349365621787 16.935394547879696
leaf_count=1404 830 21669 344 41 1181 39 653 792 1140 329 884 195 425 61 74 283 690 283 202 88 41 104 19 64 65
internal_value=0.000125713 -0.0150191 -0.0310546 0.0356059 0.0134829 -0.0395744 -0.0425468 0.0215108 -0.0314381 0.04135 0.0281108 0.00484186 0.0300987 -0.0299542 -0.0154748 0.0438251 0.0132002 0.0214198 0.0151452 -0.0293468 -0.0494428 0.0349519 0.0527498 0.017057 0.054407
internal_weight=2612.93 1831.66 1172.12 781.272 659.535 982.986 945.696 557.081 61.3016 719.971 334.716 135.452 452.256 102.454 104.825 199.264 189.135 158.928 30.9814 30.2065 71.4725 37.2896 385.255 17.5941 367.661
internal_count=31900 28050 23870 3850 4180 22465 22322 2472 1181 2669 1691 1079 1606 1708 866 612 1405 973 263 432 1445 143 978 83 895
is_linear=0
shrinkage=0.05


Tree=19
num_leaves=26
num_cat=0
split_feature=31 36 21 38 24 30 2 7 2 7 1 1 7 24 32 20 0 27 5 22 6 25 27 34 2
split_gain=481.608 295.018 118.013 146.344 109.516 107.081 87.4734 73.1077 68.8992 60.6719 56.7098 45.9769 45.0159 42.4918 72.2854 34.4454 40.0396 34.3604 25.4204 18.9955 16.6814 7.60303 7.14924 4.46836 1.64051
threshold=0.031328799203038223 0.00034487512311898177 0.8859442174434663 0.0035549283493310217 0.36609348654747015 0.0030931073706597094 0.12420320510864259 0.96977725625038158 0.10922662168741228 0.76798865199089061 0.6957472860813142 0.84790217876434337 0.89787140488624584 0.22558574378490451 0.0044776457361876973 0.95359894633293163 0.40783654153347021 -0.14084099233150479 0.0035297344438731675 1.0000000180025095e-35 0.34103247523307806 -2.4315368136740286e-05 0.1538861617445946 0.47028091549873358 0.1670140624046326
decision_type=2 2 2 2 2 2 2 2 2 2 2 2 2 2 2 2 2 2 2 2 2 2 2 2 2
left_child=1 5 8 7 12 6 20 -4 23 -6 -8 -5 21 18 -15 16 -7 -10 -14 -17 -1 24 -23 -3 -2
right_child=4 2 3 11 9 15 10 -9 17 -11 -12 -13 13 14 -16 19 -18 -19 -20 -21 -22 22 -24 -25 -26
leaf_value=-0.057703325324952585 0.05572388730057707 -0.059727111166412411 0.0089500834989907924 0.03920988569318988 0.051015381846422271 0.027164201294307473 0.02227596676477521 -0.045154231792224352 -0.0043203540426928833 -0.060373397989646686 -0.037607607100402465 -0.062132280196859339 0.051534042947799799 -0.027606680877140299 0.0414720298350508 -0.053220618316666517 -0.051012451852307544 0.037361329433585298 0.012074620588633619 0.0056367795593831394 0.020146490876978198 0.00021487903275168002 0.046900696773959444 0.01953604209973879 0.035537581806756334
leaf_weight=82.427914140745997 288.45707267709076 22.756904045585546 85.843167094280943 131.21020833589137 15.861511811614035 31.594416450709105 157.58493631985039 225.15490839164704 57.963838203810155 44.463500336743891 51.691024786327034 11.336168294772504 154.2949653128162 76.44712475920096 73.139684049412608 496.62427248782478 32.021105896215886 327.84392849449068 56.370991205796599 13.909511379897593 7.0155595131218424 13.748349038884042 19.354688849300146 1.4615455232560624 17.491212233901024
leaf_count=2158 720 639 1107 546 41 185 999 4622 534 1229 862 127 352 1013 217 14103 480 1290 347 79 48 74 50 9 45
internal_value=0.000334511 -0.0141916 0.00652733 -0.0110377 0.0335149 -0.0346739 -0.0103481 -0.0302393 0.0259362 -0.0307312 0.00737626 0.0307738 0.039093 0.0266638 0.0062201 -0.0472902 -0.0123668 0.0311041 0.0410822 -0.0516092 -0.0514419 0.0521822 0.028086 -0.0543587 0.0546894
internal_weight=2496.07 1736.44 863.571 453.544 759.629 872.869 298.719 310.998 410.026 60.325 209.276 142.546 699.304 360.253 149.587 574.149 63.6155 385.808 210.666 510.534 89.4435 339.051 33.103 24.2184 305.948
internal_count=31876 27788 8874 6402 4088 18914 4067 5729 2472 1270 1861 673 2818 1929 1230 14847 665 1824 699 14182 2206 889 124 648 765
is_linear=0
shrinkage=0.05


Tree=20
num_leaves=28
num_cat=0
split_feature=32 38 24 25 22 1 34 6 9 2 38 1 24 30 35 4 32 31 25 9 31 41 21 34 33 35 16
split_gain=433.707 257.846 227.552 186.102 115.595 109.191 102.436 98.4834 45.1082 51.9431 45.6163 41.2136 27.7883 25.381 46.7344 20.8236 17.5854 23.3871 16.353 10.6239 8.49335 13.5854 6.55461 3.72855 3.48054 1.07676 0.195917
threshold=0.0027532156091183428 1.0000000180025095e-35 0.29168380796909338 -1.0000000180025095e-35 1.0000000180025095e-35 0.33192814886569982 0.30098859965801245 0.49194628000259405 0.048724573105573661 0.11743079870939256 0.0058516415301710376 0.65195709466934215 0.37059721350669866 0.0030757313361391429 0.077722117304801955 -0.003645232529379427 0.017553722485899929 0.0003550195688148961 -2.4315368136740286e-05 0.0054188775829970845 0.028381404466927055 0.0010700775892473759 0.78263211250305187 0.20899332314729693 0.0081639909185469168 0.070589456707239165 0.99544793367385875
decision_type=2 2 2 2 2 2 2 2 2 2 2 2 2 2 2 2 2 2 2 2 2 2 2 2 2 2 2
left_child=1 2 3 11 13 -5 8 15 9 24 -11 -1 18 14 -3 -4 20 -18 -10 -6 21 -8 -19 -15 -2 -22 -14
right_child=6 4 7 5 19 -7 16 -9 12 10 -12 -13 26 23 -16 -17 17 22 -20 -21 25 -23 -24 -25 -26 -27 -28
leaf_value=0.047023785452855675 -0.057548776153838549 -0.046791397782842158 0.048710125637056678 0.015505666786345738 -0.001356742029624792 -0.048431899378316406 -0.0010613630959654334 0.048043895649320656 0.049321960943731674 -0.0099973136996751259 0.026747329454809593 0.0027333515373310483 -0.054635567005731113 -0.057582856986837752 0.011212715028833481 -0.058473989990109748 -0.035106753337304286 0.012995552045095128 0.011585233826058645 0.055160314155096271 0.055779161257831139 0.044210252235726971 0.057252957749907067 0.011380054162460166 0.011791659514874757 0.039360742687933742 -0.016148423248911546
leaf_weight=295.44830904528499 34.256698723882437 164.24276419659145 3.929626775905489 135.08762142062187 11.587059818208216 130.34479472739622 19.167977744713426 25.034825183451176 107.32366279605776 169.11484589288011 166.9580444721505 63.990162319038063 6.8988487927708757 336.50053124828264 43.536528900265694 186.1822915864177 14.676120301708577 15.583571761846541 40.072456181980669 28.027601337060332 211.51106613501906 119.19302472472191 19.140335980802774 1.6670601442456234 1.5818518288433541 22.198676386848092 1.4619352472946046
leaf_count=994 895 4157 13 1017 58 2595 107 75 361 2004 778 574 192 11521 600 4343 79 40 287 75 574 380 44 20 19 69 34
internal_value=0.000159018 -0.0172722 0.000490187 0.0157646 -0.0427105 -0.0159558 0.0263308 -0.0437405 0.011615 0.00212705 0.0082823 0.0391683 0.0341118 -0.0487003 -0.0346422 -0.0560152 0.0446834 0.0162355 0.0392097 0.039003 0.0484068 0.0379759 0.0383107 -0.0572103 -0.0542512 0.054394 -0.0503499
internal_weight=2374.72 1425.58 840.018 624.871 585.562 265.432 949.139 215.147 527.668 371.911 336.073 359.438 155.757 545.947 207.779 190.112 421.471 49.4 147.396 39.6147 372.071 138.361 34.7239 338.168 35.8386 233.71 8.36078
internal_count=31905 26042 9611 5180 16431 3612 5863 4431 4570 3696 2782 1568 874 16298 4757 4356 1293 163 648 133 1130 487 84 11541 914 643 226
is_linear=0
shrinkage=0.05


Tree=21
num_leaves=24
num_cat=0
split_feature=22 16 37 7 36 1 1 21 17 24 31 4 30 38 24 4 24 3 25 34 16 30 31
split_gain=400.403 290.253 130.152 86.3157 74.1166 62.0125 51.5979 47.9969 44.5712 34.1501 30.6877 26.6333 26.2578 26.0103 21.0964 14.431 11.4506 7.25918 3.79248 3.98824 2.99407 4.50243 1.25664
threshold=1.0000000180025095e-35 0.98507279157638561 0.036046793684363372 0.9165293574333192 0.00024522688181605195 0.094678498804569258 0.15506106615066531 0.85310304164886486 0.17500000447034839 0.14227212965488437 0.050190525129437454 -0.0033287173137068744 0.0037261194083839659 0.0034460022579878573 0.32917442917823797 -0.00022849490778753531 0.21869519352912906 -0.0048814199399203053 7.864875806262718e-05 0.30098859965801245 0.49522502720355993 0.0021070953225716953 -0.012596242129802702
decision_type=2 2 2 2 2 2 2 2 2 2 2 2 2 2 2 2 2 2 2 2 2 2 2
left_child=1 4 8 14 10 17 -5 -7 9 -3 13 -10 18 -1 -4 -14 -12 -6 20 -20 21 -2 -22
right_child=12 2 3 6 5 7 -8 -9 11 -11 16 -13 15 -15 -16 -17 -18 -19 19 -21 22 -23 -24
leaf_value=-0.037540398230633695 0.012637623697192797 0.068771330240391823 0.047697801781286631 0.015198314753631781 0.025321004961539353 0.03298925514800663 -0.037670063904195174 0.0071407219070725066 0.0040615855540364005 -0.027767146271304489 0.05116804599198424 -0.049218198795987433 0.029286478427343044 0.0059793824083737195 -0.0064294775822458855 -0.063473043695337752 -0.0085758666822360555 -0.062254359845634002 0.0010312981867833357 0.047593313207608567 0.042042310405761001 0.051752630196837783 0.055168906027437542
leaf_weight=124.64000181946903 14.127269557677211 13.911878759041427 74.679874048568308 65.92391885118559 2.0624856762588051 344.28700416628271 149.40357558522373 375.72041141940281 24.355337822809815 22.8181825671345 18.78911949321628 544.88954683719203 7.7919099126011133 46.900650373892859 23.333117771660909 7.1214055605232698 13.061983627732841 25.907908686436713 8.7462001442909258 8.8057968504726869 39.330484796315432 16.527989238500595 254.02233212115243
leaf_count=2171 43 25 399 860 6 1506 3386 2983 491 299 50 17102 34 410 310 72 174 569 59 21 143 43 703
internal_value=-0.000704113 -0.00996471 -0.0299852 -0.00380246 0.00939241 0.016667 -0.0214886 0.0195294 -0.0434953 0.00965137 -0.0173108 -0.0469355 0.0477851 -0.025676 0.0348774 -0.0162132 0.0271521 -0.0551456 0.0506186 0.0256976 0.0518854 0.0346954 0.0535578
internal_weight=2227.16 1870.68 919.315 313.34 951.37 747.978 215.327 720.007 605.975 36.7301 203.392 569.245 356.473 171.541 98.013 14.9133 31.8511 27.9704 341.56 17.552 324.008 30.6553 293.353
internal_count=31859 30741 22872 4955 7869 5064 4246 4489 17917 324 2805 17593 1118 2581 709 106 224 575 1012 80 932 86 846
is_linear=0
shrinkage=0.05


Tree=22
num_leaves=29
num_cat=0
split_feature=34 0 37 26 17 22 0 2 29 32 40 2 29 3 17 35 32 20 30 0 19 6 22 2 39 6 31 32
split_gain=378.296 205.026 196.326 87.2783 86.0409 86.3029 53.6616 50.9031 38.9232 38.2849 36.6631 20.329 25.2346 20.6214 11.8825 11.5807 11.0835 10.8446 10.2307 25.804 8.31554 7.47756 13.5008 4.66644 4.2769 3.81689 3.42072 0.0630423
threshold=0.25069467723369604 0.71085646748542797 0.029798674397170547 -0.039413256570696824 0.20833333581686023 1.0000000180025095e-35 0.082508694380521788 0.13086953014135363 -0.44662088155746454 0.0027239220216870312 0.17162900418043139 0.16069215536117556 0.75231909751892101 0.0017017101054079833 0.7749999761581422 0.03044548258185387 0.017553722485899929 0.65665337443351757 0.0038093678886070852 0.37992922961711889 0.070490717887878432 -0.46536426246166224 1.0000000180025095e-35 0.11217000335454942 0.0026653243694454436 0.16342544555664065 0.01391002628952265 0.0076061883009970197
decision_type=2 2 2 2 2 2 2 2 2 2 2 2 2 2 2 2 2 2 2 2 2 2 2 2 2 2 2 2
left_child=1 2 4 9 7 -6 -5 -1 16 -4 21 12 13 -10 20 -14 18 -18 23 -20 -12 22 -3 -2 -16 -19 -13 -23
right_child=8 10 3 6 5 -7 -8 -9 11 -11 14 26 15 -15 24 -17 17 25 19 -21 -22 27 -24 -25 -26 -27 -28 -29
leaf_value=-0.027519256206543968 0.021542378694527183 -0.047723093372379344 -0.048151076097309141 -0.057128389379282267 -0.038000796235635077 0.045446407997520095 0.027660841607649263 0.034933790889342092 0.024678619245449351 0.0016161577599313221 0.028837968982944408 0.022413345433601663 0.022904547997209097 -0.050204916402944361 -0.05560012668217762 -0.06229016367124799 -0.02525176193368818 0.01027770772853843 0.072946182473702062 -0.038293990237484851 -0.042588720978894774 -0.059908440308084614 0.054441318765958813 0.053249281677909981 0.022823572216595478 0.049873274900213448 0.0522199071766178 -0.023771287053401681
leaf_weight=51.168545435648412 14.022701040841637 10.767915018368511 60.988959610462189 18.459095578640699 486.79701944207773 32.261086478829384 509.36851007211953 86.348803582601249 79.17032231669873 102.44717407692224 20.723124464973811 16.738638557493687 4.5972954798489836 9.4437314001843315 9.6825582818128151 16.453496783971786 9.2522951494902355 10.379476146772506 8.6322441920638102 10.42725272849202 4.0879168622195712 230.03547989763319 3.5317241549491873 282.72060234285891 1.5061166174709786 16.250098578631878 32.934811174869537 1.8753783907741297
leaf_count=879 109 345 1784 581 13116 110 2990 294 411 1099 184 79 35 133 265 189 35 54 17 119 64 7917 5 823 12 50 85 42
internal_value=-0.000230047 -0.012 -0.00387102 0.0147168 -0.0234335 -0.0327369 0.0245932 0.0116649 0.0372636 -0.0171352 -0.0506733 0.0166201 0.00447467 0.016227 -0.00343219 -0.0434895 0.0465429 0.019478 0.0495469 0.0132127 0.0158755 -0.0575389 -0.0205814 0.0518283 -0.044037 0.0353706 0.0428164 -0.0597195
internal_weight=2141.07 1630.05 1347.84 691.264 656.575 519.058 527.828 137.517 511.023 163.436 282.21 159.338 109.665 88.6141 35.9997 21.0508 351.685 35.8819 315.803 19.0595 24.811 246.21 14.2996 296.743 11.1887 26.6296 49.6734 231.911
internal_count=31826 29687 20853 6454 14399 13226 3571 1173 2139 2883 8834 932 768 544 525 224 1207 139 1068 136 248 8309 350 932 277 104 164 7959
is_linear=0
shrinkage=0.05


Tree=23
num_leaves=29
num_cat=0
split_feature=34 0 25 0 36 42 6 31 29 40 17 41 31 0 35 5 24 36 39 24 35 6 6 0 1 36 4 38
split_gain=337.857 193.593 179.408 128.063 91.3911 73.7002 59.5905 59.4516 34.7642 33.6513 31.5818 17.9071 14.4971 13.2004 12.7525 12.6727 12.4277 11.3093 10.6797 9.10003 11.1786 8.01931 7.42988 11.6226 7.22436 4.38378 4.12059 0.266406
threshold=0.25069467723369604 0.71085646748542797 -0.00057133525842800726 0.1606002822518349 0.00058818332036025833 0.96875000000000011 0.49194628000259405 0.052358649671077735 -0.32648728787899012 0.17569567263126376 0.72500002384185802 0.0015381111879833045 0.034772275015711791 0.3578293919563294 0.018064271658658985 0.0040360100101679572 0.24504946917295459 0.00059533005696721386 0.0004080776270711795 0.37553149461746221 0.06041656248271466 0.086922191083431258 -0.46536426246166224 0.75481557846069347 0.88581135869026195 7.3462542786728604e-05 0.0009129710088018329 0.0066596576943993577
decision_type=2 2 2 2 2 2 2 2 2 2 2 2 2 2 2 2 2 2 2 2 2 2 2 2 2 2 2 2
left_child=1 2 3 6 7 -5 -1 -4 15 22 -6 17 13 -13 -11 19 -16 25 -17 24 -21 -20 23 -3 -2 -10 -14 -24
right_child=8 9 4 5 10 -7 -8 -9 11 14 -12 12 26 -15 16 18 -18 -19 21 20 -22 -23 27 -25 -26 -27 -28 -29
leaf_value=-0.034510875597710093 0.051190146431332767 0.034809365390110418 -0.034696848701637854 -0.014783344363144532 -0.0055090036032174709 0.041325494226958359 0.046422233676596009 0.030219429524467652 0.013367848513640463 0.038755196725294754 0.036909409960049537 0.02552718730416972 0.050838689884460844 -0.023091824539291456 0.027672163570384142 0.042964398330910536 -0.050047569524654549 0.019903611422644837 -0.056360504041452077 -0.040306964462747022 0.04858630234995473 0.023109668167680564 -0.059406401480470356 -0.05352781438531104 0.013673107131807943 -0.054554625619954202 0.015769193519263074 -0.027172865431747496
leaf_weight=131.75004215445369 292.36903396807611 5.2965519055724135 504.62327241105959 69.763594429008663 116.67460607504472 348.52431179862469 26.541216867044568 37.163581233471632 2.396299507468945 11.178750883787869 69.12408896535635 34.662180176004767 39.719052325934172 21.990957914851606 6.920990250073376 10.150421630591156 14.49196285009384 10.147531485185025 6.7141521517187339 6.005864932201801 6.1537208184599876 4.6549817379564047 215.28911993000656 8.3839389970526081 14.326960295438765 14.503868154250084 12.013390755280851 3.060071511194109
leaf_count=2744 912 52 14111 734 1026 1772 77 199 26 58 254 206 126 210 74 41 367 48 95 102 18 27 7919 300 73 179 50 69
internal_value=-6.74225e-05 -0.0112636 -0.0033367 0.0174787 -0.0198333 0.0319545 -0.0207343 -0.0301965 0.0367938 -0.0501713 0.0103853 0.015218 0.0242698 0.00658164 -0.00250521 0.0453089 -0.0248135 -0.0206267 0.00777024 0.0478102 0.00495363 -0.0245845 -0.0568271 -0.0192856 0.0494877 -0.044715 0.0431483 -0.0590806
internal_weight=2044.59 1568.79 1304.16 576.579 727.586 418.288 158.291 541.787 475.808 264.621 185.799 135.433 108.386 56.6531 32.5917 340.375 21.413 27.0477 21.5196 318.856 12.1596 11.3691 232.03 13.6805 306.696 16.9002 51.7324 218.349
internal_count=31869 29756 20917 5327 15590 2506 2821 14310 2113 8839 1280 845 592 416 499 1268 441 253 163 1105 120 122 8340 352 985 205 176 7988
is_linear=0
shrinkage=0.05


Tree=24
num_leaves=24
num_cat=0
split_feature=9 16 24 32 30 2 7 25 1 30 1 38 29 6 36 30 24 3 3 6 2 22 3
split_gain=286.515 191.666 85.9357 83.5784 59.3754 58.9466 57.3153 56.6133 42.439 41.7927 41.1005 34.6128 29.863 28.3949 20.5261 20.4382 13.9005 13.5445 15.8967 7.41868 5.53547 3.53421 2.73632
threshold=0.029286806471645836 0.97945997118949901 0.37059721350669866 0.003377606277354062 0.0043938604649156341 0.11722170934081079 0.89787140488624584 -0.0012075340491719542 0.094678498804569258 0.0032492743339389567 0.25467909872531896 0.0056284519378095874 0.36551335453987127 0.58033692836761486 0.0010203495039604606 0.001432391698472202 0.21348178386688235 -0.0038472583983093496 0.00067183957435190688 0.0033492343500256543 0.17380877584218982 1.0000000180025095e-35 -0.0026181454304605718
decision_type=2 2 2 2 2 2 2 2 2 2 2 2 2 2 2 2 2 2 2 2 2 2 2
left_child=1 5 4 6 8 16 9 15 22 -3 -8 -9 -10 -4 20 -7 19 -5 -19 -1 -6 -18 -2
right_child=2 3 13 17 14 7 10 11 12 -11 -12 -13 -14 -15 -16 -17 21 18 -20 -21 -22 -23 -24
leaf_value=-0.035551538548844096 -0.0094276122506176951 0.032988150470144376 -0.058383286960894815 -0.053907564958089293 -0.060002426372742779 0.014297021037937349 -0.023517053752478291 -0.011634661657463111 0.041630955807444109 -0.03824224792951908 -0.052558721239099417 0.024738367379267923 0.0028414735666796951 0.042740432136755241 0.03120654520961353 0.047154234998462774 -0.058282487750557256 0.027893007401872894 -0.013711985977962136 0.033971903192930954 0.026896689908994631 0.0079387914229453495 -0.061847476602680966
leaf_weight=5.9427103195339424 3.756620221771299 46.096908851992339 36.202672734390944 6.7907942840829483 23.7021310441196 78.950521786697209 184.97701714513823 202.4535990357399 500.84484732151031 35.593941640108824 371.19464103132486 95.394904721528292 55.232164218090475 7.7664205227047196 8.868538133800028 121.75557763129473 38.489816842135042 70.14466429874301 33.162709265016019 7.5872656470164657 1.4244278157129873 1.8867471497505892 9.8632355220615846
leaf_count=74 65 389 1333 181 700 420 5359 1775 2601 1240 13463 472 714 35 34 391 1370 520 499 51 10 16 238
internal_value=-0.000277661 -0.0138081 0.0268692 -0.0302893 0.0317953 0.00851965 -0.0372248 0.0139105 0.0356325 0.00186484 -0.0429593 5.86879e-05 0.0377902 -0.0399682 -0.0316906 0.0343644 -0.0406827 0.0098653 0.014534 0.00309028 -0.0542352 -0.055071 -0.0490229
internal_weight=1948.08 1300.42 647.661 747.961 603.692 552.461 637.863 498.555 569.697 81.6909 556.172 297.849 556.077 43.9691 33.9951 200.706 53.9065 110.098 103.307 13.53 25.1266 40.3766 13.6199
internal_count=31950 26220 5730 21651 4362 4569 20451 3058 3618 1629 18822 2247 3315 1368 744 811 1511 1200 1019 125 710 1386 303
is_linear=0
shrinkage=0.05


Tree=25
num_leaves=30
num_cat=0
split_feature=32 39 24 5 1 34 6 37 7 33 0 2 34 36 0 20 6 25 2 31 29 32 9 7 27 29 2 17 25
split_gain=266.297 162.928 137.763 125.352 74.8616 70.3359 63.2545 57.3848 54.9646 43.6752 49.6369 56.3201 38.9204 32.2875 31.6027 20.246 18.0646 14.6105 12.6354 10.9196 9.03452 7.82946 7.68939 6.91146 4.04761 3.88318 2.87205 2.06431 0.159115
threshold=0.0028798455605283384 9.3813043349655359e-05 0.28098160028457647 0.0035201334394514565 0.28040979802608496 0.35556218028068548 0.49194628000259405 0.03418752737343312 0.89787140488624584 0.0030386134749278431 0.42842167615890508 0.12199999764561655 0.10513119027018548 3.8753289118176333e-05 0.65826034545898449 0.95894974470138561 0.10192713513970376 -0.00047817530867177988 0.10669768974184991 -0.014659733045846222 1.0000000180025095e-35 0.02007418125867844 0.15381299704313281 0.84901127219200145 1.8422023653984072 0.33356796205043798 0.16174234449863437 0.10833333432674409 -0.0020359650952741499
decision_type=2 2 2 2 2 2 2 2 2 2 2 2 2 2 2 2 2 2 2 2 2 2 2 2 2 2 2 2 2
left_child=1 2 3 7 -5 9 15 -1 12 10 11 -2 22 16 -12 -4 -10 -15 23 -14 -20 25 -3 -11 -23 27 -27 -7 -8
right_child=5 8 6 4 -6 21 28 -9 13 18 14 -13 19 17 -16 -17 -18 -19 20 -21 -22 24 -24 -25 -26 26 -28 -29 -30
leaf_value=0.0073438039484123507 -0.051447734488911039 -0.054914493172834325 -0.0094059508593310696 0.011381367392525994 -0.052545575830424823 0.035292074041924248 0.051138287493037428 0.049256610118383844 -0.046909193099441471 0.036560039681138738 -0.046850949019045553 0.026565744167602313 -0.035368946055766633 -0.034936635681623161 0.0020843054522628707 -0.055329871473434371 0.070070269372712712 -0.056289850076480699 0.052871541468849405 0.038962593244328547 0.01576651086462949 -0.0090983869564072277 0.035792610739699277 -0.046399638440353802 0.037244719631619065 0.0037078101640713556 0.042922917920377716 0.0544821251687099 0.031965530436489607
leaf_weight=140.98741356329992 24.854167609475553 22.668918141163889 29.748713084030896 93.571582549251616 88.153321787016466 23.574794095009565 9.9428301081061381 194.42461395822465 4.2128450023010364 3.1540676634758693 57.133185604587197 224.17316011525691 4.8334555039182296 134.38763969996944 76.104056110139936 134.0108484053053 8.4876046702265722 229.24935959326103 83.307191267609596 39.788885526359081 21.708294640295208 8.9508497286587971 1.9106800854206074 5.5571551211178303 8.2647513523697835 8.5023370757699031 9.9434266947209817 164.37037799134851 11.513518912717698
leaf_count=1257 649 976 485 773 2455 95 24 629 186 15 993 1327 144 3988 1021 4199 45 10726 316 354 183 52 7 177 32 52 32 584 64
internal_value=0.00030295 -0.0146423 0.000370608 0.0136266 -0.0197469 0.0241306 -0.0365154 0.0317131 -0.0382566 0.0135857 0.0054502 0.018605 0.00266847 -0.0457692 -0.0190922 -0.047095 0.0306755 -0.0485159 0.0406453 0.0303123 0.0454224 0.0473562 -0.0467398 -0.0156908 0.013973 0.05006 0.0259674 0.0522746 0.0427317
internal_weight=1867.49 1147.89 702.353 517.137 181.725 719.598 185.216 335.412 445.539 495.991 382.265 249.027 69.2019 376.337 133.237 163.76 12.7004 363.637 113.727 44.6223 105.015 223.607 24.5796 8.71122 17.2156 206.391 18.4458 187.945 21.4563
internal_count=31840 26312 9886 5114 3228 5528 4772 1886 16426 4681 3990 1976 1481 14945 2014 4684 231 14714 691 498 499 847 983 192 84 763 84 679 88
is_linear=0
shrinkage=0.05


Tree=26
num_leaves=29
num_cat=0
split_feature=34 0 7 1 1 32 30 34 40 29 0 2 22 36 5 17 7 39 2 30 9 34 7 22 39 2 36 32
split_gain=250.687 149.659 126.143 135.436 91.1445 75.7056 51.4735 38.9138 33.8525 30.1919 27.5363 20.0181 19.8142 16.3293 9.60188 9.4841 9.44034 8.65439 6.40098 6.11739 6.01132 4.91789 4.60259 10.6656 4.38598 3.91155 2.75946 2.66796
threshold=0.25441154837608343 0.71085646748542797 0.9165293574333192 0.34446594119071966 0.10890023410320283 0.0027532156091183428 0.0033951296936720614 0.14868861436843875 0.17162900418043139 -0.33873300254344935 0.12076077982783319 0.16069215536117556 1.0000000180025095e-35 0.00061566833755932759 0.0040494154673069724 0.29166667163372045 0.87377294898033153 0.0004080776270711795 0.11095909401774408 0.0028784382157027726 0.13467903435230258 0.37249372899532324 0.8819531798362733 1.0000000180025095e-35 0.00045680816401727503 0.13674368709325793 0.00046919673332013195 0.0073268082924187192
decision_type=2 2 2 2 2 2 2 2 2 2 2 2 2 2 2 2 2 2 2 2 2 2 2 2 2 2 2 2
left_child=1 2 6 4 -4 -5 10 -8 22 14 -1 12 13 -11 18 25 -17 -16 20 -19 -2 -14 23 -3 -20 -10 -13 -24
right_child=9 8 3 5 -6 -7 7 -9 15 11 -12 26 21 -15 17 16 -18 19 24 -21 -22 -23 27 -25 -26 -27 -28 -29
leaf_value=-0.0071744638225331812 -0.033327765281337296 -0.046780490182647301 -0.039938956561358249 -0.042587033512072124 0.018758240227995205 0.0017496298224119579 -0.052892402765456016 0.027752054716196822 -0.0053227130466023051 -0.039370089102419938 0.050038438385001688 0.017500809835305237 0.0066706541788060601 0.019029210892109273 0.041250157918422389 0.034939507272016272 -0.044874311771476993 0.023561067721111467 0.032952262232872197 -0.056881060434080033 0.038677908778457323 0.050714468563662379 -0.058349119273993777 0.047788847424767356 0.051515015105106046 0.043747722879168068 0.050038358477819123 -0.0062997372743145326
leaf_weight=23.968439256772399 4.3763709231279773 11.978774959221481 79.376810713671148 335.3435794163961 372.91922753816471 134.78909419570118 27.970829219557345 30.012007232755423 6.126827364787462 33.349370093084872 158.00667064543813 10.17580343224108 10.879561919718983 17.623330838046968 8.01253196783364 4.1268279682844904 13.714124278165398 3.1004904359579069 46.544689331203699 5.2077424945309758 5.3201185818761587 15.420874834060667 173.93090861383826 2.9919519666582337 202.32413961552083 9.9940282646566612 29.306779094040394 2.7578490455634883
leaf_count=271 92 459 2291 9968 4875 1571 1018 262 108 442 678 67 53 119 35 24 384 13 170 90 28 55 7829 6 795 36 90 51
internal_value=-8.06989e-06 -0.0099798 -0.00273063 -0.011135 0.00839165 -0.0298988 0.029489 -0.0113879 -0.0471502 0.0352679 0.0425047 0.0138096 -0.00109782 -0.0192014 0.0442991 -0.00109055 -0.0255378 0.00665544 0.0466404 -0.0275553 0.00610168 0.0334068 -0.0552639 -0.0260716 0.0481891 0.0258766 0.0422919 -0.0575767
internal_weight=1779.65 1388.01 1162.39 922.429 452.296 470.133 239.958 57.9828 225.621 391.642 181.975 116.756 77.2731 50.9727 274.886 33.9618 17.841 16.3208 258.565 8.30823 9.69649 26.3004 191.659 14.9707 248.869 16.1209 39.4826 176.689
internal_count=31880 29831 20934 18705 7166 11539 2229 1280 8897 2049 949 826 669 561 1223 552 408 138 1085 103 120 108 8345 465 965 144 157 7880
is_linear=0
shrinkage=0.05


Tree=27
num_leaves=29
num_cat=0
split_feature=34 0 37 30 2 0 5 38 40 2 34 35 6 2 17 39 17 2 6 4 35 31 2 22 25 32 39 25
split_gain=214.905 142.585 102.947 76.3068 64.629 58.8429 59.065 50.6245 33.503 29.0287 25.5769 20.9661 17.945 12.877 10.9243 7.61122 6.92069 10.835 9.20541 6.70978 6.14565 5.70576 4.78087 8.35818 4.14295 1.79224 1.66151 0.479378
threshold=0.25069467723369604 0.71085646748542797 0.028857713565230373 0.0036659907782450323 0.13284512609243396 0.12853965163230899 0.0034306545276194815 0.0039043368306010966 0.17569567263126376 0.13010288774967196 0.35556218028068548 0.034981053322553642 0.41632828116416937 0.17380877584218982 0.7749999761581422 0.00019518782937666404 0.20833333581686023 0.12488645315170289 0.16342544555664065 0.0010433344286866488 0.066074717789888396 -0.031947983428835862 0.16486076265573504 1.0000000180025095e-35 -0.0010887613170780239 0.0073268082924187192 0.00035911232407670474 -0.0015631042188033459
decision_type=2 2 2 2 2 2 2 2 2 2 2 2 2 2 2 2 2 2 2 2 2 2 2 2 2 2 2 2
left_child=1 2 3 4 -1 9 -7 -5 22 -4 11 15 13 -13 20 -2 17 18 -12 -19 -10 -17 25 -24 -14 -3 -18 -16
right_child=10 8 5 7 -6 6 -8 -9 14 -11 16 12 24 -15 27 21 26 19 -20 -21 -22 -23 23 -25 -26 -27 -28 -29
leaf_value=-0.036019077752645075 -0.017239172503992619 -0.057852428051230712 -0.052390401771742603 -0.05472549178780043 0.010961029397285167 0.032107688738716542 -0.0033871425353460545 0.013100944700188622 0.032900723290815219 0.005457817440261227 -0.061584684776609111 -0.024825519807220107 0.05063527008587048 0.039050820995527424 -0.0078596865617663759 0.0012583971894767467 0.028865662245191701 0.048609064842932814 0.026449065216705505 0.0064969997515506393 -0.029765153387703983 0.044142133908774223 -0.047964406879277111 0.046989933670671086 0.01225592008844361 -0.0094919282364088007 0.054753124647823039 -0.051312087779725069
leaf_weight=106.21000279486179 5.7355230264365664 169.01846084999852 46.334866906050593 161.29606599500403 229.86629165778868 307.8874724926427 188.58233005180955 32.715011381544173 17.592838078737266 39.705099019687623 4.4591696234419924 48.208957575261593 14.825379904359581 8.4711797386407834 1.1376264421269322 8.6940426547080261 10.338247310370205 47.455477122217417 5.6321576349437237 12.17406680062413 4.1163281733170143 75.820474557578564 5.612547977594657 2.6281201243400574 14.162864496931432 2.3744160262867799 116.26553250104189 6.3054225761443341
leaf_count=3309 46 8070 1526 7121 3374 1859 2935 324 161 492 65 574 60 27 30 89 63 159 32 53 75 377 265 4 75 51 482 224
internal_value=-0.000147311 -0.00960406 -0.00247245 -0.0183983 -0.00394888 0.0120269 0.0186454 -0.0432798 -0.0474147 -0.025939 0.0333579 0.019345 0.00156201 -0.0147673 0.00224766 0.036023 0.0457526 0.032242 -0.0144966 0.0402604 0.020231 0.039797 -0.055442 -0.0158735 0.0329181 -0.0572414 0.052882 -0.0463882
internal_weight=1693.63 1321.38 1112.6 530.087 336.076 582.51 496.47 194.011 208.786 86.04 372.243 175.918 85.6684 56.6801 29.1522 90.25 196.325 69.7209 10.0913 59.6295 21.7092 84.5145 179.634 8.24067 28.9882 171.393 126.604 7.44305
internal_count=31922 29820 20940 14128 6683 6812 4794 7445 8880 2018 2102 1248 736 601 490 512 854 309 97 212 236 466 8390 269 135 8121 545 254
is_linear=0
shrinkage=0.05


Tree=28
num_leaves=27
num_cat=0
split_feature=32 26 24 5 34 36 6 7 2 19 0 22 25 20 36 6 31 29 31 6 31 32 29 25 26 2
split_gain=200.758 138.778 117.034 113.208 56.8685 53.5342 51.8207 47.9745 32.2807 40.5925 39.9642 15.89 14.8778 12.1634 7.4439 8.87718 6.74285 6.25716 12.456 8.62452 6.18988 4.2351 1.93047 1.56484 0.828289 0.432619
threshold=0.0027532156091183428 -1.0000000180025095e-35 0.30379328131675726 0.0034400904551148419 0.35556218028068548 0.00071191895403899263 0.49194628000259405 0.96901842951774608 0.10969382524490358 0.02985864877700806 0.454249918460846 1.0000000180025095e-35 -8.8721630163490759e-05 0.95894974470138561 3.3733102100086405e-05 0.055965678766369827 0.11077342182397844 -0.69761627912521351 0.0089270719327032583 0.012002235744148495 0.045672580599784858 0.023359116166830066 0.29769212007522589 -0.0018503337050788102 3.5588951110839848 0.12224537134170534
decision_type=2 2 2 2 2 2 2 2 2 2 2 2 2 2 2 2 2 2 2 2 2 2 2 2 2 2
left_child=1 11 3 7 8 -5 13 -3 16 12 -11 14 -10 -4 15 -1 24 21 19 -19 -16 25 -20 -8 -2 -6
right_child=4 2 6 5 17 -7 23 -9 9 10 -12 -13 -14 -15 20 -17 -18 18 22 -21 -22 -23 -24 -25 -26 -27
leaf_value=-0.047596949589940811 -0.055013182448951981 0.049443961253412494 -0.011470516154168664 -0.039381802063732464 0.03949850396344582 0.014775814214743631 0.050283230864202902 0.011142504121719479 0.048147914582077483 0.015633317184955167 -0.027204257367254514 0.0089798552587899826 0.014823198856670992 -0.052798446067134991 -0.053072907305147292 0.049838321953316354 0.0097271214500634379 0.025931097637877751 0.052874251123251614 -0.035881231009356154 -0.016281905419961343 0.017588256185044875 0.023685015623108444 0.01803562654259221 -0.006263937195884816 0.05658358673889468
leaf_weight=3.7787792230956248 19.953177417628474 127.24547195155174 21.109988871496171 137.66795782535337 15.129907425493 67.36184240411967 11.038977136835458 227.7872418621555 95.687067514285445 199.94007917167619 73.696940241847187 11.950857148505746 53.076262869872153 140.17042737826705 214.7265242068097 3.5762786576524377 5.0339917084202161 12.458607526496055 32.500287808477879 8.7179069463163597 13.227288087364284 9.5603825692087394 9.8185424190014583 7.8896874692291012 1.1963128652423609 96.697575502097607
leaf_count=181 857 671 383 4422 108 328 33 2079 472 1630 1401 64 554 5586 11790 35 68 72 140 50 341 45 46 79 28 386
internal_value=-0.00014117 -0.0142293 -0.00337551 0.00791237 0.0218091 -0.0216031 -0.0383066 0.0249703 0.012141 0.0155081 0.0040391 -0.0465801 0.0364366 -0.0474931 -0.0494279 7.40552e-05 -0.0407514 0.0450755 0.0314417 1.37985e-05 -0.0510185 0.0518918 0.046805 0.0384215 -0.052663 0.0546426
internal_weight=1621 987.531 740.272 560.063 633.467 205.03 180.209 355.033 448.584 422.4 273.637 247.26 148.763 161.28 235.309 7.35506 26.1835 184.883 63.4953 21.1765 227.954 121.388 42.3188 18.9287 21.1495 111.827
internal_count=31849 25992 13581 7500 5857 4750 6081 2750 5010 4057 3031 12411 1026 5969 12347 216 953 847 308 122 12131 539 186 112 885 494
is_linear=0
shrinkage=0.05


Tree=29
num_leaves=24
num_cat=0
split_feature=31 16 7 2 3 30 2 1 43 0 41 0 29 0 38 2 3 1 15 31 31 31 29
split_gain=181.637 121.258 66.9411 58.5047 49.2691 46.3172 37.524 36.9145 35.1852 35.7809 23.5992 20.5924 18.2101 19.9065 17.3244 17.1652 12.8519 14.4219 8.61668 7.56707 6.54221 1.07222 0.614439
threshold=0.048042146489024169 0.9852886199951173 0.91380706429481517 0.11981283873319627 0.0014946788433007898 0.0030411391053348784 0.10114151239395143 0.80577921867370617 0.076673857867717757 0.41458590328693395 0.0019088491098955276 0.90531975030899059 -0.034656602889299386 0.13552708178758624 0.0066596576943993577 0.11673445627093317 -0.0011940145632252095 0.25467909872531896 0.00024877827672753488 -0.053452413529157632 0.064631838351488127 0.052358649671077735 -1.8861284255981443
decision_type=2 2 2 2 2 2 2 2 2 2 2 2 2 2 2 2 2 2 2 2 2 2 2
left_child=1 3 5 16 7 19 22 -5 9 -4 -7 12 20 -14 -6 -10 17 -1 -18 -3 -8 -13 -2
right_child=6 2 8 4 14 10 11 -9 15 -11 -12 21 13 -15 -16 -17 18 -19 -20 -21 -22 -23 -24
leaf_value=0.020045364192477932 -0.0061786696577064235 -0.011440043226372791 -0.023739250546692389 0.02283703468487935 -0.028680694153091491 -0.054650524933309755 0.025364069898110575 -0.028319266926615634 -0.049328357947655915 -0.052242961253141498 0.01567190174841927 0.0045869689748485347 -0.030924968615153842 0.029286270320330755 0.015619983654059208 0.034936728868447953 -0.057465943386726261 -0.054310478308155587 0.0040724345642793184 0.050749984163587163 0.050742961508414522 -0.050256731935713131 -0.054050665255027254
leaf_weight=17.321667299140248 1.0025155749171961 5.1025737379677585 229.15542271826416 408.03863332956098 88.7368017740082 26.292110944050364 33.838403065688908 37.747212113928981 6.8996201553381971 216.57155234948732 20.56152065936476 0.83400837518274684 15.050639480818061 100.02780282590538 28.549977533519268 25.366287016309798 44.324056565295905 9.1439407044090313 6.3592150947079054 45.147077307105064 163.12606553640217 6.3334892932325602 11.278290722519158
leaf_count=316 30 146 8329 2847 1382 1340 218 431 372 10552 417 25 222 517 218 359 1703 308 110 247 864 330 508
internal_value=-0.000755064 -0.00970698 -0.0263503 0.00526108 0.0108706 0.0114016 0.0319951 0.0184517 -0.0340273 -0.0376747 -0.0241072 0.0353333 0.0372928 0.0212129 -0.0178561 0.0159766 -0.0352952 -0.00668683 -0.0498153 0.0443349 0.046533 -0.0440949 -0.0509022
internal_weight=1546.81 1215.32 575.096 640.222 563.073 97.1033 331.491 445.786 477.993 445.727 46.8536 319.21 312.043 115.078 117.287 32.2659 77.1489 26.4656 50.6833 50.2497 196.964 7.1675 12.2808
internal_count=31791 29077 21762 7315 4878 2150 2714 3278 19612 18881 1757 2176 1821 739 1600 731 2437 624 1813 393 1082 355 538
is_linear=0
shrinkage=0.05


Tree=30
num_leaves=26
num_cat=0
split_feature=31 21 38 2 3 24 24 5 6 7 37 29 0 0 17 24 3 31 40 2 36 2 28 2 15
split_gain=157.364 125.159 83.8581 76.1326 55.6446 41.8715 36.8654 36.7537 42.9108 23.874 23.2542 22.2888 39.154 16.3038 15.9078 14.6751 17.1942 14.1009 19.1551 13.3521 13.2838 7.43748 2.70577 2.01661 0.0177776
threshold=0.032394660636782653 0.89270344376564037 0.0026428065029904251 0.12199999764561655 0.0017452143365517261 0.36721420288085943 0.070523668080568327 0.0034515790175646548 0.11719202250242235 0.76798865199089061 0.067676059901714339 -0.046349966898560517 0.12076077982783319 0.74029171466827404 0.15833333879709247 0.22651118785142901 -0.00019862912449752909 0.064631838351488127 0.11191185191273691 0.11605701968073846 0.00044691609218716627 0.11764355376362802 0.53886240720748912 0.1087399832904339 0.00013058354670647534
decision_type=2 2 2 2 2 2 2 2 2 2 2 2 2 2 2 2 2 2 2 2 2 2 2 2 2
left_child=1 3 7 15 6 11 -5 8 -3 -7 -9 17 22 -14 -6 16 -1 18 -2 24 -21 -17 -13 -19 -4
right_child=5 2 19 4 14 9 -8 10 -10 -11 -12 12 13 -15 -16 21 -18 23 -20 20 -22 -23 -24 -25 -26
leaf_value=0.031846301786133145 -0.041714734232162071 -0.031753620042614013 -0.051297233100227907 -0.039862286694106949 0.02132000959148421 0.044416138395250014 0.031267252218935365 -0.050877011372793025 0.015593561065823047 -0.055374185679380898 0.034899854616357383 -0.074097165435019582 0.029006529939233385 -0.030153726861407389 -0.04175321890160328 -0.054799900402602734 -0.050078611711355497 0.020976345182807814 0.03293201351445281 -0.0032754034477131774 0.031617481429301104 -0.0076087759373459256 -0.0068678357325895603 0.051630268219186717 -0.014794855215707843
leaf_weight=15.093578561674805 9.2614231482148153 202.52798755769618 6.2377971424721173 18.524214670993388 12.354664346203206 7.2496917266398695 307.21352472039871 226.19953715382144 61.888821489876136 22.142958889249712 7.5209011938422909 10.514325731899588 140.3233884871006 11.889668631367384 41.824589209863916 48.144966024439782 9.6382770719937962 7.5136734507977954 55.223722480237484 45.649516948498785 66.139230913482606 10.485037182457743 1.9701392948627461 141.18476449511945 1.0598963927477596
leaf_count=154 201 6420 233 333 77 38 2211 12081 1198 1155 71 226 841 262 1127 2509 193 94 341 711 402 234 42 773 28
internal_value=0.000163873 -0.0098207 -0.0245473 0.00981008 0.0193096 0.0266122 0.0271126 -0.0335458 -0.0206546 -0.0301094 -0.0479799 0.031092 0.0171219 0.0242188 -0.0272447 -0.0331993 -0.000786153 0.0417545 0.0217379 0.0130591 0.0174661 -0.0466297 -0.064784 0.0502318 -0.0484177
internal_weight=1487.78 1080.5 617.224 463.279 379.917 407.274 325.738 498.137 264.417 29.3927 233.72 377.881 164.698 152.213 54.1793 83.3619 24.7319 213.184 64.4851 119.086 111.789 58.63 12.4845 148.698 7.29769
internal_count=31955 27982 21144 6838 3748 3973 2544 19770 7618 1193 12152 2780 1371 1103 1204 3090 347 1409 542 1374 1113 2743 268 867 261
is_linear=0
shrinkage=0.05


Tree=31
num_leaves=26
num_cat=0
split_feature=38 37 0 30 1 1 43 24 27 21 19 6 2 1 2 39 5 2 1 24 31 22 25 19 6
split_gain=151.431 115.126 84.8366 56.7955 50.5176 54.3085 49.8216 38.4507 34.2408 34.0245 19.4259 23.788 18.8323 17.7845 16.8842 12.0627 10.7415 10.3586 9.4707 9.63522 8.00785 6.45513 4.25078 3.05974 1.3176
threshold=0.0023332625860348348 0.028857713565230373 0.73028257489204418 0.0036542015150189404 0.3483570665121079 0.1188427396118641 0.043136179447174079 0.14227212965488437 1.0377998352050783 0.92987188696861278 0.034094959497451789 -0.078315988183021532 0.10725653171539308 0.87684962153434765 0.10725653171539308 0.0048411139287054547 0.0038731930544599895 0.10969382524490358 0.88581135869026195 0.074961412698030486 -0.041175095364451401 1.0000000180025095e-35 -0.0010316193220205603 0.016778111457824711 -0.51250299811363209
decision_type=2 2 2 2 2 2 2 2 2 2 2 2 2 2 2 2 2 2 2 2 2 2 2 2 2
left_child=1 3 6 4 5 -1 9 -6 10 -3 14 15 -8 -13 24 -12 -16 23 19 -19 -5 -4 -22 -10 -2
right_child=8 2 21 20 7 -7 12 -9 17 -11 11 13 -14 -15 16 -17 -18 18 -20 -21 22 -23 -24 -25 -26
leaf_value=-0.05246280073237939 0.0088940347961824345 0.011488448251077824 -0.055509060919307684 0.032169962690371159 0.01240679993433003 0.023694022457106369 -0.031997080220064776 -0.049044175081880234 0.011122974406747598 -0.02675759557651744 -0.049019530389085519 0.013577750047713688 0.040778496333370301 -0.059155193676914054 0.039792999446999912 0.041686932026444801 0.0024044780540916754 0.0030777820613492606 -0.013136018179258481 0.043574073772245668 0.014419055047271218 0.0073809990663747079 -0.056589858525100713 -0.045738970227651055 -0.049670499131614643
leaf_weight=29.495703783817589 0.78410225175321091 196.46894978289492 54.494467371958308 2.030768104363232 31.714510115329176 99.857996176113375 8.7815694701857847 121.12106652243529 4.0983609445393077 81.423413903918117 29.046469543129206 122.42087510181591 137.28357191663235 8.0350736118853074 81.51442220620811 3.4034771407023063 25.214146163314581 16.053846340626478 8.1148538980633003 194.3198686579708 1.7673946120776225 4.1668967232108107 154.38848459732253 3.7427663276903331 6.6094570341520003
leaf_count=1224 19 2438 3287 22 481 1747 355 5308 79 2313 603 1289 828 119 553 17 350 142 71 1039 15 62 9146 173 310
internal_value=1.1987e-05 -0.012016 0.00485272 -0.030472 -0.0169272 0.00605922 0.0126817 -0.0362949 0.0220476 0.000226465 0.010202 -0.000902897 0.0362153 0.00868204 0.025924 -0.038544 0.0310644 0.0364379 0.0384696 0.0405129 -0.0543765 -0.0509929 -0.0556995 -0.0181222 -0.0431399
internal_weight=1426.35 922.995 482.619 440.376 282.189 129.354 423.958 152.836 503.358 277.892 277.028 162.906 146.065 130.456 114.122 32.4499 106.729 226.33 218.489 210.374 158.187 58.6614 156.156 7.84113 7.39356
internal_count=31990 27226 9283 17943 8760 2971 5934 5789 4764 4751 3260 2028 1183 1408 1232 620 903 1504 1252 1181 9183 3349 9161 252 329
is_linear=0
shrinkage=0.05


Tree=32
num_leaves=26
num_cat=0
split_feature=34 7 16 38 1 5 24 2 37 22 38 29 31 24 2 7 37 6 36 5 24 4 1 1 26
split_gain=143.391 92.3289 87.3378 53.6082 50.7952 37.7731 32.2315 29.1059 23.7418 23.7234 22.9251 18.5915 17.8669 13.1826 11.5546 12.9795 11.0691 10.7268 9.08072 6.63105 4.91148 4.73283 3.38609 3.26779 1.63583
threshold=0.27977168560028082 0.91380706429481517 0.9341220259666444 0.0053900324273854503 0.65195709466934215 0.0028164195828139786 0.094354975968599333 0.10669768974184991 0.035150080919265754 1.0000000180025095e-35 0.021482250653207306 -0.56130871176719654 -0.0046681382227689019 0.3330527544021607 0.14484228193759921 0.81844267249107372 0.0027457437245175247 0.58033692836761486 0.00098336796509102009 0.0018983149784617128 0.074961412698030486 0.0012035170220769944 0.88129279017448436 0.5405929982662202 -0.25856602191925043
decision_type=2 2 2 2 2 2 2 2 2 2 2 2 2 2 2 2 2 2 2 2 2 2 2 2 2
left_child=1 5 6 4 -4 13 18 -8 9 -7 -5 16 -10 24 15 -13 -2 -15 -3 -17 -18 23 -22 -16 -1
right_child=11 2 3 10 -6 8 7 -9 12 -11 -12 14 -14 17 21 19 20 -19 -20 -21 22 -23 -24 -25 -26
leaf_value=0.027484592555573475 -0.01310566705786903 -0.0513456118319148 -0.0196381627846723 0.029038362349919741 -0.051839253849788436 -0.043775727854602514 -0.052602796908103981 0.021148054599124722 -0.030215362031550674 0.032830818542712144 -0.052508684256115414 0.039337614001897343 0.037047917121096098 -0.029795304263642065 0.019671605768256356 0.0037275178321626631 0.010516429885688525 0.043264672453772968 0.016849263151074656 -0.04973535245314601 0.051679503065045734 0.00036510571531093257 0.012779756425304052 0.049994717449831888 0.053672521389373486
leaf_weight=10.096130287274717 7.4835434909909955 23.843851107172672 411.96067391359247 58.669027806259692 174.77376232168172 37.469451594748534 13.335522552486507 211.11967794550583 11.758223365992306 12.883559865877031 9.1352945012040419 9.1917648930102569 44.951846315059811 9.9246618207544106 17.534748597070575 9.5478410599753278 9.0083626732230169 8.3115343181416375 5.5562947504222384 13.276011148467658 134.14909737184644 10.831775266677139 6.6402493547648183 22.60087388381362 76.672964820638299
leaf_count=72 36 361 14907 432 8824 1775 837 1384 311 60 252 56 362 243 126 128 67 38 32 185 762 74 58 105 348
internal_value=-0.000337398 -0.00785996 -0.0147951 -0.0244399 -0.029302 0.0217768 0.0100711 0.0165524 0.000820875 -0.0239172 0.017448 0.0346309 0.0228197 0.042934 0.01523 -0.00817145 0.0447062 0.00402142 -0.0383273 -0.0281527 0.0476621 0.0298042 0.0499479 0.0375472 0.0509733
internal_weight=1360.73 1120.46 908.394 654.539 586.734 212.068 253.855 224.455 107.063 50.353 67.8043 240.264 56.7101 105.005 82.983 32.0156 157.281 18.2362 29.4001 22.8239 149.798 50.9674 140.789 40.1356 86.7691
internal_count=31835 30238 27029 24415 23731 3209 2614 2221 2508 1835 684 1597 673 701 674 369 923 281 393 313 887 305 820 231 420
is_linear=0
shrinkage=0.05


Tree=33
num_leaves=28
num_cat=0
split_feature=32 24 30 36 26 4 30 37 6 2 19 6 24 35 38 9 41 35 6 31 35 2 2 20 25 4 35
split_gain=125.322 98.2521 122.906 65.0681 53.9266 45.623 35.7547 32.9902 28.4879 27.5243 27.5057 23.8515 22.0555 17.3679 17.1768 14.7189 13.4585 23.6237 11.1586 26.8286 11.0564 16.0132 10.4217 3.23711 3.1446 3.06187 1.4674
threshold=0.0027239220216870312 0.30491694808006292 0.0036659907782450323 0.00072699916199781011 -1.0000000180025095e-35 -0.0013141477247700093 0.0044841971248388299 0.031129409559071067 0.11390240490436555 0.13010288774967196 0.037891089916229255 0.49194628000259405 0.30286431312561041 0.028837030753493312 0.0066596576943993577 -0.081995178014039979 0.00093904606183059524 0.035930125042796142 0.057585489004850395 -0.025238051079213616 0.029790917411446575 0.1756609529256821 0.11051005497574808 0.42886926233768469 -0.0014134831144474445 -0.0029742111219093199 0.018064271658658985
decision_type=2 2 2 2 2 2 2 2 2 2 2 2 2 2 2 2 2 2 2 2 2 2 2 2 2 2 2
left_child=1 2 4 15 12 -5 8 -6 9 13 -11 18 -1 -2 -8 -4 17 -10 23 -20 26 -22 -18 -3 -13 -26 -16
right_child=6 11 3 5 7 -7 14 -9 16 10 -12 24 -14 -15 20 -17 22 -19 19 -21 21 -23 -24 -25 25 -27 -28
leaf_value=-0.039116776980136776 0.0084472315035016548 0.0064815322093504484 0.021782290715934322 -0.084153511969375247 0.0053382904273296394 0.041590787151779822 -0.057207743862082765 0.03613364834087273 0.035247518265671157 0.042594829085788592 0.003246014584476398 0.038417555781303403 0.052276624969675313 -0.041996651610567252 0.01524308903273853 -0.054227986026985822 -0.022136403405120325 -0.056106857451555962 0.050334254206028252 -0.040768004909681958 -0.058989321083760718 0.049342617578680553 0.043232458657778715 -0.056361221825351721 0.03157520200474756 -0.0426369357301246 0.051278385032864963
leaf_weight=55.23258837335743 36.106034243479371 1.8865406159311522 6.1646894877776495 7.9508496522903434 164.60758653166704 36.693764913827181 18.836018624249846 184.34437138121575 20.385328130330894 85.380458191502839 91.778108473867178 8.9177855374291521 6.6039533726871005 30.894692444242537 6.4315420663915592 137.99081500037573 5.7168218754231921 9.5835008481517416 8.3755305530503374 63.484615986002609 9.8641484556719643 4.0886366814374915 194.63859706139192 117.20471360441297 1.4976403848268085 2.2579963118769228 6.5535012055188417
leaf_count=2906 748 24 112 45 2575 153 750 1107 219 452 1105 56 75 816 67 8306 197 98 109 3137 201 12 1278 7347 7 86 17
internal_value=0.000855232 -0.0115231 -0.00131131 -0.0345978 0.0140341 0.0178437 0.0199513 0.0216636 0.0240255 0.0120513 0.0223426 -0.0414392 -0.0286796 -0.0150885 -0.0218914 -0.0508498 0.0366119 0.00516561 -0.0458473 -0.0296046 0.00396698 -0.0260675 0.0412666 -0.05532 0.023474 -0.0126266 0.0357962
internal_weight=1323.47 803.213 599.589 188.8 410.788 44.6446 520.257 348.952 474.484 244.159 177.159 203.625 61.8365 67.0007 45.7738 144.156 230.324 29.9688 190.951 71.8601 26.9378 13.9528 200.355 119.091 12.6734 3.75564 12.985
internal_count=32005 26045 15279 8616 6663 198 5960 3682 4913 3121 1557 10766 2981 1564 1047 8418 1792 317 10617 3246 297 213 1475 7371 149 93 84
is_linear=0
shrinkage=0.05


Tree=34
num_leaves=22
num_cat=0
split_feature=22 16 32 34 5 1 1 5 30 6 35 7 29 30 31 30 6 5 27 21 0
split_gain=117.136 96.1137 53.4039 48.7722 49.2929 33.469 26.9257 32.6461 25.5162 23.4699 18.3008 14.6345 13.8773 11.1761 10.3852 9.24356 9.19816 8.9237 8.67698 1.96801 5.68765
threshold=1.0000000180025095e-35 0.97945997118949901 0.0028460574103519325 0.060314696282148368 0.0035090249730274086 0.82698941230773937 0.089901175349950804 0.0035297344438731675 0.0039860177785158166 -0.011900446843355892 0.033571111038327224 0.84901127219200145 0.010401027742773296 0.0044256313703954228 0.0038312916876748209 0.0042669256217777738 0.05029579624533654 0.0032857819460332398 2.6600480079650883 0.73135498166084301 0.38790778815746313
decision_type=2 2 2 2 2 2 2 2 2 2 2 2 2 2 2 2 2 2 2 2 2
left_child=1 5 3 4 -3 6 15 -8 12 10 -4 -7 19 -11 -13 -1 -14 -18 -5 20 -2
right_child=8 2 9 18 -6 11 7 -9 -10 13 -12 14 16 -15 -16 -17 17 -19 -20 -21 -22
leaf_value=-0.059798456754600375 0.054340579857250743 0.0003252612806754252 0.012538586954188633 -0.050617762093423946 -0.045733456297248662 0.028014492283400888 0.026458083719188698 -0.001770700171914548 -0.053084542234544077 0.02732424287116586 -0.05657933253413381 -0.062785930005016963 0.048350127082027856 -0.04720320174202676 -0.012083469667607337 0.020221657160525468 0.014355615782152879 -0.052270884544421171 0.0134016867231821 0.052600369811363394 0.005127735232514345
leaf_weight=15.299809526652099 12.976213194429876 175.91538366815075 17.49111902480945 174.60393703670707 85.718808847246692 8.5406966432929021 278.09212017734535 161.60791344568133 6.5115032875910392 80.696362153626978 19.393041737843305 23.265070316381752 10.427620164118709 4.4666200182400635 18.290825016796589 4.0937535311095408 14.947305453941228 6.3606431921944013 5.0723334797658017 106.83607713039964 10.517305443063377
leaf_count=702 67 3811 328 13165 5453 46 2457 1900 77 928 723 530 62 227 348 28 99 71 120 666 64
internal_value=-0.000353768 -0.0064535 -0.0206667 -0.0287484 -0.0148816 0.00928141 0.013529 0.0161024 0.0382642 0.00855182 -0.0243366 -0.0291473 0.0422375 0.022913 -0.0412776 -0.0427438 0.0121187 -0.00698468 -0.0487463 0.0494234 0.0334184
internal_weight=1241.12 1072.55 563.358 441.31 261.634 509.19 459.094 439.7 168.577 122.047 36.8842 50.0966 162.065 85.163 41.5559 19.3936 31.7356 21.3079 179.676 130.33 23.4935
internal_count=31872 30766 24755 22549 9264 6011 5087 4357 1106 2206 1051 924 1029 1155 878 730 232 170 13285 797 131
is_linear=0
shrinkage=0.05


Tree=35
num_leaves=24
num_cat=0
split_feature=31 36 5 1 1 24 3 1 22 16 0 1 3 5 0 6 1 37 32 17 2 37 4
split_gain=106.824 78.7116 72.287 59.118 48.8288 33.9739 32.2625 29.8685 23.5678 21.1295 29.6464 19.3612 16.0104 15.2554 13.9903 13.555 12.5423 12.0226 14.1961 10.5395 3.7375 3.40535 0.0547731
threshold=0.032394660636782653 0.00055357374367304157 0.0031511094421148305 0.65621289610862743 0.11433785408735277 0.36609348654747015 0.0016609486192464831 0.094678498804569258 1.0000000180025095e-35 0.96257278323173534 0.41136083006858831 0.099069330841302886 -0.0040608134586364022 0.003003863501362503 0.16261499375104907 0.67048934102058422 0.90763583779335033 0.10743939131498338 0.0021633767755702142 0.50833332538604747 0.13385386019945147 0.087353538721799864 -0.0022111510625109072
decision_type=2 2 2 2 2 2 2 2 2 2 2 2 2 2 2 2 2 2 2 2 2 2 2
left_child=1 2 3 4 -1 11 7 20 -5 10 -4 21 -9 16 -11 22 -13 18 -8 -15 -3 -2 -7
right_child=5 6 9 8 -6 15 17 12 -10 14 -12 13 -14 19 -16 -17 -18 -19 -20 -21 -22 -23 -24
leaf_value=-0.042109903431158981 -0.059879669989147823 -0.058399306310684268 0.025799354232859919 -0.045394426061762007 0.022932465461601506 -0.010163112113118794 -0.053790833143200316 -0.014017988529951748 0.032688271200009326 -0.013514793915891589 -0.042648790378237565 0.042489712178026176 0.031452949290952083 0.032106776804214129 -0.047922512015881699 0.040166133165323303 -0.022233162830256278 0.034151337796478068 -0.0021930687748838423 -0.0026351392342632606 0.022115213696367059 0.013993018733202651 -0.053229763605153205
leaf_weight=33.412955318810418 6.0392180006019762 11.443293450400231 29.485886962153018 77.550705436733551 179.09815289988182 0.60891498671845212 25.519061289727688 21.066109521314502 10.293383965268729 35.58509973238688 31.97160733025521 183.66312489053234 182.90123077400494 41.697462553158402 206.14892017072998 4.2222229670733205 7.2137679220177224 8.2974654957652074 26.983096988406032 44.380369353573769 1.108665820211171 1.5804941765964029 17.11990960536059
leaf_count=1385 178 470 283 2750 2691 28 735 340 65 1783 765 1417 1691 282 14425 32 108 42 412 712 5 11 1153
internal_value=-0.000146306 -0.00899493 -0.0191166 -0.00171105 0.0125566 0.0252286 0.013023 0.0220434 -0.0359799 -0.0362969 -0.00992168 0.0298681 0.0267112 0.0320734 -0.042934 -0.0335982 0.0399405 -0.0189375 -0.0278092 0.0143698 -0.0501806 -0.0447111 -0.0523722
internal_weight=1187.39 880.866 603.547 300.355 212.511 306.525 277.319 216.519 87.8441 303.192 61.4575 284.574 203.967 276.955 241.734 21.951 190.877 60.7996 52.5022 86.0778 12.552 7.61971 17.7288
internal_count=31763 27842 24147 6891 4076 3921 3695 2506 2815 17256 1048 2708 2031 2519 16208 1213 1525 1189 1147 994 475 189 1181
is_linear=0
shrinkage=0.05


Tree=36
num_leaves=29
num_cat=0
split_feature=34 0 9 1 6 9 0 5 40 29 22 5 4 15 31 1 1 32 41 6 22 17 29 29 32 38 1 3
split_gain=100.382 79.0787 55.8702 38.6343 50.9599 48.1982 21.851 26.8958 20.1042 20.0767 13.3832 10.9468 10.2208 11.2699 10.4301 9.19634 3.86187 3.66342 3.95392 3.52313 4.61117 3.37323 3.28721 2.88555 2.46755 2.39982 1.87854 0.991999
threshold=0.25441154837608343 0.71085646748542797 0.029286806471645836 0.73808082938194286 -0.54035314917564381 -0.046102052554488175 0.12076077982783319 0.0035297344438731675 0.20161920040845874 -0.71256694197654713 1.0000000180025095e-35 0.0039024202851578598 0.0012035170220769944 0.00014706674119224775 0.028381404466927055 0.37755897641181951 0.80577921867370617 0.017553722485899929 0.0018536819843575361 -0.46536426246166224 1.0000000180025095e-35 0.7749999761581422 -1.4968829154968259 0.15427552908658984 0.0063436534255743035 0.0053900324273854503 0.87920954823493969 0.00047301307495217776
decision_type=2 2 2 2 2 2 2 2 2 2 2 2 2 2 2 2 2 2 2 2 2 2 2 2 2 2 2 2
left_child=1 2 3 5 -5 -1 15 -8 19 11 12 17 14 -14 -11 -4 21 26 -19 20 -3 -10 -13 27 -21 -25 -2 -12
right_child=9 8 6 4 -6 -7 7 -9 16 10 23 22 13 -15 -16 -17 -18 18 -20 24 -22 -23 -24 25 -26 -27 -28 -29
leaf_value=0.027098303852262785 0.051413063312838805 -0.037886917579000298 0.0028578127942427709 0.041282972209826983 -0.050443794553552815 -0.012738339987619874 0.035980720343225955 -0.0048672116833461954 0.029723465444129661 -0.0079736583730604989 0.052060873760609222 0.023817187803490347 -0.067732942268632967 0.013967709995507605 0.037173120937310088 -0.054923309652315427 -0.043709501875179566 -0.010440750547915836 0.043154140345342318 -0.055694366195722503 0.040210947598037831 -0.022910868095520304 -0.036291040925400586 0.034227467935509563 -0.0090973073173123732 -0.0066700996681102647 0.017619499298391492 0.023013823082068903
leaf_weight=96.066244092769921 95.351267713587731 5.0277730668894938 15.136528092669325 17.108282798784785 97.613734601065516 347.89054835424758 141.47333993995562 55.886987193196546 10.959447465371342 31.379318996681832 18.597586423158649 2.8702132925391197 9.2160427272319776 6.6973895262926808 20.284329592075665 11.492711588973178 2.1887024375610045 5.8592610936611873 6.3741465266793966 101.86286648182431 1.8201384991407392 3.2602541989181182 4.7964937603101125 6.5843043047934753 3.3642387436702839 6.2856686003506184 5.6886554388329378 6.3371233306825152
leaf_count=1320 695 345 332 126 5105 11367 1117 1103 127 443 118 25 121 69 176 571 78 45 41 8142 5 122 78 43 86 38 60 49
internal_value=-0.000920388 -0.00832813 -0.00233703 -0.0107934 -0.0365262 -0.0040767 0.0187093 0.0244475 -0.0445236 0.028808 0.0126779 0.0426438 -0.000749877 -0.0345552 0.0101213 -0.0231648 0.00680668 0.0465391 0.0186353 -0.0520323 -0.0146502 0.0169432 -0.0136365 0.0360812 -0.0543043 0.0152124 0.0497018 0.0458506
internal_weight=1137.47 911.152 782.668 558.679 114.722 443.957 223.99 197.36 128.483 226.322 105.382 120.94 67.5771 15.9134 51.6636 26.6292 16.4084 113.273 12.2334 112.075 6.84791 14.2197 7.66671 37.8047 105.227 12.87 101.04 24.9347
internal_count=31947 29946 21041 17918 5231 12687 3123 2220 8905 2001 1057 944 809 190 619 903 327 841 86 8578 350 249 103 248 8228 81 755 167
is_linear=0
shrinkage=0.05


Tree=37
num_leaves=27
num_cat=0
split_feature=22 2 25 0 36 24 30 19 3 24 26 29 3 6 21 30 2 6 31 2 19 0 38 0 41 2
split_gain=91.6027 73.4317 82.4958 64.364 75.8913 36.9222 34.5756 24.8992 22.4133 13.8622 12.6026 11.3247 11.4697 9.66503 6.83435 6.41851 6.01028 5.15154 4.7031 4.33066 3.93434 2.07359 0.917916 3.51518 0.700938 0.386734
threshold=1.0000000180025095e-35 0.12451204657554628 -0.00178476155269891 0.41834877431392675 0.00045115924149286007 0.21566296368837359 0.0044841971248388299 0.0049973130226135263 0.00092972852871753286 0.36494031548500067 -1.0000000180025095e-35 -0.12457648664712904 0.0011971449130214753 0.58033692836761486 0.94632351398468029 0.0022033506538718943 0.17218530178070071 0.62814128398895275 0.10283770784735681 0.11377789080142976 0.038790434598922736 0.40783654153347021 0.010665965732187034 0.42842167615890508 0.0023211970692500476 0.1101319268345833
decision_type=2 2 2 2 2 2 2 2 2 2 2 2 2 2 2 2 2 2 2 2 2 2 2 2 2 2
left_child=1 5 9 6 -5 8 -4 19 10 14 -1 16 15 -9 -3 20 22 -11 -10 -7 -13 -17 25 -24 -14 -2
right_child=11 2 3 4 -6 7 -8 13 18 17 -12 12 24 -15 -16 21 -18 -19 -20 -21 -22 -23 23 -25 -26 -27
leaf_value=-0.018651245045344846 0.028846433218017442 0.0404670016516318 0.013671502864950025 -0.049121926198629762 0.0041239643725196158 -0.020998696313224742 -0.038803095350980359 -0.051609651793740233 -0.061746689701331459 -0.035405169442015098 0.039639347066688278 0.02293822165027333 -0.058986193909160836 0.015765998064489622 -0.0012413502966327576 0.052862679242115067 -0.0017440499162286972 0.03610541562146536 0.02204728676133139 0.048159096377700716 -0.034114035957890733 0.014142138855441034 0.05032216178738811 0.0080965217416187583 -0.01751166494155831 0.052523681821156298
leaf_weight=12.751987165305762 5.9173025889322153 138.42288730666041 292.31196667678887 146.12549860338913 122.49327296181582 2.4470346928574127 34.183396859792992 140.53764064534334 11.415662334067745 8.9648439334705454 28.786833659978583 5.0288986423984188 3.3467177506536236 5.1038171697873613 10.50313661363907 12.897050408646466 6.3451247215270987 2.4791786968708029 1.4229869842529286 7.3858163473196328 5.103251526132226 5.8402361813932648 12.977431125938894 8.3003002777695638 2.873875018209219 74.332474354654551
leaf_count=635 73 868 5622 8428 2100 127 1686 9678 549 402 350 46 45 115 177 61 21 15 12 64 36 72 72 68 38 572
internal_value=1.88717e-05 -0.0055244 0.00175488 -0.00683261 -0.0249159 -0.0316145 0.00807581 -0.0439497 0.00381081 0.0334669 0.021727 0.0372275 0.0121148 -0.0491571 0.0375368 0.0254928 0.0452101 -0.0182569 -0.0515372 0.0305986 -0.0062804 0.0421218 0.048133 0.034953 -0.0449041 0.0511543
internal_weight=1108.3 965.336 755.484 595.114 268.619 209.852 326.495 155.474 54.3775 160.37 41.5388 142.963 35.09 145.641 148.926 28.8694 107.873 11.444 12.8386 9.83285 10.1322 18.7373 101.528 21.2777 6.22059 80.2498
internal_count=31932 30828 19298 17836 10528 11530 7308 9984 1546 1462 985 1104 298 9793 1045 215 806 417 561 191 82 133 785 140 83 645
is_linear=0
shrinkage=0.05


Tree=38
num_leaves=26
num_cat=0
split_feature=34 0 9 2 21 40 0 29 0 30 2 2 22 5 19 21 17 24 6 22 0 1 7 34 6
split_gain=84.0195 64.1519 50.2638 49.4846 49.8237 25.5713 16.8693 14.8865 14.2221 12.565 11.449 9.08086 8.98296 7.84255 5.31477 5.074 4.91249 4.39972 4.33973 5.89349 3.80666 3.49303 3.23638 1.57981 1.34654
threshold=0.26831933856010443 0.71085646748542797 0.048724573105573661 0.12451204657554628 0.81219512224197399 0.17162900418043139 0.13178705424070361 -0.49949845671653742 0.449525997042656 0.0043938604649156341 0.14640488475561145 0.13119109719991687 1.0000000180025095e-35 0.0014032492763362827 0.078261494636535658 0.68647629022598278 0.82499998807907116 0.065389156341552748 -0.46536426246166224 1.0000000180025095e-35 0.41458590328693395 0.84790217876434337 0.98911690711975109 0.23084913194179538 -0.10211719200015067
decision_type=2 2 2 2 2 2 2 2 2 2 2 2 2 2 2 2 2 2 2 2 2 2 2 2 2
left_child=1 2 3 8 -5 18 11 17 -1 -8 12 -4 13 -9 16 -12 -7 -2 19 -3 -17 24 -23 -20 -19
right_child=7 5 6 4 -6 14 9 10 -10 -11 15 -13 -14 -15 -16 20 -18 21 23 -21 -22 22 -24 -25 -26
leaf_value=-0.050689305832089949 0.0028754986880367185 -0.042112820458862714 -0.050797778648919073 0.032112473553576389 -0.008458870725527189 0.02752509850097682 0.035322880599171012 0.011043225823325909 -0.014291681706539461 -0.024376626589709446 -0.017750987859041608 0.01225004055515962 0.026154422444548256 -0.054900242560250979 -0.048124543471911162 0.044686359382493948 -0.022462583592308835 0.0212316606454875 -0.055392757610485732 0.04255237718418118 0.0072099624149578635 0.035516938524905388 -0.013459684344915075 -0.0078604652037850917 0.048912506647557953
leaf_weight=70.777603636612184 7.1065327441319814 4.4116264544427386 9.271872389828788 93.10263262479566 385.3776015159674 16.305319295497618 122.31743499706499 6.468639807309958 44.523518782341853 8.8065328525844944 4.6206613061949602 12.182072242721913 9.002067834138872 11.958668871317057 3.0954325206112108 25.568996509537101 6.0054831898305556 6.9034797586500636 88.350968686398119 2.3531107902526855 9.6817261958494765 7.7959349714219552 4.7826028661802411 2.1492006119806311 89.211787002161145
leaf_count=4731 71 346 499 649 11602 249 1068 112 2179 306 27 164 79 246 95 164 253 61 8042 6 121 70 68 80 727
internal_value=-7.69184e-05 -0.00657027 -0.00104213 -0.00762535 -0.000513994 -0.0399243 0.0244603 0.03061 -0.0368781 0.0311592 0.0116713 -0.0160465 -0.0129218 -0.0323748 0.00461552 0.0284922 0.0136833 0.0414226 -0.051487 -0.0109747 0.0348762 0.0438936 0.0172753 -0.0543622 0.0471634
internal_weight=1052.13 869.03 746.359 593.781 478.48 122.671 152.578 183.101 115.301 131.124 67.3008 21.4539 27.4294 18.4273 25.4062 39.8714 22.3108 115.8 97.2649 6.76474 35.2507 108.694 12.5785 90.5002 96.1153
internal_count=32015 30269 21198 19161 12251 9071 2037 1746 6910 1374 749 663 437 358 597 312 502 997 8474 352 285 926 138 8122 788
is_linear=0
shrinkage=0.05


Tree=39
num_leaves=27
num_cat=0
split_feature=38 37 24 30 24 0 6 25 24 1 1 2 24 2 6 30 30 9 29 20 40 25 43 34 0 35
split_gain=78.6965 74.9161 55.2324 34.1321 34.33 40.408 31.9731 29.7025 27.1735 18.7808 18.0144 17.385 15.5209 15.202 12.2095 11.1312 8.97689 8.93656 8.20784 7.4021 6.2735 5.56007 3.66851 2.50597 1.14628 0.457468
threshold=0.0036782399984076623 0.029798674397170547 0.27758213877677923 0.0037399679422378544 0.30491694808006292 0.41136083006858831 0.065936584025621428 -0.00034103031794074917 0.11435057595372201 0.83298131823539745 0.096782498061656966 0.13010288774967196 0.061387583613395698 0.10773930698633195 0.018362256698310379 0.0025325949536636476 0.0054470617324113854 0.02617098763585091 -0.32648728787899012 0.42886926233768469 0.18819149583578113 -0.0010316193220205603 0.059220569208264358 0.26831933856010443 0.24598101526498797 0.0090875700116157549
decision_type=2 2 2 2 2 2 2 2 2 2 2 2 2 2 2 2 2 2 2 2 2 2 2 2 2 2
left_child=1 3 7 4 5 -1 20 10 -9 12 -3 -8 15 25 22 -2 21 -15 24 -6 -4 -5 -11 -17 -16 -14
right_child=9 2 6 16 19 -7 11 8 -10 14 -12 -13 13 17 18 23 -18 -19 -20 -21 -22 -23 -24 -25 -26 -27
leaf_value=0.016864416138454047 0.031548654648275561 -0.049409694571969837 -0.054874782378876108 0.021728080603814641 0.02817443039297552 -0.031079699226810142 -0.028651231291101309 -0.054888621913623217 0.011344321825404157 -0.06349224424607107 0.039042733536252171 0.022825721319616743 0.0013268808676885639 0.0243261164335416 0.042492008543879897 -0.06358878727308348 0.023669716861674701 0.044759491625015892 -0.042193318442445817 -0.049108714863418855 -0.0049231082522303371 -0.053874515335916397 -0.0019905659466314066 -0.012975658596333126 0.010241171263179459 -0.047683101954121704
leaf_weight=103.13791673851665 6.5452568065375116 5.1850881883874527 48.214812845049892 1.9920993745326985 2.6384971891529849 75.051061787409708 26.025719013996422 17.052386064780876 107.97170599387027 9.65270246518776 134.79792321869172 40.739895756822079 0.45701170898973842 144.27590905735269 8.2499458142556268 6.7402068669907731 3.521416012197732 90.13705670973286 4.1314005763269952 62.478555248584598 7.4450080478563896 96.181037644622847 3.2249157270416609 4.4890755945816636 5.0662535415031007 5.3772240614052862
leaf_count=2427 41 138 3478 15 24 2887 1527 503 2177 269 966 733 24 1411 66 153 63 721 46 4492 235 8838 71 78 70 374
internal_value=0.000520328 -0.00819155 0.006894 -0.0251034 -0.0148267 -0.00338982 -0.0207721 0.019705 0.00194677 0.0226013 0.0354392 0.00263294 0.0269696 0.0303054 -0.0142413 -0.0173305 -0.0493069 0.03234 0.0129374 -0.0455985 -0.0483981 -0.0521368 -0.0493438 -0.046071 0.0317944 -0.0442116
internal_weight=1020.78 732.433 387.433 345.001 243.306 178.189 122.425 265.007 125.024 288.347 139.983 66.7656 258.022 240.247 30.3252 17.7745 101.695 234.413 17.4476 65.1171 55.6598 98.1731 12.8776 11.2293 13.3162 5.83424
internal_count=31827 28503 9757 18746 9830 5314 5973 3784 2680 3324 1104 2260 2802 2530 522 272 8916 2132 182 4516 3713 8853 340 231 136 398
is_linear=0
shrinkage=0.05


Tree=40
num_leaves=21
num_cat=0
split_feature=22 2 21 38 37 17 30 39 2 3 6 36 41 38 6 37 31 2 9 21
split_gain=83.4165 61.907 75.1026 53.2609 43.924 23.9094 15.3942 14.418 12.5932 11.7078 9.72085 9.23181 9.19284 7.52637 6.32393 3.54408 2.20003 3.49531 1.84063 1.74945
threshold=1.0000000180025095e-35 0.12249197438359262 0.85310304164886486 0.0056284519378095874 0.048529801890254028 0.99166667461395275 0.0035961811663582925 0.0060100313276052484 0.11136212572455408 0.0030044334707781677 -0.19792043417692182 0.00077895945287309598 0.009868301451206209 0.024455360136926178 0.10368685051798822 0.0046738528180867442 0.0050317246932536372 0.12488645315170289 0.07134424522519113 0.73135498166084301
decision_type=2 2 2 2 2 2 2 2 2 2 2 2 2 2 2 2 2 2 2 2
left_child=1 7 5 4 -4 10 -7 11 -9 15 -3 12 -1 -5 -13 -2 17 -17 -10 -18
right_child=9 2 3 13 -6 6 -8 8 18 -11 -12 14 -14 -15 -16 16 19 -19 -20 -21
leaf_value=-0.047617745280458132 0.0019793037252025338 0.056043646339895919 -0.026011880682738509 0.033081699402107138 0.013205715363647196 0.017667551874157566 -0.040453375257513559 -0.046570741604499089 -0.00036963465622144999 -0.035829958910151748 0.026578928609001656 -0.027524316917406696 0.04057787838486937 -0.029115678641264787 0.028043134115888765 -0.0039591845384222731 0.026205165384891111 0.037709999554320341 0.047002396199715309 0.050711182613884111
leaf_weight=111.9153795610182 5.6261702571064225 35.759936424670741 322.20293687132653 67.845883667934686 90.963300185743719 24.940139776095748 19.375299758510664 5.9629094270058003 2.55918020219542 4.4243520898744455 141.57222536718473 13.976536250906067 2.3128095159772775 4.4807678181678048 6.8358423754107198 6.0283360928297069 11.985750558786092 24.836572866886854 9.0110189754050207 70.885701125953346
leaf_count=9227 43 153 15846 582 1652 281 579 505 100 63 1080 518 52 73 114 78 100 183 88 648
internal_value=-0.000132066 -0.00567082 0.000577448 -0.0104312 -0.0173666 0.0246292 -0.00807563 -0.0344451 0.00782159 0.0380724 0.0328016 -0.03995 -0.0454954 0.0288839 -0.00882423 0.0410866 0.042987 0.0297026 0.0373285 0.0475216
internal_weight=983.501 859.714 707.14 485.493 413.166 221.648 44.3154 152.574 17.5331 123.787 177.332 135.041 114.228 72.3267 20.8124 119.363 113.736 30.8649 11.5702 82.8715
internal_count=31965 30850 20246 18153 17498 2093 860 10604 693 1115 1233 9911 9279 655 632 1052 1009 261 188 748
is_linear=0
shrinkage=0.05


Tree=41
num_leaves=26
num_cat=0
split_feature=40 0 7 1 35 3 38 17 40 25 29 1 1 36 6 0 19 4 21 30 38 1 29 33 34
split_gain=70.5832 53.6084 48.6437 62.5345 45.6583 32.0039 27.4853 20.2299 17.7021 13.3472 9.87626 10.8254 8.41457 7.96064 7.3402 6.84505 6.49168 5.05529 4.6685 4.56794 4.92453 4.49948 4.18118 3.69432 1.13137
threshold=0.23751655220985415 0.69929018616676342 0.97070041298866283 0.30242420732975012 0.077722117304801955 0.0016609486192464831 0.002181798568926752 0.84166666865348827 0.16598320752382281 -0.00014006055425852534 -1.1674335598945615 0.55834957957267772 0.89300364255905162 0.00056761119049042474 -0.4033179879188537 0.76326844096183788 0.027669221162796024 -0.0022111510625109072 0.95581775903701793 0.0045006712898612031 0.0040404677856713542 0.1234005279839039 0.79513022303581249 0.0031659476226195697 0.23084913194179538
decision_type=2 2 2 2 2 2 2 2 2 2 2 2 2 2 2 2 2 2 2 2 2 2 2 2 2
left_child=1 2 5 4 -4 7 -5 -1 14 12 -11 18 21 -7 15 -3 -14 -13 -12 20 -10 23 -23 -2 -16
right_child=9 8 3 6 -6 13 -8 -9 19 10 11 17 16 -15 24 -17 -18 -19 -20 -21 -22 22 -24 -25 -26
leaf_value=0.04713818756454128 -0.033190996296438145 0.022976065680643126 -0.03039631378558573 -0.038251439157603401 0.022166016933459057 -0.043889208434991195 -0.00027830212273392119 0.011901191014514478 -0.019664613252502638 0.043808858739535265 -0.051986724342524306 0.050537745478172073 0.03565107733662562 0.0060025073833215627 -0.054577258752635062 -0.0466635825020352 -0.049989604885733799 -0.01027629510752978 0.021502508898791826 -0.050854760567032364 0.02871250895371031 0.044403350442461353 0.0074451630106693329 0.031603736001707551 -0.018644581426981589
leaf_weight=76.029812447726727 3.3047516944352529 6.5152140774298442 54.119039298733696 173.29857215937227 164.44786228565499 20.195686656748876 65.60301126819104 88.396938861114904 7.750427154125652 9.272691617254166 12.669320434331896 5.8099312260746956 2.9345617294311515 12.489452590001745 76.694121605716646 5.7298890782985836 4.1955088656395674 6.2996959399897587 1.9957897826097895 2.5947540812194338 12.454686924815176 107.59305264428258 8.7139543858356756 3.4989903541281819 3.6155228866264215
leaf_count=762 116 207 3486 9152 2114 1098 1332 2428 391 73 281 25 34 173 8089 522 81 105 27 74 165 931 97 41 123
internal_value=-0.000466693 -0.00685459 -0.00129369 -0.010238 0.00907197 0.0194117 -0.0278685 0.028381 -0.0381276 0.0289742 0.00196973 -0.0135757 0.0363764 -0.0252126 -0.0477555 -0.0106734 -0.0146924 0.0205303 -0.0412513 0.00132075 0.0101034 0.0394287 0.0417214 -8.89438e-05 -0.0532088
internal_weight=936.223 769.935 654.58 457.468 218.567 197.112 238.902 164.427 115.355 166.288 36.0474 26.7747 130.241 32.6851 92.5547 12.2451 7.13007 12.1096 14.6651 22.7999 20.2051 123.111 116.307 6.80374 80.3096
internal_count=31927 30116 20545 16084 5600 4461 10484 3190 9571 1811 511 438 1300 1271 8941 729 115 130 308 630 556 1185 1028 157 8212
is_linear=0
shrinkage=0.05


Tree=42
num_leaves=25
num_cat=0
split_feature=22 21 38 24 30 0 1 6 0 6 1 38 6 29 19 36 1 1 4 17 0 31 30 3
split_gain=65.4973 53.1546 45.3521 30.1568 33.0591 33.7114 33.27 27.8123 36.9496 18.469 12.2581 12.0116 13.0168 9.95374 7.61226 6.39052 6.31984 4.80792 4.54138 4.10613 4.49036 2.8364 1.51429 0.229734
threshold=1.0000000180025095e-35 0.92699125409126293 0.002589484211057425 0.35509859025478369 0.0034654809860512619 0.41834877431392675 0.092415429651737227 -0.0020276566501706834 0.34646518528461462 -0.41458797454833979 0.75575616955757152 0.0052005730103701362 0.62814128398895275 0.010401027742773296 0.026477396488189701 0.00044691609218716627 0.52301603555679332 0.15506106615066531 -0.00055971572874113907 0.10833333432674409 0.37992922961711889 -0.0084691839292645437 0.0038368580862879757 0.00067183957435190688
decision_type=2 2 2 2 2 2 2 2 2 2 2 2 2 2 2 2 2 2 2 2 2 2 2 2
left_child=1 3 7 4 6 -6 -1 9 -9 -3 15 12 -5 19 -12 -4 18 -13 -15 20 -2 -18 23 -21
right_child=13 2 10 11 5 -7 -8 8 -10 -11 14 17 -14 16 -16 -17 21 -19 -20 22 -22 -23 -24 -25
leaf_value=-0.056328256363365574 0.043683046508597119 0.00053974813595704971 0.00069665851875789662 -0.050939523575394108 0.01630871511735307 -0.029376105524209835 0.02311693204938052 0.01079805470986969 -0.042594330838851883 -0.059165894889302517 0.022106097213700576 -0.041333909591582813 0.036070987792497677 0.013237310323321714 -0.052765246793991673 0.041890582896172354 -0.0051873201647367291 0.023335043062526484 -0.049929960201536658 0.053043809035325629 -0.016456163530057667 0.042361749591937906 0.014947927607272486 0.037975128349455135
leaf_weight=12.896723965415729 5.0646368302404863 15.09964089328423 13.301440654788165 38.65056280780118 72.830236163688824 88.306206601206213 278.16560817975551 64.660072645056061 63.312582923215814 89.328606843249872 4.8285283893346769 2.7173358569852999 4.1086304476484647 4.5894800536334515 7.7250060909427702 31.506689333589748 4.1965581523254523 12.083506937371565 5.2777744624763745 54.286386883817613 5.5559868039563298 9.441103665158149 4.2973176473751655 16.72154675424099
leaf_count=778 33 856 384 3171 1806 3732 3712 2603 4666 8011 92 186 35 59 243 309 54 223 69 525 55 81 31 202
internal_value=0.000284889 -0.004695 -0.0217562 0.00502669 0.00938061 -0.00875431 0.019416 -0.0315596 -0.0157425 -0.0506096 0.0178226 -0.0287543 -0.0419456 0.0363819 -0.0244609 0.0299442 0.00717766 0.00959773 -0.0220349 0.0441963 0.0135135 0.0283752 0.0482898 0.050072
internal_weight=908.952 799.521 289.763 509.759 452.199 161.136 291.062 232.401 127.973 104.428 57.3617 57.56 42.7592 109.431 12.5535 44.8081 23.5049 14.8008 9.86725 85.9259 10.6206 13.6377 75.3053 71.0079
internal_count=31916 30807 17164 13643 10028 5538 4490 16136 7269 8867 1028 3615 3206 1109 335 693 263 409 128 846 88 135 758 727
is_linear=0
shrinkage=0.05


end of trees

feature_importances:
radius_norm=101
x_norm=72
y_norm=62
distance_to_centroid_norm=57
orientation_sin=55
appearance_peer_z=51
history_mean_angular_velocity_norm=49
history_std_translation_residual_norm=47
history_mean_speed_norm=45
history_mean_direction_score_norm=44
is_current_target=43
speed_minus_peer_median_norm=43
history_std_speed_norm=41
orientation_cos=36
speed_norm=33
vx_norm=27
history_mean_translation_residual_norm=27
visible_streak_norm=25
history_std_angular_velocity_norm=25
angular_velocity_norm=23
motion_reliability=20
history_mean_appearance_distance=20
vy_norm=19
history_std_direction_score_norm=18
history_std_rotation_score_norm=16
yolo_confidence=15
appearance_distance=11
association_quality=11
rotation_score_peer_z=10
history_std_appearance_distance=9
history_mean_rotation_score_norm=8
direction_score_peer_z=7
rigidity_score_peer_z=4
rigidity_score_norm=3
history_length_norm=3
multilag_spin_abs_norm=3
direction_score_norm=2

parameters:
[boosting: gbdt]
[objective: lambdarank]
[metric: ndcg]
[tree_learner: serial]
[device_type: cpu]
[data_sample_strategy: bagging]
[data: ]
[valid: ]
[num_iterations: 200]
[learning_rate: 0.05]
[num_leaves: 31]
[num_threads: 0]
[seed: 20260911]
[deterministic: 0]
[force_col_wise: 0]
[force_row_wise: 0]
[histogram_pool_size: -1]
[max_depth: 5]
[min_data_in_leaf: 40]
[min_sum_hessian_in_leaf: 0.001]
[bagging_fraction: 0.8]
[pos_bagging_fraction: 1]
[neg_bagging_fraction: 1]
[bagging_freq: 1]
[bagging_seed: 22173]
[bagging_by_query: 0]
[feature_fraction: 0.85]
[feature_fraction_bynode: 1]
[feature_fraction_seed: 8630]
[extra_trees: 0]
[extra_seed: 5152]
[early_stopping_round: 0]
[early_stopping_min_delta: 0]
[first_metric_only: 0]
[max_delta_step: 0]
[lambda_l1: 0]
[lambda_l2: 1]
[linear_lambda: 0]
[min_gain_to_split: 0]
[drop_rate: 0.1]
[max_drop: 50]
[skip_drop: 0.5]
[xgboost_dart_mode: 0]
[uniform_drop: 0]
[drop_seed: 25851]
[top_rate: 0.2]
[other_rate: 0.1]
[min_data_per_group: 100]
[max_cat_threshold: 32]
[cat_l2: 10]
[cat_smooth: 10]
[max_cat_to_onehot: 4]
[top_k: 20]
[monotone_constraints: ]
[monotone_constraints_method: basic]
[monotone_penalty: 0]
[feature_contri: ]
[forcedsplits_filename: ]
[refit_decay_rate: 0.9]
[cegb_tradeoff: 1]
[cegb_penalty_split: 0]
[cegb_penalty_feature_lazy: ]
[cegb_penalty_feature_coupled: ]
[path_smooth: 0]
[interaction_constraints: ]
[verbosity: -1]
[saved_feature_importance_type: 0]
[use_quantized_grad: 0]
[num_grad_quant_bins: 4]
[quant_train_renew_leaf: 0]
[stochastic_rounding: 1]
[linear_tree: 0]
[max_bin: 255]
[max_bin_by_feature: ]
[min_data_in_bin: 3]
[bin_construct_sample_cnt: 200000]
[data_random_seed: 5056]
[is_enable_sparse: 1]
[enable_bundle: 1]
[use_missing: 1]
[zero_as_missing: 0]
[feature_pre_filter: 1]
[pre_partition: 0]
[two_round: 0]
[header: 0]
[label_column: ]
[weight_column: ]
[group_column: ]
[ignore_column: ]
[categorical_feature: ]
[forcedbins_filename: ]
[precise_float_parser: 0]
[parser_config_file: ]
[objective_seed: 11763]
[num_class: 1]
[is_unbalance: 0]
[scale_pos_weight: 1]
[sigmoid: 1]
[boost_from_average: 1]
[reg_sqrt: 0]
[alpha: 0.9]
[fair_c: 1]
[poisson_max_delta_step: 0.7]
[tweedie_variance_power: 1.5]
[lambdarank_truncation_level: 30]
[lambdarank_norm: 1]
[label_gain: ]
[lambdarank_position_bias_regularization: 0]
[eval_at: 1]
[multi_error_top_k: 1]
[auc_mu_weights: ]
[num_machines: 1]
[local_listen_port: 12400]
[time_out: 120]
[machine_list_filename: ]
[machines: ]
[gpu_platform_id: -1]
[gpu_device_id: -1]
[gpu_use_dp: 0]
[num_gpu: 1]

end of parameters

pandas_categorical:null
