tree
version=v4
num_class=1
num_tree_per_iteration=1
label_index=0
max_feature_idx=53
objective=lambdarank
feature_names=x_norm y_norm radius_norm vx_norm vy_norm speed_norm orientation_sin orientation_cos orientation_known angular_velocity_norm translation_residual_norm rotation_residual_norm rotation_score_norm direction_score_norm speed_score_norm rigidity_score_norm motion_reliability visible_streak_norm lost_frames_norm appearance_distance association_quality yolo_confidence is_current_target bg_certified distance_to_centroid_norm speed_minus_peer_median_norm rotation_score_peer_z direction_score_peer_z rigidity_score_peer_z appearance_peer_z history_mean_speed_norm history_mean_angular_velocity_norm history_mean_translation_residual_norm history_mean_rotation_score_norm history_mean_direction_score_norm history_mean_appearance_distance history_std_speed_norm history_std_angular_velocity_norm history_std_translation_residual_norm history_std_rotation_score_norm history_std_direction_score_norm history_std_appearance_distance history_length_norm global_similarity_residual_norm global_similarity_residual_peer_z history_mean_global_similarity_residual_norm history_std_global_similarity_residual_norm local_graph_strain_norm local_graph_strain_peer_z history_mean_local_graph_strain_norm history_std_local_graph_strain_norm optical_spin_abs_norm optical_spin_confidence optical_spin_evidence
feature_infos=[0.023437527939677238:0.97688722610473633] [0.034432891756296158:0.96392875909805298] [0.053096525371074677:0.1973479837179184] [-0.0080459257587790489:0.009354742243885994] [-0.0070236730389297009:0.0059997495263814926] [1.6123552768476657e-06:0.0093742832541465759] [-0.99997174739837646:0.99999529123306274] [-0.99999368190765381:1] none [-0.54599446058273315:0.55592876672744751] [0:0.092281647026538849] none [0:0.072172954678535461] [0:0.99946087598800659] [0:0.11707045137882233] [0:0.0078225545585155487] [0:0.99996823072433472] [0.033333331346511841:1] none [0.00012260675430297852:2] [0.00039127969648689032:0.99996823072433472] [0:0.99794524908065796] [0:1] none [0.00074696843512356281:0.48266205191612244] [-0.0052215233445167542:0.0059342398308217525] [-1.4680711030960083:4.1000180244445801] [-2.1915533542633057:4.0590243339538574] [-0.9187544584274292:4.2065086364746094] [-3.0406723022460938:3.4346854686737061] [8.0617763842383283e-07:0.0079342853277921677] [-0.28176912665367126:0.4193059504032135] [0:0.14316053688526154] [0:0.072172954678535461] [0:0.90268337726593018] [3.9807386201573536e-05:2] [8.0617763842383283e-07:0.0031374881509691477] [0:0.28885024785995483] [0:0.085645973682403564] [0:0.033846057951450348] [0:0.49838733673095703] [0:0.99925148487091064] [0.125:1] [1.0974699762300588e-05:0.027237510308623314] [-4.4384894371032715:8] [0.00016147420683410019:0.024980045855045319] [0:0.03927256166934967] [7.1252275120059494e-06:0.025025943294167519] [-8:8] [0.00016881969349924475:0.018104229122400284] [0:0.036644559353590012] [0:0.29078683257102966] [0:1] [0:0.16223746538162231]
tree_sizes=2624 3255 3461 3153 3473 2838 3259 2828 3031 2949 3357 3266 3480 3165 3057 3363 3156 3039 3465 3467 3158 2725 3273 2733 3372 3370 3495 3484 3255 3491 3256 3371 3476 3259 2845 2825 3029 2739

Tree=0
num_leaves=23
num_cat=0
split_feature=45 22 52 31 0 38 24 30 52 24 38 3 46 2 2 0 36 52 31 9 37 26
split_gain=4165.76 756.315 384.296 295.455 174.236 136.257 120.149 71.1852 48.2479 46.8592 46.4507 45.2443 42.5477 39.3329 34.7181 25.0998 14.8908 13.3046 13.7334 6.33234 2.76721 2.11234
threshold=0.0021135548595339064 1.0000000180025095e-35 0.96638417243957531 0.034772275015711791 0.91543772816658031 0.0036782399984076623 0.29984101653099066 0.0040589666459709415 0.8760964870452882 0.070523668080568327 0.0061127783264964828 0.0022594243055209522 0.00064322515390813362 0.10362220555543901 0.11981283873319627 0.15678255259990695 0.0013724858290515842 0.8981321156024934 0.0011097434908151629 -0.0016611430328339336 0.070373050868511214 -0.4919417649507522
decision_type=2 2 2 2 2 2 2 2 2 2 2 2 2 2 2 2 2 2 2 2 2 2
left_child=1 3 4 5 7 12 11 13 -7 -9 -8 -5 -1 -2 -4 20 -6 -3 21 -17 -16 -19
right_child=2 17 14 6 16 8 10 9 -10 -11 -12 -13 -14 -15 15 19 -18 18 -20 -21 -22 -23
leaf_value=-0.094099701216015574 0.0040903658273488781 0.095582653757122701 -0.096215066484698575 0.065465931676032166 -0.093238484672681365 0.046721592463605799 -0.082442189933648005 -0.071443391189010969 -0.048622266459132209 0.053147202113751346 0.05771480395904599 -0.06827960173737678 -0.054697236827530527 0.094822234404932149 0.018696097848308276 -0.086277861692589455 0.055139810101481515 0.0036587129261512422 0.066039283523148501 -0.018322470858048428 0.076103648576175006 -0.065925043946807413
leaf_weight=791.51396267069504 12.224498188355936 62.948595946421847 25.420543345273472 52.444175300421193 13.789584162586831 22.601608630502596 34.894110510824248 8.0010074125602824 29.335884558036923 48.788932425668463 6.3356654673116273 6.350069894688203 80.360664528911002 777.65966040303465 5.0621131791267562 6.2874939575558528 1.2496423353441066 1.5766255555208766 9.0078038333449495 7.7943523991852981 4.1094254795461893 1.9347066462505607
leaf_count=21584 209 146 1060 323 554 225 1247 206 733 374 51 130 2043 2316 78 227 4 27 56 201 19 59
internal_value=-0.000268927 -0.0657523 0.0787884 -0.0770238 0.0865137 -0.0858529 0.00456426 0.089529 -0.00703272 0.0346614 -0.060048 0.0501204 -0.0905348 0.093425 -0.0569666 -0.0118623 -0.0782403 0.0861702 0.0352733 -0.0523731 0.0493715 -0.0407958
internal_weight=2009.69 1099.3 910.387 1023.84 861.713 923.812 100.024 846.674 51.9375 56.7899 41.2298 58.7942 871.875 789.884 48.6739 23.2534 15.0392 75.4677 12.5191 14.0818 9.17154 3.51133
internal_count=31872 26624 5248 26336 3663 24585 1751 3105 958 580 1298 453 23627 2525 1585 525 558 288 142 428 97 86
is_linear=0
shrinkage=0.05


Tree=1
num_leaves=29
num_cat=0
split_feature=52 46 5 2 36 22 5 46 45 7 46 51 38 24 5 6 2 45 42 41 22 19 31 44 7 21 7 27
split_gain=10091.8 1886.59 737.214 590.877 504.982 370.067 309.682 257.931 206.817 233.702 222.53 203.455 162.102 142.759 142.613 141.876 120.914 111.709 67.3284 62.6246 62.7988 56.3556 44.4766 26.828 22.1216 14.0842 6.89462 6.08088
threshold=0.82478070259094249 0.00069360100314952444 0.0038731930544599895 0.12171111628413202 0.00045954163942951714 1.0000000180025095e-35 0.0031655923230573539 0.0024973539402708416 0.0025051285047084097 0.96977725625038158 0.00059112763847224425 0.06480391696095468 0.0058516415301710376 0.087388560175895705 0.002968208747915924 0.031863288953900344 0.128637470304966 0.0037208284484222536 0.53125000000000011 0.77810069918632518 1.0000000180025095e-35 0.038256317377090461 0.01460499642416835 4.2233505249023446 0.72937968373298656 0.41676066815853124 0.99256530404090892 -0.62856152653694142
decision_type=2 2 2 2 2 2 2 2 2 2 2 2 2 2 2 2 2 2 2 2 2 2 2 2 2 2 2 2
left_child=2 5 8 11 19 12 15 -8 9 22 -11 24 17 26 -7 -5 -14 -2 21 20 -4 -10 -1 -15 -3 -20 -6 -16
right_child=1 3 4 6 13 14 7 -9 18 10 -12 -13 16 23 27 -17 -18 -19 25 -21 -22 -23 -24 -25 -26 -27 -28 -29
leaf_value=0.043624940839841003 -0.084884525865710936 -0.010240438634681062 -0.089864211789626863 0.0072012161317214704 -0.031891166352478094 0.07814841644862347 -0.039051403292686096 0.040494328906165222 0.07471700995399258 -0.052299683273282251 0.051551723741201649 0.08743897683419917 -0.091660504138276602 0.043949528324624905 -0.034412256438739443 0.063656543379563349 0.046304944333324605 0.032913630634925403 0.057048160414253368 0.072729057137920175 0.056664864853715725 -0.0030619128856662057 0.087272367409505738 0.081377717351303669 -0.087312377566726912 0.089049428395821389 -0.091199527365120894 -0.092506262188522842
leaf_weight=79.194749757647514 2384.109439830645 10.019853506237267 121.34854602534324 173.46023445948958 10.023071318864824 50.600218886509538 316.68634065752849 149.10117734596133 60.105563569813967 84.139642250491306 129.941272435477 17.921392917633057 24.137651963159442 106.63546782918274 9.2476962748914975 310.88249772321433 42.134191306307912 19.812769656069577 41.961136743426323 6.2004882153123608 7.1239331737160674 37.508540350478142 262.70751067623496 94.470817018300295 218.35828570229933 1889.9525280706584 12.916846636682747 13.107543969526885
leaf_count=176 23065 33 951 502 34 67 1613 220 56 581 259 12 205 158 26 386 119 58 40 9 6 79 239 77 1538 1334 49 54
internal_value=0.000363554 -0.0541454 0.0695923 -0.00236276 0.00241368 -0.0784961 0.0155413 -0.0135562 0.0789083 0.0517257 0.0106819 -0.0712135 -0.0817745 0.0483411 0.0321111 0.0434944 -0.00456065 -0.0839004 0.0863257 -0.0737857 -0.0813641 0.0451022 0.077319 0.0618473 -0.0839903 0.0883842 -0.0677007 -0.0709769
internal_weight=6683.81 3739.58 2944.23 1196.43 358.719 2543.15 950.13 465.788 2585.51 555.983 214.081 246.3 2470.19 224.046 72.9555 484.343 66.2718 2403.92 2029.53 134.673 128.472 97.6141 341.902 201.106 228.378 1931.91 22.9399 22.3552
internal_count=31946 27898 4048 4304 1284 23594 2721 1833 2764 1255 840 1583 23447 318 147 888 324 23123 1509 966 957 135 415 235 1571 1374 83 80
is_linear=0
shrinkage=0.05


Tree=2
num_leaves=31
num_cat=0
split_feature=52 46 45 7 32 2 40 22 5 36 25 37 5 31 31 7 2 34 7 5 52 26 53 3 30 1 2 32 52 30
split_gain=7652.56 1125.66 977.419 503.469 292.276 290.926 267.113 172.843 135.602 130.845 126.632 108.804 83.7204 67.883 64.8878 64.512 68.509 59.1094 52.3779 50.8214 49.4078 49.1806 23.7309 22.9992 21.8472 16.5358 12.5304 12.4896 4.6499 4.47728
threshold=0.8760964870452882 0.000852889963425696 0.0023345252266153698 0.9165293574333192 0.0027532156091183428 0.12147369608283044 0.24842049181461337 1.0000000180025095e-35 0.0031198643846437339 0.00039465933514293289 -0.00084188737673684944 0.049650352448225028 0.0048935799859464177 0.038881113752722747 0.015010809060186149 0.99256530404090892 0.12199999764561655 0.1094135418534279 0.9880739450454713 0.0027141614118590955 0.96638417243957531 -0.092193454504013048 0.037482630461454398 -0.0040247542783617965 0.00434926268644631 0.75575616955757152 0.1342054829001427 0.02007418125867844 0.77681994438171398 0.0029008134733885531
decision_type=2 2 2 2 2 2 2 2 2 2 2 2 2 2 2 2 2 2 2 2 2 2 2 2 2 2 2 2 2 2
left_child=2 6 3 14 8 22 7 13 -5 -6 20 -12 15 -2 17 27 -17 -1 28 26 -7 -9 23 -3 -20 -21 -8 -4 -14 -16
right_child=1 5 12 4 9 10 19 21 -10 -11 11 -13 18 -15 29 16 -18 -19 24 25 -22 -23 -24 -25 -26 -27 -28 -29 -30 -31
leaf_value=-0.054950925186011516 -0.079963947803704749 0.0048744698550374109 0.082913702992644195 -0.010182427494913868 -0.022773433800039499 0.06404486894431019 0.0246734123095298 -0.044673838479765207 -0.07218638919395895 0.062163790592983062 -0.025020531912892809 0.041642368588587025 -0.024598688921724791 -0.0448451433550867 0.084741108541550342 0.018313679635132432 0.068737144872686048 0.049001640930982499 0.0011013767423479672 -0.080428169311143285 0.0025212362289058583 0.064020466238426013 0.027112832745030076 -0.079259165853445168 0.063188784291762237 0.030345977984272399 0.080652345659440475 0.057009295781910732 -0.084436105123179228 0.062956233551423477
leaf_weight=16.916728436946869 2068.7710567747708 8.7309816442430002 1427.1561209782958 161.65254439227283 69.959888065233827 163.44905223511159 17.810204114764929 15.755681024864314 194.01035645976663 125.67339374125004 166.27088546659797 95.53334634937346 7.0384924896061403 152.01204746961594 155.13508823513985 78.583000775426626 510.90140038728714 57.797857981175184 21.074311885982752 9.914051800966261 40.816017172299325 26.790945455431938 5.8570754975080481 97.471634126268327 42.46561046782881 4.2412721514701834 25.967037096619606 57.860351271927357 7.6445006504654884 47.482746200636029
leaf_count=150 21405 55 1218 1005 357 212 76 96 1867 234 934 269 32 1360 129 219 552 104 48 109 171 48 23 981 73 18 27 57 48 85
internal_value=0.000415635 -0.057412 0.0566539 0.0104929 -0.0171553 0.00500888 -0.0729538 -0.0756684 -0.0441125 0.0318283 0.0224211 -0.000629097 0.0744091 -0.0775813 0.0653176 0.0763254 0.0620577 0.02505 0.0232661 0.0325851 0.0518235 0.0236677 -0.0669684 -0.0723615 0.0429324 -0.0474253 0.0589377 0.0819434 -0.0591497 0.0799702
internal_weight=5880.74 2899.39 2981.35 828.629 551.296 578.129 2321.26 2263.33 355.663 195.633 466.069 261.804 2152.72 2220.78 277.332 2074.5 589.484 74.7146 78.2229 57.9326 204.265 42.5466 112.06 106.203 63.5399 14.1553 43.7772 1485.02 14.683 202.618
internal_count=31962 25784 6178 3931 3463 2645 23139 22909 2872 591 1586 1203 2247 22765 468 2046 771 254 201 230 383 144 1059 1036 121 127 103 1275 80 214
is_linear=0
shrinkage=0.05


Tree=3
num_leaves=28
num_cat=0
split_feature=52 46 45 22 52 32 40 0 31 24 30 2 22 40 30 24 6 2 46 2 42 26 31 44 34 29 2
split_gain=6359.1 904.833 739.068 364.908 261.631 215.12 165.983 163.644 152.33 114.175 97.0311 102.861 78.813 78.7617 77.2141 109.742 60.9267 55.6226 52.5692 43.1338 42.5207 37.0511 36.8013 23.4781 9.25937 4.58966 1.99418
threshold=0.8760964870452882 0.00070252153091132652 0.0021746008424088363 1.0000000180025095e-35 0.96638417243957531 0.0027532156091183428 0.25220672786235815 0.90906813740730297 0.022765060886740688 0.09130414575338365 0.0044700899161398419 0.11377789080142976 1.0000000180025095e-35 0.22040656954050067 0.0037529563996940856 0.061387583613395698 0.065936584025621428 0.11981283873319627 0.0031895126448944215 0.14243055880069735 0.96875000000000011 -0.092193454504013048 0.0012356723891571166 2.6284576654434209 0.29452645778656011 -0.32648728787899012 0.14715690910816195
decision_type=2 2 2 2 2 2 2 2 2 2 2 2 2 2 2 2 2 2 2 2 2 2 2 2 2 2 2
left_child=2 6 3 5 10 8 12 14 -1 -7 11 -3 19 -9 20 -16 23 -18 -12 -2 -4 -14 26 -6 -24 -5 -8
right_child=1 4 7 25 16 9 22 13 -10 -11 18 -13 21 -15 15 -17 17 -19 -20 -21 -22 -23 24 -25 -26 -27 -28
leaf_value=-0.054924999658498841 -0.081331644885050014 -0.064407993146053388 0.048631327076351108 0.081396982795821457 -0.074086470140154057 -0.074566383855278806 -0.073230085158558014 -0.086521814328507196 0.020531518882908936 0.047487394607143782 -0.08421856646766708 0.038767805360316293 -0.064778714214015667 0.070087708975855451 -0.084688406018394086 0.050527400438178931 -0.078434115538312532 0.0080606734344942903 0.035478737544933754 -0.065861702254741847 0.075533069303289249 0.051022222530802235 0.01988338436236383 -0.028768192927190274 0.075468219640708961 0.059369072578241033 -0.020282241896467323
leaf_weight=253.2720134370029 1118.1356715071015 25.21826253272593 168.70390044804662 105.90790894627571 113.25339337438345 20.926995526999235 5.5966108776628953 24.379643015563488 90.157216823659837 155.46247071586549 29.471435744315386 321.5030573848635 9.8336807005107421 10.863414034247397 15.668689664453266 157.65009415894747 23.329472381621599 78.117262860760093 12.456417631357906 821.16247307509184 1695.3473816942424 18.108674794435501 13.957675132900478 40.539184467867017 17.940889932215214 51.161858402192593 3.8315436616539955
leaf_count=2588 12780 277 264 91 1196 177 60 214 421 392 317 885 74 14 145 280 279 382 31 8996 1578 38 73 317 22 59 29
internal_value=0.000215936 -0.0550061 0.0534895 0.00811264 -0.00341909 -0.012095 -0.0715334 0.0682979 -0.035114 0.0326681 0.0223925 0.0310998 -0.0736175 -0.0376462 0.0701481 0.0378877 -0.0426561 -0.0124018 -0.0486594 -0.0748185 0.0731257 0.00943859 0.0270699 -0.0624038 0.05249 0.0746429 -0.0557208
internal_weight=5401.96 2652.46 2749.5 676.888 643.888 519.819 2008.57 2072.61 343.429 176.389 388.649 346.721 1967.24 35.2431 2037.37 173.319 255.239 101.447 41.9279 1939.3 1864.05 27.9424 41.3267 153.793 31.8986 157.07 9.42815
internal_count=31979 25756 6223 3728 3684 3578 22072 2495 3009 569 1510 1162 21888 228 2267 425 2174 661 348 21776 1842 112 184 1513 95 150 89
is_linear=0
shrinkage=0.05


Tree=4
num_leaves=31
num_cat=0
split_feature=52 45 46 7 38 31 7 52 52 30 7 45 17 40 36 3 38 31 37 22 5 24 24 30 1 44 36 48 21 30
split_gain=5124.38 823.536 641.543 366.851 243.691 164.601 121.552 110.928 99.9098 99.028 95.5499 108.922 77.1426 70.7542 64.3543 50.1538 44.9336 44.6915 43.1548 34.6601 33.1112 26.3048 23.916 22.2914 35.9541 19.0506 16.1748 10.6703 9.61345 5.6263
threshold=0.89528506994247448 0.0021746008424088363 0.0011697105946950617 0.93085125088691723 0.0022096738684922461 0.034772275015711791 0.9165293574333192 0.96638417243957531 0.70938414335250866 0.0040589666459709415 0.98435905575752269 0.0034769721096381549 0.60833334922790538 0.31186205148696905 0.00035364775976631796 0.0030560600571334366 0.0026924398262053732 0.0050317246932536372 0.068927604705095305 1.0000000180025095e-35 0.0038731930544599895 0.12694765627384189 0.31295092403888708 0.0037399679422378544 0.32735091447830206 3.3874975442886357 0.0010619695531204345 1.2231062054634096 0.48602989315986639 0.003778839018195868
decision_type=2 2 2 2 2 2 2 2 2 2 2 2 2 2 2 2 2 2 2 2 2 2 2 2 2 2 2 2 2 2
left_child=1 3 5 9 12 13 22 15 23 17 20 -12 -5 19 -6 21 -8 -1 25 -2 -10 -4 -7 28 -25 -9 -17 -11 -3 -20
right_child=2 8 7 4 14 6 16 18 10 27 11 -13 -14 -15 -16 26 -18 -19 29 -21 -22 -23 -24 24 -26 -27 -28 -29 -30 -31
leaf_value=0.014201233844363077 -0.07133611169136049 0.048010485272615921 -0.018913003123959816 -0.016409117873864933 -0.029959929552748923 0.062575362662144779 -0.060496592937762675 -0.0612847230488111 0.068895188659065063 -0.076988258449654901 -0.0077346909181603045 0.050993494109225428 -0.067933015243075531 0.036737036219380008 0.048957200952718445 -0.079781604875948667 0.0099047983163898304 0.070645375203575569 0.0091839305191088912 -0.0091303149077996693 0.023946004156799847 0.047999526085904319 -0.0036000276853827523 0.074414775332226013 -0.0027282856281794316 -0.012057990935958851 0.02073488443609987 0.015430842894603381 0.075307782632762527 0.061134851501516735
leaf_weight=44.408190421760082 1778.6501736179926 40.193073250353336 15.568148968741296 112.68118658196181 33.561389634385705 36.899010706692934 113.31352572143078 54.815759509801865 415.44012397527695 14.7555128345266 125.03498527500778 212.12766422890127 207.6084530535154 14.928718803450463 103.50855026952922 10.942461460828783 27.949518485926092 176.85724898613989 10.929699491709473 22.99752838909626 46.973857901990414 167.40672614984214 21.178848659619689 35.022695049643517 25.891777977347374 31.237704578787088 5.4978752285242072 3.5235432982444754 1070.8440822549164 9.7504973560571653
leaf_count=195 21299 54 93 826 258 79 1348 585 482 173 509 330 2544 58 234 101 159 223 63 128 138 382 163 34 84 214 18 19 992 24
internal_value=-0.00037431 0.0468813 -0.0546756 0.000158528 -0.0260839 -0.0649131 -0.0216488 0.0127282 0.0633887 0.0501631 0.0496302 0.029256 -0.0499139 -0.0696462 0.0295574 0.0346882 -0.0465957 0.0594318 -0.0282417 -0.0705476 0.0643906 0.0422345 0.0387912 0.0727252 0.0421105 -0.043759 -0.046906 -0.0592969 0.0743643 0.0353683
internal_weight=4990.5 2668.43 2322.07 696.904 457.36 2015.92 199.341 306.149 1971.53 239.544 799.577 337.163 320.29 1816.58 137.07 199.415 141.263 221.265 106.734 1801.65 462.414 182.975 58.0779 1171.95 60.9145 86.0535 16.4403 18.2791 1111.04 20.6802
internal_count=31809 7095 24714 4472 3862 23234 1749 1480 2623 610 1459 839 3370 21485 492 594 1507 418 886 21427 620 475 242 1164 118 799 119 192 1046 87
is_linear=0
shrinkage=0.05


Tree=5
num_leaves=25
num_cat=0
split_feature=52 45 46 22 0 2 39 5 36 22 45 36 31 40 2 2 36 3 0 3 9 3 52 5
split_gain=4414.76 704.082 553.409 285.072 214.136 185.083 162.206 145.488 132.607 104.863 98.4681 87.8309 86.6989 70.361 54.6498 34.2912 32.2535 31.4373 24.2506 19.6215 18.8644 13.9497 10.0857 7.28591
threshold=0.89699381589889537 0.001966372132301331 0.00071218714583665143 1.0000000180025095e-35 0.91543772816658031 0.12046078965067865 0.0026653243694454436 0.0037160876672714953 0.00050041946815326821 1.0000000180025095e-35 0.0026594692608341579 0.00054183386964723479 0.042120410129427917 0.26409988105297094 0.10669768974184991 0.11051005497574808 0.0013724858290515842 0.0029522485565394167 0.34646518528461462 3.639802162069828e-05 0.0024321840610355143 -0.0040247542783617965 0.90098038315773021 0.0029497597133740787
decision_type=2 2 2 2 2 2 2 2 2 2 2 2 2 2 2 2 2 2 2 2 2 2 2 2
left_child=1 3 9 6 7 21 8 14 -1 13 12 -9 -7 18 -3 -8 -6 -12 -2 -15 -11 -4 -23 -5
right_child=2 4 5 23 16 10 15 11 -10 20 17 -13 -14 19 -16 -17 -18 -19 -20 -21 -22 22 -24 -25
leaf_value=-0.053484460270787182 -0.060761887340197912 0.0081303971685244749 -0.003776339889922146 0.07370121318721494 -0.080329279542570575 -0.031743847425965262 -0.053157181352966466 -0.022462591665882898 0.010184866599669782 -0.030927738496253618 0.043340133598328778 0.043398845546698706 0.04658617289316383 -0.04355245082953127 0.067738231416840947 0.054666112516808155 0.060948610340645429 -0.02681943748352375 -0.073761742925472426 0.051339702758423506 0.050068690438193703 0.0086688337558787302 -0.075010314627343352 0.045674069445347742
leaf_weight=273.54292512964457 619.78106329403818 39.680354605428874 8.3786221109330636 78.704065799713135 30.71874275803566 153.51280157640576 7.4199796058237544 68.687105719931424 116.0715670036152 9.80972425080836 167.16956597194076 186.04150456190109 44.849285375326872 7.3519362369552281 1628.6995776062831 70.93782215192914 3.8869045972824088 16.975507959723473 1025.3807167857885 15.009775262326 21.259308151900768 3.5508899539709082 86.641349623911083 43.117093965411186
leaf_count=3196 7674 173 72 77 353 1357 72 373 627 68 407 334 138 78 1790 168 5 130 13494 50 47 21 1212 60
internal_value=-0.000383457 0.0443038 -0.0526084 -0.00358357 0.0587251 -0.00525322 -0.021337 0.0609507 -0.034539 -0.0660094 0.0105279 0.025621 -0.0138887 -0.0677061 0.0663263 0.0439148 -0.0631949 0.0367625 -0.0689042 0.0196129 0.024328 -0.0659829 -0.0716569 0.064234
internal_weight=4727.18 2547.51 2179.67 589.793 1957.71 481.078 467.972 1923.11 389.614 1698.59 382.507 254.729 198.362 1667.52 1668.38 78.3578 34.6056 184.145 1645.16 22.3617 31.069 98.5709 90.1922 121.821
internal_count=31976 7228 24748 4200 3028 3337 4063 2670 3823 21411 2032 707 1495 21296 1963 240 358 537 21168 128 115 1305 1233 137
is_linear=0
shrinkage=0.05


Tree=6
num_leaves=29
num_cat=0
split_feature=52 46 45 40 52 7 40 6 6 51 30 45 30 5 29 42 2 2 5 17 5 2 13 3 7 30 29 34
split_gain=3827.12 674.636 408.456 252.504 148.796 115.135 94.0701 91.519 86.2517 79.0295 71.524 63.4759 56.9345 55.0906 53.2421 49.199 47.3951 36.4579 35.2687 45.8359 24.7932 21.5695 18.5663 18.6379 17.9815 13.5153 12.3012 10.8126
threshold=0.86402156949043285 0.00068412206019274901 0.0025051285047084097 0.15201202780008319 0.99166667461395275 0.91954767704010021 0.25220672786235815 0.044769808650016792 -0.0029955791542306538 0.06480391696095468 0.0034129641717299823 0.0033727566478773956 0.0045006712898612031 0.0048935799859464177 -0.3611097633838653 0.96875000000000011 0.12224537134170534 0.14243055880069735 0.0039751005824655303 0.15833333879709247 0.0030594689305871729 0.1251945495605469 0.03212388418614865 -3.0384333513211456e-05 0.96977725625038158 0.005008216481655837 -0.50950810313224781 0.44090683758258825
decision_type=2 2 2 2 2 2 2 2 2 2 2 2 2 2 2 2 2 2 2 2 2 2 2 2 2 2 2 2
left_child=2 6 3 5 7 10 9 11 -7 17 -1 -3 -9 15 -15 16 -4 -2 24 -20 -17 -8 23 -6 -5 -16 -23 -24
right_child=1 4 13 18 22 8 21 12 -10 -11 -12 -13 -14 14 25 20 -18 -19 19 -21 -22 26 27 -25 -26 -27 -28 -29
leaf_value=0.061565123894304234 -0.070959982875705069 -0.031463118440544426 -0.01777537202458903 0.065181827038271897 -0.0019594858506502117 -0.066422049207444975 -0.063555456934696372 0.039500209103149636 -0.0084213226691801073 0.071834037454719044 -0.039667135743056248 0.027535015708569751 -0.048068755957340385 -0.072909017683465124 0.01298362442397199 0.069125009322719921 0.050184102707411415 -0.055487326510877712 0.06840825911798902 -0.065308132608167577 0.051701505424879501 0.067550924702942772 -0.065408367984675753 -0.058709746426117475 0.034543674419015381 0.064976628763192032 0.00075935595753423048 0.013032036424498437
leaf_weight=65.374853372573853 936.06159084942192 135.33005094714463 33.029605796560645 165.08645132184029 37.832469166256487 101.90286822989583 5.2341219224035731 242.26633490249515 170.89068233687431 9.931410934776066 22.890934177674353 67.585703641176224 19.25969697535038 12.750427432358263 26.91138474829495 1084.5037301387638 107.52955659106374 690.98422327730805 10.373830161988735 13.69603112898767 272.36003721319139 15.48402474820614 75.317655591294169 22.499019021168351 73.044204967096448 23.410927365534008 11.888054259121416 4.3404107987880698
leaf_count=110 12891 1197 144 224 317 1256 74 776 1336 10 181 236 206 81 72 1173 135 9204 11 149 409 24 977 280 221 34 88 27
internal_value=-0.000113782 -0.0455036 0.0471513 0.0129081 -0.000237149 -0.0142073 -0.0618813 0.0133945 -0.0302511 -0.063557 0.0351612 -0.0117738 0.0328928 0.060811 0.0147645 0.0627394 0.0342017 -0.0644271 0.050159 -0.007248 0.0656683 0.0216354 -0.0452369 -0.0237352 0.0559676 0.0379665 0.0395917 -0.0610257
internal_weight=4457.77 2274.01 2183.76 623.26 604.431 361.059 1669.58 464.442 272.794 1636.98 88.2658 202.916 261.526 1560.5 63.0727 1497.42 140.559 1627.05 262.201 24.0699 1356.86 32.6062 139.99 60.3315 238.131 50.3223 27.3721 79.6581
internal_count=31843 26307 5536 3488 4016 2883 22291 2415 2592 22105 291 1433 982 2048 187 1861 279 22095 605 160 1582 186 1601 597 445 106 112 1004
is_linear=0
shrinkage=0.05


Tree=7
num_leaves=25
num_cat=0
split_feature=52 46 45 2 25 0 22 24 52 6 40 24 52 24 32 6 51 2 0 24 1 49 40 4
split_gain=3274.89 679.365 277.014 174.849 173.385 157.32 143.617 104.695 92.8754 74.7579 65.7546 64.312 62.1508 70.2392 50.7859 45.3919 43.5386 38.8189 33.6868 18.4844 18.0818 17.0709 7.98007 3.88213
threshold=0.84952831268310558 0.00070252153091132652 0.0017056974465958776 0.11981283873319627 -1.0000000180025095e-35 0.91543772816658031 1.0000000180025095e-35 0.309195026755333 0.94618725776672374 0.021201548166573051 0.29660856723785406 0.10399341955780984 0.728990137577057 0.10399341955780984 0.0021633767755702142 -0.4033179879188537 0.06480391696095468 0.14243055880069735 0.36049813032150274 0.10064480453729631 0.13113623857498172 0.0010742876911535861 0.27275286614894872 0.0010695942328311505
decision_type=2 2 2 2 2 2 2 2 2 2 2 2 2 2 2 2 2 2 2 2 2 2 2 2
left_child=2 6 4 16 7 12 10 20 11 -10 17 -5 19 -14 -9 -6 22 -2 -17 -4 -1 -8 -3 -7
right_child=1 3 5 8 15 23 21 14 9 -11 -12 -13 13 -15 -16 18 -18 -19 -20 -21 -22 -23 -24 -25
leaf_value=-0.0041100460924301764 -0.068674983682864829 -0.068007548318204714 0.049816442497976579 -0.033109735941746633 0.031991958247977188 -0.077593751439025638 -0.018679943910406137 -0.06662880954205351 -0.046275830306919438 0.014244840808557173 0.048167075729073548 0.040682663686063492 -0.00010706985891439081 0.050352286134530036 0.023700583001428608 -0.0045582936672442361 0.061758915918936265 -0.052514190183391346 -0.073215525953992971 0.066845817163266208 0.061265004842832399 0.052197789483262792 -0.013764923550213269 -0.013535954722123414
leaf_weight=11.398136874660848 897.87771971337497 90.473323003388941 213.9483985081315 32.358180403709412 15.943004677072166 20.829182563349608 11.099936768412588 30.78256672155112 85.127018487080932 124.37946538347751 13.03091077134013 271.71769552305341 81.679088578559458 441.9511099839583 29.723791267722845 23.43868438154459 6.6411663293838492 676.07865979988128 76.061138113029301 893.01433740090579 126.88610740378499 30.06739965826273 7.947934463620185 3.1862536855041972
leaf_count=98 13300 1357 339 229 76 241 72 395 901 662 44 761 307 823 96 208 7 9445 1037 1042 267 78 79 32
internal_value=-0.000260887 -0.0415057 0.046804 0.00309642 0.00375307 0.0549728 -0.0584445 0.0320061 0.0151401 -0.010449 -0.0608385 0.0327473 0.0568548 0.0424961 -0.0225906 -0.0447553 -0.0553649 -0.061771 -0.0572486 0.0636024 0.0558856 0.0330973 -0.0638097 -0.0699757
internal_weight=4215.64 2246.8 1968.84 618.645 314.233 1654.61 1628.15 198.791 513.582 209.506 1586.99 304.076 1630.59 523.63 60.5064 115.443 105.062 1573.96 99.4998 1106.96 138.284 41.1673 98.4213 24.0154
internal_count=31896 26935 4961 3996 2177 2784 22939 856 2553 1563 22789 990 2511 1130 491 1321 1443 22745 1245 1381 365 150 1436 273
is_linear=0
shrinkage=0.05


Tree=8
num_leaves=27
num_cat=0
split_feature=45 52 52 22 38 0 5 6 46 5 2 24 2 2 37 29 17 31 7 1 51 36 19 2 43 40
split_gain=2855.81 662.877 308.851 249.911 142.965 123.269 80.5438 77.4242 76.3942 66.7969 64.2956 61.8933 59.6927 45.1805 45.1492 35.3278 27.7786 27.3148 24.4 18.2855 15.0353 13.7605 6.73538 6.50315 2.44994 1.84089
threshold=0.0023345252266153698 0.77681994438171398 0.94570022821426403 1.0000000180025095e-35 0.0052005730103701362 0.91543772816658031 0.0039616876747459182 0.43173274397850042 0.00072192086372524511 0.0042243765201419601 0.128637470304966 0.094354975968599333 0.13516777008771899 0.10773930698633195 0.025323080830276016 0.033446189016103751 0.30833333730697637 0.022765060886740688 0.74695953726768505 0.19771870225667956 0.042440153658390052 0.00084275510744191717 0.075476944446563735 0.10051277279853822 0.0055299203377217063 0.1819427311420441
decision_type=2 2 2 2 2 2 2 2 2 2 2 2 2 2 2 2 2 2 2 2 2 2 2 2 2 2
left_child=1 9 5 4 8 6 14 12 -3 13 -6 -8 24 23 -2 25 -11 -15 -17 -14 -18 -7 -9 -1 -4 -5
right_child=2 3 7 15 10 21 11 22 -10 16 -12 -13 19 17 -16 18 20 -19 -20 -21 -22 -23 -24 -25 -26 -27
leaf_value=-0.073907954809314433 0.038626633345637124 -0.06046041595543597 -0.069574149751558761 0.045323082116480805 -0.064474379488895492 -0.070969758722960005 -0.037307293868439707 0.021757990146286908 -0.026822895472171551 0.063226433127471088 0.026051872236680762 0.036823455033419085 0.048351143497948029 0.027943492500583297 0.062491039782009122 0.026297328358234496 -0.06252659866285494 0.062425174056652266 -0.076980946944540191 -0.016008073267660235 0.041945591131275613 0.033083642676080445 0.068670652224513934 0.0010232398022920316 -0.034229178341007742 0.069173529435602482
leaf_weight=7.8847509957849962 245.76540607586503 1524.5580101185478 67.039970870129764 25.081603428348899 25.040986083447933 21.352970999665562 33.770012510940433 15.88468826562166 192.39019980747253 5.635539583861827 78.504739086143672 149.74357776343822 15.181780273094772 110.79490652028471 1182.1561084203422 13.651516038924457 26.714438658207659 125.00078591704369 8.4330840855836851 33.755975041538477 3.2278043590486041 3.1020118966698638 16.651688758283854 4.2554673012346029 8.5228687226772291 30.015423081815243
leaf_count=84 437 23333 1032 62 351 305 247 68 1918 7 400 351 39 472 1522 43 398 197 88 237 16 15 20 29 99 33
internal_value=-0.00045904 -0.0388793 0.0462768 -0.0495315 -0.0532699 0.0527045 0.0544035 -0.0205915 -0.056709 0.0323439 0.00375215 0.0230537 -0.0385158 0.0415299 0.0584135 0.0382017 -0.0310574 0.0464095 -0.0147662 0.00452626 -0.0502728 -0.0569898 0.047099 -0.0495636 -0.0660867 0.0593177
internal_weight=3974.12 2181.19 1792.93 1897.68 1820.49 1635.89 1611.44 157.037 1716.95 283.514 103.546 183.514 124.501 247.936 1427.92 77.1816 35.5778 235.796 22.0846 48.9378 29.9422 24.455 32.5364 12.1402 75.5628 55.097
internal_count=31803 27431 4372 26228 26002 2877 2557 1495 25251 1203 751 598 1407 782 1959 226 421 669 131 276 414 320 88 113 1131 95
is_linear=0
shrinkage=0.05


Tree=9
num_leaves=26
num_cat=0
split_feature=52 45 45 22 31 2 5 24 24 36 46 31 2 24 52 52 0 5 2 37 25 45 2 24 5
split_gain=2563.15 475.757 272.691 167.731 123.769 118.826 102.525 95.5398 93.6191 64.5398 55.2829 53.7391 98.7604 65.2104 59.6356 43.4467 33.5797 32.9892 26.2306 25.9271 12.4497 16.021 11.4808 4.72182 1.30423
threshold=0.86402156949043285 0.0027738856151700024 0.0022321223514154558 1.0000000180025095e-35 0.042120410129427917 0.11136212572455408 0.003499650396406651 0.30491694808006292 0.36609348654747015 0.00053025805391371261 0.00092930614482611429 0.033558145165443427 0.12072315439581872 0.10399341955780984 0.71964913606643688 0.99166667461395275 0.40783654153347021 0.005232125287875534 0.13086953014135363 0.067676059901714339 0.00025177827046718454 0.0055435129906982192 0.16034690290689471 0.35625863075256353 0.0030203060014173393
decision_type=2 2 2 2 2 2 2 2 2 2 2 2 2 2 2 2 2 2 2 2 2 2 2 2 2
left_child=2 4 3 6 10 -3 7 -1 15 -8 16 12 14 -14 -4 -6 -2 18 -7 -12 23 -22 -19 -13 -5
right_child=1 5 11 24 8 17 9 -9 -10 -11 19 20 13 -15 -16 -17 -18 22 -20 -21 21 -23 -24 -25 -26
leaf_value=0.038707915571441251 -0.049083999747606188 -0.065119300123306537 0.022526717643887157 0.065750851533792204 0.038068598338143529 0.0077940362807643986 -0.062031735271158399 -0.027895390555819397 -0.06710175067070985 0.023555086484617627 -0.032223245243948068 0.06389301409760971 0.0040043539971653932 0.055102129813449578 -0.078980724991551579 -0.037013152765302378 -0.065055225824676807 -0.070363340016239465 0.046545679873283639 0.030905536478534071 0.0064501609979989438 0.062118928336871805 0.023462423658646776 0.042297506511999462 0.048774285183258242
leaf_weight=133.22297575231642 609.02208073530346 35.142672794871032 33.214637294411659 79.53837301209569 76.540937371551991 59.273940132930875 101.77060904586688 89.001803520601243 43.864963013678789 27.458372322842479 96.846017861738801 712.26842676009983 72.800182729959488 444.7415062058717 24.197718163020909 24.757157368585467 779.09674721304327 9.3052204474806768 169.86751902475953 18.677965758368373 24.470649272203445 27.015457257628441 4.1751228794455519 34.479615250602365 33.573385329917073
leaf_count=517 9593 622 86 102 370 297 1600 833 748 155 980 903 244 665 176 342 12839 107 406 103 69 38 16 101 58
internal_value=-0.000585686 -0.0408716 0.0416464 0.0085099 -0.0510657 0.0196067 -0.00856806 0.0120276 -0.00692375 -0.0438051 -0.0553197 0.0528425 0.0410405 0.047936 -0.0208756 0.0195363 -0.0580884 0.0320958 0.0365989 -0.0218389 0.0612814 0.0362873 -0.0416902 0.0629538 0.0611835
internal_weight=3764.32 1926.57 1837.75 464.566 1648.81 277.764 351.454 222.225 145.163 129.229 1503.64 1373.19 574.954 517.542 57.4124 101.298 1388.12 242.622 229.141 115.524 798.234 51.4861 13.4803 746.748 113.112
internal_count=31970 26423 5547 3265 24975 1448 3105 1350 1460 1755 23515 2282 1171 909 262 712 22432 826 703 1083 1111 107 123 1004 160
is_linear=0
shrinkage=0.05


Tree=10
num_leaves=30
num_cat=0
split_feature=52 38 52 44 2 22 50 2 24 22 31 30 25 0 20 6 24 0 5 2 22 53 17 44 33 36 36 3 0
split_gain=2210.94 331.17 248.965 176.558 123.401 115.781 130.894 75.6523 73.5242 70.4331 63.6396 59.8257 58.9772 51.3443 47.0283 42.6152 42.569 46.2451 20.2953 19.468 34.5183 17.5427 16.385 11.5685 9.24339 8.59576 7.61159 6.51551 4.07928
threshold=0.86402156949043285 0.0032518398948013787 0.74788135290145885 2.3652302026748662 0.12330029159784318 1.0000000180025095e-35 0.00073879517731256794 0.12046078965067865 0.070523668080568327 1.0000000180025095e-35 0.038881113752722747 0.0044700899161398419 0.0001057120243785903 0.5242542326450349 0.97224143147468578 0.10192713513970376 0.15853196382522586 0.40783654153347021 0.0028164195828139786 0.10825660452246667 1.0000000180025095e-35 0.084863353520631804 0.15833333879709247 1.635964632034302 0.0044417965691536674 0.00077895945287309598 0.00063084435532800864 0.00047301307495217776 0.33412870764732366
decision_type=2 2 2 2 2 2 2 2 2 2 2 2 2 2 2 2 2 2 2 2 2 2 2 2 2 2 2 2 2
left_child=2 3 12 9 24 6 10 21 -8 14 -4 15 19 -9 -2 -6 17 -14 -11 20 -1 -5 -13 -21 -3 -26 -18 -7 -29
right_child=1 4 5 7 11 27 8 13 -10 18 -12 22 16 -15 -16 -17 26 -19 -20 23 -22 -23 -24 -25 25 -27 -28 28 -30
leaf_value=-0.047384338301270118 -0.024883803425956426 -0.066112658541754576 -0.04244259838724318 -0.062156081873345842 0.0088713165197258047 0.0617140193980589 -0.073240544861792725 0.045760360723660257 0.032722718542147547 0.055125295057439377 0.023696587569495102 0.017556593358943134 0.041012125167512577 -0.034659095105579941 -0.058145263369638205 0.053290824614491555 0.015943241058214798 -0.04589555991142772 -0.030290646339546014 0.04831289002147951 0.059814374605215229 0.050485791385533732 -0.062134721845335278 0.062735677910111573 -0.054430036898884399 0.039317580603221783 0.058864201114102871 0.053935816849945806 0.020949694524479579
leaf_weight=11.49978535436094 118.54140388267115 47.423110386356711 157.73763404833153 38.093048917129636 99.044263007119298 97.92803774215281 16.590938352048397 80.45339005254209 247.85645233094692 17.841258563101295 46.467577703297138 8.409609781578185 26.053237427026033 25.427707694470882 1238.9232396115549 118.97280489839613 14.101119738072155 34.301936394535005 10.216817514970897 195.97937004454434 17.978558581322432 3.0516233444213858 22.260450035333633 753.83648422500119 3.7337271496653548 4.0765611659735441 50.10714777559042 17.672716289758682 23.229337066411972
leaf_count=97 1428 848 2075 656 607 140 145 263 755 43 206 52 78 237 21519 279 97 312 81 413 26 4 326 1037 65 18 73 24 57
internal_value=-0.00057155 -0.038664 0.0403048 -0.0481142 0.00899072 0.0145648 0.00264551 0.00395914 0.0258239 -0.0536388 -0.0273503 0.0240337 0.0544443 0.0263038 -0.0552611 0.0332439 0.0218093 -0.00832353 0.0240506 0.0585689 0.0178125 -0.052802 -0.0404193 0.0598137 -0.0579627 -0.00658989 0.0498272 0.0544945 0.0361492
internal_weight=3547.81 1836.47 1711.34 1532.55 303.921 607.483 468.653 147.026 264.447 1385.52 204.205 248.687 1103.86 105.881 1357.46 218.017 124.563 60.3552 28.0581 979.294 29.4783 41.1447 30.6701 949.816 55.2334 7.81029 64.2083 138.83 40.9021
internal_count=31961 26426 5535 24231 2195 3402 3181 1160 900 23071 2281 1264 2133 500 22947 886 560 390 124 1573 123 660 378 1450 931 83 170 221 81
is_linear=0
shrinkage=0.05


Tree=11
num_leaves=29
num_cat=0
split_feature=52 45 46 22 38 6 7 2 22 30 46 2 5 24 24 38 6 1 7 2 4 52 29 0 45 53 5 32
split_gain=2083.64 373.074 279.29 180.576 123.403 96.6255 68.1772 64.2642 53.3754 44.7255 43.1967 40.9813 40.799 41.4078 39.7836 30.7324 29.3745 28.5674 27.5366 43.9672 22.7279 16.2617 15.1621 11.8543 9.75044 7.50318 6.17118 3.9178
threshold=0.89699381589889537 0.0025051285047084097 0.00070252153091132652 1.0000000180025095e-35 0.0022927459795027976 0.031863288953900344 0.96901842951774608 0.12046078965067865 1.0000000180025095e-35 0.004454393172636629 0.0024973539402708416 0.13581342250108722 0.0038731930544599895 0.11435057595372201 0.11435057595372201 0.003034093882888556 0.0044717714190483102 0.48282122611999517 0.99256530404090892 0.12224537134170534 -0.0031040420290082689 0.93405798077583324 -0.12457648664712904 0.42501328885555273 0.0046606811229139575 0.037482630461454398 0.0030401619151234631 0.02007418125867844
decision_type=2 2 2 2 2 2 2 2 2 2 2 2 2 2 2 2 2 2 2 2 2 2 2 2 2 2 2 2
left_child=1 3 8 4 6 10 -1 25 15 -9 20 -12 18 17 -6 21 -17 -14 27 -20 -4 -2 -10 -24 -15 -7 -5 -3
right_child=2 12 5 26 14 7 -8 9 22 -11 11 -13 13 24 -16 16 -18 -19 19 -21 -22 -23 23 -25 -26 -27 -28 -29
leaf_value=0.0071319166311320766 -0.04323376850282596 0.060843304480538256 0.017628771490964479 0.062812754561205844 -0.025990166177724108 -0.059397592790420929 -0.041663373375156333 0.034646524886339063 0.052757661786133142 -0.049585968855425211 -0.056803921132748673 0.046533695486229196 -0.067885755557971883 0.020564239703715098 0.038758954724257347 -0.061494686146511171 0.016129318758248041 0.024305105496584326 -0.0067698941297543516 0.049306340730158271 -0.058122561759323947 -0.060936982241935569 0.025658750520041042 -0.071037842229943193 0.052195826412906821 0.027565067475168317 0.036149704126299136 0.038269334607549992
leaf_weight=102.84227491077036 164.81703535281122 751.10665248613805 10.49911167193204 96.822230324149132 28.329381074756384 26.522772233933214 232.57703014928848 171.60546450223774 13.068019557744266 16.466990165412426 14.041715890169142 25.553072642534971 16.293149083852771 40.579922653734684 127.96905869990587 20.198308126069605 27.934741982258856 15.584769337438045 39.688446030020714 278.81114235240966 102.70168752036989 921.42230590432882 5.5008081085979921 5.4095192337408662 68.419525198638439 2.152394898235797 34.594812793657184 26.260426584631205
leaf_count=827 2861 1138 87 144 266 524 3357 630 21 231 229 64 139 113 407 396 250 74 204 441 1620 17635 24 72 113 11 64 43
internal_value=0.000315772 0.0358482 -0.0429324 0.00428857 -0.00964971 -0.00506645 -0.0267256 0.0163775 -0.0549978 0.0270482 -0.0353944 0.00938998 0.0517332 0.0261325 0.0269324 -0.0565589 -0.017033 -0.0234463 0.0549975 0.0423193 -0.051004 -0.0582931 0.0181629 -0.024224 0.0407136 -0.0521611 0.0561199 0.0601309
internal_weight=3387.77 1859.88 1527.89 623.135 491.718 369.543 335.419 216.748 1158.35 188.072 152.796 39.5948 1236.74 140.877 156.298 1134.37 48.1331 31.8779 1095.87 318.5 113.201 1086.24 23.9783 10.9103 108.999 28.6752 131.417 777.367
internal_count=31985 7330 24655 5065 4857 3396 4184 1396 21259 861 2000 293 2265 439 673 21142 646 213 1826 645 1707 20496 117 96 226 535 208 1181
is_linear=0
shrinkage=0.05


Tree=12
num_leaves=31
num_cat=0
split_feature=45 52 52 25 32 24 32 24 31 52 45 7 46 46 4 4 41 1 24 34 36 30 36 4 17 5 4 42 31 24
split_gain=1812.15 404.354 192.278 104.539 103.345 86.7727 86.9347 53.5239 52.4007 49.1092 39.1062 44.2351 38.3824 32.4553 30.0137 27.2386 25.4631 25.1482 24.4314 23.201 21.737 16.8974 30.8042 14.8748 14.2767 11.6692 11.1312 8.65393 7.51195 6.21785
threshold=0.0023345252266153698 0.85053193569183361 0.94494947791099559 1.0000000180025095e-35 0.0028798455605283384 0.30491694808006292 0.0027532156091183428 0.19659981131553653 0.033558145165443427 0.7589399814605714 0.0042359046638011941 0.95584684610366832 0.00048886719741858553 0.000852889963425696 -0.00068580920924432565 -0.0033287173137068744 0.0032995352521538739 0.12119881063699724 0.36494031548500067 0.099651191383600249 0.00054183386964723479 0.0037529563996940856 0.0006665269029326738 -0.002945872256532311 0.32500000298023229 0.0050664418376982221 -0.0038553237682208415 0.53125000000000011 0.036094171926379211 0.32191513478755956
decision_type=2 2 2 2 2 2 2 2 2 2 2 2 2 2 2 2 2 2 2 2 2 2 2 2 2 2 2 2 2 2
left_child=1 3 9 5 13 17 -7 26 19 21 11 -11 -9 15 20 -3 -16 -1 -10 -6 29 27 -23 -15 -18 -12 -5 -2 -22 -4
right_child=2 4 14 7 8 6 -8 12 18 10 25 -13 -14 23 16 -17 24 -19 -20 -21 28 22 -24 -25 -26 -27 -28 -29 -30 -31
leaf_value=-0.028195737671256556 0.031310358872917908 -0.014185196317379115 0.0060427469522781711 0.031941869270465481 0.032097068311150646 -0.058195686719299568 0.030797588600454909 -0.040956362421498832 0.040387399866523122 0.045856048986079562 0.053186022799120852 0.0032263819228745502 0.041349539978157962 0.049216027158049291 -0.04912601653925134 -0.056649198076823372 -0.036685548237936599 0.049642120002508193 -0.05746255303302205 -0.03627517309791646 -0.045123954895261623 -0.027902362556973426 0.053109341111031695 -0.024871599079569599 0.045722536645253747 0.012630822438693954 -0.061838811693947608 0.05839337665475855 0.018571678801832144 0.056655423820807849
leaf_weight=10.394432403147219 34.611198285594583 39.995274276472628 8.8212152980268019 2.7302243374288073 12.969273241236804 50.447041451931 57.880944166332483 23.301684110425413 47.46784963272512 103.91347818262875 212.36567051149905 145.29240064974874 33.000793976709247 7.0347235761582843 62.850409342907369 1042.9810813595541 7.6096865665167597 178.02592753060162 6.4517672695219508 127.10215194895864 13.170264704152943 16.684917967766523 34.842277994379401 43.634748129639775 12.689289933070539 20.141168145462871 68.106149993371218 727.47345949243754 6.198821958154439 20.468019394204021
leaf_count=135 77 575 65 13 95 746 163 387 223 249 386 782 144 30 1021 20868 96 482 122 1955 150 77 75 540 57 91 1099 1167 43 60
internal_value=0.000138341 -0.0339308 0.041946 0.0085709 -0.0474969 0.024804 -0.0107987 -0.0292158 -0.0136892 0.0477976 0.0350064 0.0211143 0.00716563 -0.053265 -0.0154867 -0.0550955 -0.033591 0.0452219 0.027846 -0.0297619 0.015504 0.0553185 0.0268453 -0.0138322 0.0145574 0.049742 -0.0578299 0.057206 -0.024828 0.0421149
internal_weight=3178.66 1751.52 1427.13 423.887 1327.64 296.748 108.328 127.139 193.991 1295.32 481.713 249.206 56.3025 1133.65 131.808 1082.98 83.1494 188.42 53.9196 140.071 48.6583 813.612 51.5272 50.6695 20.299 232.507 70.8364 762.085 19.3691 29.2892
internal_count=31973 27577 4396 3169 24408 1526 909 1643 2395 2904 1508 1031 531 22013 1492 21443 1174 617 345 2050 318 1396 152 570 153 477 1112 1244 193 125
is_linear=0
shrinkage=0.05


Tree=13
num_leaves=28
num_cat=0
split_feature=52 45 46 22 0 31 2 2 6 38 25 30 46 22 24 0 42 19 6 29 0 37 37 24 3 25 2
split_gain=1590.97 349.551 191.775 173.769 145.032 76.9793 69.4734 63.3171 53.3184 51.1696 50.5015 37.6822 34.4715 28.4438 28.2097 45.2344 27.7545 26.1733 23.819 15.4708 13.0956 10.433 8.66182 6.38622 6.34541 4.4819 3.74808
threshold=0.91403940320014965 0.0026059532538056378 0.00068412206019274901 1.0000000180025095e-35 0.37992922961711889 0.020540537312626842 0.1426937207579613 0.11981283873319627 0.021201548166573051 0.0058516415301710376 -5.3832012781640508e-05 0.004454393172636629 0.0029320331523194913 1.0000000180025095e-35 0.11834894493222238 0.43168073892593389 0.90625000000000011 0.048783421516418464 0.024302858859300617 -0.12457648664712904 0.34387411177158361 0.024922599084675316 0.025121258571743969 0.21459157764911654 -0.00031494886206928635 -0.00039753111195750529 0.14375565946102145
decision_type=2 2 2 2 2 2 2 2 2 2 2 2 2 2 2 2 2 2 2 2 2 2 2 2 2 2 2
left_child=1 3 9 4 6 -6 -1 23 12 13 16 -10 -9 20 15 -12 17 -3 -11 -15 -2 -18 -16 24 -4 -5 -20
right_child=2 10 7 25 5 -7 -8 8 11 18 14 -13 -14 19 22 -17 21 -19 26 -21 -22 -23 -24 -25 -26 -27 -28
leaf_value=-0.010683235947412918 -0.048636498885884727 0.04313989666975844 0.038457095165219723 0.059189588042000751 -0.051358364647666757 0.0038472545122502201 0.043926479643603938 -0.042343796252283378 0.028073121742508835 -0.055702384217331362 0.041147202315200214 -0.054123739884665026 0.037982368906529999 0.059737394357342481 0.015726745704853651 -0.053327808147276438 0.040969067850176281 -0.017530281612559394 0.013513211730981474 -0.034183674103882469 -0.061561138569554197 0.058840236975695293 0.043982542297856433 -0.06091320825479099 -0.048325822750693005 0.03243897339494816 0.060355847300823329
leaf_weight=107.28288803528994 342.68296120828018 62.580256687942892 3.1077907364815474 103.02904302999377 199.64891209453344 91.952336203306913 125.57365486212075 72.843973213806748 143.94958240771666 7.7162569193169501 23.587841866537929 14.501264123246072 15.484892453998325 7.2969982251524916 39.056077152490616 25.167243514209986 104.62448790110648 24.035024303942919 7.5607799720019129 8.3520957231521589 575.19235781673342 692.66479014884681 100.96797108277678 50.683623189572245 3.3472893927246323 23.424755519255996 11.546409755945204
leaf_count=1159 7224 180 19 177 3369 773 663 1085 637 168 64 253 62 12 105 195 199 112 76 76 12644 1212 210 1171 77 65 29
internal_value=-0.000170905 0.03107 -0.0427531 0.00215594 -0.0105513 -0.0339964 0.0188283 -0.00810324 0.00294416 -0.0536988 0.048597 0.0202583 -0.0279943 -0.0556547 0.0249292 -0.00771219 0.0536179 0.0262965 0.0139241 0.0105683 -0.056794 0.0565493 0.0362687 -0.0550464 -0.00699022 0.0545276 0.043414
internal_weight=2987.86 1723.6 1264.27 650.912 524.458 291.601 232.857 303.918 246.78 960.348 1072.68 158.451 88.3289 933.524 188.779 48.7551 883.905 86.6153 26.8234 15.6491 917.875 797.289 140.024 57.1387 6.45508 126.454 19.1072
internal_count=32016 8483 23533 6206 5964 4142 1822 3304 2037 20229 2277 890 1147 19956 574 259 1703 292 273 88 19868 1411 315 1267 96 242 105
is_linear=0
shrinkage=0.05


Tree=14
num_leaves=27
num_cat=0
split_feature=45 52 2 32 52 40 6 31 0 45 0 7 52 30 29 2 34 20 39 0 41 25 0 37 4 7
split_gain=1378.34 344.631 164.89 94.1879 90.8921 76.4044 62.6582 61.2905 47.2397 45.5167 52.7508 41.7383 34.5182 52.1702 29.0405 27.0413 23.7822 20.0699 14.9125 24.767 13.495 12.2174 14.1656 5.12078 3.77033 1.25189
threshold=0.0022670243633911018 0.84952831268310558 0.10669768974184991 0.0028798455605283384 0.7589399814605714 0.15201202780008319 0.097163978964090361 -0.00039272299909498537 0.72657334804534923 0.0042359046638011941 0.36320692300796514 0.90094172954559337 0.94570022821426403 0.0035036435583606367 0.6784842610359193 0.12330029159784318 0.1001967415213585 0.95359894633293163 0.0016650885809212925 0.42501328885555273 0.0030264090746641163 -0.00050196718075312663 0.41834877431392675 0.0086750783957541006 0.0019593341276049618 0.96199125051498424
decision_type=2 2 2 2 2 2 2 2 2 2 2 2 2 2 2 2 2 2 2 2 2 2 2 2 2 2
left_child=1 5 11 12 21 7 16 20 -9 10 -6 -2 13 -3 -8 -11 -5 -14 19 -7 -1 23 -23 -4 -13 -20
right_child=2 3 4 6 9 18 14 8 -10 15 -12 24 17 -15 -16 -17 -18 -19 25 -21 -22 22 -24 -25 -26 -27
leaf_value=-0.059939640897668178 0.038177948598133532 -0.011695405966654932 0.034401456199009958 0.028181766950266314 0.034645487288531278 0.044535597300044062 0.032880691765342009 0.019906124863350111 -0.067481384090690849 -0.016194304244394317 -0.0078525967158848981 -0.064636097333537423 -0.011560164075911518 -0.058194437549799118 -0.038054087759646187 0.048495119678257217 -0.049161910650037915 -0.057158539300067014 0.058938562889234242 -0.018611732805349827 -0.0062040231620239458 0.056757716644476465 0.022998531371990524 0.058280055511710054 0.0047107412640730898 0.03975495635898111
leaf_weight=49.888799506705254 12.464815635234116 128.25136914150789 28.672834873199463 10.660870373249052 143.98839010950178 40.922199863940477 71.233083124272525 135.40328900469467 16.459254574030638 17.073229419998825 146.49366655666381 46.698186339344829 25.536119588185102 113.96678969729692 17.139425598084927 203.16588218696415 80.575800280552357 740.65528563223779 56.436468776315451 23.945968406274915 15.48862477019429 60.922479573637247 67.063791397958994 557.16234138328582 1.9074640460312355 21.898209370672703
leaf_count=889 53 1953 60 88 505 135 471 1033 271 166 1103 975 400 2626 257 452 1572 17107 104 185 171 112 206 1015 16 70
internal_value=0.000258756 -0.0315045 0.0385108 -0.0444886 0.0425149 0.0112959 -0.011057 -0.00740225 0.0100553 0.0263295 0.0132598 -0.0411672 -0.0504263 -0.0337231 0.0188514 0.0434298 -0.0399169 -0.0556559 0.0395157 0.0212962 -0.0474943 0.0540421 0.0393836 0.057172 -0.0618746 0.0541445
internal_weight=2834.07 1548.46 1285.61 1188.02 1224.54 360.443 179.609 217.24 151.863 510.721 290.482 61.0705 1008.41 242.218 88.3725 220.239 91.2367 766.191 143.203 64.8682 65.3774 713.821 127.986 585.835 48.6057 78.3347
internal_count=31995 27332 4663 24474 3619 2858 2388 2364 1304 2226 1608 1044 22086 4579 728 618 1660 17507 494 320 1060 1393 318 1075 991 174
is_linear=0
shrinkage=0.05


Tree=15
num_leaves=30
num_cat=0
split_feature=52 45 46 40 24 5 52 5 24 24 38 0 31 2 38 42 30 2 19 3 31 7 0 41 44 44 16 3 2
split_gain=1261.23 281.272 178.235 131.219 77.1596 131.9 55.6023 40.5118 44.3882 33.745 32.7635 27.395 29.6668 29.4249 26.6272 26.5554 25.533 23.8334 17.4442 16.8182 15.5559 14.518 15.2819 13.7805 8.84952 8.05078 14.0035 6.70073 3.29048
threshold=0.91403940320014965 0.0026059532538056378 0.00065029249526560317 0.15201202780008319 0.30491694808006292 0.0034701240947470073 0.99166667461395275 0.0030594689305871729 0.061387583613395698 0.10064480453729631 0.0061127783264964828 0.36972527205944067 0.050190525129437454 0.12046078965067865 0.0058516415301710376 0.90625000000000011 0.0030931073706597094 0.12625496089458468 0.035215467214584358 0.0036701335338875656 0.0011097434908151629 -0.77778002619743336 0.34646518528461462 0.0058508371002972135 0.84258639812469494 3.2514079809188847 0.9411187767982484 -0.0028643183177337046 0.14375565946102145
decision_type=2 2 2 2 2 2 2 2 2 2 2 2 2 2 2 2 2 2 2 2 2 2 2 2 2 2 2 2 2
left_child=1 3 14 4 5 -1 11 15 18 16 -6 13 -13 -4 21 17 -5 -3 -9 -10 -16 -2 -23 -11 -17 27 -27 -8 -22
right_child=2 7 6 9 10 -7 25 8 19 23 -12 12 -14 -15 20 24 -18 -19 -20 -21 28 22 -24 -25 -26 26 -28 -29 -30
leaf_value=0.032231246052728667 0.04705935251658732 -0.0091100145567012594 -0.055634558305523399 0.038441832362594582 -0.058623844986535868 -0.037635399648144406 -0.010650531865901303 0.011513108248146907 0.039246531963471901 0.04377673272036095 0.038876603618170774 -0.028981406415489859 0.03564606199999501 0.031926275228343626 -0.053728477349401796 0.03416820297116549 -0.060125098287987247 0.044683476126434987 -0.0782688348500159 -0.0076070068489645579 0.003303927496185004 -0.045015052984736695 -0.059890994024704672 -0.013791887025641162 0.057596505278531732 -0.051219308855552273 0.026430498022939904 -0.053372685293070612 0.053075513313395752
leaf_weight=141.5117656942457 2.833335041999816 30.860753525514156 9.6647742120549065 10.243181532248856 100.57668317435309 127.43354938365519 11.458828162401913 9.0661771632730979 204.58919622562826 180.67336904071271 8.7338133882731182 69.019369940739125 22.859274061396718 102.55699000600725 6.6478873612359193 48.938351670280099 15.045594538561998 59.144699221476912 11.632212953642009 20.794586174190044 5.4874523840844613 299.04353958508 488.02506322413683 10.582674030214546 578.40671133622527 10.189413763582708 11.156307442113755 60.599171350710094 7.9927351176738739
leaf_count=813 4 199 235 33 1972 2423 190 60 495 675 31 1003 120 522 162 116 213 120 94 97 67 7105 12377 52 1138 196 95 1301 25
internal_value=0.000481804 0.0294693 -0.0402916 0.00242375 -0.0153372 -0.00089024 -0.00716283 0.0461467 0.0284523 0.033376 -0.0505518 0.00747969 -0.0126915 0.0239606 -0.0524351 0.0521686 -0.0202571 0.0263415 -0.0402249 0.0349092 0.0041565 -0.0538806 -0.0543032 0.0405361 0.0558262 -0.0388991 -0.0112691 -0.0468177 0.0344421
internal_weight=2665.77 1558.23 1107.53 594.801 378.256 268.945 297.504 963.433 246.082 216.545 109.31 204.1 91.8786 112.222 810.03 717.351 25.2888 90.0055 20.6984 225.384 20.1281 789.902 787.069 191.256 627.345 93.4037 21.3457 72.058 13.4802
internal_count=31933 8531 23402 6212 5239 3236 3662 2319 746 973 2003 1880 1123 757 19740 1573 246 319 154 592 254 19486 19482 727 1254 1782 291 1491 92
is_linear=0
shrinkage=0.05


Tree=16
num_leaves=28
num_cat=0
split_feature=52 44 45 31 2 38 2 2 0 0 5 24 0 52 5 24 2 51 25 44 5 52 53 21 53 52 20
split_gain=1122.49 207.2 154.194 98.5588 74.4435 65.2092 59.2699 52.7212 57.9126 40.9195 40.2447 42.4793 30.9955 30.35 40.7368 28.3251 28.0223 24.7957 18.4308 17.0253 12.7911 12.4918 2.49385 1.45729 1.31228 1.36776 0.5733
threshold=0.89699381589889537 1.635964632034302 0.0023345252266153698 0.034772275015711791 0.11981283873319627 0.0058516415301710376 0.10051277279853822 0.11981283873319627 0.3938301950693131 0.88745921850204479 0.0039459539111703643 0.11834894493222238 0.90531975030899059 0.96459901332855236 0.0035201334394514565 0.18635449558496478 0.12625496089458468 0.006316669052466751 0.00038228553603403276 2.3652302026748662 0.0034892614930868153 0.96521475911140453 0.00046279655362013733 0.85310304164886486 0.037482630461454398 0.90098038315773021 0.9973433017730714
decision_type=2 2 2 2 2 2 2 2 2 2 2 2 2 2 2 2 2 2 2 2 2 2 2 2 2 2 2
left_child=1 3 5 7 24 13 23 22 -9 20 12 -12 -8 14 -2 17 -7 -6 -18 -15 -5 -17 -1 -3 25 -4 -11
right_child=2 6 4 9 15 16 10 8 -10 26 11 -13 -14 19 -16 21 18 -19 -20 -21 -22 -23 -24 -25 -26 -27 -28
leaf_value=-0.0037314454553748762 -0.011966935826439758 -0.067682037470247675 -0.0061669361635883829 0.049879213273025108 0.024201400252960806 -0.055627880527139344 0.052015885827072887 0.020936595822037593 -0.023000757424918389 -0.060357602869169774 -0.048509115872710319 0.032812014214612183 -0.016686399434825226 -0.054961509745821063 -0.05457444893851731 0.04203264997556571 0.04750530424722596 -0.060383994498124996 -0.040331786143781211 -0.014630395457591329 0.0029441104043475318 0.0082318648670314989 -0.064507551644258795 -0.016682490683926819 -0.0061586011274622696 -0.058148730689148193 -0.01818409609922586
leaf_weight=1.8922179471701372 121.47854126244783 10.011331766843794 1.5674858074635256 128.63300262391567 15.543395133689044 11.064829382114111 754.71170073747635 138.02101634675637 161.86745740333572 8.3543237969279271 19.424763111397624 74.942187739536166 16.346785655245185 641.31056359875947 104.41503494558856 80.891378325410187 31.26778719574213 17.457503464072943 6.5205993577837935 28.177968907169998 16.493004421703517 41.896655530668795 40.210919505450875 2.5161979533731929 1.6156579572707404 38.854219606146216 2.0961967427283517
leaf_count=25 2080 154 21 323 86 290 1711 939 2228 152 262 234 197 16963 2752 251 146 203 107 441 105 314 879 27 28 1090 33
internal_value=0.000178978 0.0305906 -0.0364441 0.0047976 0.00367986 -0.0448454 0.0451863 -0.0102179 -0.0027766 0.0376595 0.0467675 0.0157395 0.0505396 -0.0479125 -0.0318152 0.019651 0.0112015 -0.0210043 0.0316995 -0.0532884 0.0446019 0.0306591 -0.0619261 -0.0594291 -0.0545901 -0.0563305 -0.0542251
internal_weight=2517.58 1375.52 1142.06 497.568 197.826 944.235 877.953 341.992 299.888 155.577 865.425 94.367 771.058 895.382 225.894 155.789 48.8532 33.0009 37.7884 669.489 145.126 122.788 42.1031 12.5275 42.0374 40.4217 10.4505
internal_count=32041 7269 24772 4684 1993 22779 2585 4071 3167 613 2404 496 1908 22236 4832 854 543 289 253 17404 428 565 904 181 1139 1111 185
is_linear=0
shrinkage=0.05


Tree=17
num_leaves=27
num_cat=0
split_feature=45 52 22 52 46 38 0 5 37 45 2 3 24 42 2 22 1 0 2 36 37 50 31 51 19 44
split_gain=1028.72 270.711 118.407 93.1741 88.0768 46.0037 35.9482 36.1925 35.4934 34.107 33.6195 26.9245 24.1787 24.12 18.9206 17.3692 14.436 14.2026 13.8235 13.3939 8.9757 8.00174 3.53003 1.45303 1.33507 0.512093
threshold=0.0025051285047084097 0.76533168554306041 1.0000000180025095e-35 0.94312667846679699 0.00065029249526560317 0.0036782399984076623 0.91543772816658031 0.0035414807498455052 0.041735595092177398 0.0044388913083821544 0.11981283873319627 0.00092972852871753286 0.10714414715766908 0.90625000000000011 0.10725653171539308 1.0000000180025095e-35 0.85059833526611339 0.14562085270881656 0.13739413022994998 0.0013724858290515842 0.036321267485618598 0.00093307351926341664 0.0070053169038146743 0.035613402724266059 0.012955039739608766 3.8426065444946294
decision_type=2 2 2 2 2 2 2 2 2 2 2 2 2 2 2 2 2 2 2 2 2 2 2 2 2 2
left_child=1 12 4 6 5 -3 7 13 -6 -9 23 22 15 -2 24 21 -16 25 -19 -8 -13 -1 -4 -5 -14 -12
right_child=3 2 11 10 8 -7 19 9 -10 -11 17 20 14 -15 16 -17 -18 18 -20 -21 -22 -23 -24 -25 -26 -27
leaf_value=-0.063528346216047388 0.023682422120006714 -0.051338974268143225 0.022551801468037501 -0.05631996691225432 -0.032672151548476594 0.0045518285907961724 -0.060034953404807127 -0.004122925021201272 0.0060392911304364763 0.041914398976885175 0.028891942373329139 -0.076422592349175894 -0.0082732388949193665 0.052557993210774527 0.046706152829263006 0.04878719594472937 0.0069677779342991499 -0.05053529386530009 0.010829338784040726 0.052902750903823251 0.00719135550935241 0.0016631867766382698 0.057093328730937844 -0.002194945360209353 -0.056227360132538651 0.050388832798601006
leaf_weight=12.01172130182386 84.389759009238333 833.53350800648332 11.782802833244203 26.725922584533695 124.15091777127236 38.353380147367716 10.793561975471674 68.100319216027856 111.87855462171137 96.727887853980064 11.688854953274133 5.3030045926570875 2.5449353065341702 630.3889282848686 118.89618184044957 6.6148163862526408 28.717318249866366 11.748262263834475 31.9029232673347 2.5387822538614264 6.2216169722378254 7.2965371981263152 33.8900683876127 1.3848170600831498 4.2862298609688878 11.500332258641718
leaf_count=233 273 22943 81 832 2091 482 236 389 1278 283 55 43 33 1442 498 15 140 161 220 4 37 58 78 22 78 27
internal_value=-0.000661224 -0.0291 -0.0379223 0.0380619 -0.0415471 -0.048878 0.0430647 0.0443082 -0.0143748 0.0229835 -0.00894409 0.031797 0.0277838 0.0491867 0.0352562 -0.0163915 0.0390742 0.0104446 -0.00644821 -0.0363384 -0.0343131 -0.0400238 0.0488563 -0.0538206 -0.0416999 0.0411954
internal_weight=2333.37 1345.48 1165.11 987.89 1107.92 871.887 892.939 879.607 236.029 164.828 94.9511 57.1975 180.368 714.779 154.445 25.9231 147.614 66.8404 43.6512 13.3323 11.5246 19.3083 45.6729 28.1107 6.83117 23.1892
internal_count=32032 28088 27033 3944 26794 23425 2627 2387 3369 672 1317 239 1055 1715 749 306 638 463 381 240 80 291 159 854 111 82
is_linear=0
shrinkage=0.05


Tree=18
num_leaves=31
num_cat=0
split_feature=45 52 22 36 52 46 38 0 52 0 9 7 46 17 19 0 5 5 0 36 42 9 42 29 1 35 3 41 16 52
split_gain=898 240.441 99.1123 84.6441 79.2618 54.2637 52.9419 52.5244 37.3165 25.923 24.0464 22.3157 20.1077 15.2624 14.4768 13.9625 13.6497 12.6732 12.524 10.6196 10.4414 10.6388 8.168 7.30687 7.0012 6.20963 4.49284 3.78564 3.54333 0.408076
threshold=0.0025051285047084097 0.91751700639724743 1.0000000180025095e-35 0.00041323900222778326 0.79277813434600841 0.00052390879136510204 0.0058516415301710376 0.23390356451272967 0.96638417243957531 0.3661517351865769 0.014164833351969721 0.99898940324783336 0.00060818751808255922 0.15833333879709247 0.0015148222446441653 0.69387525320053112 0.0037853370886296038 0.002125273691490293 0.90149918198585521 0.00060187524650245916 0.96875000000000011 0.028237130492925647 0.96875000000000011 0.020262590609490875 0.66393005847930919 0.044380990788340575 0.00244488287717104 0.0014137372490949931 0.99023759365081798 0.79361054301261913
decision_type=2 2 2 2 2 2 2 2 2 2 2 2 2 2 2 2 2 2 2 2 2 2 2 2 2 2 2 2 2 2
left_child=1 2 3 7 16 -5 12 -1 9 22 18 -11 14 28 -3 -14 20 -15 -8 25 21 -2 -6 29 -12 -18 -22 -21 -10 -4
right_child=4 6 23 5 8 -7 10 -9 13 11 24 -13 15 17 -16 -17 19 -19 -20 27 26 -23 -24 -25 -26 -27 -28 -29 -30 -31
leaf_value=0.0061751824936745175 0.0078292523450229305 0.053260688823413276 0.058149715762355704 -0.018513061873114234 0.0010583491467995895 0.036428948481284862 -0.057248521194815771 -0.044545181346853188 -0.053680118472841022 0.019477450979695356 0.0039585016299527103 -0.031714693474664359 -0.019466480875949689 0.035405194361954731 -0.05304468210880247 -0.059359016508645293 0.020851660586884369 -0.024547012342424606 0.038872797027604974 0.043209315224156115 0.05437456868324312 0.050798006134978028 0.044305877996564685 0.016277012193570913 0.060364471784302848 -0.047646508009057509 0.026220219410868439 0.011263316966061893 0.014904397042082865 0.043058154618978002
leaf_weight=71.068488911725581 28.596300449222326 2.4666104912757865 46.438654497265816 74.269562844187021 11.991434339433907 110.956050359644 13.006978022865953 178.15382570773363 22.049198455177251 113.11143844202161 8.4980785790830868 25.227833753451705 90.315384923946112 15.367750953882931 582.74160803761333 28.817026267293841 5.349184036254881 18.115649607032537 3.6913615223020306 37.829605475068092 458.65414391737431 28.936561912298203 126.84052418358624 17.461609140969813 15.411159066483377 6.1524661239236593 17.473438575863838 13.333244808018206 1.6347744166851033 25.201679892838001
leaf_count=904 102 3 104 1168 87 647 326 3998 645 594 110 239 1709 91 18006 792 24 274 19 108 1126 73 380 67 60 57 47 50 20 70
internal_value=0.000118322 -0.0272405 -0.00126431 -0.0111389 0.0373977 0.0144178 -0.0454703 -0.0301148 0.0178354 0.0254111 0.00982361 0.00998134 -0.0486676 -0.0187002 -0.0525065 -0.0295299 0.0483173 0.00319781 -0.035004 0.0256162 0.0509301 0.0299393 0.0406047 0.0464723 0.0412798 -0.0166697 0.0533985 0.0352596 -0.0485341 0.0535066
internal_weight=2199.16 1268.5 523.55 434.448 930.664 185.226 744.948 249.222 334.339 277.171 40.6076 138.339 704.341 57.1674 585.208 119.132 596.325 33.4834 16.6983 62.6645 533.66 57.5329 138.832 89.1019 23.9092 11.5017 476.128 51.1629 23.684 71.6403
internal_count=31900 27983 6958 6717 3917 1815 21025 4902 2330 1300 515 833 20510 1030 18009 2501 1587 365 345 239 1348 175 467 241 170 81 1173 158 665 174
is_linear=0
shrinkage=0.05


Tree=19
num_leaves=31
num_cat=0
split_feature=52 46 44 2 5 2 0 22 5 36 6 45 24 40 51 52 24 31 2 37 1 6 0 24 9 0 46 16 0 24
split_gain=797.697 257.985 65.6678 63.9294 62.3005 90.6477 69.7019 49.0569 38.4052 34.8055 34.0574 44.7633 30.0782 28.6767 23.225 19.8875 23.7881 29.8716 22.1914 15.5785 16.3739 11.6527 11.373 11.2808 8.70345 6.18146 5.97225 4.56373 5.85429 1.95971
threshold=0.8164966106414796 0.00070252153091132652 1.635964632034302 0.12451204657554628 0.0031952154822647576 0.1426937207579613 0.40783654153347021 1.0000000180025095e-35 0.0033933813683688645 0.00058818332036025833 0.25236733257770544 0.0038653422379866247 0.30173920094966894 0.20796205103397372 0.06480391696095468 0.728990137577057 0.11082521826028825 0.072040308266878142 0.11051005497574808 0.051436066627502448 0.69140890240669262 -0.4033179879188537 0.4916593879461289 0.09130414575338365 -0.090898979455232606 0.3938301950693131 0.00054057198576629173 0.24595766514539721 0.45928063988685613 0.35509859025478369
decision_type=2 2 2 2 2 2 2 2 2 2 2 2 2 2 2 2 2 2 2 2 2 2 2 2 2 2 2 2 2 2
left_child=2 4 8 14 5 7 -7 -2 12 21 11 -5 23 -14 24 27 17 -17 -18 26 -21 -10 -12 -1 -3 -11 -6 28 -4 -29
right_child=1 3 15 10 19 6 -8 -9 9 25 22 -13 13 -15 -16 16 18 -19 -20 20 -22 -23 -24 -25 -26 -27 -28 29 -30 -31
leaf_value=0.0023728779539513656 -0.051770503235149569 -0.0027729038939383315 0.053186424040790319 -0.0090967971135323816 -0.057369706579165736 0.036767139888822818 -0.038946592684931142 0.04096927891528291 0.017727605245685396 0.047600575041417341 0.04719145867652897 0.035261309459751443 -0.039718095859485603 0.042089717577821144 0.051188104807127814 -0.046916868065297088 -0.033522924414594583 0.050668446943053919 0.046364182691578076 -0.054375508483063821 0.022188845513536261 -0.051567912262163465 -0.0014433965478374414 0.046940070741659012 -0.050414503021196912 0.0031817155999055665 -0.036285340070688413 0.055432016542420665 0.014077740441126953 0.032698681231097912
leaf_weight=16.353067067451775 194.96988851483911 11.535498067736624 20.203815475106239 169.7860469664447 405.15962357074022 79.553066355874762 47.850239564431831 14.653038669377564 6.6710530389100304 16.080628998577598 83.911675378680229 84.307767605409026 25.621550612151623 16.944781068712473 6.3907428681850424 18.343774056527767 8.6325044017285091 12.205366353504358 126.33778388053179 12.46384147834033 13.667264777235685 38.002882469445467 13.934829633682964 112.56078401207924 59.477538287639618 14.748613923788069 43.951700664125383 371.59693873114884 19.212327624438331 14.892684631049631
leaf_count=80 5893 200 46 1951 13916 850 1251 58 50 36 262 282 357 52 14 135 105 35 373 419 203 833 133 337 1459 109 1300 1012 66 59
internal_value=0.000449989 -0.0249872 0.0381052 0.0063545 -0.041541 -0.0249833 0.00824866 -0.0451241 0.016362 -0.0132302 0.0154134 0.00570166 0.0293927 -0.00693349 -0.0345058 0.0471424 0.0320836 -0.00755817 0.0410458 -0.0532061 -0.0149885 -0.0410586 0.0403206 0.0413484 -0.0428215 0.0271183 -0.0553915 0.0529057 0.0349439 0.0546427
internal_weight=2080.02 1241.61 838.409 429.344 812.269 337.026 127.403 209.623 246.983 75.5032 351.94 254.094 171.48 42.5663 77.4038 591.425 165.519 30.5491 134.97 475.242 26.1311 44.6739 97.8465 128.914 71.013 30.8292 449.111 425.906 39.4161 386.49
internal_count=31876 28191 3685 4301 23890 8052 2101 5951 1854 1028 2628 2233 826 409 1673 1831 648 170 478 15838 622 883 395 417 1659 145 15216 1183 112 1071
is_linear=0
shrinkage=0.05


Tree=20
num_leaves=28
num_cat=0
split_feature=52 45 46 5 2 52 24 24 6 33 22 38 31 31 40 2 31 32 2 52 2 2 25 16 5 25 9
split_gain=715.938 203.198 82.5216 77.2993 62.9791 47.4547 47.3376 38.8907 31.479 30.927 30.0449 28.4374 25.1157 23.3476 20.8354 25.4372 17.1215 18.8018 11.1775 7.18285 7.16613 22.7991 6.51548 5.05096 2.88357 2.52033 1.85828
threshold=0.93142634630203258 0.0017970214248634877 0.00059640992549248051 0.0034795632818713789 0.10725653171539308 0.70938414335250866 0.30491694808006292 0.10399341955780984 0.67048934102058422 0.00068728576297871779 1.0000000180025095e-35 0.0039043368306010966 -0.014998856000602244 0.11077342182397844 0.3234266489744187 0.13674368709325793 0.031328799203038223 0.0025919351028278474 0.128637470304966 0.9506097435951234 0.14405217021703723 0.14617995917797091 -1.0000000180025095e-35 0.97665259242057811 0.0018983149784617128 -0.001178252976387739 0.14235637336969378
decision_type=2 2 2 2 2 2 2 2 2 2 2 2 2 2 2 2 2 2 2 2 2 2 2 2 2 2 2
left_child=1 3 16 6 13 22 12 -7 14 -8 11 -5 -1 26 15 -4 20 19 -19 -18 -2 -22 -6 -16 -10 -26 -3
right_child=2 4 8 10 5 7 9 -9 24 -11 -12 -13 -14 -15 23 -17 17 18 -20 -21 21 -23 -24 -25 25 -27 -28
leaf_value=-0.051101090677509092 -0.058051931947815195 -0.064804090918853974 -0.045763797906530811 -0.055362060422731244 0.053296310651515404 -0.0088836068251716815 -0.062342974552606879 0.033158370558707538 0.06356623812783635 0.004529760336520125 0.029990969943261572 0.020679051709807356 0.033876597575403004 0.036978616854581002 4.0188481509049642e-05 -0.0080541670284172764 0.011391362879265877 -0.044006225771304613 0.05140313666305725 -0.050533232154600885 0.0021651405240693429 -0.050888556435911614 0.033550007475058527 0.058685474108264829 0.048898963622150599 0.00021972952457749852 -0.010601189906795584
leaf_weight=8.4888411890715343 277.48921829997562 19.843815332278616 75.692503949161619 107.11709854612127 358.5465374821797 63.881015030667186 28.17115416796878 379.1196644208394 10.126146115362646 42.142705325502902 13.53488579392433 13.353579849004744 120.6776256612502 7.697358150035142 5.8918678555637589 108.56257080170326 5.212806958705186 3.3217330360785118 10.558575825765727 27.495822156779468 22.896888510556892 169.05600248719566 54.88547046110034 8.7487871367484313 3.9169981796294451 5.809717142954467 2.1820707004517308
leaf_count=145 10267 422 2105 3447 1022 503 748 1733 22 537 52 127 824 43 70 1663 107 118 56 968 514 6065 207 29 10 73 28
internal_value=8.11002e-05 0.0235642 -0.0388769 -0.00968324 0.036073 0.0385631 0.0100456 0.0270895 -0.0130631 -0.0227612 -0.0389084 -0.0468324 0.0279422 -0.0345954 -0.0191089 -0.0237088 -0.0497731 -0.0202831 0.0271475 -0.0406191 -0.0526505 -0.0445817 0.0507622 0.0365962 0.045518 0.0225542 -0.0601279
internal_weight=1954.42 1219.64 734.78 333.486 886.156 856.433 199.48 443.001 218.749 70.3139 134.006 120.471 129.166 29.7232 198.896 184.255 516.031 46.5889 13.8803 32.7086 469.442 191.953 413.432 14.6407 19.8529 9.72672 22.0259
internal_count=31905 9838 22067 5880 3958 3465 2254 2236 3972 1285 3626 3574 969 493 3867 3768 18095 1249 174 1075 16846 6579 1229 99 105 83 450
is_linear=0
shrinkage=0.05


Tree=21
num_leaves=24
num_cat=0
split_feature=45 31 24 22 46 2 25 6 7 0 45 0 24 1 1 0 7 5 1 15 5 31 7
split_gain=628.484 165.473 85.4009 79.4674 63.4009 61.7481 48.3777 39.3935 36.4252 35.3936 28.9768 37.6161 26.8104 22.5159 15.2067 14.3925 17.5164 11.084 10.5602 7.03297 3.14813 3.10033 0.243229
threshold=0.0025051285047084097 0.030225844122469429 0.36609348654747015 1.0000000180025095e-35 0.00089128705440089117 0.10114151239395143 -0.00050196718075312663 0.0088141821324825304 0.92850330471992504 0.91543772816658031 0.0044388913083821544 0.41136083006858831 0.35738745331764227 0.89807710051536571 0.7671613097190858 0.70548158884048473 0.91046524047851574 0.0049639835488051185 0.50689861178398143 0.00072211853694170724 0.0030203060014173393 0.12875780463218692 0.87377294898033153
decision_type=2 2 2 2 2 2 2 2 2 2 2 2 2 2 2 2 2 2 2 2 2 2 2
left_child=1 3 8 4 7 21 9 -1 18 13 11 -8 -10 -7 -6 20 -17 -12 -3 -11 -5 -2 -4
right_child=5 2 22 15 14 6 10 -9 12 19 17 -13 -14 -15 -16 16 -18 -19 -20 -21 -22 -23 -24
leaf_value=-0.054532781674526645 -0.058007444001416365 0.020540060171675017 -0.017775127646542262 0.057361117608700524 0.0061051367480451403 0.048645123634702109 0.024743972765436075 -0.030594442914172973 -0.0089661438505568448 -0.058212419124512652 0.043425080692918443 -0.03449750783749668 0.057324783931389359 -0.0076588525786918729 -0.052809223466934022 0.040344026948555926 -0.060024913907961525 0.0062203181039012555 0.060955126810191509 0.037082831376300369 0.022205661686289437 0.012093463961342081 -0.060838492062990294
leaf_weight=392.68415673356503 17.717098246328536 23.180129549466074 1.3506229910999561 20.669126713648438 87.455062349326909 496.46568843349814 58.139701567590237 314.77295203809626 69.791994064114988 9.1928488770499808 82.61693418584764 47.998339839279652 18.451466217637062 18.151281153783202 11.501497268676756 7.4707781784236413 7.9862949661910534 26.808878531679511 65.334832046180964 1.6651928238570679 11.703667378053067 1.3822492379695166 30.450991776771843
leaf_count=14243 612 179 38 58 1042 1696 266 9530 1209 251 266 461 97 134 236 30 92 169 210 9 57 19 955
internal_value=-0.000427036 -0.0252463 0.0146269 -0.0349869 -0.0387035 0.0342622 0.0365684 -0.04394 0.028243 0.0447468 0.0165175 -0.00211848 0.00538213 0.0466482 -0.00120216 0.0271842 -0.0120104 0.0344489 0.050719 -0.0417031 0.0456977 -0.0525849 -0.0596072
internal_weight=1822.94 1062.8 208.56 854.244 806.414 760.138 741.039 707.457 176.758 525.475 215.564 106.138 88.2435 514.617 98.9566 47.8299 15.4571 109.426 88.515 10.858 32.3728 19.0993 31.8016
internal_count=31859 27976 2688 25288 25051 3883 3252 23773 1695 2090 1162 727 1306 1830 1278 237 122 435 389 260 115 631 993
is_linear=0
shrinkage=0.05


Tree=22
num_leaves=29
num_cat=0
split_feature=52 46 52 5 2 44 2 37 7 46 38 24 46 51 2 5 9 24 35 39 37 24 6 3 36 24 6 3
split_gain=583.305 212.385 51.8581 53.8151 47.7607 46.8936 46.6135 47.164 25.9073 23.5944 22.6542 22.4889 21.7237 18.9428 15.1566 15.0026 12.7138 12.7081 32.7657 9.70018 9.68763 9.16768 8.48521 7.99389 7.8758 6.65053 4.7696 3.52001
threshold=0.79830509424209606 0.00071218714583665143 0.94570022821426403 0.0035520845558494334 0.14022843539714816 1.635964632034302 0.11981283873319627 0.036994580179452903 0.99070116877555858 0.0018079972360283139 0.0058516415301710376 0.11082521826028825 0.00065029249526560317 0.06480391696095468 0.10725653171539308 0.0033933813683688645 0.13467903435230258 0.10399341955780984 0.053027248010039336 0.00094059767434373509 0.0073820659890770921 0.15853196382522586 0.024302858859300617 -0.0040247542783617965 0.0010619695531204345 0.30670246481895452 -0.45121741294860834 0.0018714344478212299
decision_type=2 2 2 2 2 2 2 2 2 2 2 2 2 2 2 2 2 2 2 2 2 2 2 2 2 2 2 2
left_child=5 2 3 4 -2 8 13 9 15 -8 24 -9 20 23 16 25 -7 18 -16 -17 -10 -14 -12 -3 -4 -1 -5 -19
right_child=1 6 10 26 -6 14 7 11 12 -11 22 -13 21 -15 17 19 -18 27 -20 -21 -22 -23 -24 -25 -26 -27 -28 -29
leaf_value=0.051446785889670325 -0.032655657680941523 0.013972830731978372 -0.052330365846959416 -0.00126648344955401 0.02238479711241613 -0.053235602710867136 -0.027339834279212102 -0.031979373331962151 0.0050617008255689896 0.011424940011534488 -0.045483829849064357 0.034219275374339143 -0.0089839964337203662 0.047832729103675586 0.044249390007721767 -0.023877613117267424 0.042149014662985353 0.053892340136317253 -0.035550024292078153 0.032556919780814174 -0.055387681228344712 0.034313102031747374 0.033543187556592961 -0.053254300240468379 0.014527047979157546 0.017845085738157181 -0.055993191619457899 0.035564962639176433
leaf_weight=60.012941038236022 72.859753552358598 4.5033846376463762 426.99454734055325 4.2435190365649751 83.527512840228155 6.3455283744260651 75.352641989011317 13.04840795882046 9.1910355924628693 79.939834314398468 3.8242675615474573 178.34982897946611 21.093304835259914 5.1214493811130515 68.984056812245399 16.264889330603186 5.6878975387662649 316.46722343564034 14.967361453920601 12.623027250170706 21.392357648350298 27.014657926745713 10.694051517173646 43.388440028764307 4.0598836820572606 21.318177260458469 77.44086597324349 37.386288782581687
leaf_count=194 1855 81 17772 99 987 99 1207 182 111 440 145 1038 147 15 273 293 24 1033 111 85 466 114 96 1409 96 145 3149 160
internal_value=-0.000291066 -0.0226296 -0.0395379 -0.0205738 -0.00330273 0.0375722 0.00631652 0.0130151 0.0165477 -0.00743949 -0.0496017 0.0295635 -0.00534428 -0.03692 0.0463452 0.0320851 -0.00837503 0.0478649 0.0297713 0.00104656 -0.0376361 0.0155328 0.0111371 -0.0467763 -0.0516685 0.042963 -0.0531998 0.0520616
internal_weight=1722.1 1083.35 683.644 238.072 156.387 638.749 399.704 346.691 188.91 155.292 445.573 191.398 78.6914 53.0133 449.838 110.219 12.0334 437.805 83.9514 28.8879 30.5834 48.108 14.5183 47.8918 431.054 81.3311 81.6844 353.854
internal_count=31826 28571 24199 6090 2842 3255 4372 2867 1555 1647 18109 1220 838 1505 1700 717 123 1577 384 378 577 261 241 1490 17868 339 3248 1193
is_linear=0
shrinkage=0.05


Tree=23
num_leaves=24
num_cat=0
split_feature=45 52 22 0 46 52 2 40 2 51 25 45 6 20 6 19 4 37 29 0 39 16 4
split_gain=513.734 160.247 70.535 58.8238 58.552 50.3576 47.3629 46.1071 41.6016 35.0646 34.5218 19.8571 17.2973 16.9862 15.696 10.766 7.60926 8.38341 7.54792 6.33961 4.13413 3.12741 1.42842
threshold=0.0026059532538056378 0.93276837468147289 1.0000000180025095e-35 0.37992922961711889 0.00051999892457388352 0.74211823940277111 0.13010288774967196 0.27705544233322149 0.12046078965067865 0.042440153658390052 -0.00089538836618885387 0.0044388913083821544 0.097163978964090361 0.98186728358268749 0.4014939963817597 0.0015148222446441653 0.0025342139415442948 0.0079984473995864409 0.088113449513912215 0.69387525320053112 0.0055348058231174955 0.14370470494031909 0.00051704936777241539
decision_type=2 2 2 2 2 2 2 2 2 2 2 2 2 2 2 2 2 2 2 2 2 2 2
left_child=1 2 3 6 -5 16 -1 13 9 20 18 -12 -9 14 -3 -15 17 -2 -10 22 -7 -19 -4
right_child=5 7 19 4 -6 8 -8 12 10 -11 11 -13 -14 15 -16 -17 -18 21 -20 -21 -22 -23 -24
leaf_value=-0.030762359731420261 0.016987080683954721 -0.031696331555310771 0.056453374853893026 -0.054985413812769716 -0.0025254260671356017 -0.059941917037925875 0.028419542156502699 -0.048390516882111607 0.048012031275739504 0.045126194398284525 -0.010356649134214942 0.028957092058199296 0.061496080818901677 0.047059156097841399 0.032909837443660203 -0.04947699077815422 0.011780590859784633 0.024161813509516832 0.015293479691344461 0.01478449999857402 -0.0032808149128624405 0.052516713603102241 0.031478215184115498
leaf_weight=45.676147056277841 20.107772739604115 72.350823090411723 43.88542253151536 99.737720510689542 112.90382674150169 27.030976634472612 122.17086428031325 3.9079155381768969 126.1349571198225 11.768760150764136 68.876468794420362 58.576446823542938 13.74717699177563 2.1675419211387625 9.956725961994378 417.44897205964662 14.853215454146264 12.612486146390436 21.848955255933106 15.783606711775063 3.7721943492069832 288.63047650502995 11.791001185774801
leaf_count=1048 70 2256 129 3466 1702 939 1273 120 425 64 521 245 54 3 122 17936 63 48 113 68 87 1054 63
internal_value=-4.34164e-06 -0.0230605 -0.00127489 -0.00986182 -0.0272735 0.0342177 0.0122276 -0.0419715 0.0198591 -0.0256973 0.0269679 0.00779643 0.0358828 -0.0447759 -0.0235797 -0.0488676 0.0477001 0.0493186 0.0433164 0.0439512 -0.0533245 0.0514134 0.0518129
internal_weight=1625.74 971.528 451.949 380.489 212.642 654.213 167.847 519.579 318.009 42.5719 275.437 127.453 17.6551 501.924 82.3075 419.617 336.204 321.351 147.984 71.46 30.8032 301.243 55.6764
internal_count=31869 28240 7749 7489 5168 3629 2321 20491 2394 1090 1304 766 174 20317 2378 17939 1235 1172 538 260 1026 1102 192
is_linear=0
shrinkage=0.05


Tree=24
num_leaves=30
num_cat=0
split_feature=52 46 52 5 24 2 24 25 0 24 52 38 38 1 7 36 46 2 24 0 2 34 38 2 49 40 30 50 30
split_gain=467.608 181.318 48.0025 48.9191 45.7527 36.6404 36.7781 32.5656 28.4156 24.1664 23.8442 21.2132 20.0459 19.9081 23.9703 18.7867 13.6401 13.4067 12.8879 8.04472 7.58562 5.98996 5.07331 4.53609 3.82417 3.15543 2.78019 2.69901 1.51532
threshold=0.79277813434600841 0.00072192086372524511 0.94570022821426403 0.0035297344438731675 0.31193716824054724 0.11722170934081079 0.10399341955780984 -3.1846013371250585e-05 0.90531975030899059 0.12247536703944208 0.99166667461395275 0.0039043368306010966 0.0058516415301710376 0.89807710051536571 0.95420169830322277 0.00098336796509102009 0.00056957351625897001 0.10825660452246667 0.20119843631982806 0.43574881553649908 0.128637470304966 0.11769358813762666 0.0088070593774318712 0.1426937207579613 0.0027330365264788274 0.28627975285053259 0.0023747024824842815 0.00072409989661537122 0.0030931073706597094
decision_type=2 2 2 2 2 2 2 2 2 2 2 2 2 2 2 2 2 2 2 2 2 2 2 2 2 2 2 2 2
left_child=7 2 3 4 -2 18 15 8 13 11 -8 28 23 17 -15 -7 21 -1 27 -13 -14 -11 -5 -4 -10 -20 -18 -3 -9
right_child=1 5 12 22 -6 6 10 9 24 16 -12 19 20 14 -16 -17 26 -19 25 -21 -22 -23 -24 -25 -26 -27 -28 -29 -30
leaf_value=-0.0086682715984135964 0.01891981672037904 0.042562549691413765 -0.055346275204574504 -0.055063860429081825 -0.037586166170020932 -0.053953585268396213 0.022604273854355959 -0.015651780970496409 -0.059635057958648111 -0.042171913000032105 -0.020156226225188867 0.037524444592991202 -0.044057284706614082 0.037390469334207997 -0.07294814071992832 0.035011487658578193 0.01705942203754662 0.0486120187993987 -0.05746984266777027 -0.02646042133426519 0.031924719167538432 0.025932663428332392 0.017080634052987272 -0.04304954331815132 0.010724280544108102 0.00054688085638771977 0.043796969176765982 -0.012256416324672509 -0.065339819094847484
leaf_weight=10.201661428436635 92.61578675173223 3.8944666916504493 224.88668379257433 69.552030968945473 57.035370791796595 28.080662199063227 263.39810661133379 2.5338920317590263 6.5551656158640963 7.9958194307982904 36.400749782798812 12.75212210789323 3.6874054949730626 11.8298806399107 6.9916401449590913 6.7126713283359996 14.381356954574583 391.55601426959038 28.695079912431542 6.7720969561487427 10.164456585422156 4.2051115659996867 2.0941611919552079 153.66502840723842 2.2294321525841951 2.5241083409637204 48.089141677133739 3.4995372351258993 14.683761849999426
leaf_count=151 1158 29 10980 3308 1737 449 1778 22 137 270 701 49 171 52 98 27 47 1541 1185 105 87 32 17 7094 18 61 197 73 376
internal_value=-0.00066419 -0.0211359 -0.0378273 -0.0190832 -0.00272241 0.00633936 0.0116919 0.0366662 0.0429094 0.0124386 0.0173627 -0.0203937 -0.0483227 0.0447901 -0.00520949 -0.0362909 0.0286497 0.0471396 -0.0391655 0.015123 0.0100935 -0.018513 -0.052749 -0.0504813 -0.0425076 -0.0529077 0.0380075 0.0182479 -0.0592879
internal_weight=1527.68 986.906 613.701 221.297 149.651 373.205 334.592 540.777 429.364 111.413 299.799 36.7419 392.404 420.579 18.8215 34.7933 74.6714 401.758 38.6132 19.5242 13.8519 12.2009 71.6462 378.552 8.7846 31.2192 62.4705 7.394 17.2177
internal_count=31950 28855 24552 6220 2895 4303 2955 3095 1997 1098 2479 552 18332 1842 150 476 546 1692 1348 154 258 302 3325 18074 155 1246 244 102 398
is_linear=0
shrinkage=0.05


Tree=25
num_leaves=30
num_cat=0
split_feature=52 45 46 7 0 2 52 25 30 42 6 38 40 24 0 39 31 35 24 24 51 52 30 6 2 2 43 0 38
split_gain=420.612 127.039 66.3226 58.6971 66.5346 41.0262 37.4491 23.579 22.1998 22.0213 21.6791 20.6948 15.1295 14.9641 23.8626 14.0485 13.477 11.9845 11.0249 16.778 10.5014 9.74378 9.23305 8.3014 5.87639 4.3829 2.34516 1.97081 1.4518
threshold=0.92637759447097789 0.0027134149568155412 0.00064322515390813362 0.9165293574333192 0.38286139070987707 0.12147369608283044 0.5745370388031007 -0.0008697205630596726 0.0040916576981544503 0.90625000000000011 0.021201548166573051 0.0058516415301710376 0.31186205148696905 0.10399341955780984 0.42842167615890508 0.00052954754210077237 0.0050317246932536372 0.050341917201876647 0.22651118785142901 0.19036559015512469 0.021086574532091621 0.80413469672203075 0.0030580745078623299 0.024302858859300617 0.1426937207579613 0.15191984176635745 0.0016555549227632584 0.22967917472124103 0.0066596576943993577
decision_type=2 2 2 2 2 2 2 2 2 2 2 2 2 2 2 2 2 2 2 2 2 2 2 2 2 2 2 2 2
left_child=1 3 11 8 5 -5 -6 9 16 17 18 20 15 14 -9 -12 -1 -3 19 -4 24 -15 -22 -13 -2 -20 -11 -10 -25
right_child=2 7 10 4 6 -7 -8 13 27 26 12 23 -14 21 -16 -17 -18 -19 25 -21 22 -23 -24 28 -26 -27 -28 -29 -30
leaf_value=0.0068769452487502467 -0.056205962941079934 0.031545492509392058 -0.043461279440742101 -0.049250773738659936 0.045279133823279527 0.02586462640170786 -0.039342774466952501 0.034261758372821874 0.012205631023545478 0.031797258978681069 0.014107830137232158 -0.044722075894237517 0.053746122959404945 0.040955135899678453 -0.050013889398027013 -0.026658118869714222 0.048880697754820318 -0.023311692401078166 -0.054581488537575801 0.032466752933945471 0.021373497714597213 0.012591043731013447 -0.048606905081054141 0.052762633083650971 -0.042022663653676545 -0.013662628823462024 0.053051771334074495 -0.052723325916472122 0.013338400940352999
leaf_weight=25.875673724338412 196.8108014955651 27.206608814187348 13.262397489510478 20.436033101286739 13.489445590414105 120.25735387392342 149.54220048210118 15.972707198932769 0.97974776569753785 19.357573641464114 54.490105736069381 3.5892164134420446 13.4645231468603 81.316068828105927 15.660735210403798 33.136627973988652 76.024135713465512 14.50651418045163 31.835274840588681 13.868954565376042 9.8610222830902803 49.80399882979691 7.3830849477089933 4.9641782157123071 149.67975569865666 9.1895422418601793 257.21315664239228 7.011055218288675 5.3379363687708974
leaf_count=276 10529 158 328 693 66 1273 4361 66 14 84 776 154 54 300 199 663 346 120 1239 198 251 219 439 12 7373 236 1083 247 83
internal_value=0.000103422 0.0212124 -0.0344053 0.00088146 -0.0104558 0.0146834 -0.0321077 0.0386557 0.0320281 0.0465864 -0.00833076 -0.0460387 0.00636919 0.0229564 -0.00771458 -0.00143493 0.0383851 0.0123688 -0.029911 -0.00487411 -0.048324 0.0303583 -0.00961065 0.0130267 -0.0502175 -0.0459589 0.0516841 -0.0442903 0.0353229
internal_weight=1441.53 894.653 546.873 413.616 303.725 140.693 163.032 481.037 109.891 318.284 169.247 377.626 101.091 162.754 31.6334 87.6267 101.9 41.7131 68.1562 27.1314 363.735 131.12 17.2441 13.8913 346.491 41.0248 276.571 7.9908 10.3021
internal_count=31840 9505 22335 7276 6393 1966 4427 2229 883 1445 3494 18841 1493 784 265 1439 622 278 2001 526 18592 519 690 249 17902 1475 1167 261 95
is_linear=0
shrinkage=0.05


Tree=26
num_leaves=31
num_cat=0
split_feature=45 52 25 24 52 2 32 46 4 31 25 31 2 2 25 24 19 52 42 6 31 0 0 45 27 36 44 3 4 33
split_gain=367.904 98.0995 61.055 60.8278 51.8669 41.4679 40.3765 28.6452 28.6212 25.9035 25.1827 16.5238 15.8837 15.8448 15.5186 14.6601 12.9031 12.046 11.409 10.8197 9.39883 9.34032 20.6348 8.15932 6.82614 7.38829 6.8823 4.86457 2.44342 1.88581
threshold=0.0022321223514154558 0.96459901332855236 4.1182735003530986e-05 0.30491694808006292 0.80413469672203075 0.11981283873319627 0.0027532156091183428 0.00045468582538887864 -0.0032622184371575709 -0.015331581700593231 -0.0008697205630596726 0.031328799203038223 0.128637470304966 0.17218530178070071 -1.0000000180025095e-35 0.20981206744909289 0.0034932494163513188 0.76533168554306041 0.90625000000000011 0.039522714912891395 0.032394660636782653 0.41136083006858831 0.52051723003387462 0.0029156608507037167 2.1611330509185795 4.901501415588428e-05 2.4544739723205571 0.001950978650711477 -3.691233723657205e-05 0.0044417965691536674
decision_type=2 2 2 2 2 2 2 2 2 2 2 2 2 2 2 2 2 2 2 2 2 2 2 2 2 2 2 2 2 2
left_child=1 2 3 9 14 16 -5 24 15 -1 23 19 -13 -12 18 -4 -6 -10 20 -9 -2 28 -23 -7 26 -26 -3 -20 -16 -18
right_child=4 7 8 6 5 10 -8 11 17 -11 13 12 -14 -15 21 -17 29 -19 27 -21 -22 22 -24 -25 25 -27 -28 -29 -30 -31
leaf_value=-0.032790447325410095 -0.0030906217732850805 -0.054861778133076071 -0.030174671290899509 -0.047251785083630642 0.034609956390384986 0.011835563426935328 0.017731650135803547 -0.046767873966787971 -0.008267532265407062 0.033244668669117218 -0.0057557632468897965 -0.045391548418572535 0.032245160560103292 0.049268020531956516 0.049755324832979168 0.048254417621979281 -0.05615504431322707 -0.051777434696975169 0.051354755807432977 -0.011463506421034126 0.048531563350389904 -0.044972751930182138 0.031278959489904605 0.044103243635615241 0.06193138858428552 -0.042750930152286946 0.0077611686629314655 0.025874177945668781 0.019368835784214194 -0.017263727186255538
leaf_weight=15.69674834422767 21.157571710646152 222.73236614384223 9.1570310923270899 61.751419634092599 4.4607740882784119 26.850599112920463 37.925113348290324 53.977597416262142 19.815387649461627 147.95758622325957 91.158615160733461 8.3329210784286278 21.581381805241108 14.250248767435549 18.13001607358456 13.675724863074718 25.078811516053978 89.493399204220623 245.1536648850888 37.223663351149298 13.983119407668708 13.835814731195567 21.073268454521894 81.889647549949586 2.0842797644436351 2.7278915443457663 4.2383592179976395 23.700170996598899 13.142167031764982 4.8221447654068461
leaf_count=371 136 12739 293 2348 47 292 411 2641 396 1482 840 429 248 50 59 133 1280 4148 1116 1202 64 140 100 323 7 130 96 129 63 167
internal_value=0.000573775 -0.0229969 -0.00586745 0.00805673 0.0290762 0.0113433 -0.0225962 -0.042122 -0.0334676 0.0267503 0.0195503 -0.02215 0.00984996 0.00207602 0.0409183 0.0168543 -0.0389113 -0.0440365 0.0457022 -0.0326391 0.0182253 0.0185909 0.000646674 0.036316 -0.0524182 0.00544425 -0.0536635 0.0492128 0.0379812 -0.0506447
internal_weight=1367.06 748.371 395.472 263.331 618.687 248.511 99.6765 352.898 132.142 163.654 214.149 121.116 29.9143 105.409 370.176 22.8328 34.3617 109.309 303.995 91.2013 35.1407 66.1813 34.9091 108.74 231.783 4.81217 226.971 268.854 31.2722 29.901
internal_count=31880 27074 9582 4612 4806 2999 2759 17492 4970 1853 1505 4520 677 890 1807 426 1494 4544 1445 3843 200 362 240 615 12972 137 12835 1245 122 1447
is_linear=0
shrinkage=0.05


Tree=27
num_leaves=31
num_cat=0
split_feature=52 45 22 0 37 46 2 6 4 25 19 40 42 2 41 25 24 3 29 51 2 0 37 38 40 39 38 44 16 3
split_gain=337.568 126.359 58.7949 50.4755 53.5473 46.286 37.6017 28.7937 21.1214 20.1932 17.3614 17.3109 16.9686 14.0636 12.9738 12.5882 11.2117 7.60327 7.54593 6.28705 8.03873 5.96308 4.98884 4.46417 3.81707 3.79492 3.25307 3.16355 3.06605 0.714731
threshold=0.94570022821426403 0.0027134149568155412 1.0000000180025095e-35 0.37640704214572912 0.031962370499968536 0.00045211386168375617 0.14297941327095035 0.4014939963817597 -0.0033037946559488769 -3.8838443288113915e-05 1.0654287636280062 0.3234266489744187 0.90625000000000011 0.12420320510864259 0.0011846956913359465 -0.0024020328419283028 0.070523668080568327 0.0034976085880771284 0.13244355469942096 0.018553763628005985 0.1426937207579613 0.41136083006858831 0.024922599084675316 0.0058516415301710376 0.24097780138254168 0.00058005726896226417 0.0069450563751161107 2.3652302026748662 0.99723652005195629 0.00097431679023429762
decision_type=2 2 2 2 2 2 2 2 2 2 2 2 2 2 2 2 2 2 2 2 2 2 2 2 2 2 2 2 2 2
left_child=1 2 3 6 -5 19 -1 8 10 12 -7 -10 13 -3 15 -9 21 -18 29 23 24 -11 -14 27 -21 -16 -25 -2 -22 -4
right_child=5 9 18 4 -6 7 -8 14 11 16 -12 -13 22 -15 25 -17 17 -19 -20 20 28 -23 -24 26 -26 -27 -28 -29 -30 -31
leaf_value=-0.01662447761745578 -0.05462937350602573 -0.028083779377669118 0.054192477768263247 -0.05262736183784486 -8.6133251992667791e-05 -0.042442726150297101 0.032081969689227711 0.043134297774059471 -0.036045633350846394 0.017335309802265605 0.062283815483853137 0.038906622702705666 0.031346535451141834 0.031983124052196818 0.065100066486403124 -0.058764933021504706 0.029681362694675875 -0.0092098482480793709 0.0036695992205164453 -0.050744014683614148 -0.014328876928997687 -0.055104511843677109 0.051343035332332421 0.037512798420793053 0.033591076823387432 0.018941031163342441 -0.036927087844224896 -0.018898011020278313 0.057787890256508913 0.031973791226314628
leaf_weight=67.883822987787426 214.70744481543079 12.716797929722814 42.277398511767387 95.962085709674284 97.015487830154598 5.1500248382799301 92.599549820646644 4.2217180412262696 137.36765261273831 3.9212408121675235 10.632302287966013 7.3609036467969409 42.975611035712063 33.407867284491658 12.298565853387119 6.3889962062239647 78.362744992598891 14.448485638946293 10.378131114877759 9.3000602847896481 1.8455454800277937 6.60588657297194 232.9395869160071 1.9480678802356117 0.84174302034080106 8.3592644454911333 1.9228083966299889 7.7665422884747377 2.8819634718820453 9.9207226149737817
leaf_count=1655 13265 187 162 3870 1926 186 1020 13 5772 28 61 78 200 131 62 203 356 118 75 602 94 138 1152 11 3 111 94 268 21 60
internal_value=-9.55834e-05 0.0183604 -0.00124056 -0.00917901 -0.02635 -0.0359198 0.011504 -0.0174538 -0.0259969 0.0374888 0.0276172 -0.0319927 0.043663 0.0151779 0.0258466 -0.0179988 0.0180136 0.0235933 0.0430387 -0.0504686 -0.0174704 -0.0289584 0.0483529 -0.05255 -0.0413578 0.0481586 0.000545995 -0.0534721 0.0320483 0.05065
internal_weight=1274.41 841.415 416.037 353.461 192.978 432.994 160.483 191.779 160.511 425.378 15.7823 144.729 322.04 46.1247 31.2685 10.6107 103.338 92.8112 62.5763 241.214 14.8693 10.5271 275.915 226.345 10.1418 20.6578 3.87088 222.474 4.72751 52.1981
internal_count=31922 11078 8768 8471 5796 20844 2675 6486 6097 2310 247 5850 1670 318 389 216 640 474 297 14358 720 166 1352 13638 605 173 105 13533 115 222
is_linear=0
shrinkage=0.05


Tree=28
num_leaves=29
num_cat=0
split_feature=52 45 22 0 31 46 2 6 52 40 24 1 2 13 0 48 47 29 48 41 38 16 38 50 40 0 30 12
split_gain=314.306 101.343 44.8588 40.529 46.609 37.8153 32.7945 26.2076 22.0905 17.2361 17.1404 21.8055 21.2719 11.2562 10.9705 7.28182 19.9091 5.3855 4.8369 4.82858 4.75987 3.55446 2.738 1.92129 1.29214 1.18251 0.630014 0.4935
threshold=0.94570022821426403 0.0026059532538056378 1.0000000180025095e-35 0.37640704214572912 0.020540537312626842 0.00045468582538887864 0.1426937207579613 0.43173274397850042 0.65685451030731212 0.3234266489744187 0.16018040478229525 0.5097579061985017 0.12420320510864259 0.053446253761649139 0.36320692300796514 1.344738841056824 0.0010698972037062051 0.13244355469942096 1.3724937438964846 0.0011613065144047143 0.0058516415301710376 0.21576974540948871 0.0066596576943993577 0.00082113902317360054 0.17162900418043139 0.72321692109107982 0.0038509962614625697 1.0000000180025095e-35
decision_type=2 2 2 2 2 2 2 2 2 2 2 2 2 2 2 2 2 2 2 2 2 2 2 2 2 2 2 2
left_child=1 2 3 6 -5 15 -1 9 21 13 11 -10 -12 -7 19 20 -17 25 -18 -9 24 -3 -22 -11 -2 -4 -23 -16
right_child=5 8 17 4 -6 7 -8 14 10 23 12 -13 -14 -15 27 16 18 -19 -20 -21 22 26 -24 -25 -26 -27 -28 -29
leaf_value=-0.01755232877135417 -0.055564779429894497 0.022223210515900593 0.053277255626924952 -0.043812796999781141 0.011403695200576972 -0.018171605723066298 0.030208668667530542 0.0065553657673832304 -0.016616709662794237 0.059104517291632255 -0.0044816342993986256 0.035405237251780193 0.041002070644758755 -0.046825732505326532 -0.0025681307609546501 0.048002978640655287 0.027250415102121558 0.0062177393390340716 -0.054863807664604136 0.057404558975642929 0.037316014395037275 0.053042298157801739 -0.034109795238449835 0.011297711677087234 -0.027354555108763806 0.028792878437052739 0.031298803882088853 -0.046149455228498885
leaf_weight=60.114859268069267 185.2600217028521 13.103899314999579 32.80467813462019 111.90076952474192 57.249785595573485 77.452848214656115 86.547825585119426 7.1473244470544222 45.24220950063318 4.2049564160406572 30.355215521994978 34.7336271898821 160.39865928981453 63.71156167332083 0.90448862500488658 6.3221072228625443 1.3782011456787611 9.7026903685182315 18.748510042438284 14.199784174561499 1.818261377513408 132.2824736405164 1.5701958341524003 4.5104102529585361 7.1353300856426349 10.707028599455951 8.6485537607222778 3.4474561982788146
leaf_count=1597 12633 59 145 4680 981 2924 1010 83 358 16 417 187 716 3017 31 53 32 69 1188 78 8 716 87 66 445 53 42 158
internal_value=-0.000367642 0.0178076 -0.00136637 -0.00855469 -0.0251673 -0.0365882 0.0106459 -0.0190854 0.0344297 -0.0270804 0.0256649 0.00613472 0.0337785 -0.0313424 0.0268102 -0.0502692 -0.0243066 0.0406653 -0.0482172 0.0414347 -0.0536352 0.0495697 0.00398715 0.0380728 -0.0546654 0.0480345 0.0519379 -0.039264
internal_weight=1191.6 793.792 369.028 315.813 169.151 397.811 146.663 175.579 424.765 149.88 270.73 79.9758 190.754 141.164 25.6991 222.233 26.4488 53.2144 20.1267 21.3471 195.784 154.035 3.38846 8.71537 192.395 43.5117 140.931 4.35194
internal_count=31849 11030 8535 8268 5661 20819 2607 6373 2495 6023 1678 545 1133 5941 350 14446 1273 267 1220 161 13173 817 95 82 13078 198 758 189
is_linear=0
shrinkage=0.05


Tree=29
num_leaves=31
num_cat=0
split_feature=45 40 52 52 2 5 2 6 52 7 25 5 37 44 45 36 29 36 2 37 29 9 25 33 2 2 48 3 26 33
split_gain=262.538 75.8166 54.1258 44.6744 37.3881 36.5563 40.9485 27.0177 33.1892 24.935 18.3965 17.1619 17.1408 16.6623 14.0684 13.9687 13.1324 11.8309 9.49985 9.33317 9.21286 7.26581 6.67791 6.27514 6.24674 5.8218 4.61752 2.70185 2.25787 1.67204
threshold=0.0021135548595339064 0.14241977781057361 0.74560862779617321 0.94570022821426403 0.12941937148571017 0.0034306545276194815 0.14073991775512698 0.097163978964090361 0.8981321156024934 0.86662113666534435 -0.00078581835259683419 0.0030401619151234631 0.051436066627502448 2.3652302026748662 0.0042359046638011941 0.00055357374367304157 -1.1674335598945615 0.0004947946290485562 0.13674368709325793 0.022390244528651241 0.2729835063219071 0.081238735467195525 -2.4315368136740286e-05 2.811818285408663e-05 0.12122971192002298 0.14947053045034411 2.3402552604675297 0.0019870778778567915 -1.0000000180025095e-35 7.1708338509779437e-05
decision_type=2 2 2 2 2 2 2 2 2 2 2 2 2 2 2 2 2 2 2 2 2 2 2 2 2 2 2 2 2 2
left_child=1 3 19 5 9 6 -1 8 17 28 20 24 -13 21 -12 -7 -11 -3 -15 23 -6 -5 27 26 -9 -24 -2 -21 -4 -10
right_child=2 7 4 13 10 15 -8 11 29 16 14 12 -14 18 -16 -17 -18 -19 -20 22 -22 -23 25 -25 -26 -27 -28 -29 -30 -31
leaf_value=-0.033850611259391448 -0.030009006521118577 -0.015771979999271341 0.00097072647814484619 -0.051802864894511851 0.043098614213740616 -0.050139033325363125 0.024212836605624927 0.0010071790833822438 0.010861399322534477 0.0050488337585292949 -0.0079760972734813605 -0.042618380495748266 0.037526848858113138 -0.048917486689094125 0.028867282375408712 0.0086665374111446394 -0.046131518688156875 0.041878473345477361 0.03324939665893957 0.05244431437030294 0.0044064253199806993 -0.008512440641843191 0.035693242971517679 0.036500266214021221 0.053650540268058614 -0.015611583257129569 0.018520771357825542 0.025244285611702041 0.043924636625364694 -0.054904870588464209
leaf_weight=49.035664847586304 7.44902668707073 14.46287312870845 3.9932795437052873 231.37731926701963 85.547012837603688 68.538638459984213 76.241591888479888 6.5273438864387563 0.68766443617642181 16.738268389599398 64.646674261894077 12.826442528050395 11.901085668709127 4.2991036572493604 41.892333470284939 11.4994097687304 46.803388543659821 20.515501170419157 9.5100673045963031 159.34291625255719 19.007104584015906 10.567233952693639 20.132499968633059 24.280476292595267 42.09660196909681 6.8366249706596127 10.682580206543205 12.640404835343359 12.757906347513197 28.318403867306188
leaf_count=1651 51 322 53 15982 476 3881 830 129 13 347 785 453 121 223 226 287 1711 129 104 930 156 485 123 127 239 48 50 80 100 1679
internal_value=-0.000592002 -0.0233022 0.0249128 -0.032999 0.0103503 -0.0155188 0.00139772 0.00925557 -0.0143763 -0.0185321 0.0213717 0.0297857 -0.00408603 -0.0469167 0.00664485 -0.0416875 -0.0327802 0.0182653 0.00609315 0.042378 0.0361731 -0.0499549 0.046938 0.0203991 0.0467463 0.0225944 -0.0019432 0.0506027 0.0343165 -0.0530357
internal_weight=1131.16 598.405 532.75 461.069 291.386 205.315 125.277 137.336 63.9844 80.2928 211.093 73.3515 24.7275 255.754 106.539 80.038 63.5417 34.9784 13.8092 241.365 104.554 241.945 198.952 42.4121 48.6239 26.9691 18.1316 171.983 16.7512 29.0061
internal_count=31791 26528 5263 23443 3854 6649 2481 3085 2143 2211 1643 942 574 16794 1011 4168 2058 451 327 1409 632 16467 1181 228 368 171 101 1010 153 1692
is_linear=0
shrinkage=0.05


Tree=30
num_leaves=29
num_cat=0
split_feature=52 44 7 1 36 31 2 2 2 44 30 5 24 29 29 2 31 37 30 37 7 29 31 37 1 31 41 37
split_gain=239.564 93.8308 41.9461 37.3024 37.0162 30.8771 29.5798 28.0572 25.5312 23.5548 18.8886 17.6053 11.6298 10.2332 9.87881 9.49653 8.87792 8.87415 9.01268 8.32708 6.50488 6.32041 5.6222 5.23207 3.94835 2.7511 2.3374 0.76468
threshold=0.94570022821426403 1.7288231849670412 0.9165293574333192 0.34446594119071966 0.00060847192071378242 0.034772275015711791 0.128637470304966 0.116499200463295 0.10669768974184991 2.4544739723205571 0.0032492743339389567 0.0039459539111703643 0.11435057595372201 0.53535839915275585 0.8901515305042268 0.13486734032630923 0.11077342182397844 0.067676059901714339 0.0038509962614625697 0.033558772876858718 0.72937968373298656 -1.9463468790054319 0.0030334281036630277 0.036046793684363372 0.17434290051460269 0.0052108087111264476 0.0038842691574245696 0.018084408715367321
decision_type=2 2 2 2 2 2 2 2 2 2 2 2 2 2 2 2 2 2 2 2 2 2 2 2 2 2 2 2
left_child=1 2 10 7 -5 9 20 -4 16 17 22 13 -13 -10 23 26 -3 21 -19 -12 -7 -2 -1 -8 -16 -17 -11 -22
right_child=5 8 3 4 -6 6 14 -9 11 15 19 12 -14 -15 24 25 -18 18 -20 -21 27 -23 -24 -25 -26 -27 -28 -29
leaf_value=0.0072091275262131842 0.019913189115382361 -0.057293906742470549 -0.054136524634910581 -0.044927295911097537 0.011757892944980173 0.033460061058583894 -0.013669004017079506 0.01889036897932303 0.043464863634868837 -0.041546729492999118 -0.03767038369460346 -0.029155101646233014 0.022854308251976894 0.0067686946828505908 0.021619354808031375 0.031325834835598726 0.032174149553880087 -0.036147202197619702 0.045431600330359895 0.018706759834946584 0.00013813699208426816 -0.047055463567703917 0.051126705933542606 0.047398918986470064 -0.058862514751191454 -0.0062332608200295235 0.010033536083481622 -0.057515280700652073
leaf_weight=8.9935861676931363 3.0607520020566872 9.3560609454289061 14.192929803393779 102.58136300323531 39.399718935135752 1.6390201519243444 3.5797158097848323 97.836426389170811 290.24719871161506 10.806794262025504 11.267720459960403 13.089054455514995 45.105480482336134 20.757481792010367 1.7338573555462051 14.753877210430803 3.0500948624685398 7.0172071591950935 4.861876280978322 13.137048623524604 0.58930263435468333 253.41451506677549 47.71120055578649 26.209964551497251 3.2064659879542887 6.6390853398479512 2.2797803869470945 16.882312407484278
leaf_count=102 100 333 721 4017 476 11 142 1986 1793 611 414 296 305 172 27 152 35 468 58 172 24 17702 258 266 71 98 44 1101
internal_value=0.000362668 0.0170218 -0.00228857 -0.0122899 -0.029225 -0.0330673 0.00179865 0.00924153 0.0339415 -0.0392516 0.0288008 0.0363297 0.0108615 0.0410452 0.0290687 -0.000330865 -0.0345387 -0.0442325 -0.00182351 -0.00778088 -0.0467407 -0.046182 0.0444069 0.039855 -0.0317321 0.0199119 -0.0324867 -0.0556685
internal_weight=1073.4 716.725 335.12 254.01 141.981 356.675 53.8406 112.029 381.605 302.834 81.1096 369.199 58.1945 311.005 34.73 34.4795 12.4062 268.354 11.8791 24.4048 19.1106 256.475 56.7048 29.7897 4.94032 21.393 13.0866 17.4716
internal_count=31955 11080 8146 7200 4493 20875 1642 2707 2934 19233 946 2566 601 1965 506 905 368 18328 526 586 1136 17802 360 408 98 250 655 1125
is_linear=0
shrinkage=0.05


Tree=31
num_leaves=30
num_cat=0
split_feature=45 32 52 2 5 2 24 51 24 1 22 1 31 30 9 3 2 4 9 52 52 51 4 25 49 29 9 52 47
split_gain=230.492 50.7553 49.0871 41.4635 36.7875 56.7195 30.7535 18.5417 16.9292 15.5419 15.1308 13.3938 12.974 13.0605 12.4373 17.4385 11.743 10.2795 9.04094 8.06756 6.3505 5.40707 5.02558 4.85889 4.63358 2.55011 2.32523 1.77247 0.293398
threshold=0.001990227610804141 0.0027239220216870312 0.79277813434600841 0.12941937148571017 0.003499650396406651 0.13869901001453402 0.30491694808006292 0.049235926941037185 0.17043682932853702 0.5039941966533662 1.0000000180025095e-35 0.7763541340827943 -0.00039272299909498537 0.0044841971248388299 0.020428469404578212 0.0017452143365517261 0.11919116973876955 0.0029286615317687397 -0.10886417329311369 0.79277813434600841 0.52778729796409618 0.0094908070750534552 0.0024926158366724853 -0.0010021238122135399 0.0024210410192608838 -1.6187077760696409 -0.035750607028603547 0.70938414335250866 0.0022473982535302643
decision_type=2 2 2 2 2 2 2 2 2 2 2 2 2 2 2 2 2 2 2 2 2 2 2 2 2 2 2 2 2
left_child=1 4 14 10 5 7 -7 -1 9 -5 18 -10 19 17 15 16 -2 -14 -4 26 -6 -21 27 -17 -22 -12 -3 -16 -15
right_child=2 12 3 8 20 6 -8 -9 11 -11 25 -13 13 28 22 23 -18 -19 -20 21 24 -23 -24 -25 -26 -27 -28 -29 -30
leaf_value=-0.05330972313600485 -0.030486033363597637 0.040373725974274494 0.010241876252817569 -0.031414173975699622 0.031046251932666892 0.015041611671987049 -0.039427398824884566 0.04294562294408491 0.035312294097499093 0.027584309773321897 0.04793802446751242 -0.013441888480490459 0.02964877030504863 -0.050056283467042842 0.053293599881735237 0.014726545120144839 0.036937437214039373 -0.03346166873171838 -0.047700027207693035 -0.050514360602926238 -0.052223949791716698 -0.0066605899154171828 0.01021665024907005 -0.047981932758647219 0.01021733135418159 0.00099748613382487708 -0.0048400995279625362 0.037815419907429877 -0.0068774594836799353
leaf_weight=91.380580286029726 6.203965585678815 4.9942492628470063 7.5708222128450862 25.542297143954784 1.7666361089795817 103.97165470360778 33.40984725439921 4.5693068318068972 109.98432769672945 18.30210998095572 4.8568225335329771 15.603536983951924 64.762590095866472 5.6195612782612434 113.30690646264702 3.9904903005808583 92.166986832395196 6.3247546856291583 43.142305909190327 15.271141193807127 159.28529922117013 12.984854966169221 9.1209874711930734 8.57622307166457 2.7216541628586119 5.8041859455406648 5.0464173993095738 37.410472000716254 0.79123650724068273
leaf_count=6044 95 28 234 391 14 2224 1917 29 888 160 27 219 909 288 781 33 537 178 2051 882 12869 423 65 89 166 72 73 274 30
internal_value=9.48254e-05 -0.023451 0.0241707 0.00717971 -0.0319267 -0.0190472 0.00160608 -0.0483302 0.0199174 -0.00672032 -0.02774 0.0291965 0.00563966 0.0173381 0.0385739 0.0253332 0.0324212 0.0236474 -0.0390193 -0.0178725 -0.0500494 -0.0312782 0.0475492 -0.0284515 -0.0511187 0.0246592 0.0192692 0.0497262 -0.0463742
internal_weight=1014.48 512.9 501.582 230.806 397.105 233.331 137.382 95.9499 169.432 43.8444 61.3741 125.588 115.795 77.4981 270.776 110.938 98.371 71.0873 50.7131 38.2967 163.774 28.256 159.838 12.5667 162.007 10.661 10.0407 150.717 6.4108
internal_count=31990 26074 5916 4042 23263 10214 4141 6073 1658 551 2384 1107 2811 1405 1874 754 632 1087 2285 1406 13049 1305 1120 122 13035 99 101 1055 318
is_linear=0
shrinkage=0.05


Tree=32
num_leaves=31
num_cat=0
split_feature=52 45 7 0 46 1 19 6 30 25 41 34 40 4 51 24 9 1 25 2 24 39 7 44 43 24 34 6 6 17
split_gain=191.849 69.893 40.2229 40.4766 34.0027 32.4881 32.4084 22.0277 18.8738 15.2542 12.5524 11.2485 11.0488 12.2046 9.62741 9.52826 20.5094 9.35247 8.78421 8.77105 7.88933 5.76415 3.99085 3.87717 7.23087 3.77291 2.81508 2.52312 2.02287 1.87463
threshold=0.94570022821426403 0.0031770667992532258 0.9165293574333192 0.38286139070987707 0.00045468582538887864 0.74494609236717235 0.027388900518417362 0.4014939963817597 0.0031597313936799769 -0.00068745922180823971 0.0011613065144047143 0.29452645778656011 0.3234266489744187 -0.002945872256532311 0.018553763628005985 0.070523668080568327 0.13467903435230258 0.30242420732975012 -0.0024947401834651823 0.1426937207579613 0.11834894493222238 0.00058005726896226417 0.99999859929084789 2.3652302026748662 0.0012592029524967077 0.27589797973632818 0.23387677967548373 0.43173274397850042 0.097163978964090361 0.30833333730697637
decision_type=2 2 2 2 2 2 2 2 2 2 2 2 2 2 2 2 2 2 2 2 2 2 2 2 2 2 2 2 2 2
left_child=1 2 8 5 14 -4 -5 12 25 15 18 17 13 -6 23 16 -3 -11 -9 27 -10 -12 -17 26 -25 -1 -2 -16 -14 -21
right_child=4 9 3 6 7 -7 -8 10 20 11 21 -13 28 -15 19 22 -18 -19 -20 29 -22 -23 -24 24 -26 -27 -28 -29 -30 -31
leaf_value=0.054505338451300005 -0.053719914103875457 -0.04910498941117513 0.02278563492774606 0.013243342930875932 0.01206271382578393 -0.042812642140974154 -0.040166401053572068 0.036563601620839215 -0.053294235747223223 0.024735220939089322 0.064466285955632127 0.043446098701512129 0.0027268922469614481 -0.034681354774323603 -0.04722767859931859 0.048628121466972887 0.049885991245902074 -0.012899215164942532 -0.059703176905467975 0.068354545812677567 0.0094680331321729538 0.0042411663552242747 0.0068966244834717727 0.05178485758329892 -0.046020914846917699 0.026395010948875905 0.0069389585521954181 0.026823076797872211 0.054846371006959965 0.0048363132389334269
leaf_weight=39.809129661880434 146.66392419335898 7.9152255505323437 108.96732431650162 37.666797239100561 15.800630425103007 21.830751203466207 109.55141872155946 2.9919909108430165 5.0051087616011491 31.739682106301188 12.959551024716349 28.030246683396399 3.2852089758962384 96.004190174455289 6.0316222482360882 151.68851878913119 11.718361058738081 32.393181104212999 5.1937962058000267 2.4360641837120056 29.135582438204437 5.760793308261781 6.3254643948748699 2.0560619859024873 4.0185448592528701 21.458066008519381 1.7194911874830712 0.70405146153643716 3.6558882929384708 2.0013175173662603
leaf_count=240 13254 46 1866 982 450 672 4536 14 171 184 77 153 64 5499 575 1071 90 302 197 2 525 119 43 9 248 208 92 7 20 119
internal_value=-0.000542483 0.0150484 0.00102087 -0.00860217 -0.0327046 0.0115952 -0.026504 -0.0149317 0.0288605 0.0343875 0.0252549 0.0176071 -0.0241723 -0.028027 -0.0481502 0.0429458 0.00953232 0.00582006 -0.0243667 -0.00303896 -0.000987829 0.0470881 0.0470114 -0.0513729 -0.0102762 0.0452421 -0.0529752 -0.0370206 0.0336281 0.0458651
internal_weight=954.518 643.235 373.424 278.016 311.283 130.798 147.218 145.652 95.4079 269.811 26.9061 92.1631 118.746 111.805 165.631 177.648 19.6336 64.1329 8.18579 11.1731 34.1407 18.7203 158.014 154.458 6.07461 61.2672 148.383 6.73567 6.9411 4.43738
internal_count=31835 11089 9200 8056 20746 2538 5518 6440 1144 1889 407 639 6033 5949 14306 1250 136 486 211 703 696 196 1114 13603 257 448 13346 582 84 121
is_linear=0
shrinkage=0.05


Tree=33
num_leaves=29
num_cat=0
split_feature=45 52 31 0 6 0 49 31 2 24 1 37 30 35 0 2 17 52 2 17 5 29 16 3 3 2 24 36
split_gain=166.923 60.5991 42.444 31.665 35.5332 28.2041 26.1398 23.7386 29.509 22.2859 13.1516 12.685 20.056 11.1226 10.8243 8.66556 18.9917 7.43085 4.87314 4.54193 6.22866 4.30464 4.1062 2.95151 2.01924 1.61206 1.54828 1.3558
threshold=0.0024545184569433336 0.96720427274703991 0.025864740833640102 0.37992922961711889 0.01681510824710131 0.90531975030899059 0.0011119501432403924 0.034772275015711791 0.12199999764561655 0.10714414715766908 0.837274730205536 0.054966034367680557 0.003778839018195868 0.04675871133804322 0.12076077982783319 0.14375565946102145 0.44166666269302374 0.78647416830062877 0.1101319268345833 0.17500000447034839 0.0024926555342972283 -1.6929624676704405 0.52978020906448375 -0.00092191819567233313 0.0029522485565394167 0.16174234449863437 0.2307136878371239 0.0016177166253328326
decision_type=2 2 2 2 2 2 2 2 2 2 2 2 2 2 2 2 2 2 2 2 2 2 2 2 2 2 2 2
left_child=1 2 3 4 -1 14 -5 8 19 13 -11 15 21 -10 -4 -3 -17 24 26 27 -21 -13 -20 -14 25 -9 -19 -2
right_child=7 11 5 6 -6 -7 -8 17 9 10 -12 12 23 -15 -16 16 -18 18 22 20 -22 -23 -24 -25 -26 -27 -28 -29
leaf_value=-0.029080340706878247 -0.054210350631032925 -0.054327854671819859 -0.019768418548664176 -0.055463968047790163 0.026053219123346683 -0.056619165783619765 -0.010799761533172325 0.052701013624111261 0.012997094659834117 0.034201858311208172 -0.013157180522329198 0.015615422894634901 0.060644452964175283 -0.048472916494624603 0.03884947914150276 0.021005681700263554 -0.042768914405174135 0.018142820020392841 0.0022036684334657847 0.022650517856457178 -0.049841589510014245 -0.049037425772611963 0.036567645769898592 -0.0019996212356865059 0.014063178152619161 0.026922781623282127 -0.041477817396674055 0.0016416426878560918
leaf_weight=48.223555521341041 14.234788825153373 94.575993310310878 8.1472273715771717 61.130127890501171 70.954976727254689 8.8364130668342096 70.583198141539469 90.479517142754048 13.843003092799336 144.9829654302448 15.773607589304445 2.5922741992399123 7.5260939351283014 13.941975386813283 77.328977472148836 13.846532732713966 58.950932155828923 0.88232118589803521 11.144381712656466 6.3640855164267105 3.9835989181883633 14.55807235883549 40.798880532383919 2.3321917341090721 4.9376992285251609 10.041756375692783 2.6685156859457493 1.1077783810906119
leaf_count=2105 766 9061 246 4278 1457 430 2673 753 147 1007 156 64 91 178 888 362 5080 12 87 115 169 1091 324 122 36 65 217 25
internal_value=0.00094378 -0.016855 -0.00424766 -0.0149899 0.00368802 0.0241866 -0.0317908 0.0265186 0.0155034 0.0223741 0.0295023 -0.0391082 -0.0070134 -0.0184598 0.0330983 -0.0442149 -0.0305183 0.0409938 0.0254405 -0.0338705 -0.00719003 -0.0389432 0.0293758 0.0470053 0.0488624 0.0504164 -0.0259318 -0.050324
internal_weight=914.771 539.587 345.204 250.892 119.179 94.3126 131.713 375.185 214.232 188.542 160.757 194.382 27.0086 27.785 85.4762 167.373 72.7975 160.953 55.4941 25.6903 10.3477 17.1503 51.9433 9.85829 105.459 100.521 3.55084 15.3426
internal_count=32005 27948 12077 10513 3562 1564 6951 4057 2563 1488 1163 15871 1368 325 1134 14503 5442 1494 640 1075 284 1155 411 213 854 818 229 791
is_linear=0
shrinkage=0.05


Tree=34
num_leaves=25
num_cat=0
split_feature=52 46 5 2 0 22 2 31 24 37 4 0 46 46 30 37 37 22 19 7 4 25 2 45
split_gain=152.722 78.1329 30.8725 37.7365 28.2989 21.5697 18.1965 17.1133 25.4648 15.5094 13.691 13.0508 12.3861 11.2719 10.2978 9.82097 7.58723 7.46578 6.46996 5.21115 4.65094 2.55839 1.13757 0.981784
threshold=0.7756861448287965 0.00071218714583665143 0.0031952154822647576 0.14022843539714816 0.39094255864620214 1.0000000180025095e-35 0.10825660452246667 0.034772275015711791 0.10714414715766908 0.031962370499968536 -0.0033287173137068744 0.1606002822518349 0.0016331441584043207 0.00053192913765087735 0.0044841971248388299 0.063438963145017638 0.020615751855075363 1.0000000180025095e-35 0.038256317377090461 0.99468213319778453 -0.0038553237682208415 0.00050856539746746432 0.16174234449863437 0.0023703901097178464
decision_type=2 2 2 2 2 2 2 2 2 2 2 2 2 2 2 2 2 2 2 2 2 2 2 2
left_child=7 2 3 5 -5 -2 -3 8 18 12 11 -4 -8 17 -11 -12 -15 -10 19 -1 -20 22 23 -9
right_child=1 6 10 4 -6 -7 9 21 13 14 15 -13 -14 16 -16 -17 -18 -19 20 -21 -22 -23 -24 -25
leaf_value=-0.039463802641678099 -0.04447871358854668 -0.052223685647199015 0.055140610501538435 0.032883006819706732 -0.029091786990941327 0.037046477605092894 -0.028230663304299738 0.035591556656530313 -0.017020967083636835 0.024332211495691643 -0.050450149762116529 -0.034196927886437745 0.0090805455691943104 0.011484030497000508 -0.020547698972185523 0.012766685263909528 0.04570141087457881 0.046447828945333169 0.023413283486774891 0.027839448625439994 -0.055550420297210315 0.011196570538634369 0.02655009003853491 0.053129560257354859
leaf_weight=3.4281936718616652 78.169546196470037 11.230438743019475 5.8269178685732177 51.501524280291051 27.451551599660888 8.2842155583202821 36.14910500543192 19.040105493739247 17.598273700568829 135.69815220707096 155.82362916320562 9.1917172460816783 54.590002163778991 21.917706477921456 13.345148968044667 6.0181611976586273 71.499639770481735 5.1712878346443167 1.5953347217291582 7.2419873382896185 12.592010464984922 5.5488573433831325 9.2144894683733565 80.329020065022632
leaf_count=70 5870 961 73 985 1478 73 1099 162 438 1540 15359 594 601 167 406 222 493 28 11 84 303 56 67 732
internal_value=7.24502e-05 -0.013839 -0.0293444 -0.0136936 0.0112404 -0.0363325 0.00733587 0.032344 0.0204656 0.0103307 -0.0438224 0.00174266 -0.00592938 0.0302645 0.0202036 -0.0480354 0.0378799 -0.00125866 -0.0247347 0.00468708 -0.0457142 0.046718 0.0484144 0.0501572
internal_weight=848.457 593.28 342.267 165.407 78.9531 86.4538 251.013 255.177 141.044 239.782 176.86 15.0186 90.7391 116.187 149.043 161.842 93.4173 22.7696 24.8575 10.6702 14.1873 114.132 108.584 99.3691
internal_count=31872 29261 24654 8406 2463 5943 4607 2611 1594 3646 16248 667 1700 1126 1946 15581 660 466 468 154 314 1017 961 894
is_linear=0
shrinkage=0.05


Tree=35
num_leaves=25
num_cat=0
split_feature=52 46 5 2 2 31 0 0 51 31 46 29 21 22 43 7 37 36 2 16 29 2 2 32
split_gain=141.447 70.4808 29.8938 38.3804 26.7391 21.7547 31.6694 20.8553 16.2741 14.7232 11.8155 10.5882 9.03468 7.67789 7.27272 6.96337 6.44486 6.07256 3.66876 6.26488 3.34083 1.68723 1.47789 1.29921
threshold=0.7756861448287965 0.00044673070078715687 0.0031799726421013479 0.1426937207579613 0.12451204657554628 0.042120410129427917 0.36320692300796514 0.40783654153347021 0.06480391696095468 0.034772275015711791 0.00056957351625897001 0.84964600205421459 0.45421618223190313 1.0000000180025095e-35 0.0033971342490985994 0.72937968373298656 0.031129409559071067 0.00037526118103414779 0.16486076265573504 0.99746888875961315 0.44462439417839056 0.16208504885435107 0.1087399832904339 0.0067736611235886821
decision_type=2 2 2 2 2 2 2 2 2 2 2 2 2 2 2 2 2 2 2 2 2 2 2 2
left_child=9 2 3 14 8 6 -6 -5 15 10 13 -7 -12 17 -2 -3 -14 -1 23 -20 21 22 -11 -4
right_child=1 4 18 7 5 11 -8 -9 -10 20 12 -13 16 -15 -16 -17 -18 -19 19 -21 -22 -23 -24 -25
leaf_value=-0.050935011468393382 -0.049282263615424426 0.024115445366697907 -0.055129809963880595 0.037115921067980846 0.019255400512941889 0.037615436283352101 -0.019252722709404792 -0.031109431151333279 0.045252285554179053 0.016263537702378768 -0.028366855652534381 -0.025519481887392743 0.016013094452245549 0.042744869824539858 0.021836041756885499 -0.041189131427750866 0.042679386919993033 0.00026093541165827215 -0.042840326392160948 0.036641151464600452 0.005868198282701121 0.02332602438919584 0.051302709015784043 0.0073427381403650439
leaf_weight=8.6344146961346322 49.80034141545184 3.7731475951150051 109.97053179261275 34.760717624332756 102.21214326494373 63.361897809430957 109.61295706825331 15.423846122575922 5.9299499271437517 4.3081399369984856 5.834970708936452 6.7074284427799276 39.698895291890949 5.092395342886447 3.3177820956334463 53.723437559325248 58.060068829450756 14.498378596734254 7.3118602437898499 2.655231204116717 5.295753175392746 9.1620595091953856 89.999343625037 0.61578902741894026
leaf_count=434 4135 59 12054 584 2044 527 4081 906 42 64 51 86 419 31 87 3744 460 230 666 70 50 67 848 24
internal_value=0.000144115 -0.0134418 -0.0352269 -0.0152721 0.00074149 0.00736 -0.000668199 0.0159493 -0.0283316 0.0322084 0.0207215 0.0312978 0.0284766 -0.00774217 -0.0445188 -0.0365646 0.0321223 -0.020167 -0.05206 -0.0202561 0.0458144 0.0477831 0.0498895 -0.0547193
internal_weight=809.761 569.177 223.856 103.303 345.321 281.894 211.825 50.1846 63.4265 240.584 131.819 70.0693 103.594 28.2252 53.1181 57.4966 97.759 23.1328 120.553 9.96709 108.765 103.47 94.3075 110.586
internal_count=31763 29109 18526 5712 10583 6738 6125 1490 3845 2654 1625 613 930 695 4222 3803 879 664 12814 736 1029 979 912 12078
is_linear=0
shrinkage=0.05


Tree=36
num_leaves=27
num_cat=0
split_feature=43 31 22 0 2 50 52 24 2 29 24 29 52 1 7 31 25 21 32 25 0 7 2 7 0 2
split_gain=130.016 53.6966 29.572 26.7076 40.1357 23.444 22.3782 21.263 14.199 12.2711 10.2321 10.802 10.083 7.99944 7.6998 6.33132 5.52316 5.15563 4.28629 3.222 3.45106 2.88185 2.59238 2.19946 1.74043 1.50938
threshold=0.0025028283707797532 0.034772275015711791 1.0000000180025095e-35 0.38286139070987707 0.14375565946102145 0.00071733465301804255 0.728990137577057 0.36609348654747015 0.13086953014135363 -1.1983573436737058 0.13765023648738864 0.48672457039356237 0.99166667461395275 0.63262799382209789 0.81844267249107372 0.072040308266878142 -1.0000000180025095e-35 0.48602989315986639 0.0025262442650273447 -1.0000000180025095e-35 0.42171847820281988 0.98776546120643627 0.16402689367532733 0.76798865199089061 0.54245308041572582 0.16362600773572925
decision_type=2 2 2 2 2 2 2 2 2 2 2 2 2 2 2 2 2 2 2 2 2 2 2 2 2 2
left_child=1 2 3 4 -1 -5 17 12 9 21 15 -12 13 -3 -11 -10 24 -2 -14 25 -21 -8 -18 -9 -4 -19
right_child=6 7 16 5 -6 -7 8 23 10 14 11 -13 18 -15 -16 -17 22 19 -20 20 -22 -23 -24 -25 -26 -27
leaf_value=-0.038338509184283255 0.0047255692983007996 0.015994342317824848 0.05100326055141674 -0.050897006604207373 0.0090802514998125378 -0.010815930155792214 0.043965160741937452 0.018872060738979065 -0.020901352648768204 0.027928119165441495 0.03780727569092944 -0.010407482906260139 -0.045933725703617069 0.049122002339181785 -0.039293376307413329 0.042735479541521154 -0.045338790498736264 0.050735637969962312 0.015579852082716006 0.047111482870809275 0.0038334756173617163 -0.0044887413367234608 0.019960009191367943 -0.051041497794499437 0.015509936080749895 0.016416900183581176
leaf_weight=86.324358622776344 8.6639309735037369 41.211589249083772 12.443528196308767 147.7364968258189 90.629760135430843 49.184677563491277 8.4045564299449307 0.74103764374740322 17.524579097051177 4.3527282525319633 73.766397536033764 13.308313224464653 5.6765937074087542 33.916781937237829 24.916776166763157 3.976643383037298 2.4564666282385579 87.571670961333439 4.236948273377493 7.6756354551762369 10.23679706873372 4.2998841288499525 1.9298918219283221 10.559063444379715 6.2190697556361547 4.5691129788756362
leaf_count=6641 62 661 79 13553 3379 1995 88 10 317 52 689 203 397 327 1109 23 76 850 105 46 100 149 21 903 74 38
internal_value=-0.00159084 -0.0168359 -0.0249532 -0.0283532 -0.0141377 -0.0409913 0.0262953 0.0165201 0.0133561 -0.0111505 0.0228453 0.0304037 0.0251649 0.0313987 -0.0287043 -0.00775556 0.0290823 0.0424554 -0.0206248 0.0453563 0.0238889 0.0284348 -0.0182371 -0.0452952 0.0405659 0.0492284
internal_weight=762.533 493.266 396.924 373.875 176.954 196.921 269.267 96.342 150.55 41.9739 108.576 87.0747 85.0419 75.1284 29.2695 21.5012 23.049 118.717 9.91354 110.053 17.9124 12.7044 4.38636 11.3001 18.6626 92.1408
internal_count=31947 28221 25818 25568 10020 15548 3726 2403 2630 1398 1232 892 1490 988 1161 340 250 1096 502 1034 146 237 97 913 153 888
is_linear=0
shrinkage=0.05


Tree=37
num_leaves=24
num_cat=0
split_feature=46 52 22 2 6 5 2 30 29 46 19 7 4 25 7 1 45 46 0 1 29 29 31
split_gain=117.967 51.845 34.7506 24.3325 21.2557 22.8422 28.1615 20.051 15.1707 14.2961 13.8286 10.2254 8.86068 8.31791 7.022 9.43333 6.14337 5.85985 3.54632 4.49787 2.61634 1.6846 1.53889
threshold=0.00044673070078715687 0.74560862779617321 1.0000000180025095e-35 0.12941937148571017 -1.0000000180025095e-35 0.0031655923230573539 0.1426937207579613 0.0045006712898612031 0.53535839915275585 0.0029320331523194913 0.011377453338354828 0.72937968373298656 -0.00020569159823935476 0.00047119513328652834 0.99916747212409984 0.65621289610862743 0.0028478305321186785 0.00041288188367616391 0.42171847820281988 0.22728524357080462 0.58425384759902965 -0.39569383859634394 0.05532681196928025
decision_type=2 2 2 2 2 2 2 2 2 2 2 2 2 2 2 2 2 2 2 2 2 2 2
left_child=2 13 4 10 16 6 -6 8 -5 -9 12 -12 -3 14 20 -16 22 -7 -15 -20 -2 -4 -1
right_child=1 3 21 7 5 17 -8 9 -10 -11 11 -13 -14 18 15 -17 -18 -19 19 -21 -22 -23 -24
leaf_value=-0.05526938510312112 0.046431550173682022 -0.029179508816484741 0.052209789972599702 0.020665165863725989 -0.038749970304950865 -0.051837609665391859 0.028237238057337185 -0.048756320268680153 -0.010845624027205654 0.022144878775978219 0.031741214450586828 -0.038905230020443674 0.039798457932329757 0.029603552372581939 0.0303424738392165 -0.045168909673829152 0.023071201470289113 -0.001592180601130517 0.027228712259490973 -0.036450117674472572 0.0086272748172953329 0.012671615189958036 0.0047194150065266406
leaf_weight=93.700451217358932 117.92056733905338 6.3590282935183522 10.264699435792862 191.77403292129748 26.25117635820061 43.531542143318802 35.981226593605243 22.127782210707668 46.961622938979417 9.568662488833068 4.8764183358289293 56.992073102388531 12.045293514616786 6.4395846305415061 16.291377913206819 4.4833121020346871 2.0963206468150011 6.7464030156843355 3.3956184815615398 6.8922543982043862 5.2915932079777113 4.5852490980178109 0.92853008420206506
leaf_count=10183 1200 415 82 3653 2051 5423 792 1574 1231 84 54 3667 342 58 154 37 68 501 19 181 40 71 52
internal_value=-0.000159075 0.0130946 -0.030331 0.00228808 -0.0356075 -0.0205486 -0.000185579 0.00946811 0.0144473 -0.0273297 -0.0217197 -0.0329206 0.0156898 0.0365162 0.0403687 0.0127206 -0.0527345 -0.0452581 0.00294749 -0.014882 0.0448905 0.0415712 -0.0546376
internal_weight=735.505 511.419 224.086 350.705 209.236 112.51 62.2324 270.432 238.736 31.6964 80.2728 61.8685 18.4043 160.714 143.987 20.7747 96.7253 50.2779 16.7275 10.2879 123.212 14.8499 94.629
internal_count=31932 12709 19223 11020 19070 8767 2843 6542 4884 1658 4478 3721 757 1689 1431 191 10303 5924 258 200 1240 153 10235
is_linear=0
shrinkage=0.05


end of trees

feature_importances:
radius_norm=108
optical_spin_confidence=84
distance_to_centroid_norm=66
x_norm=64
speed_norm=46
history_mean_angular_velocity_norm=46
history_mean_global_similarity_residual_norm=46
history_std_global_similarity_residual_norm=46
orientation_cos=37
is_current_target=34
orientation_sin=32
speed_minus_peer_median_norm=29
history_mean_speed_norm=29
history_std_angular_velocity_norm=27
history_std_speed_norm=26
history_std_translation_residual_norm=26
appearance_peer_z=25
y_norm=24
history_std_direction_score_norm=23
vx_norm=22
vy_norm=18
global_similarity_residual_peer_z=18
optical_spin_abs_norm=15
history_mean_translation_residual_norm=13
angular_velocity_norm=12
appearance_distance=12
history_length_norm=12
motion_reliability=9
visible_streak_norm=9
history_std_appearance_distance=9
history_mean_direction_score_norm=8
history_std_rotation_score_norm=7
yolo_confidence=5
history_mean_rotation_score_norm=5
global_similarity_residual_norm=5
history_std_local_graph_strain_norm=5
optical_spin_evidence=5
association_quality=4
rotation_score_peer_z=4
history_mean_appearance_distance=4
local_graph_strain_peer_z=4
history_mean_local_graph_strain_norm=4
direction_score_norm=2
direction_score_peer_z=2
local_graph_strain_norm=2
rotation_score_norm=1
rigidity_score_norm=1

parameters:
[boosting: gbdt]
[objective: lambdarank]
[metric: ndcg]
[tree_learner: serial]
[device_type: cpu]
[data_sample_strategy: bagging]
[data: ]
[valid: ]
[num_iterations: 200]
[learning_rate: 0.05]
[num_leaves: 31]
[num_threads: 0]
[seed: 20260911]
[deterministic: 0]
[force_col_wise: 0]
[force_row_wise: 0]
[histogram_pool_size: -1]
[max_depth: 5]
[min_data_in_leaf: 40]
[min_sum_hessian_in_leaf: 0.001]
[bagging_fraction: 0.8]
[pos_bagging_fraction: 1]
[neg_bagging_fraction: 1]
[bagging_freq: 1]
[bagging_seed: 22173]
[bagging_by_query: 0]
[feature_fraction: 0.85]
[feature_fraction_bynode: 1]
[feature_fraction_seed: 8630]
[extra_trees: 0]
[extra_seed: 5152]
[early_stopping_round: 0]
[early_stopping_min_delta: 0]
[first_metric_only: 0]
[max_delta_step: 0]
[lambda_l1: 0]
[lambda_l2: 1]
[linear_lambda: 0]
[min_gain_to_split: 0]
[drop_rate: 0.1]
[max_drop: 50]
[skip_drop: 0.5]
[xgboost_dart_mode: 0]
[uniform_drop: 0]
[drop_seed: 25851]
[top_rate: 0.2]
[other_rate: 0.1]
[min_data_per_group: 100]
[max_cat_threshold: 32]
[cat_l2: 10]
[cat_smooth: 10]
[max_cat_to_onehot: 4]
[top_k: 20]
[monotone_constraints: ]
[monotone_constraints_method: basic]
[monotone_penalty: 0]
[feature_contri: ]
[forcedsplits_filename: ]
[refit_decay_rate: 0.9]
[cegb_tradeoff: 1]
[cegb_penalty_split: 0]
[cegb_penalty_feature_lazy: ]
[cegb_penalty_feature_coupled: ]
[path_smooth: 0]
[interaction_constraints: ]
[verbosity: -1]
[saved_feature_importance_type: 0]
[use_quantized_grad: 0]
[num_grad_quant_bins: 4]
[quant_train_renew_leaf: 0]
[stochastic_rounding: 1]
[linear_tree: 0]
[max_bin: 255]
[max_bin_by_feature: ]
[min_data_in_bin: 3]
[bin_construct_sample_cnt: 200000]
[data_random_seed: 5056]
[is_enable_sparse: 1]
[enable_bundle: 1]
[use_missing: 1]
[zero_as_missing: 0]
[feature_pre_filter: 1]
[pre_partition: 0]
[two_round: 0]
[header: 0]
[label_column: ]
[weight_column: ]
[group_column: ]
[ignore_column: ]
[categorical_feature: ]
[forcedbins_filename: ]
[precise_float_parser: 0]
[parser_config_file: ]
[objective_seed: 11763]
[num_class: 1]
[is_unbalance: 0]
[scale_pos_weight: 1]
[sigmoid: 1]
[boost_from_average: 1]
[reg_sqrt: 0]
[alpha: 0.9]
[fair_c: 1]
[poisson_max_delta_step: 0.7]
[tweedie_variance_power: 1.5]
[lambdarank_truncation_level: 30]
[lambdarank_norm: 1]
[label_gain: ]
[lambdarank_position_bias_regularization: 0]
[eval_at: 1]
[multi_error_top_k: 1]
[auc_mu_weights: ]
[num_machines: 1]
[local_listen_port: 12400]
[time_out: 120]
[machine_list_filename: ]
[machines: ]
[gpu_platform_id: -1]
[gpu_device_id: -1]
[gpu_use_dp: 0]
[num_gpu: 1]

end of parameters

pandas_categorical:null
