tree
version=v4
num_class=1
num_tree_per_iteration=1
label_index=0
max_feature_idx=46
objective=lambdarank
feature_names=x_norm y_norm radius_norm vx_norm vy_norm speed_norm orientation_sin orientation_cos orientation_known angular_velocity_norm translation_residual_norm rotation_residual_norm rotation_score_norm direction_score_norm speed_score_norm rigidity_score_norm motion_reliability visible_streak_norm lost_frames_norm appearance_distance association_quality yolo_confidence is_current_target bg_certified distance_to_centroid_norm speed_minus_peer_median_norm rotation_score_peer_z direction_score_peer_z rigidity_score_peer_z appearance_peer_z history_mean_speed_norm history_mean_angular_velocity_norm history_mean_translation_residual_norm history_mean_rotation_score_norm history_mean_direction_score_norm history_mean_appearance_distance history_std_speed_norm history_std_angular_velocity_norm history_std_translation_residual_norm history_std_rotation_score_norm history_std_direction_score_norm history_std_appearance_distance history_length_norm global_similarity_residual_norm global_similarity_residual_peer_z history_mean_global_similarity_residual_norm history_std_global_similarity_residual_norm
feature_infos=[0.023437527939677238:0.97688722610473633] [0.034432891756296158:0.96392875909805298] [0.053096525371074677:0.1973479837179184] [-0.0080459257587790489:0.009354742243885994] [-0.0070236730389297009:0.0059997495263814926] [1.6123552768476657e-06:0.0093742832541465759] [-0.99997174739837646:0.99999529123306274] [-0.99999368190765381:1] none [-0.54599446058273315:0.55592876672744751] [0:0.092281647026538849] none [0:0.072172954678535461] [0:0.99946087598800659] [0:0.11707045137882233] [0:0.0078225545585155487] [0:0.99996823072433472] [0.033333331346511841:1] none [0.00012260675430297852:2] [0.00039127969648689032:0.99996823072433472] [0:0.99794524908065796] [0:1] none [0.00074696843512356281:0.48266205191612244] [-0.0052215233445167542:0.0059342398308217525] [-1.4680711030960083:4.1000180244445801] [-2.1915533542633057:4.0590243339538574] [-0.9187544584274292:4.2065086364746094] [-3.0406723022460938:3.4346854686737061] [8.0617763842383283e-07:0.0079342853277921677] [-0.28176912665367126:0.4193059504032135] [0:0.14316053688526154] [0:0.072172954678535461] [0:0.90268337726593018] [3.9807386201573536e-05:2] [8.0617763842383283e-07:0.0031374881509691477] [0:0.28885024785995483] [0:0.085645973682403564] [0:0.033846057951450348] [0:0.49838733673095703] [0:0.99925148487091064] [0.125:1] [1.0974699762300588e-05:0.027237510308623314] [-4.4384894371032715:8] [0.00016147420683410019:0.024980045855045319] [0:0.03927256166934967]
tree_sizes=2512 3053 2725 2845 2822 2202 2936 2517 2837 2723 2823 2632 2728 3042 2615 2840 3474 3260 3361 2831 3253 3250 3262 3387 3156 3259 3262 3376 2626 3199 2622 3263 2844 3485 3382 3269 2847 2736 3498 3043 2818 2746 3478 3282 3486 3068 3161 3264 3062 2850 2742 3167 3075 2405 2947 2732 3262 2307 2950 2959 2739 3492 2848 3285 2311 3191 2952 3190 3380 2967 2310 2959 2739 3378 3166 3165 2969 2754 3170 3171 2996 2854 2989 3190 3295 3191 2758 2340 3090 3085 2540 2777 2971 2549 3185 1903 1982 2968 3413 1765 2566 2216 1987 1996 2004 3097 1773 1993 1886 3209 3224 2801 3212 2786 2542 2001 2460

Tree=0
num_leaves=22
num_cat=0
split_feature=45 31 2 38 0 7 30 7 36 7 29 46 24 30 2 7 24 40 0 36 34
split_gain=4165.76 563.36 300.661 249.88 173.168 130.716 105.394 81.2967 61.2891 60.8406 59.9958 50.8027 39.1322 37.2467 27.1034 27.0009 22.1076 29.1531 18.8321 14.9438 8.94741
threshold=0.0021135548595339064 0.038881113752722747 0.10181798040866853 0.0022096738684922461 0.91543772816658031 0.9165293574333192 0.0040589666459709415 0.91380706429481517 0.00039465933514293289 -0.77778002619743336 -1.0201282501220701 0.00094903481658548128 0.061387583613395698 0.0043938604649156341 0.13611930608749392 0.79125416278839122 0.32112435996532446 0.15812723338603976 0.074943464249372496 0.0013724858290515842 0.19107883423566821
decision_type=2 2 2 2 2 2 2 2 2 2 2 2 2 2 2 2 2 2 2 2 2
left_child=1 3 15 9 6 16 18 13 -9 -1 20 -11 -8 -5 -12 -2 -3 -18 -4 -6 -7
right_child=2 5 4 7 19 10 12 8 -10 11 14 -13 -14 -15 -16 -17 17 -19 -20 -21 -22
leaf_value=0.073824551241735287 0.054719912336553572 0.090597917224882765 0.02820539921432071 0.065959838081595612 -0.093379744820864044 0.0012143519219399231 -0.08616818007490018 -0.076476321935447802 0.0081767257204406456 -0.090752336244096871 -0.095244842282980635 -0.0027427957137447162 0.037575860356287238 -0.080415894876475602 -0.010956547833729425 -0.096201385628456509 -0.080730343391354181 0.079108253090414513 0.092746149397159069 0.055139810101481515 0.086509882484962788
leaf_weight=5.0703556239604941 2.6913103072438416 60.361422400688753 12.549662612844257 33.797657879767939 14.105157927318938 4.3851096436846992 6.229706614278256 46.773106903652661 38.385098295635544 832.56308141269255 20.029796686256304 16.790728223742917 56.849579966976307 4.1061817412264636 17.986861596466042 25.325388738885522 4.1895060732495022 5.3463332206010818 791.38680478534661 1.2496423353441066 9.5186338413041067
leaf_count=8 23 170 198 235 563 114 179 1148 662 22641 762 295 597 85 341 992 113 14 2692 4 36
internal_value=-0.000268927 -0.0657523 0.0787884 -0.0783816 0.0839255 0.0354005 0.0868922 -0.0116622 -0.0386669 -0.0879662 -0.0244614 -0.0890178 0.0242009 0.0484433 -0.0566684 -0.0803176 0.0795844 0.00788705 0.0917749 -0.0786601 0.061495
internal_weight=2009.69 1099.3 910.387 977.486 882.371 121.818 867.016 123.062 85.1582 854.424 51.9204 849.354 63.0793 37.9038 38.0167 28.0167 69.8973 9.53584 803.936 15.3548 13.9037
internal_count=31872 26624 5248 25074 4233 1550 3666 2130 1810 22944 1253 22936 776 320 1103 1015 297 127 2890 567 150
is_linear=0
shrinkage=0.05


Tree=1
num_leaves=27
num_cat=0
split_feature=45 22 38 31 2 46 3 25 31 24 2 24 41 31 24 7 1 44 4 26 5 41 34 31 25 3
split_gain=7841.33 2246.32 930.006 764.274 1131.31 504.268 317.493 232.161 174.146 168.777 167.553 159.677 156.172 130.278 120.726 205.964 102.738 122.974 76.3551 85.277 55.488 63.6631 19.5444 15.7914 15.2174 3.46591
threshold=0.0025051285047084097 1.0000000180025095e-35 0.0036782399984076623 0.033558145165443427 0.12199999764561655 0.00071218714583665143 0.0019870778778567915 0.00037045878707431262 0.043609214946627624 0.070523668080568327 0.12304872274398805 0.32643349468708044 0.00076939616701565694 0.10283770784735681 0.36830478906631475 0.76798865199089061 0.29120439291000372 3.0212441682815556 0.0034555516904219989 -0.63273814320564259 0.0032857819460332398 0.002447557402774692 0.26831933856010443 -0.0050040029454976312 -1.0000000180025095e-35 0.0013197601074352863
decision_type=2 2 2 2 2 2 2 2 2 2 2 2 2 2 2 2 2 2 2 2 2 2 2 2 2 2
left_child=1 2 5 4 16 13 9 14 10 -6 -4 -7 -8 -1 24 -16 17 -2 19 -9 23 -22 -10 -3 -5 -18
right_child=3 20 8 7 6 11 12 18 22 -11 -12 -13 -14 -15 15 -17 25 -19 -20 -21 21 -23 -24 -25 -26 -27
leaf_value=-0.083682545740761505 -0.08497953712990837 0.05449363606218053 -0.094262913216973054 0.090375897148524648 -0.025918733186655631 -0.0063233312723667461 0.032547969344333669 0.069264406738858461 0.039986939446842486 0.064629798642602349 0.0055682202151345469 -0.078820067397101221 -0.070505457590575318 0.002995348373875736 0.090268157919989434 -0.089968895031532978 -0.094692703935175884 0.015604249214845052 0.077544074575576216 -0.044191245539546689 -0.045601228646848929 0.071623724475845071 0.083795589641614654 0.092517657817718355 0.065675133111949904 -0.064706504835511644
leaf_weight=2362.2834798067342 52.570094225928187 37.113859880715609 49.888333666138351 1383.4945108853281 53.519960476085544 329.24947094544768 74.107867032289505 21.725449934601784 54.355435021221638 1081.6945855524391 240.91098212637007 97.809584818780422 71.129316341131926 44.091260056942701 38.779167294502258 25.37921155244112 121.23847050964832 69.632180817425251 30.754098985344172 60.265011692419648 17.736931746825576 29.710982335731387 53.500029940158129 222.31366869062185 78.691087320446968 21.115625105798244
leaf_count=23974 218 69 396 963 163 1385 89 20 109 972 855 747 166 226 25 223 523 170 30 128 73 48 45 167 65 97
internal_value=0.000338388 -0.0508745 -0.0631521 0.057257 0.0319947 -0.0732093 0.0514419 0.0810354 0.00833341 0.0603418 -0.0118227 -0.0230726 -0.018059 -0.0820938 0.086147 0.018685 -0.0619692 -0.0280044 0.0116843 -0.0136559 0.078222 0.0277661 0.0622877 0.0873081 0.0890924 -0.0907272
internal_weight=6723.06 3538.96 3232.09 3184.1 1545.01 2833.43 1280.45 1639.09 398.655 1135.21 290.799 427.059 145.237 2406.37 1526.34 64.1584 264.556 122.202 112.745 81.9905 306.875 47.4479 107.855 259.428 1462.19 142.354
internal_count=31946 28094 27737 3852 2398 26332 1390 1454 1405 1135 1251 2132 255 24200 1276 248 1008 388 178 148 357 121 154 236 1028 620
is_linear=0
shrinkage=0.05


Tree=2
num_leaves=24
num_cat=0
split_feature=44 46 22 0 5 1 38 22 1 36 24 25 0 5 38 9 29 5 0 46 32 16 1
split_gain=5926.92 1718.11 834.311 532.52 348.332 332.297 281.995 265.516 238.043 198.499 172.118 168.911 144.924 79.3262 78.6002 40.3591 54.8729 37.1995 23.7277 8.92685 6.52231 4.43995 0.261925
threshold=1.7288231849670412 0.00073148647788912069 1.0000000180025095e-35 0.91543772816658031 0.0039153750985860833 0.092415429651737227 0.0036782399984076623 1.0000000180025095e-35 0.91170522570610057 0.00054746636305935692 0.37273794412612921 -0.00084188737673684944 0.33412870764732366 0.0034892614930868153 0.021482250653207306 0.0046341011766344318 -0.26034989953041071 0.0051117504481226214 0.5921093523502351 0.0020178306149318819 0.011124997865408661 0.99759444594383251 0.51472532749176036
decision_type=2 2 2 2 2 2 2 2 2 2 2 2 2 2 2 2 2 2 2 2 2 2 2
left_child=1 2 6 4 5 19 13 10 -7 12 11 -3 -6 -1 -8 16 -4 -11 -9 -2 -5 -12 -17
right_child=3 7 15 20 9 8 14 18 -10 17 21 -13 -14 -15 -16 22 -18 -19 -20 -21 -22 -23 -24
leaf_value=-0.065420509251534545 -0.087102625572970382 0.038688222084594437 0.075385061750464069 -0.085838244298940047 0.043169824298861542 0.073136725159198238 0.018751716383526948 0.081754171967302947 -0.035948192245839852 0.059385751124029343 -0.088265091037816018 -0.011705187119575265 -0.072041477101259979 -0.084598550938087713 -0.087096441709727135 0.06713684457744637 -0.06739606264328564 0.010398395555851312 0.035135820115675447 -0.022449936576157997 -0.014466046937202779 -0.026072405756476236 0.084860093935802225
leaf_weight=1050.3102312672418 31.389810261782259 284.20339311566204 13.103285036981108 62.192689115181565 38.635367853334174 2116.7632124414667 105.7714415974915 132.44957406073809 50.6596241556108 126.7506186272949 48.219455203041434 397.99510086840019 87.722125068306923 1173.3719524808694 19.986137971282005 33.201512172818184 11.879249996505676 56.331397965550423 37.126250794157386 7.4062350615859023 3.8453659880906335 4.1438789125531903 59.925674319267273
leaf_count=10282 309 687 15 636 92 2635 415 125 220 184 462 1687 547 12970 174 54 83 168 71 35 27 33 51
internal_value=0.000314088 -0.0433354 -0.0649335 0.0573149 0.0610021 0.0679675 -0.071456 0.0156163 0.0705717 0.0112811 0.00256298 0.00931457 -0.0367518 -0.0755737 0.0013753 0.0643231 0.00751144 0.0444515 0.0718136 -0.0756346 -0.0819601 -0.0839242 0.0793218
internal_weight=5953.38 3371.69 2467.55 2581.7 2515.66 2206.22 2349.44 904.138 2167.42 309.44 734.562 682.198 126.357 2223.68 125.758 118.11 24.9825 183.082 169.576 38.796 66.0381 52.3633 93.1272
internal_count=31962 27109 24044 4853 4190 3199 23841 3065 2855 991 2869 2374 639 23252 589 203 98 352 196 344 663 495 105
is_linear=0
shrinkage=0.05


Tree=3
num_leaves=25
num_cat=0
split_feature=44 46 22 2 31 31 7 31 22 25 2 24 1 38 46 2 25 5 39 27 41 5 39 24
split_gain=4838.83 1433.14 622.554 600.688 277.093 269.768 200.399 194.101 180.091 177.672 158.246 121.789 111.857 105.804 102.888 83.8266 46.3454 41.7508 47.5326 22.8966 19.702 12.4579 9.94787 9.81511
threshold=1.635964632034302 0.00074229470919817697 1.0000000180025095e-35 0.10725653171539308 0.038881113752722747 0.048042146489024169 0.9165293574333192 0.037376912310719497 1.0000000180025095e-35 -0.0010316193220205603 0.11981283873319627 0.36139622330665594 0.30745695531368261 0.0052005730103701362 0.0013523608795367183 0.10669768974184991 0.00014358133921632546 0.0030923159793019299 0.0009153479477390648 3.3471559286117558 0.0046481448225677022 0.0039459539111703643 0.0077335652895271787 0.36245970427989965
decision_type=2 2 2 2 2 2 2 2 2 2 2 2 2 2 2 2 2 2 2 2 2 2 2 2
left_child=1 2 4 8 13 9 -6 10 19 11 20 -5 -11 -1 -12 22 -17 -4 -19 -2 -3 23 -9 -7
right_child=3 7 17 5 6 21 -8 15 -10 12 14 -13 -14 -15 -16 16 -18 18 -20 -21 -22 -23 -24 -25
leaf_value=-0.074238259697289186 -0.084371863811654679 -0.079414075258714967 0.075470284915283903 0.066884713623581477 0.061893511216137009 0.079276485830868298 -0.047047452704183368 -0.078904178068066502 0.060826854941935626 0.046974285662313833 -0.015688263887055961 -0.0067137903159392963 0.0015910667297581228 -0.0032625313776205832 0.032850854127320549 0.067575646290407729 0.0019896430929881087 -0.069230196179846243 0.061269755125341718 0.033477641836156695 0.017871794583396199 0.049408143937249488 0.0089161956146302217 0.053934734290848635
leaf_weight=1958.506948538241 101.55822848482057 61.729231712408364 78.430021770298481 600.43391818366945 65.147461196407676 990.75727597996593 115.70711211487651 11.644655995070933 28.140756525099277 241.17288502305746 202.37284877803177 61.813344230875373 309.19089381583035 54.050291799008846 234.9220551289618 216.529436647892 30.812508773058653 11.698890673927965 14.489594902843235 3.7901450395584098 5.3148326352238646 45.945574099197984 4.0752962678670874 49.116063358262181
leaf_count=22252 1110 631 88 763 160 891 1106 124 36 480 1118 295 1237 316 589 300 136 73 24 14 23 79 22 112
internal_value=0.000203545 -0.041573 -0.0613224 0.0528583 -0.0670096 0.0588494 -0.00768017 0.0175709 -0.0499678 0.0425791 -0.000611575 0.0600154 0.0215274 -0.0723347 0.0104032 0.0523003 0.0594462 0.0574189 0.00257083 -0.079857 -0.0715526 0.0769636 -0.0569657 0.0781325
internal_weight=5497.35 3065.43 2298.03 2431.92 2193.41 2298.43 180.855 767.401 133.489 1212.61 504.339 662.247 550.364 2012.56 437.295 263.062 247.342 104.619 26.1885 105.348 67.0441 1085.82 15.72 1039.87
internal_count=31979 26962 24019 5017 23834 3857 1266 2943 1160 2775 2361 1058 1717 22568 1707 582 436 185 97 1124 654 1082 146 1003
is_linear=0
shrinkage=0.05


Tree=4
num_leaves=25
num_cat=0
split_feature=45 31 38 2 7 30 0 36 34 46 0 2 42 7 36 0 3 3 36 0 38 29 1 31
split_gain=5092.22 819.127 423.227 395.051 257.433 199.587 183.469 132.06 122.715 111.588 106.283 104.473 101.381 85.2747 81.8844 69.0631 44.1081 44.0309 30.1424 30.1068 54.922 29.8685 24.132 11.2235
threshold=0.0023345252266153698 0.034772275015711791 0.0036782399984076623 0.10051277279853822 0.9165293574333192 0.0037529563996940856 0.91543772816658031 0.00054746636305935692 0.21960677951574328 0.00094903481658548128 0.40040524303913122 0.12304872274398805 0.71875000000000011 -0.33389033377170557 0.00050041946815326821 0.73028257489204418 0.0018311053281649949 0.0040142501238733539 0.0013724858290515842 0.75117659568786632 0.0023811828577890997 -1.0362575650215147 0.50689861178398143 0.12875780463218692
decision_type=2 2 2 2 2 2 2 2 2 2 2 2 2 2 2 2 2 2 2 2 2 2 2 2
left_child=1 2 9 23 19 6 12 10 15 13 -7 -4 -5 -1 -13 -6 -11 -9 -8 22 -21 -10 -3 -2
right_child=3 4 11 5 8 7 18 17 21 16 -12 14 -14 -15 -16 -17 -18 -19 -20 20 -22 -23 -24 -25
leaf_value=0.04527880325315424 -0.078624004829973698 0.034051176981670858 -0.079701599433437936 0.025273050916178066 -0.014806380833952169 0.027613830215699239 -0.076943526540093343 0.051833631638746207 0.07818293721899687 0.00024812176559740298 -0.080666516348680564 -0.014773853857739203 0.067701441309483898 -0.068296495445045638 0.048844042113656116 -0.081122369422374788 -0.08287683222481218 -0.028060894497541455 0.061269809433839729 -0.079528748695993065 0.068964734508672729 0.0019214059593397625 0.078452615810742352 0.0045395303821199598
leaf_weight=16.02229318767786 54.913447269238532 43.214463802054524 29.594679299741983 154.20241979695857 107.74796076491475 39.895566638559103 26.486992613412443 141.71586466953158 31.092099323868752 88.323738786391914 50.294013214297593 93.520921691320837 1833.8858054550365 1999.1312623312697 108.23455166257918 61.29583728313446 18.47638963535428 18.976154500618577 3.8404098078608504 9.7344998642802256 13.840636521577833 21.487460853531957 127.5283744931221 4.2601867951452723
leaf_count=56 691 126 361 359 848 97 363 268 32 411 365 542 2090 23542 249 749 166 101 6 95 16 109 141 26
internal_value=-0.000488487 -0.0463047 -0.0577337 0.0539971 0.0183413 0.0573304 0.0625569 0.0151996 -0.0184684 -0.0647321 -0.0329909 0.00645824 0.0644249 -0.0673715 0.0194274 -0.0391884 -0.0147679 0.0422837 -0.0580442 0.060203 0.00690858 0.047635 0.0674785 -0.0726607
internal_weight=5097.72 2769.25 2353.3 2328.47 415.941 2269.3 2018.42 250.882 221.623 2121.95 90.1896 231.35 1988.09 2015.15 201.755 169.044 106.8 160.692 30.3274 194.318 23.5751 52.5796 170.743 59.1736
internal_count=31809 27443 25327 4366 2116 3649 2818 831 1738 24175 462 1152 2449 23598 791 1597 577 369 369 378 111 141 267 717
is_linear=0
shrinkage=0.05


Tree=5
num_leaves=19
num_cat=0
split_feature=45 22 46 0 0 5 36 38 1 31 46 31 31 6 36 29 33 0
split_gain=4200.85 887.447 397.093 323.957 256.102 190.312 155.448 136.383 127.884 91.6489 89.8907 73.5925 63.8253 51.3504 28.202 27.2791 25.7251 3.4009
threshold=0.0022321223514154558 1.0000000180025095e-35 0.00059112763847224425 0.91543772816658031 0.064517084509134306 0.0038731930544599895 0.00039465933514293289 0.0036782399984076623 0.099069330841302886 0.043609214946627624 0.0024973539402708416 0.017486808821558956 0.038881113752722747 -0.0029955791542306538 0.0013724858290515842 0.33356796205043798 0.00087705766782164585 0.69095146656036388
decision_type=2 2 2 2 2 2 2 2 2 2 2 2 2 2 2 2 2 2
left_child=1 2 7 4 -2 8 9 12 -6 -4 -7 -8 -1 -9 -5 17 -17 -3
right_child=3 15 6 14 5 10 11 13 -10 -11 -12 -13 -14 -15 -16 16 -18 -19
leaf_value=-0.068665914094897598 -0.078210733389620118 0.076947603387396021 -0.053211442160701762 -0.074413452677656894 -0.033769544006996742 -0.016113898387068337 -0.011831644666948138 -0.049933309389113917 0.062324639678525896 0.017535270852736276 0.039831124287186589 0.04197621055853816 -0.027685249653989465 0.029386782747145165 0.051200525384690124 -0.043405850174451963 0.051286880816956627 0.054096759303155176
leaf_weight=1655.4578563887626 36.071965750306845 114.55408625304699 234.81979581527412 55.458662642166018 34.700963528826833 119.39276359044015 131.87448310200125 32.158780877478421 1832.6608136668801 56.284496171399951 177.4880503937602 121.03606669139117 102.74033301882446 52.046525370329618 4.1639955863356581 10.034389572218062 19.817216865718365 32.902793416753411
leaf_count=21235 440 113 2538 779 239 619 905 269 2304 282 399 446 1012 196 8 79 39 74
internal_value=-0.000410475 -0.0442114 -0.052234 0.0492759 0.052399 0.054611 -0.0146663 -0.0633129 0.0605218 -0.0395195 0.0173539 0.0139832 -0.0662883 -0.00113679 -0.0649408 0.0634537 0.0190814 0.0722475
internal_weight=4823.66 2563.73 2386.42 2259.94 2200.31 2164.24 544.015 1842.4 1867.36 291.104 296.881 252.911 1758.2 84.2053 59.6227 177.308 29.8516 147.457
internal_count=31976 27188 26883 4788 4001 3561 4171 22712 2543 2820 1018 1351 22247 465 787 305 118 187
is_linear=0
shrinkage=0.05


Tree=6
num_leaves=26
num_cat=0
split_feature=45 40 2 7 7 2 31 7 37 31 36 25 45 38 2 46 25 0 30 2 44 29 6 7 0
split_gain=3657.2 652.814 287.281 224.464 162.527 161.085 160.616 131.549 86.6219 79.1183 83.6901 76.932 76.8584 75.6367 55.6233 52.413 48.6924 47.4753 47.3697 42.9102 34.5313 30.8061 27.4482 23.3619 3.31679
threshold=0.0023345252266153698 0.14567351341247561 0.10114151239395143 0.9165293574333192 0.98714569211006176 0.12725310027599337 0.042120410129427917 0.9165293574333192 0.027531403116881851 0.043609214946627624 0.0005615799454972149 -0.00030619268363807345 0.0034769721096381549 0.0039043368306010966 0.11673445627093317 0.0005158796557225288 -0.00027654312725644553 0.41136083006858831 0.004408199107274414 0.13048212975263598 2.6284576654434209 0.26063023507595068 0.39076097309589392 0.79125416278839122 0.16737509518861773
decision_type=2 2 2 2 2 2 2 2 2 2 2 2 2 2 2 2 2 2 2 2 2 2 2 2 2
left_child=1 6 23 16 11 8 13 22 -6 10 -5 21 -7 15 -11 -1 24 -18 -13 -15 -9 -4 -8 -2 -3
right_child=2 3 4 9 5 12 7 20 -10 14 -12 18 -14 19 -16 -17 17 -19 -20 -21 -22 -23 -24 -25 -26
leaf_value=-0.064959587681282946 0.032307205942216803 0.046821090257303993 0.070031860528753889 -0.048261711451401124 -0.066892704870176192 0.018086664300095961 0.07262681693890316 -0.057791378022504884 0.012623206710418479 -0.071128786530259711 0.011890139413114694 0.041525682466599129 0.056763379058859323 -0.071065541918085243 0.050072142007213286 -0.042729231154606667 0.036571030243785378 -0.066625459509089088 -0.041975875895195497 0.033803477383786279 0.023849042269741591 0.029496285028575122 0.0050798305404311178 -0.071664322565207661 0.070258339662379293
leaf_weight=1402.6445660013705 5.448216911405324 27.855441765859723 1003.6865131640807 183.06708168238401 46.648320475593209 183.32958060130477 40.728254877962172 76.804746871814132 120.99200073536485 10.386601360514758 83.818551572039723 177.67199049890041 438.05796410515904 12.615040562115608 57.441987097263336 337.28926702146418 44.010119618847966 13.833123445510862 17.966488453559577 33.420954752713442 14.961386387236415 51.275471271947026 23.764449287205935 51.70408421009779 111.20756994187832
leaf_count=18770 17 81 1146 2045 283 500 57 943 505 140 431 344 611 177 143 3879 163 131 139 115 77 106 140 756 144
internal_value=-0.000152889 -0.0413215 0.0484157 0.00776139 0.0515205 0.033681 -0.0547534 -0.00610071 -0.00976869 -0.0171529 -0.0293965 0.0627399 0.0453999 -0.0590044 0.0307489 -0.0606772 0.0499851 0.0111789 0.0336828 0.00416676 -0.0443673 0.0680915 0.0481945 -0.0613678 0.0659315
internal_weight=4570.63 2473.85 2096.78 531.62 2039.63 789.028 1942.23 156.259 167.64 334.714 266.886 1250.6 621.388 1785.97 67.8286 1739.93 196.906 57.8432 195.638 46.036 91.7661 1054.96 64.4927 57.1523 139.063
internal_count=31843 27436 4407 3278 3634 1899 24158 1217 788 2759 2476 1735 1111 22941 283 22649 519 294 483 292 1020 1252 197 773 225
is_linear=0
shrinkage=0.05


Tree=7
num_leaves=22
num_cat=0
split_feature=45 22 2 32 0 5 35 5 7 7 0 39 24 31 31 0 2 31 32 34 4
split_gain=3084.85 682.543 307.122 266.451 151.934 156.814 108.524 160.393 99.5699 89.5545 89.346 98.0708 73.1513 68.6883 37.5532 12.6992 16.4052 30.6343 11.1336 9.16091 1.49561
threshold=0.0021407131571322684 1.0000000180025095e-35 0.10669768974184991 0.0027532156091183428 0.91543772816658031 0.0038731930544599895 0.077722117304801955 0.003499650396406651 0.98934274911880504 0.90094172954559337 0.40040524303913122 0.0018164769280701878 0.10399341955780984 -0.015331581700593231 0.10283770784735681 0.69387525320053112 0.16443767398595813 0.036094171926379211 0.012422781437635423 0.44090683758258825 0.00055780686670914303
decision_type=2 2 2 2 2 2 2 2 2 2 2 2 2 2 2 2 2 2 2 2 2
left_child=1 3 9 6 5 8 14 -8 -4 -2 13 -12 -7 -5 -1 20 17 -17 -6 -11 -3
right_child=2 15 4 10 18 12 7 -9 -10 19 11 -13 -14 -15 -16 16 -18 -19 -20 -21 -22
leaf_value=-0.068798091376307435 0.046698437833741335 0.071472930987307226 0.063849487609738312 -0.045142535525153273 -0.070520933022819296 -0.040850284811757835 -0.021388927210788611 -0.067138652730504095 0.037664597049600297 -0.071254906540449497 -0.069450029448533554 0.013114966465118972 0.026591935173728144 0.02676307408251008 0.0015119688742733675 -0.060978321696545247 0.071363478385617435 0.056802942378767776 0.026084221034623479 0.017455269625469543 0.053568929847091398
leaf_weight=952.53168851463124 21.075464956462383 89.116832446306944 1131.0756958122365 40.500254251994193 27.915007553063337 47.173891397193074 423.55495116254315 350.94670704100281 543.18765346426517 73.518621925264597 93.109619150869548 57.764708229340613 244.06456297077239 166.05891507538036 19.333727658726275 9.3990074982866663 13.552777007222174 10.769273631274698 2.815360862761735 2.6612784266471854 34.619952777400613
leaf_count=14260 53 105 1399 427 439 357 4186 5041 1040 1111 1192 353 705 862 133 104 15 17 12 15 70
internal_value=-0.000195785 -0.0406788 0.0435301 -0.0481984 0.0477602 0.0494929 -0.0562449 -0.0421792 0.0553818 -0.0428986 -0.00883744 -0.0379605 0.0155655 0.0125149 -0.0673993 0.0594605 0.0309021 0.0016258 -0.0611273 -0.0679699 0.0669332
internal_weight=4354.75 2261.26 2093.49 2103.8 1996.23 1965.5 1746.37 774.502 1674.26 97.2554 357.433 150.874 291.238 206.559 971.865 157.458 33.7211 20.1683 30.7304 76.1799 123.737
internal_count=31896 26765 5131 26454 3952 3501 23620 9227 2439 1179 2834 1545 1062 1289 14393 311 136 121 451 1126 175
is_linear=0
shrinkage=0.05


Tree=8
num_leaves=25
num_cat=0
split_feature=45 22 46 2 31 2 31 36 45 7 2 31 0 30 25 2 25 29 7 31 0 29 29 2
split_gain=2737.83 642.565 276.133 211.688 139.32 150.144 110.279 94.0975 82.2529 78.0014 66.1261 62.8734 56.2144 43.8692 25.349 24.3979 21.216 28.1669 14.1793 10.0466 5.17778 4.80332 3.5425 0.0983261
threshold=0.0023345252266153698 1.0000000180025095e-35 0.00059112763847224425 0.10114151239395143 0.058328818529844291 0.12249197438359262 0.038881113752722747 0.00030125631019473081 0.0038653422379866247 0.91380706429481517 0.11179219558835031 0.048042146489024169 0.38532087206840521 0.0015754911000840368 -0.00014006055425852534 0.16244622319936755 -6.9901507231406854e-05 -0.8200397491455077 0.79125416278839122 0.0045110168866813192 0.87155145406723034 -0.10334458202123641 0.28405031561851507 0.12759415060281756
decision_type=2 2 2 2 2 2 2 2 2 2 2 2 2 2 2 2 2 2 2 2 2 2 2 2
left_child=1 2 6 18 5 13 12 11 -7 -8 -9 -4 -1 -5 21 19 20 -18 -2 -16 -6 23 -23 -3
right_child=3 14 7 4 16 8 9 10 -10 -11 -12 -13 -14 -15 15 -17 17 -19 -20 -21 -22 22 -24 -25
leaf_value=-0.048165744370626068 0.028586536158786032 0.057861847289186419 -0.052831021821028924 -0.053686574616955501 0.06646023878198043 0.023765985492381965 0.046882765333196103 -0.062233589490688114 0.053738858360320919 -0.038205003849213187 0.013523328100882595 0.018971635753525333 -0.068371026113514755 0.0072567514115275972 -0.07823276244092793 0.054407354122900334 0.066448631316119208 -7.3969323644583257e-05 -0.066884474226635834 0.0097001637812039899 0.043068376360647392 0.062470286907633392 0.026777748620116656 0.072166027276123021
leaf_weight=611.46574711473659 3.708586122840642 33.092408321797848 161.47079212404788 48.53781839646399 667.45671596983448 388.55335228890181 39.643866122700274 31.394683679565787 565.43724627234042 78.963084399700165 259.32720233313739 36.985934723168612 832.28678081836551 72.605092922225595 6.6409733546897787 12.652237612754105 31.834447056055069 30.871839579194784 44.169475715607405 5.305222425609827 32.029979537241161 13.839997507631777 18.339859072118998 79.345107913017273
leaf_count=8613 12 49 2167 419 796 1043 128 448 803 978 1551 195 13013 315 66 33 35 96 737 21 116 20 64 85
internal_value=-0.000449189 -0.0380593 -0.0457874 0.0438519 0.0465642 0.0349143 -0.0560473 -0.0129716 0.0415688 -0.00961059 0.00515715 -0.0394213 -0.0598528 -0.0174008 0.0553529 0.00805398 0.0629301 0.0342109 -0.0590558 -0.0414495 0.0654521 0.0632876 0.0435486 0.0685032
internal_weight=4105.96 2220.75 2051.54 1885.2 1837.33 1075.13 1562.36 489.179 953.991 118.607 290.722 198.457 1443.75 121.143 169.216 24.5984 762.193 62.7063 47.8781 11.9462 699.487 144.617 32.1799 112.438
internal_count=31803 27431 27093 4372 3623 2580 22732 4361 1846 1106 1999 2362 21626 734 338 120 1043 131 749 87 912 218 84 134
is_linear=0
shrinkage=0.05


Tree=9
num_leaves=24
num_cat=0
split_feature=45 22 24 25 31 6 42 45 24 38 0 19 29 0 5 2 2 15 29 12 41 2 34
split_gain=2458.97 472.448 290.059 175.15 174.83 133.244 110.615 99.5098 94.8696 84.6091 83.8906 75.3143 71.9252 59.6491 51.4774 42.3335 39.874 26.4421 23.7123 16.9945 15.3324 4.44385 3.09673
threshold=0.001966372132301331 1.0000000180025095e-35 0.37410356104373937 -0.00050196718075312663 0.042120410129427917 0.37075276672840124 0.71875000000000011 0.0044388913083821544 0.36609348654747015 0.0056284519378095874 0.41136083006858831 0.048783421516418464 0.1091672293841839 0.37640704214572912 0.0050664418376982221 0.10969382524490358 0.12552835792303088 0.00040705388528294867 0.23696463555097583 0.0014805221580900254 0.0041501005180180081 0.12451204657554628 0.30817763507366186
decision_type=2 2 2 2 2 2 2 2 2 2 2 2 2 2 2 2 2 2 2 2 2 2 2
left_child=1 4 3 6 9 17 11 10 15 13 -5 -2 -8 -1 -9 -6 -11 22 -3 20 -20 -7 -4
right_child=2 18 5 7 8 21 12 14 -10 16 -12 -13 -14 -15 -16 -17 -18 -19 19 -21 -22 -23 -24
leaf_value=-0.043107990502644127 0.034085979773252818 0.06583524016671162 -0.07026616779932815 0.024034604521668057 -0.067141799232213681 0.022798333776880852 0.061251511984838483 0.054079880353221137 -0.070213657474159794 -0.066474352721537108 -0.029814443598404607 -0.047257725633956922 0.01830863542149893 -0.063107777345746519 -0.006645239718634244 0.033077674082113144 0.023785964193893928 0.027890972925723408 -0.072830286585087736 0.053695829511884612 0.034939716346012471 0.061026445016641201 -0.027648245578215849
leaf_weight=650.44881859607995 91.605907982215285 96.291131030768156 88.553438572678715 154.30616605933756 10.704169569537042 13.395983610302208 1109.5856502428651 188.54919963609427 33.424816030077636 14.961202615872024 134.36878007929772 40.104299520142376 108.04634287208319 912.82206689147279 42.525038175284863 110.55495013762265 51.442503903992474 7.2856753766536704 7.2889457456767577 9.8483211919665319 4.7010400369763374 24.193409495055676 6.315799778327345
leaf_count=9329 339 138 1402 466 159 64 1637 299 518 231 845 277 330 14719 164 535 258 40 88 16 14 33 69
internal_value=-0.000511059 -0.0412376 0.0380608 0.0432567 -0.0476535 -0.0312487 0.0527537 0.018547 0.00312843 -0.0524725 -0.00104677 0.00914826 0.0574591 -0.0548191 0.042924 0.023754 0.0027652 -0.0607218 0.0552609 0.00779462 -0.0311389 0.0483467 -0.0677469
internal_weight=3911.32 1902.49 2008.84 1869.09 1784.36 139.744 1349.34 519.749 154.684 1629.67 288.675 131.71 1217.63 1563.27 231.074 121.259 66.4037 102.155 118.129 21.8383 11.99 37.5894 94.8692
internal_count=31970 26005 5965 4357 25749 1608 2583 1774 1212 24537 1311 616 1967 24048 463 694 489 1511 256 118 102 97 1471
is_linear=0
shrinkage=0.05


Tree=10
num_leaves=25
num_cat=0
split_feature=45 22 46 2 25 36 5 2 45 0 31 24 0 1 31 17 20 5 29 2 25 0 2 34
split_gain=2096.36 548.637 278.527 164.422 116.801 98.278 75.8646 144.335 70.5946 74.8278 60.6157 60.4182 58.7851 47.0398 46.198 33.5271 29.3931 29.0734 18.4727 13.5067 10.9753 7.46815 9.7228 7.304
threshold=0.0023345252266153698 1.0000000180025095e-35 0.00059112763847224425 0.10669768974184991 -0.00050196718075312663 0.00039465933514293289 0.0031799726421013479 0.1426937207579613 0.0046606811229139575 0.41136083006858831 0.11900128424167634 0.36245970427989965 0.9121922254562379 0.90055435895919811 0.043609214946627624 0.27500000596046453 0.84299501776695263 0.0049783021677285441 0.47723978757858282 0.16612013429403308 -0.0010021238122135399 0.70548158884048473 0.15609824657440188 0.573562651872635
decision_type=2 2 2 2 2 2 2 2 2 2 2 2 2 2 2 2 2 2 2 2 2 2 2 2
left_child=1 2 6 10 12 14 7 -1 9 -6 23 -7 13 -5 -4 -8 -14 -10 21 20 -20 -3 -23 -2
right_child=3 18 5 4 8 11 15 -9 17 -11 -12 -13 16 -15 -16 -17 -18 -19 19 -21 -22 22 -24 -25
leaf_value=-0.057852521592189593 -0.065887715308308462 0.065191434871637463 -0.042244818463734207 0.056178131373212814 0.028450087808576836 0.024624429194831224 0.014287433764684549 -0.0024448149652864138 0.052462590933193054 -0.029143579474216086 0.04456225401756455 -0.052416230673362763 0.046107758354130945 -0.0095248697707589029 0.013261570022910764 -0.063219564330722677 -0.063962104478982706 0.0068352752227977716 0.018886717347225631 0.053614236223104961 -0.068069206901724785 0.0012543116689283007 0.062070893482523926 0.018621145560420837
leaf_weight=321.72793851140887 48.429991784505546 115.94271563179791 186.9245553216897 1095.7009992767125 126.88959808275104 199.25975659303367 13.835960878059266 185.00635002972558 169.44790621474385 99.89376606233418 17.270986627787352 28.20244162902236 8.7744748480618018 27.660444280132651 46.320130378007889 886.4346892661415 15.293646314647047 44.318718884140253 7.0365322642028332 9.0694733224809152 5.8281734762713331 12.613226372748615 12.817007686477153 2.2861387096345416
leaf_count=5202 881 157 2617 1671 308 1092 93 1920 265 569 60 363 33 107 282 15702 272 158 30 18 67 63 20 11
internal_value=-0.000511783 -0.034548 -0.0422362 0.0412287 0.0444915 -0.00847009 -0.0532787 -0.0376681 0.0225342 0.0030646 -0.0345201 0.0148847 0.052895 0.0545533 -0.0312122 -0.0620139 -0.0235956 0.0430789 0.0531032 0.00989189 -0.0225756 0.0596909 0.033095 -0.0617919
internal_weight=3686.99 2031.02 1867.71 1655.97 1587.98 460.707 1407 506.734 440.55 226.783 67.9871 227.462 1147.43 1123.36 233.245 900.271 24.0681 213.767 163.307 21.9342 12.8647 141.373 25.4302 50.7161
internal_count=31961 27626 27271 4335 3383 4354 22917 7122 1300 877 952 1455 2083 1778 2899 15795 305 423 355 115 97 240 83 892
is_linear=0
shrinkage=0.05


Tree=11
num_leaves=23
num_cat=0
split_feature=45 22 2 38 31 45 31 24 24 22 1 22 6 25 24 6 25 25 2 27 4 31
split_gain=2042.85 378.123 242.201 167.479 128.949 123.599 102.348 120.268 71.9162 55.7359 54.3119 45.676 36.5395 32.6105 25.3272 47.7722 25.2238 19.5141 21.0075 13.0206 12.0459 1.74656
threshold=0.001966372132301331 1.0000000180025095e-35 0.10669768974184991 0.0036782399984076623 0.048042146489024169 0.0028478305321186785 0.034772275015711791 0.2825725674629212 0.070523668080568327 1.0000000180025095e-35 0.7763541340827943 1.0000000180025095e-35 0.0044717714190483102 1.9808528122666761e-05 0.36721420288085943 0.62814128398895275 0.00053776593995280575 -9.7834257758222507e-05 0.16754776984453204 3.3471559286117558 0.00096422250499017547 0.0070053169038146743
decision_type=2 2 2 2 2 2 2 2 2 2 2 2 2 2 2 2 2 2 2 2 2 2
left_child=1 3 9 6 5 11 12 -8 -7 19 13 -4 -1 -5 16 -16 -6 21 20 -2 -19 -3
right_child=2 17 4 10 14 8 7 -9 -10 -11 -12 -13 -14 -15 15 -17 -18 18 -20 -21 -22 -23
leaf_value=-0.062262594548153707 -0.064890808025259941 0.041292068466487204 -0.0093634242249319433 0.036229545376358932 0.060449494452869672 -0.024906213741924876 0.039123603211412838 -0.051876177385601935 0.043530762487471883 0.042025927942492623 -0.072554200911952818 0.050242478775144123 -0.045198628440262199 -0.019833262591312933 -0.06829491627338978 0.059096469456716309 0.013514749740710336 0.015215216361366411 0.062575394022965233 0.033840951369512519 -0.080456362715769517 0.063363787543864847
leaf_weight=722.56222053803504 71.269304729998112 19.574082255363464 219.51315642567351 84.503315294161439 699.41261169500649 40.041665013879538 66.088124454021454 78.199568894226104 684.5589161105454 15.303061679005621 17.546089216135442 36.624244749546051 585.64537117257714 36.476911007426679 10.948557745665314 18.205787420272827 30.536643795669079 5.5936127444729227 7.9818174913525572 2.9122126996517173 6.1527237817645073 72.4368643052876
leaf_count=13321 1373 55 1577 376 1063 189 301 1204 1397 45 237 76 9890 366 160 25 116 40 10 9 50 105
internal_value=0.000398304 -0.039003 0.0370748 -0.0452515 0.0412048 0.0291792 -0.0502583 -0.0102131 0.0397198 -0.0427926 0.00723061 -0.000678326 -0.0546639 0.019302 0.0566828 0.0105779 0.0585072 0.0495805 0.00419149 -0.0606162 -0.0372781 0.0591628
internal_weight=3532.09 1702.76 1829.33 1591.02 1739.84 980.738 1452.5 144.288 724.601 89.4846 138.526 256.137 1308.21 120.98 759.104 29.1543 729.949 111.739 19.7282 74.1815 11.7463 92.0109
internal_count=31985 25955 6030 25695 4603 3239 24716 1505 1586 1427 979 1653 23211 742 1364 185 1179 260 100 1382 90 160
is_linear=0
shrinkage=0.05


Tree=12
num_leaves=24
num_cat=0
split_feature=45 22 38 2 31 24 25 0 38 0 45 31 21 25 2 25 2 36 31 29 12 0 2
split_gain=1739.33 374.929 229.516 132.046 117.233 133.526 98.4563 82.0768 58.8455 54.6228 52.5762 39.8122 34.6506 30.3205 29.6171 20.2055 24.2388 15.2057 11.2568 6.57304 7.19905 4.35293 0.867777
threshold=0.0023345252266153698 1.0000000180025095e-35 0.0052005730103701362 0.10114151239395143 0.025144619867205623 0.29984101653099066 -0.00014006055425852534 0.91543772816658031 0.028546675108373169 0.37640704214572912 0.0044388913083821544 0.064631838351488127 0.90980133414268505 0.00063540841802023362 0.13773247599601748 -9.7834257758222507e-05 0.16244622319936755 0.0013724858290515842 0.12875780463218692 -0.081342641264200197 0.0022622138494625692 0.68082302808761608 0.12759415060281756
decision_type=2 2 2 2 2 2 2 2 2 2 2 2 2 2 2 2 2 2 2 2 2 2 2
left_child=1 2 4 18 9 -6 7 11 13 -1 12 -5 -8 -4 -12 19 21 -9 -2 22 -21 -17 -3
right_child=3 15 8 6 5 -7 10 17 -10 -11 14 -13 -14 -15 -16 16 -18 -19 -20 20 -22 -23 -24
leaf_value=-0.039357389131269349 -0.061591546905212215 0.047190068030064106 0.041010925601883221 0.041680884751612468 0.019658086837301792 -0.053748639005222837 -0.020409147162239714 -0.062313857603705163 -0.066094995838621523 -0.060524634394513749 0.0053933782117666328 0.060757086307389734 0.02681756374664997 -0.04431001284519831 0.050125373267430912 -0.010578888908374639 0.050420902353515852 0.052449429834206467 0.019426866168762474 0.004367811893044889 0.05675150527859199 -0.076949982902425773 0.064924173670827243
leaf_weight=532.35148807195947 33.715341218281537 24.621018286794424 111.98987454827875 639.63442003168166 134.12879899563268 113.51494670053944 103.14562926162034 18.961095506325368 15.989308109506963 743.53786520799622 53.464643436484039 497.63940265029669 60.947920024394989 10.653366293758152 121.13247253000736 4.4477858319878596 11.019879765808581 2.5937787890434256 4.4201397337019435 13.689146097749473 11.920889012515543 5.8123928364366293 65.023568458855152
leaf_count=8993 729 50 438 1315 936 1943 565 380 259 14538 178 777 195 125 223 25 29 3 31 69 19 62 91
internal_value=-0.000113862 -0.0334728 -0.040019 0.0389556 -0.0456224 -0.0140709 0.0413036 0.0482336 0.0214459 -0.0517306 0.0175202 0.0500741 -0.00281193 0.0333011 0.0365364 0.0459319 0.00108654 -0.0467908 -0.0519446 0.0541314 0.0299676 -0.0516728 0.0606278
internal_weight=3334.36 1798.7 1662.17 1535.65 1523.53 247.644 1497.52 1158.83 138.633 1275.89 338.691 1137.27 164.094 122.643 174.597 136.535 21.2801 21.5549 38.1355 115.255 25.61 10.2602 89.6446
internal_count=31973 27577 27232 4396 26410 2879 3636 2475 822 23531 1161 2092 760 563 401 345 116 383 760 229 88 87 141
is_linear=0
shrinkage=0.05


Tree=13
num_leaves=27
num_cat=0
split_feature=45 32 2 44 7 30 25 5 24 31 2 0 2 31 24 7 0 42 24 24 19 0 36 41 12 4
split_gain=1546.66 255.364 192.454 118.435 79.2319 99.5204 73.7803 60.8531 58.2194 58.1746 60.4357 48.4238 127.985 46.4057 41.8798 41.1293 40.6256 33.456 29.1657 26.2354 26.1043 22.6221 18.8891 8.65516 8.18369 4.45891
threshold=0.001966372132301331 0.0027239220216870312 0.10669768974184991 2.2925536632537846 0.9165293574333192 0.0033951296936720614 1.9808528122666761e-05 0.0040664596017450103 0.2825725674629212 0.048042146489024169 0.11919116973876955 0.36972527205944067 0.1426937207579613 0.00011273962081759238 0.11834894493222238 0.87377294898033153 0.36972527205944067 0.59375000000000011 0.37059721350669866 0.346490427851677 0.01918059587478638 0.26587153971195226 0.0010203495039604606 0.002447557402774692 0.0055274600163102159 0.0022370355436578397
decision_type=2 2 2 2 2 2 2 2 2 2 2 2 2 2 2 2 2 2 2 2 2 2 2 2 2 2
left_child=1 4 15 9 5 8 13 17 -1 10 -4 12 -6 20 -9 -2 21 -5 -15 -11 -3 -8 -13 -7 -18 -17
right_child=2 6 3 7 11 23 16 14 -10 19 -12 22 -14 18 -16 25 24 -19 -20 -21 -22 -23 -24 -25 -26 -27
leaf_value=0.050027527267410499 0.032818644531228 0.036048225195047932 -0.063530525823457945 0.015154711997756049 -0.062448148352574007 -0.062608143648935896 -0.041941341785585555 -0.042706523383346878 -0.033742709204369691 0.048107638993350875 0.012226174575170237 -0.06195294982468999 -0.0084517076265780214 0.043962180972754311 0.028880712714274354 -0.062448931175445178 -0.063407110028491295 0.054037308013339884 -0.040154824831601342 -0.018261218110344687 -0.031948861363654851 0.040862064213183891 -0.0018257501771149179 -0.014465441241294298 0.013387150401453546 0.0084523505376035094
leaf_weight=59.205572764389217 13.976095236837862 18.818218583241105 27.731344576925039 60.10885360930115 249.46442328533158 65.612021406646818 12.094604950398205 25.408811183646321 30.790730722248554 152.66394235845655 314.38564640376717 599.56531611736864 195.95596762513742 131.2266055457294 89.873894354328513 61.013194688595831 52.168760301545262 864.0946696056053 10.40893837995827 15.971563229337333 48.461408726405352 21.405437940731645 13.415433052927254 11.681449306197463 3.3735793232917777 2.0679197274148455
leaf_count=248 56 98 364 183 5256 1370 178 205 475 327 1481 12754 2792 529 273 1337 984 1595 160 170 670 121 173 173 27 17
internal_value=-0.000153164 -0.0363433 0.0337335 0.0375721 -0.0464285 -0.0143483 0.00516 0.0472569 0.0213111 0.0178077 0.00591822 -0.0514808 -0.0387654 0.0213849 0.012871 -0.0429843 -0.0327224 0.0515276 0.0375422 0.0417512 -0.0126806 0.0106182 -0.0606421 -0.05561 -0.0585884 -0.060029
internal_weight=3150.94 1523.65 1627.3 1550.24 1225.69 167.29 297.958 1039.49 89.9963 510.752 342.117 1058.4 445.42 208.915 115.283 77.0572 89.0424 924.204 141.636 168.636 67.2796 33.5 612.981 77.2935 55.5423 63.0811
internal_count=32016 26008 6008 4598 23241 2266 2767 2256 723 2342 1845 20975 8048 1457 478 1410 1310 1778 689 497 768 299 12927 1543 1011 1354
is_linear=0
shrinkage=0.05


Tree=14
num_leaves=23
num_cat=0
split_feature=45 22 38 46 0 9 1 24 25 1 0 0 25 0 29 1 1 39 36 29 34 26
split_gain=1326.76 306.83 196.798 113.37 105.126 100.939 70.4933 65.4345 63.7697 42.6754 35.9414 35.8787 29.761 29.5286 30.1742 19.7498 19.3231 10.9816 7.0153 1.98372 1.8332 1.54762
threshold=0.0023056266363710169 1.0000000180025095e-35 0.0036782399984076623 0.00051999892457388352 0.91543772816658031 0.027238592505455021 0.90292266011238109 0.28561507165431982 -0.00089538836618885387 0.78859341144561779 0.35550124943256384 0.40040524303913122 0.00093296146951615821 0.70548158884048473 -0.12457648664712904 0.11209464818239213 0.28040979802608496 0.0060100313276052484 0.0013724858290515842 -0.034656602889299386 0.20394910871982577 0.31459827721118933
decision_type=2 2 2 2 2 2 2 2 2 2 2 2 2 2 2 2 2 2 2 2 2 2
left_child=1 2 3 10 5 6 8 -5 -2 11 -1 -4 15 19 -15 -7 -14 -11 -6 -3 -16 -21
right_child=4 13 9 7 18 12 -8 -9 -10 17 -12 -13 16 14 20 -17 -18 -19 -20 21 -22 -23
leaf_value=-0.040423435274769139 0.039808937454966158 0.061695617723636402 0.037722014809491257 -0.0024145061363288062 -0.059902549645084679 0.0011728762696135101 -0.076827052710400648 -0.046959304922072169 0.0076255968459273439 -0.069855656758521512 -0.060420350544303197 -0.012861158041259958 0.043446177244785993 0.0378847612556815 -0.081374417484375475 0.054671689969807383 -0.032975309827349995 0.027581245740488421 0.02912082783159612 0.025840847038916745 -0.027457939904973486 0.05390792526668281
leaf_weight=385.42140840413049 369.83893718570471 72.288751602172852 106.10238168202341 219.29191654920578 29.112210819963369 17.757231875322759 16.025259386748075 131.22166428808123 264.10943056317046 16.917234375141565 576.92006964609027 51.501138188876212 14.682429485023023 17.596278458833698 6.5122782690450531 662.28067844547331 16.511361347511411 2.8894746620208016 1.8086590766906727 12.987816045060756 3.8233386091887951 13.041399925947188
leaf_count=7456 1065 119 464 2727 688 87 174 2408 1027 249 13250 534 34 46 65 1339 124 19 5 57 34 24
internal_value=0.000227487 -0.0305767 -0.036921 -0.0435965 0.0359931 0.0380742 0.0237741 -0.0191769 0.0264342 0.0124463 -0.0524618 0.0212157 0.0510909 0.0440139 -0.00135597 0.0532785 0.0032273 -0.0549988 -0.0539461 0.0567873 -0.0656114 0.0413774
internal_weight=3008.64 1616.52 1490.27 1312.86 1392.13 1361.21 649.974 350.514 633.948 177.41 962.341 157.604 711.232 126.25 27.9319 680.038 31.1938 19.8067 30.9209 98.318 10.3356 26.0292
internal_count=31995 27452 27107 25841 4543 3850 2266 5135 2092 1266 20706 998 1584 345 145 1426 158 268 693 200 99 81
is_linear=0
shrinkage=0.05


Tree=15
num_leaves=25
num_cat=0
split_feature=45 2 22 31 38 45 0 24 2 0 39 31 0 0 25 25 31 31 7 24 34 40 41 2
split_gain=1192.36 183.526 177.405 125.088 122.316 102.183 63.7383 58.8148 46.5657 85.9616 40.1175 37.4176 28.4638 24.6834 24.2611 23.0055 22.8576 21.9034 20.5158 10.9014 4.79121 3.99821 3.61841 0.0910825
threshold=0.0017970214248634877 0.10669768974184991 1.0000000180025095e-35 0.043609214946627624 0.002589484211057425 0.0031770667992532258 0.70548158884048473 0.061387583613395698 0.1426937207579613 0.3578293919563294 0.0036952351219952111 0.11077342182397844 0.90149918198585521 0.90906813740730297 -1.0000000180025095e-35 -9.7834257758222507e-05 0.0030334281036630277 -0.0060870957095175973 0.85918143391609203 0.32553727924823767 0.573562651872635 0.24441879242658618 0.0019596256315708165 0.12795089930295947
decision_type=2 2 2 2 2 2 2 2 2 2 2 2 2 2 2 2 2 2 2 2 2 2 2 2
left_child=2 11 4 5 8 6 -3 -7 18 -10 17 20 14 -14 -5 23 -17 -6 -1 -13 -2 -21 -12 -4
right_child=1 3 15 12 10 7 -8 -9 9 -11 22 19 13 -15 -16 16 -18 -19 -20 21 -22 -23 -24 -25
leaf_value=-0.019113467380741756 -0.061308522144039285 0.0098499661484244133 0.043620945844956814 0.055457709207447664 -0.047126550711305851 -0.032970511472298646 -0.0448417766747247 0.038029462198880731 -0.0095880052032340131 -0.051753948183951182 0.020022731207200984 0.054399450808447672 0.061714635318960591 -0.058010473134493729 0.024091521154815887 -0.078874966154587833 0.033652042118885596 0.0028777125258993685 -0.058618820191335325 -0.04999364485118378 0.015306399641859742 0.022134864179135426 0.056976485310398443 0.059625339687118063
leaf_weight=36.364037447143346 65.2006786162965 259.77745916554704 17.821942646056414 542.99344364041463 30.725509129464626 30.172680590301752 65.948796517215669 515.31939459964633 201.51129907928407 303.08099784981459 10.660982392728327 9.994248282164337 5.8926112875342396 10.560259865596889 72.015642372891307 6.3720493586733964 10.690256457775829 70.372772705275565 522.72613795194775 4.1562994662672272 1.7361131757497776 2.3311424590647221 26.842585923150182 37.406093157827854
leaf_count=604 1579 1558 49 1081 512 143 904 1207 3124 7137 63 21 11 228 230 55 45 708 12410 96 11 11 73 73
internal_value=0.000214366 0.0291436 -0.0357802 0.0331564 -0.040359 0.0208367 -0.00132666 0.0340491 -0.0461109 -0.0349671 0.00379747 -0.0426773 0.0500938 -0.0140516 0.0518299 0.0398816 -0.0104122 -0.0126322 -0.056088 0.0236838 -0.0591253 -0.0245809 0.0472646 0.0553284
internal_weight=2860.67 1586.1 1274.57 1502.68 1202.28 871.218 325.726 545.492 1063.68 504.592 138.602 83.4185 631.462 16.4529 615.009 72.2903 17.0623 101.098 559.09 16.4817 66.9368 6.48744 37.5036 55.228
internal_count=31933 7080 24853 5362 24631 3812 2462 1350 23275 10261 1356 1718 1550 239 1311 222 100 1220 13014 128 1590 107 136 122
is_linear=0
shrinkage=0.05


Tree=16
num_leaves=31
num_cat=0
split_feature=45 32 46 7 2 22 31 35 29 24 35 6 2 25 24 34 2 37 46 25 22 25 2 3 3 7 1 24 29 1
split_gain=1025.82 268.728 105.203 93.8406 113.324 80.1086 71.4461 57.6748 55.9861 55.1434 59.0828 45.0472 43.3386 48.8368 42.4237 28.8315 25.5686 32.4969 25.3776 24.0917 23.0856 20.7715 20.6414 14.1799 11.972 11.0845 10.9969 9.62523 5.42842 4.81699
threshold=0.0025051285047084097 0.0027239220216870312 0.000852889963425696 0.98714569211006176 0.12420320510864259 1.0000000180025095e-35 0.050190525129437454 0.077722117304801955 0.1091672293841839 0.10399341955780984 0.066074717789888396 0.34103247523307806 0.11743079870939256 1.9808528122666761e-05 0.21772087365388873 0.30098859965801245 0.15585780143737796 0.036046793684363372 0.0013999470393173399 -0.0011471228208392856 1.0000000180025095e-35 -0.00010747845954028888 0.10969382524490358 -0.002651507616974413 1.0000000180025095e-35 0.58655452728271495 0.3483570665121079 0.39077319204807287 -0.39569383859634394 0.62139987945556652
decision_type=2 2 2 2 2 2 2 2 2 2 2 2 2 2 2 2 2 2 2 2 2 2 2 2 2 2 2 2 2 2
left_child=1 2 5 8 14 7 12 -1 21 10 -6 15 -3 -14 18 -10 17 -4 -5 -11 -16 27 25 -23 -7 -8 -18 -2 -24 -13
right_child=3 6 16 4 9 24 22 -9 11 19 -12 29 13 -15 20 -17 26 -19 -20 -21 -22 23 28 -25 -26 -27 -28 -29 -30 -31
leaf_value=-0.057161260150623033 0.05697064815950488 -0.059780027709403764 -0.063978512908530683 0.049741420335285856 0.026046767276184477 0.054868476585654448 0.044325693424586504 -0.033187634879080635 -0.069833520751895473 0.050918687934550504 -0.06794414963825432 0.019271087907178464 0.019309978312648291 -0.025070568732681327 -0.063704381315803651 0.030832600678857965 0.065575495723806443 0.017814398518826435 -0.02827068010525511 0.024112743157883029 0.042169075759167639 0.049457282307339923 0.059812954052179373 0.0086759439790220824 -0.005190159472189336 -0.057827815655636119 0.0092357458336431667 0.01927051212618415 0.032065768723545121 0.059315138722391941
leaf_weight=541.2003926502075 508.37431009393185 30.063555892556906 17.159204460214823 20.143168367445469 42.416772771626711 20.378754411824048 3.2156434655189496 478.79430855065584 21.937539877370003 184.60777089931071 26.222328439354897 14.309204440563915 164.21469666110352 98.21925480174832 55.771571354009211 9.6208577621728164 22.330174190923572 35.776667896658182 19.646280366927385 158.86875278223306 4.9791292566806069 40.833823406137526 63.809409845154732 44.517995773814619 13.299033765681086 6.5284679820761085 14.367701947223393 18.850643333978951 30.101633116602898 18.804717786610126
leaf_count=14500 1024 639 287 51 151 54 7 9108 136 369 128 51 1170 1409 982 26 40 308 102 461 17 112 130 174 56 128 129 122 136 34
internal_value=0.000209045 -0.026733 -0.0390211 0.0350589 0.0188659 -0.0434422 0.0087399 -0.0459514 0.0472706 0.0304686 -0.0103208 0.00297544 -0.00393247 0.00266788 -0.0285252 -0.0391401 0.0128559 -0.00939346 0.0114737 0.0386261 -0.0544846 0.0519345 0.0441951 0.0285333 0.0316861 -0.0231283 0.0443479 0.0556617 0.0513506 0.0430834
internal_weight=2729.36 1539.46 1143.31 1189.9 512.656 1053.67 396.153 1019.99 677.249 412.116 68.6391 64.6723 292.498 262.434 100.54 31.5584 89.6337 52.9359 39.7894 343.477 60.7507 612.577 103.655 85.3518 33.6778 9.74411 36.6979 527.225 93.911 33.1139
internal_count=32041 28101 24482 3940 2261 23718 3619 23608 1679 1109 279 247 3218 2579 1152 162 764 595 153 830 999 1432 401 286 110 135 169 1146 266 85
is_linear=0
shrinkage=0.05


Tree=17
num_leaves=29
num_cat=0
split_feature=45 32 46 31 2 6 22 24 36 3 35 22 0 1 7 17 35 6 30 9 0 5 24 6 43 25 19 1
split_gain=1003.01 238.427 85.2819 74.5784 126.604 69.1642 67.8794 55.872 44.1375 43.6977 40.184 35.8883 30.1694 29.191 26.3599 25.9632 24.7016 23.3539 17.4353 17.2725 15.0278 14.0747 12.3107 30.9254 10.4671 8.61383 7.44837 0.36468
threshold=0.0025051285047084097 0.0027532156091183428 0.00087202555732801567 0.058328818529844291 0.12199999764561655 0.19960364699363711 1.0000000180025095e-35 0.070523668080568327 0.00044691609218716627 0.0025765742175281052 0.077722117304801955 1.0000000180025095e-35 0.42842167615890508 0.87213703989982616 0.99809086322784435 0.84166666865348827 0.086386922746896758 0.10192713513970376 0.004107425222173334 0.010741776321083309 0.50795802474021923 0.0025142005179077391 0.35738745331764227 0.44606898725032812 0.0041392883285880097 0.0002300381020177156 0.019924432039260868 0.89060771465301525
decision_type=2 2 2 2 2 2 2 2 2 2 2 2 2 2 2 2 2 2 2 2 2 2 2 2 2 2 2 2
left_child=1 2 6 4 17 8 10 12 11 -9 -1 -3 -6 -10 18 20 -17 24 -4 -8 -7 -19 25 -24 -2 27 -16 -5
right_child=3 5 14 22 7 15 19 9 13 -11 -12 -13 -14 -15 26 16 -18 21 -20 -21 -22 -23 23 -25 -26 -27 -28 -29
leaf_value=-0.056350435549574585 -0.058650626346806616 -0.043145483468914503 0.03682759136415379 0.056818898226854188 0.031594879468833784 0.059614218681017232 -0.022307829185672659 0.041123080589906796 0.018807754560973413 -0.011427727460295722 -0.035593787853634845 0.045183847788628599 -0.061618938922283498 -0.069599074194967595 0.026611761937792314 -0.021605884571637635 0.05350029283163809 0.039538250246091783 -0.038864557471846757 0.050871105951132436 0.010152870377691926 -0.035634757461304213 -0.062777452161676461 0.053314614070262972 -0.016083214261187771 0.020946987889348883 -0.05218412632619307 0.042204296822270115
leaf_weight=501.90451499912888 43.995512921363115 97.655917615629733 51.658594906330109 343.84782014973462 13.104190755635498 73.306532882153988 11.780914009548722 530.54127540439367 105.53634930495173 42.324579258449376 451.55426416732371 12.194627236574886 22.135885491967201 9.2531004305928928 2.9718776978552368 31.589959297329187 15.490417370572684 15.673881417140366 8.0535517809912545 21.716006035916507 19.943052560091019 8.9983740700408799 7.4465277353301671 17.081456679850817 22.700958757661283 19.870938621461391 16.534376866184175 19.106386702507734
leaf_count=14505 824 1814 317 764 39 191 50 1196 778 246 9211 38 175 115 28 398 43 68 142 57 175 98 157 40 215 74 226 48
internal_value=-0.000539019 -0.0281733 -0.0401044 0.0351857 0.0252205 0.00669507 -0.0441078 0.0334647 -0.0105047 0.0372274 -0.0465678 -0.0330208 -0.0270416 0.0111418 0.00969989 0.0341079 0.00370436 -0.0294173 0.0261468 0.0252334 0.049256 0.0118013 0.0521935 0.0169913 -0.0446139 0.0543988 -0.0394669 0.0561676
internal_weight=2537.97 1431.14 1066.17 1106.83 699.475 364.97 986.956 608.106 224.64 572.866 953.459 109.851 35.2401 114.789 79.2184 140.33 47.0804 91.3687 59.7121 33.4969 93.2496 24.6723 407.353 24.528 66.6965 382.825 19.5063 362.954
internal_count=32032 28088 24536 3944 2861 3552 23823 1656 2745 1442 23716 1852 214 893 713 807 441 1205 459 107 366 166 1083 197 1039 886 254 812
is_linear=0
shrinkage=0.05


Tree=18
num_leaves=30
num_cat=0
split_feature=45 31 46 24 31 2 0 2 7 30 29 34 36 2 0 1 1 42 22 29 2 24 24 1 36 24 34 17 35
split_gain=881.25 216.671 102.528 97.9676 66.697 90.3761 52.5033 87.6365 46.6304 42.3408 35.004 29.9205 26.2231 26.5257 25.5155 20.8153 20.3351 19.0429 18.3667 15.0829 13.1154 22.9773 13.4825 9.93539 6.78221 2.58917 6.09168 1.31838 1.19984
threshold=0.0025051285047084097 0.030225844122469429 0.00071218714583665143 0.36609348654747015 0.034772275015711791 0.12199999764561655 0.38532087206840521 0.14375565946102145 0.9165293574333192 0.0037529563996940856 0.020262590609490875 0.25069467723369604 0.00050628831377252947 0.12391385063529016 0.37308631837368017 0.33192814886569982 0.29120439291000372 0.96875000000000011 1.0000000180025095e-35 -0.29410320520400995 0.12420320510864259 0.26816938817501074 0.09130414575338365 0.62139987945556652 0.0010203495039604606 0.35216172039508825 0.37249372899532324 0.10833333432674409 0.0070349108427762994
decision_type=2 2 2 2 2 2 2 2 2 2 2 2 2 2 2 2 2 2 2 2 2 2 2 2 2 2 2 2 2
left_child=1 2 6 8 5 16 7 -1 23 10 -7 -10 15 -14 -11 -4 17 -2 -8 25 21 -21 -22 -3 -18 27 -27 -6 -5
right_child=4 3 12 28 19 9 18 -9 11 14 -12 -13 13 -15 -16 -17 24 -19 -20 20 22 -23 -24 -25 -26 26 -28 -29 -30
leaf_value=-0.051123085218490398 -0.059322851029212226 0.030077973832496632 0.0076894349966282211 -0.0075955639206404663 0.043324627899748669 0.044602426963985309 -0.056800113154066738 -0.0041402977269648696 -0.0096387000621057581 0.031804457857276799 0.0041629403525547583 0.048728992679683496 -0.047258742940568185 0.031057448338373109 -0.019655873114659543 -0.033840125833657433 -0.062852102132446838 0.021350279287707448 -0.012517459772302397 0.040218295767465939 -0.01281539466739268 -0.053695796627546824 0.045971464319178097 0.062800421547690666 -0.005525160568539968 -0.0080758163060000148 0.052643889425191104 0.057625447406407099 -0.060679198073332864
leaf_weight=219.58593014394864 9.1004406549036485 40.138205916620791 47.987027993425727 1.412807710468768 34.723409414291382 327.5457060164772 463.72845935681835 180.79314163187519 86.426850377116352 39.538632020354271 64.18392314389348 28.333383545279503 11.985721348784862 65.60865031927824 58.362113002687693 78.862455522175878 31.571306104771793 25.526984286960214 25.342115129344165 15.093848552554848 10.12321939691901 9.9419611776247603 129.87695155479014 66.741458162665367 6.3729685954749575 5.8672924386337426 11.270828079432247 262.32111205765978 36.27607991034165
leaf_count=5908 214 191 580 23 95 729 13799 3103 1243 108 188 88 213 333 399 1235 588 175 121 45 41 179 329 165 62 99 27 639 981
internal_value=0.00014366 -0.0264572 -0.0361925 0.0145894 0.034701 0.0229528 -0.0435242 -0.0299709 0.0273008 0.0306703 0.038004 0.00506828 -0.00423895 0.0185129 0.00123857 -0.0181923 -0.0288255 -0.000921437 -0.0545357 0.0484071 0.035738 0.00229414 0.0416599 0.0509044 -0.0536128 0.0549276 0.0325571 0.0561047 -0.0589371
internal_weight=2394.64 1353.22 1093.89 259.329 1041.42 562.202 889.45 400.379 221.64 489.63 391.73 114.76 204.444 77.5944 97.9007 126.849 72.5717 34.6274 489.071 479.219 165.036 25.0358 140 106.88 37.9443 314.183 17.1381 297.045 37.6889
internal_count=31900 27983 25292 2691 3917 2463 22931 9011 1687 1424 917 1331 2361 546 507 1815 1039 389 13920 1454 594 224 370 356 650 860 126 734 1004
is_linear=0
shrinkage=0.05


Tree=19
num_leaves=25
num_cat=0
split_feature=45 32 46 5 24 7 2 37 5 17 2 5 24 1 35 7 30 29 17 30 1 29 29 39
split_gain=755.482 211.047 94.9747 64.3555 120.244 58.725 55.1841 48.5343 38.3281 38.1897 35.403 40.7272 30.7431 29.5335 22.5138 20.9371 18.4792 16.5505 14.7864 32.3516 4.2123 2.19233 1.89271 0.537899
threshold=0.0026059532538056378 0.0027239220216870312 0.00094903481658548128 0.003499650396406651 0.30491694808006292 0.9165293574333192 0.10114151239395143 0.025121258571743969 0.0038731930544599895 0.32500000298023229 0.11743079870939256 0.0042559332214295873 0.09734793379902841 0.87450128793716442 0.036533704027533538 0.99972277879714977 0.0040757295209914455 0.28405031561851507 0.84166666865348827 0.0036542015150189404 0.42506985366344457 -1.7388114333152769 -1.6187077760696409 0.00029821896168868994
decision_type=2 2 2 2 2 2 2 2 2 2 2 2 2 2 2 2 2 2 2 2 2 2 2 2
left_child=1 2 3 4 -1 18 22 13 17 -5 21 -12 -10 14 -8 16 -4 -9 20 -20 -3 -7 -2 -15
right_child=6 5 15 9 -6 10 7 8 12 -11 11 -13 -14 23 -16 -17 -18 -19 19 -21 -22 -23 -24 -25
leaf_value=-0.0045023920252280939 -0.0012300480749834256 0.01930197199706022 0.038443492684037711 0.041130472732420174 -0.053487666654334701 -0.004939733398482549 0.040814204303012691 0.049910448283945384 -0.0595627039151174 -0.057007653144875194 0.012254412488876841 -0.043402267519619682 0.024366944442814814 -0.03759495971085175 0.0056185176400464151 -0.061489315793422795 -0.03603967111597052 0.018510642285842913 0.036317738111371962 -0.059572720004939433 0.055701024722771345 -0.059819092423690948 -0.055577900202298205 -0.076682159276570835
leaf_weight=263.12429849850014 1.8194951675832296 10.649520386010407 56.913965948857367 9.4889967134222371 238.48188986442983 2.1482424484565881 73.828380888327956 561.49940665764734 11.283767286688088 401.23600901290774 173.33120292262174 39.508079241961241 99.337489931844175 5.3738156519830209 116.65921155456454 6.3075558189302674 8.9158263904973847 47.031121519394219 38.12689193058759 10.386789368931202 63.679439164698124 27.046217009425163 15.981995869427918 5.4602455627173185
leaf_count=4349 35 89 292 88 6670 32 218 1529 155 12877 1584 757 372 46 498 103 124 191 177 222 186 698 549 35
internal_value=0.00038758 -0.0235664 -0.0355952 -0.039961 -0.0278519 0.00889689 0.0348245 0.0365253 0.0425979 -0.054646 -0.00541105 0.00176854 0.0153489 0.0147296 0.0194014 0.0194116 0.0279673 0.047518 0.0369035 0.0149991 0.0508114 -0.0560782 -0.0503839 -0.0621096
internal_weight=2287.62 1349.34 984.469 912.331 501.606 364.876 938.275 920.473 719.152 410.725 242.034 212.839 110.621 201.322 190.488 72.1373 65.8298 608.531 122.843 48.5137 74.329 29.1945 17.8015 10.8341
internal_count=31876 28248 24503 23984 11019 3745 3628 3044 2247 12965 3071 2341 527 797 716 519 416 1720 674 399 275 730 584 81
is_linear=0
shrinkage=0.05


Tree=20
num_leaves=29
num_cat=0
split_feature=45 2 31 44 0 6 17 7 24 37 5 22 6 41 42 24 31 41 17 35 45 1 12 37 24 35 9 1
split_gain=684.627 130.441 122.759 88.8151 57.7027 93.5871 76.3441 54.7532 40.0472 35.2755 34.8893 30.3023 28.827 25.9463 24.9532 24.7193 19.9765 18.0068 17.1263 13.9814 12.3079 9.98458 8.52086 7.21146 4.59896 3.76073 2.88455 2.47584
threshold=0.0017056974465958776 0.10725653171539308 0.031328799203038223 2.1056834459304814 0.38286139070987707 -0.0011371077271178363 0.79166665673255932 0.9165293574333192 0.36947719752788549 0.045287437736988075 0.0039459539111703643 1.0000000180025095e-35 0.14015149325132373 0.0020904915872961287 0.96875000000000011 0.11834894493222238 0.11900128424167634 0.0041501005180180081 0.22500000149011615 0.0057124570012092599 0.001557737938128412 0.6377447545528413 0.00022864419588586318 0.0059999201912432918 0.32553727924823767 0.01137865334749222 0.18135386705398562 0.75056001543998729
decision_type=2 2 2 2 2 2 2 2 2 2 2 2 2 2 2 2 2 2 2 2 2 2 2 2 2 2 2 2
left_child=2 16 4 8 5 18 -7 21 9 -3 14 20 -13 19 -5 -12 26 -15 -1 -9 -6 22 -4 -10 -18 -26 -2 -23
right_child=1 3 7 10 11 6 -8 13 23 -11 15 12 -14 17 -16 -17 24 -19 -20 -21 -22 27 -24 -25 25 -27 -28 -29
leaf_value=-0.0065405354874170946 -0.05795786831113503 0.00099256742445191369 -0.038841363900429887 0.016383802786182532 -0.056879298948943141 0.032343171222377606 -0.028399175996784033 0.034366196854218378 0.029455923587457279 0.031655312182747246 -0.033128246028744555 0.051815289350059551 -0.05826697235432457 0.030997362651978312 0.046967244159070234 0.024886170494815021 0.046526522117263491 -0.063219124897248749 -0.057743204680204857 -0.053002607788539192 -0.021086067283158896 0.068263105790934572 0.034637864815477773 -0.050676462624612506 0.029836683231995339 -0.045760359620907909 -0.0065120193458901264 0.03699837275757855
leaf_weight=18.608902044594288 51.905738695291802 212.18392078834586 4.6313983176369247 77.14339542388916 384.34027288528159 89.896797272842377 119.05361986113712 4.524799430742859 2.4559564972296384 167.20834579039365 22.774767741560936 12.938152661547067 9.379161896184085 29.239152961410582 567.48163333535194 80.448068149387836 5.5333781316876394 5.1314786802977315 150.66316590947099 36.345037624239922 27.267354182433337 30.102154217660427 12.558556578122078 28.647178861545399 1.9570871852338312 2.8923117071390152 3.1577591509558252 13.500997824594377
leaf_count=263 1709 1654 68 322 12897 1004 2890 28 16 801 253 38 99 265 1664 335 17 99 4742 966 660 55 69 750 13 79 65 84
internal_value=0.000181757 0.0248826 -0.0316916 0.0287708 -0.039048 -0.0246697 -0.0022364 0.0121922 0.0100503 0.0145542 0.0390194 -0.0514951 0.0050369 -0.0162618 0.0433383 0.011891 -0.0433326 0.0155413 -0.0521857 -0.04274 -0.054565 0.0471016 0.0137938 -0.0436286 0.0188084 -0.0153663 -0.0551764 0.059629
internal_weight=2171.97 1223.79 948.181 1158.34 812.147 378.222 208.95 136.034 410.495 379.392 747.848 433.925 22.3173 75.2405 644.625 103.223 65.4463 34.3706 169.272 40.8698 411.608 60.7931 17.19 31.1031 10.3828 4.8494 55.0635 43.6032
internal_count=31905 7678 24227 5795 22593 8899 3894 1634 3221 2455 2574 13694 137 1358 1986 588 1883 364 5005 994 13557 276 137 766 109 92 1774 139
is_linear=0
shrinkage=0.05


Tree=21
num_leaves=29
num_cat=0
split_feature=45 22 46 31 2 36 31 5 2 25 31 1 29 25 37 25 2 1 1 24 7 34 38 29 1 7 4 39
split_gain=607.068 177.93 145.692 59.7271 85.9495 53.1933 47.0746 45.381 75.5022 42.0639 27.5836 23.2248 19.6219 19.0273 18.4192 17.3599 14.6977 14.2828 12.8278 11.258 27.809 10.4937 9.85501 7.822 6.06568 5.94777 1.81962 0.78917
threshold=0.0026059532538056378 1.0000000180025095e-35 0.00051999892457388352 0.033558145165443427 0.12488645315170289 0.00050041946815326821 0.042120410129427917 0.0031799726421013479 0.1426937207579613 -0.00089538836618885387 -0.0012878649285994468 0.76412475109100353 0.34314866364002233 -9.7834257758222507e-05 0.084224805235862746 0.00049821200082078587 0.16402689367532733 0.4629622101783753 0.29692111909389501 0.35738745331764227 0.88993513584136974 0.25069467723369604 0.0058516415301710376 0.14348573982715609 0.89060771465301525 0.41191920638084417 0.0021945890039205555 0.0062388284131884584
decision_type=2 2 2 2 2 2 2 2 2 2 2 2 2 2 2 2 2 2 2 2 2 2 2 2 2 2 2 2
left_child=1 2 7 4 14 6 -4 8 -1 12 -7 -11 -6 23 17 19 26 -2 -17 24 -21 -20 -9 27 -5 -25 -15 -3
right_child=3 13 5 15 9 10 -8 22 -10 11 -12 -13 -14 16 -16 18 -18 -19 21 20 -22 -23 -24 25 -26 -27 -28 -29
leaf_value=-0.050518935711064777 -0.016954547302798995 0.059661326778814187 -0.031409447434371261 0.053399447198709274 0.049393600468099923 -0.01535387373791202 0.018835706355826445 -0.055588614437323172 0.0019024495062259516 0.016728386366767004 0.03128740050021895 -0.046610475384557239 -0.00028085328105661729 -0.01776096561134911 0.030221666541130815 0.045894771923328019 0.040187650716617562 -0.06383899676635113 -0.050094480053420321 0.051522420709202356 -0.060467735463116547 0.02624422078806244 0.0059384626610678067 0.045977693347544646 0.017996634390305518 -0.01298886788257257 -0.070601178276478285 0.039025427410826236
leaf_weight=159.85275801131502 37.806907267309725 55.334643959999084 198.49613355007023 312.36869787331671 189.99536187341437 44.261659746989608 60.091803441289812 392.81626450805925 119.75765142892487 161.58920394815505 106.37706772331148 14.923970919102429 22.176907677203417 3.4596132789738459 10.854390611872075 12.276565300300719 6.8088472709059706 28.900973875075579 9.8989234268665331 15.790767002850773 7.3138353172689667 6.8444966636598101 6.4309857841581097 7.167183354496955 13.923814628273247 8.269484141841529 4.8754081539809704 14.111646869219838
leaf_count=4902 438 132 4553 917 457 626 578 14591 1744 660 772 62 75 48 74 35 27 493 86 49 195 29 71 21 59 69 44 52
internal_value=-0.000658195 -0.0236892 -0.0295613 0.031727 0.0196823 -0.00597413 -0.0197057 -0.0437503 -0.02814 0.0292674 0.0175721 0.0111408 0.0442245 0.0398473 -0.028112 0.0464763 -0.011162 -0.0379099 0.00896808 0.0495571 0.0150337 -0.0191678 -0.0545852 0.0489718 0.0519483 0.0155207 -0.0529209 0.0560816
internal_weight=2032.78 1188.11 1088.08 844.665 466.248 409.227 258.588 678.858 279.61 388.685 150.639 176.513 212.172 100.027 77.5623 378.417 15.1439 66.7079 29.02 349.397 23.1046 16.7434 399.247 84.883 326.293 15.4367 8.33502 69.4463
internal_count=31859 28230 27837 3629 2259 6529 5131 21308 6646 1254 1398 722 532 393 1005 1370 119 931 150 1220 244 115 14662 274 976 90 92 184
is_linear=0
shrinkage=0.05


Tree=22
num_leaves=29
num_cat=0
split_feature=45 46 7 22 25 42 17 24 2 36 6 2 39 0 32 30 35 45 0 0 22 20 34 38 44 37 29 19
split_gain=535.808 170.5 78.1726 77.5113 53.9609 51.7745 43.0358 81.9137 36.962 36.5067 30.9169 30.1665 28.2061 26.8831 23.8277 22.7761 20.6404 27.3061 19.2242 18.8626 12.107 11.7441 11.5024 13.7843 10.8441 9.08198 6.19172 1.31967
threshold=0.0026059532538056378 0.00045468582538887864 0.9165293574333192 1.0000000180025095e-35 -0.00045714307634625578 0.90625000000000011 0.64166665077209484 0.14227212965488437 0.12625496089458468 0.00044691609218716627 0.027423107996582988 0.11605701968073846 0.0062388284131884584 0.072781108319759383 0.02007418125867844 0.0043938604649156341 0.035930125042796142 0.005963801173493267 0.41834877431392675 0.14562085270881656 1.0000000180025095e-35 0.52273580431938182 0.27977168560028082 0.013861194718629124 4.707871913909913 0.07336346805095674 -0.53932338953018177 0.027669221162796024
decision_type=2 2 2 2 2 2 2 2 2 2 2 2 2 2 2 2 2 2 2 2 2 2 2 2 2 2 2 2
left_child=1 3 15 6 5 8 7 -1 12 10 -4 -11 -2 20 -15 19 22 18 -18 -3 -7 -10 23 -6 -19 -8 -5 -24
right_child=4 2 9 26 16 13 25 -9 21 11 -12 -13 -14 14 -16 -17 17 24 -20 -21 -22 -23 27 -25 -26 -27 -28 -29
leaf_value=0.059848422422420333 -0.05745149532024646 -0.023856977037097056 -0.043122910055240549 0.059897446171219261 0.028118882658647561 -0.064306412542986066 -0.05523055442611733 -0.037686850509203534 -0.008858507797194241 -0.056767757204921235 -0.0073842708256024242 0.012841135764845893 0.035374426396019343 0.050902479086062748 0.0010560882137198968 -0.052753970075535297 0.0053292993959861397 -0.010497043445194299 -0.037311957027948164 0.040843650666496062 0.046023281260210422 0.048104126964159305 0.035839944874777617 -0.042562933365000201 0.043651281141373809 0.0028484637314615648 0.011259145888004578 0.061056696377289166
leaf_weight=24.092816240154207 27.998181676492095 11.763012371491639 120.17462750454433 15.730772569775583 30.36631528288126 7.1836437485180777 374.69851553766057 153.54441084922291 11.75789783336222 16.434422169812024 121.88145849015564 144.6454411058221 10.622685235925017 439.12910090596415 25.401335012167692 6.96299800928682 59.085593112744391 11.678791759535669 46.515011702664196 121.07642402127385 2.7374480068683624 34.612655974924564 14.755033513531087 7.8951094080694011 37.977184355258942 6.7564542586915186 11.660819988697765 22.039106976240873
leaf_count=122 620 187 3510 39 162 164 14411 4375 43 532 2360 1473 82 1400 97 216 247 61 364 770 8 93 60 79 113 118 74 46
internal_value=6.06056e-05 -0.0220241 -0.00182148 -0.0406918 0.0316317 0.0400086 -0.0447256 -0.0241972 0.00401501 -0.0129963 -0.025232 0.00543275 -0.0316713 0.0464344 0.0481849 0.0302657 0.0111987 0.00074013 -0.0136272 0.0349789 -0.0324373 0.0337784 0.0325385 0.0128213 0.0309601 -0.0541971 0.0403176 0.0521602
internal_weight=1919.18 1129.42 542.938 586.484 789.755 559.443 559.092 177.637 84.9914 403.136 242.056 161.08 38.6209 474.452 464.53 139.802 230.312 155.257 105.601 132.839 9.92109 46.3706 75.0556 38.2614 49.656 381.455 27.3916 36.7941
internal_count=31826 28187 9048 19139 3639 2507 19026 4497 838 7875 5870 2005 702 1669 1497 1173 1132 785 611 957 172 136 347 241 174 14529 113 106
is_linear=0
shrinkage=0.05


Tree=23
num_leaves=30
num_cat=0
split_feature=45 31 7 46 6 5 38 24 37 25 19 42 24 1 6 24 45 32 24 31 6 38 25 30 5 34 6 4 38
split_gain=502.138 162.513 82.4296 71.0722 43.6345 72.2664 37.7356 55.6674 37.5141 34.8518 28.6674 28.5754 25.6425 24.0696 23.7515 22.7063 18.31 15.4005 15.2778 14.7077 17.4563 13.0296 12.7099 12.0297 10.6162 8.98651 3.571 1.75374 0.0352185
threshold=0.0027738856151700024 0.019480810500681404 0.93085125088691723 0.00065029249526560317 0.0020581141579896216 0.0031655923230573539 0.0052005730103701362 0.22359500080347064 0.023170707747340206 -2.4315368136740286e-05 0.028896898031234745 0.96875000000000011 0.35415525734424597 0.87450128793716442 0.063681773841381087 0.21677962690591815 0.0046606811229139575 0.0065449539106339225 0.18822446465492251 0.034772275015711791 0.0057729212567210206 0.018278700299561027 -0.0013564607943408189 0.0033951296936720614 0.0049783021677285441 0.25069467723369604 0.5428704321384431 0.00014083167479839179 0.0092901401221752184
decision_type=2 2 2 2 2 2 2 2 2 2 2 2 2 2 2 2 2 2 2 2 2 2 2 2 2 2 2 2 2
left_child=1 3 12 4 17 -6 7 -4 13 11 22 15 23 19 -12 -10 18 -1 -11 20 -2 -13 -5 -3 -18 -8 -14 -21 -15
right_child=8 2 6 10 5 -7 25 -9 9 16 14 21 26 28 -16 -17 24 -19 -20 27 -22 -23 -24 -25 -26 -27 -28 -29 -30
leaf_value=-0.056040162674163674 0.021852939673442224 0.052017833212158929 0.017736329782897988 -0.035353489180942083 0.0033718565119502243 -0.048043319299501577 0.0035335219672126823 -0.045760312422603235 0.036701110740614079 -0.037320797413349677 -0.033327922086529405 0.05203707520527754 -0.053843520930898427 -0.073960134896788626 0.009906709308688727 -0.034751477283738411 0.043741250407158545 0.011694493902081307 0.015831530361510183 0.056825541850651334 -0.018917697617024762 0.014204404616816674 0.032106265752276854 0.012487584268797355 -0.0010727152932368457 0.054631405246688705 0.014802786792403728 0.028147648153451277 -0.036052363814365197
leaf_weight=309.23314068571199 72.923158892896026 101.9923728662543 52.595831418409944 7.2654176075011483 115.39214358059689 166.17658681992907 14.795682485215364 97.047720825765282 25.521469606086612 22.567328008823097 94.013244548812509 368.65127711021341 7.1781646003946644 5.5130748301744443 47.151631764136255 18.171514521818608 49.584542401134968 8.3016975466161949 30.801044352352619 17.781123941764239 39.792800572700799 25.21234414819628 49.155648864805698 24.598799207247794 17.825336022302508 20.061964841559529 1.9870072072371838 12.496986491605638 3.5302327871322632
leaf_count=12376 376 385 695 200 2037 6504 148 2937 81 223 1695 1231 179 55 557 383 141 121 136 57 237 141 451 243 107 61 21 48 43
internal_value=2.24811e-05 -0.0208741 0.00918684 -0.0329545 -0.0415195 -0.0270351 -0.0125586 -0.0234733 0.0328622 0.0388522 -0.00690618 0.0454104 0.038616 0.0107546 -0.0189187 0.00687197 0.0149152 -0.0542381 -0.00691748 0.0159096 0.00741965 0.0496574 0.022955 0.0444945 0.0320485 0.0336458 -0.0389689 0.0462674 -0.0642252
internal_weight=1827.32 1116.95 320.258 796.69 599.104 281.569 184.501 149.644 710.372 558.335 197.586 437.557 135.756 152.037 141.165 43.693 120.778 317.535 53.3684 142.994 112.716 393.864 56.4211 126.591 67.4099 34.8576 9.16517 30.2781 9.04331
internal_count=31869 28610 4669 23941 21038 8541 3841 3632 3259 2443 2903 1836 828 816 2252 464 607 12497 359 718 613 1372 651 628 248 209 200 105 98
is_linear=0
shrinkage=0.05


Tree=24
num_leaves=28
num_cat=0
split_feature=45 46 22 0 2 31 2 24 3 2 35 37 3 17 31 0 42 31 29 19 29 2 24 7 4 29 21
split_gain=448.352 136.703 70.8307 52.3747 81.2912 39.7397 56.6459 37.7408 35.007 33.7302 26.5753 26.072 26.0599 19.5858 15.4357 14.3627 12.654 12.5144 12.4772 7.27945 5.97848 6.16653 8.76176 4.52366 3.05777 0.938718 0.472842
threshold=0.0026059532538056378 0.00059112763847224425 1.0000000180025095e-35 0.36320692300796514 0.1426937207579613 0.064631838351488127 0.12420320510864259 0.079630140215158476 0.0016609486192464831 0.1087399832904339 0.033833676949143417 0.040965974330902107 0.0018311053281649949 0.22500000149011615 0.034772275015711791 0.69929018616676342 0.90625000000000011 0.025864740833640102 0.054197184741497047 0.013701796531677248 -0.26034989953041071 0.12420320510864259 0.21566296368837359 0.58655452728271495 0.00010330443546990865 -0.45863978564739222 0.67224738001823436
decision_type=2 2 2 2 2 2 2 2 2 2 2 2 2 2 2 2 2 2 2 2 2 2 2 2 2 2 2
left_child=1 2 3 4 -1 6 16 10 9 23 -8 -11 -9 -10 -5 25 19 -15 -18 -2 26 22 -22 -3 -23 -4 -7
right_child=5 8 15 14 -6 20 7 12 13 11 -12 -13 -14 17 -16 -17 18 -19 -20 -21 21 24 -24 -25 -26 -27 -28
leaf_value=-0.049486875430480318 0.0092042443660671058 0.026735051881000945 0.058590283795883769 -0.055850786319404599 0.0038374883859287855 0.039379959150080718 0.035701642988582555 0.039034051440850225 0.031635995894707253 0.00034592082663743688 -0.052854010810699986 0.032454356133151896 -7.2956776026731222e-05 -0.052715947674229414 -0.019909570629692647 -0.02150164921175534 0.0068004110609528158 -0.0065529663625867526 -0.061232022036033701 -0.058058992723556059 0.044207610884099274 0.051324104704551503 -0.048417271947767522 -0.054633087401696839 0.022641351991034297 0.033352255100420912 0.055050125536862032
leaf_weight=143.29099384974688 4.676377831958237 1.2802285999059702 15.613211110234261 306.13860339578241 141.35451885988005 17.612163454294205 12.657945455983279 338.48120881896466 11.624704724177716 121.85364937456325 21.66346675530076 130.44757751608267 48.707623936235905 41.97537348838523 34.698378196917474 8.968406505417077 47.818793029524386 22.777706192806363 6.8208587067201725 19.811221760232002 3.7507490180432779 25.318169344216585 4.5386696606874466 19.061233635991812 18.479136386886239 12.15098263323307 137.90638830885291
leaf_count=5619 92 8 46 13651 3020 76 57 1058 68 1668 181 986 262 1207 885 74 430 334 123 531 14 98 79 689 77 62 555
internal_value=-0.000384618 -0.0217436 -0.0350735 -0.0390416 -0.0230853 0.0300996 0.0223957 0.0296737 0.00357577 0.0119627 -0.020108 0.0170096 0.0341269 -0.0261303 -0.0522608 0.0317405 -0.0162608 -0.0368242 -0.00264019 -0.0453566 0.048481 0.0326568 -0.0062596 -0.0484993 0.0399977 0.0490884 0.0535384
internal_weight=1719.48 1011.24 662.215 625.482 284.646 708.243 500.637 421.51 349.02 272.643 34.3214 252.301 387.189 76.3778 340.837 36.7326 79.1273 64.7531 54.6397 24.4876 207.605 52.0867 8.28942 20.3415 43.7973 27.7642 155.519
internal_count=31950 28317 23357 23175 8639 3633 2734 1558 4960 3351 238 2654 1320 1609 14536 182 1176 1541 553 623 899 268 93 697 175 108 631
is_linear=0
shrinkage=0.05


Tree=25
num_leaves=29
num_cat=0
split_feature=45 32 24 5 2 34 24 25 25 17 2 0 6 1 9 0 17 24 17 19 38 41 38 33 37 27 1 4
split_gain=402.581 112.136 52.121 94.3365 75.0054 43.4647 33.8397 39.0501 30.4459 29.3856 25.0346 24.643 22.1556 19.6531 18.9034 18.6968 15.6548 10.5253 10.4024 9.40136 8.57431 7.25025 6.31279 6.12724 5.32652 4.21956 0.748777 0.473524
threshold=0.0023345252266153698 0.0027239220216870312 0.30491694808006292 0.0034892614930868153 0.13869901001453402 0.35556218028068548 0.36494031548500067 -0.00089538836618885387 1.9808528122666761e-05 0.32500000298023229 0.11292070895433427 0.36972527205944067 0.41632828116416937 0.31862467527389532 0.014164833351969721 0.76903387904167186 0.10833333432674409 0.35320180654525762 0.45833332836627966 0.0034932494163513188 0.0053900324273854503 0.0014261933392845096 0.0020588912302628164 0.011198471300303938 0.020816450007259849 2.0817270278930669 0.58233982324600231 0.0016475736629217865
decision_type=2 2 2 2 2 2 2 2 2 2 2 2 2 2 2 2 2 2 2 2 2 2 2 2 2 2 2 2
left_child=1 2 3 4 -1 6 7 15 10 -5 23 18 20 -9 -12 -2 21 -13 -10 -4 -8 25 -21 -3 -18 -7 -23 -26
right_child=5 8 19 9 -6 16 12 13 11 -11 14 17 -14 -15 -16 -17 24 -19 -20 22 -22 26 -24 -25 27 -27 -28 -29
leaf_value=-0.046721230753380492 0.039790520650071569 -0.054244832183538011 0.025354388064159867 0.042427059710093237 0.018763732073877951 -0.03094307979757794 -0.05770359129308647 0.024903745680696962 0.054253159312593224 -0.049411564669446705 0.0074531199381300695 -0.049743846920083185 0.043243540994609038 -0.0044384770657067531 0.043210392857441972 -0.031228671014549399 0.018074370725521136 0.031923006805182445 -0.0069831045914732839 -0.054431654910762066 -0.0041847351009649354 0.022491373352965818 -0.0022283847835700339 0.032008225111094295 0.057468321549060813 0.016632190225733635 0.045964223491727879 0.040107131973561624
leaf_weight=59.155354318907484 247.86989020765759 12.325642540585248 3.338464585132896 8.3583929198794049 159.1162115263287 8.1394950551912206 22.631993310526013 102.82525117322803 10.437038987874987 207.47073135175742 73.04132706252858 40.130707232514396 9.289030969142912 126.15714807063341 74.883820177987218 8.921191596426068 11.052580758929251 3.6874755416065446 17.124768198467791 220.77569867414422 11.194686057046054 9.8412909433245677 6.0360347712412468 1.75399541389197 142.36227624956518 8.5948643991723639 11.021649844944475 14.883775629103182
leaf_count=2148 1098 456 46 76 2207 43 833 423 41 9767 941 1161 52 882 444 97 34 36 289 9681 208 47 161 10 519 38 37 65
internal_value=0.000316892 -0.0221375 -0.0326001 -0.0223166 0.000884043 0.0277407 0.0200879 0.0238593 0.00765271 -0.0456757 0.0196075 -0.019376 -0.0219819 0.00878873 0.025723 0.0372117 0.0472067 -0.0423123 0.0172933 -0.0518161 -0.0406207 0.0174411 -0.0530583 -0.0420897 0.0537139 -0.00694812 0.036427 0.0560889
internal_weight=1632.42 897.636 664.251 434.101 218.272 734.785 528.889 485.773 233.385 215.829 162.005 71.38 43.1157 228.982 147.925 256.791 205.896 43.8182 27.5618 230.15 33.8267 37.5973 226.812 14.0796 168.299 16.7344 20.8629 157.246
internal_count=31840 27464 24086 14198 4355 4376 3593 2500 3378 9843 1851 1527 1093 1305 1385 1195 783 1197 330 9888 1041 165 9842 466 618 81 84 584
is_linear=0
shrinkage=0.05


Tree=26
num_leaves=29
num_cat=0
split_feature=44 46 25 2 2 7 0 3 2 34 0 37 19 0 9 9 32 31 0 16 34 7 5 24 39 41 31 40
split_gain=347.516 119.112 69.177 79.7895 51.3559 50.703 47.2834 34.2309 35.533 30.9237 28.5182 25.5282 22.5389 21.6242 17.2706 15.3121 14.8924 14.2749 14.4862 12.5972 11.8035 10.7484 7.21908 3.7217 2.80771 0.783481 0.490794 0.334623
threshold=1.9848732352256777 0.00065029249526560317 -3.8838443288113915e-05 0.1426937207579613 0.10825660452246667 0.76798865199089061 0.42501328885555273 0.0017889196751639249 0.11896853521466257 0.30098859965801245 0.72657334804534923 0.047364693135023124 0.014856786001473667 0.082508694380521788 0.050592703744769103 0.13467903435230258 0.0063436534255743035 0.034772275015711791 0.1606002822518349 1.0000000180025095e-35 0.24694764614105227 0.92287108302116405 0.0038731930544599895 0.3168447613716126 4.5950720959808684e-05 0.00070795460487715911 0.096260275691747679 0.27705544233322149
decision_type=2 2 2 2 2 2 2 2 2 2 2 2 2 2 2 2 2 2 2 2 2 2 2 2 2 2 2 2
left_child=1 2 3 5 15 -1 -5 8 12 10 13 -10 -3 -6 16 26 -9 18 -4 -11 -12 -19 -16 -17 -21 -25 27 -2
right_child=4 7 17 6 9 -7 -8 14 11 19 20 -13 -14 -15 22 23 -18 21 -20 24 -22 -23 -24 25 -26 -27 -28 -29
leaf_value=0.046299092428367543 -0.058711338897191538 0.015526866669246712 -0.018936690603046612 0.033858875857077801 -0.0562704355108542 -0.046591455877651712 -0.03070506787553532 -0.058358791795407039 0.0056327578344327551 0.0025625625233258956 -0.04681644182199482 0.038246325434241252 -0.059693117666578192 0.029827666515177625 0.033815498495394336 0.04122501295143028 -0.0018201563501406412 0.042353085618092305 -0.055427595037748162 0.025288124136211149 0.024275297828225469 -0.048570922733931328 -0.037600397764495121 0.0073270453235645813 0.052848605590976455 -0.036597079140164253 -0.010734111039649365 -0.012095557143635265
leaf_weight=15.443317120894788 19.173729998525243 15.619967518839983 31.947965909494087 91.026930744992569 6.5680779786780468 152.8194357129978 40.085680966731161 36.220837922766805 147.39210359426215 14.318884676322339 18.271752954926345 100.68560241628438 24.908369479235262 328.25785714387894 13.075396367348732 5.936195516958831 17.047218021005392 6.8707381319254619 253.90084057953209 12.587538830935953 7.6388736395165315 4.545437796972692 3.8173885866999617 1.1775785861536863 189.81412342004478 1.6831120913848279 1.123503766953944 0.99693504814058442
leaf_count=99 812 213 1216 1081 94 6502 1408 840 1376 52 373 567 837 1862 110 35 165 29 12937 46 43 182 94 27 745 72 33 30
internal_value=0.000274246 -0.0185205 -0.0321923 -0.0151509 0.029812 -0.0378427 0.0140364 0.00424242 0.011866 0.0331394 0.0240579 0.0189698 -0.0310269 0.0279762 -0.0268431 -0.0330535 -0.0406319 -0.0492464 -0.0514294 0.0480759 -0.0257342 0.00515481 0.0164776 0.0207929 0.0512673 -0.0213016 -0.055233 -0.0570875
internal_weight=1562.96 955.407 596.64 299.375 607.548 168.263 131.113 358.767 288.606 577.457 360.737 248.078 40.5283 334.826 70.1608 30.0911 53.2681 297.265 285.849 216.721 25.9106 11.4162 16.8928 8.79689 202.402 2.86069 21.2942 20.1707
internal_count=31880 27656 23454 9090 4224 6601 2489 4202 2993 3215 2372 1943 1050 1956 1209 1009 1005 14364 14153 843 416 211 204 134 791 99 875 842
is_linear=0
shrinkage=0.05


Tree=27
num_leaves=30
num_cat=0
split_feature=45 40 34 24 5 2 2 19 25 24 36 7 0 36 45 6 44 17 2 17 25 41 38 38 35 17 37 31 4
split_gain=314.807 88.4294 50.5151 47.253 77.4639 65.7884 40.8027 42.7088 38.8155 30.4943 28.0774 26.4752 23.3574 17.4701 17.17 15.73 13.3085 13.2829 12.6504 9.29112 8.82683 6.79296 5.85046 5.30889 3.79444 3.474 2.07562 1.17468 0.0946178
threshold=0.0021746008424088363 0.14241977781057361 0.35556218028068548 0.30491694808006292 0.0034892614930868153 0.13902801275253299 0.13048212975263598 0.016778111457824711 -0.0009493312973063438 0.22258144617080691 0.00081964844139292847 0.9165293574333192 0.77459836006164562 0.00039465933514293289 0.0044388913083821544 0.079304751008749022 0.40459333360195165 0.10833333432674409 0.099345017224550261 0.92500001192092907 1.0008200206357289e-05 0.0014261933392845096 0.0061127783264964828 0.010665965732187034 0.0024890005588531498 0.22500000149011615 0.021675460971891884 0.00072354279109276842 0.0016475736629217865
decision_type=2 2 2 2 2 2 2 2 2 2 2 2 2 2 2 2 2 2 2 2 2 2 2 2 2 2 2 2 2
left_child=1 3 6 4 5 -1 7 18 12 -9 -6 19 -8 15 -10 -13 -15 21 -2 25 -21 23 24 -4 -5 -3 -19 -23 -28
right_child=2 11 17 22 10 -7 8 9 14 -11 -12 13 -14 16 -16 -17 -18 26 -20 20 -22 27 -24 -25 -26 -27 28 -29 -30
leaf_value=-0.046621569583451379 -0.049642062976497113 0.017066611605304691 0.02363358699205096 0.011947287279356615 -0.047712192402281896 0.019407231456005744 0.048339885155889183 0.011919377333036463 -0.0019549769449382806 -0.041915616658282619 0.028710414993858964 -0.048983943496968149 -0.029040925390158547 -0.015230150622834979 0.029667787411218689 0.0038341396730974288 0.029679626087949242 0.026643296180454815 0.038702738907632719 0.028041135164327248 -0.04029235562307934 0.022560601540173541 0.0071083786909459656 -0.029543968105159218 -0.053366837020482484 0.054642647635413988 0.056517116657711433 0.049464175356105505 0.039800471771141155
leaf_weight=50.717605646466836 3.5564186470583072 8.9173624329268915 8.1244103573262709 1.9137489199638356 188.9258105722256 138.43322975141928 152.38753545563668 41.224267600104213 114.53196342010051 69.947150187450461 12.189509993884711 31.059049334493466 9.7736203437671048 26.748029386159033 67.547780964523554 24.916180917993188 40.094277733936906 9.5292270928621274 49.740593988215551 13.000556929036977 6.1463622450828543 10.769165281206371 3.9525790605694047 8.6870216918177885 192.9575563906692 33.447947265580297 122.90027914755046 10.998257603496311 11.951065119355915
leaf_count=2098 183 38 39 29 9975 1974 577 227 875 1569 187 1274 162 526 256 504 425 35 345 130 165 58 58 44 9388 159 517 40 65
internal_value=-0.000288633 -0.0221932 0.0242016 -0.0316378 -0.0214387 0.00155065 0.016042 -0.00442922 0.0258071 -0.0220244 -0.0429611 0.00799804 0.0435267 -0.00544314 0.00987438 -0.0258185 0.0117487 0.0466784 0.0320019 0.0344929 0.00519423 0.0199211 -0.0514497 -0.00396097 -0.0526677 0.0473093 0.0536418 0.0377295 0.0553395
internal_weight=1465.09 773.42 691.669 589.09 390.266 189.151 508.709 164.468 344.241 111.171 201.115 184.33 162.161 122.818 182.08 55.9752 66.8423 182.959 53.297 61.5122 19.1469 38.5789 198.824 16.8114 194.871 42.3653 144.381 21.7674 134.851
internal_count=31922 26930 4992 23709 14234 4072 4194 2324 1870 1796 10162 3221 739 2729 1131 1778 951 798 528 492 295 181 9475 83 9417 197 617 98 582
is_linear=0
shrinkage=0.05


Tree=28
num_leaves=23
num_cat=0
split_feature=45 31 2 34 22 0 2 0 25 34 24 6 17 31 46 41 29 46 19 9 3 24
split_gain=305.571 70.4417 67.1592 48.7635 44.0514 39.8383 54.9345 28.3639 35.8985 24.6665 23.0747 15.8516 18.149 13.9417 10.5931 7.46756 6.96339 5.79053 5.09832 3.5392 3.51972 2.39652
threshold=0.0017970214248634877 0.023858900181949142 0.10969382524490358 0.35556218028068548 1.0000000180025095e-35 0.38532087206840521 0.14350901544094088 0.73370134830474865 -0.00076010558404959727 0.23743148893117907 0.37059721350669866 -0.36629755795001978 0.45833332836627966 0.11077342182397844 0.00066619174322113406 0.0022988880518823866 0.355443686246872 0.0048330212011933335 0.015887230634689335 0.18135386705398562 -0.00087406893726438273 0.21566296368837359
decision_type=2 2 2 2 2 2 2 2 2 2 2 2 2 2 2 2 2 2 2 2 2 2
left_child=1 4 13 7 5 6 -1 8 -4 -9 11 -3 -13 19 -7 20 17 -5 -15 21 -6 -2
right_child=2 10 3 16 15 14 -8 9 -10 -11 -12 12 -14 18 -16 -17 -18 -19 -20 -21 -22 -23
leaf_value=-0.047920331848151032 0.00036516375863854348 0.057057935578971111 0.03383025004417916 0.054012541269838656 0.020658227879410906 -0.056528370576051548 1.4883895143664033e-05 -0.047384638947758156 0.0067872077631037494 0.020161695726601609 -0.054154851442637375 0.028301340091896745 -0.016644462322476121 0.037827682362471748 -0.024537856907238125 0.045611387037665874 0.013783290768294496 0.021064521956271606 -0.034483109036105408 0.0070862316714644328 -0.044154877434930746 -0.057187862382863802
leaf_weight=115.65594442561269 1.8967274464666832 18.138913575559855 255.09738282603212 141.07233436964452 3.1493138670921352 207.873983509955 122.56475400622003 29.299561292398721 236.82090256176889 23.613864375278354 12.264943497255443 45.717292842455208 42.339623680803925 6.777723625302313 32.065673824166879 18.052954622544348 14.877535535022615 16.634705912321806 2.6477166535332799 2.2933774422854176 3.41274618729949 33.104953164700419
leaf_count=5683 31 103 1360 628 30 12286 3219 946 1843 174 601 508 1304 60 975 75 65 72 101 58 51 1676
internal_value=-0.000452775 -0.0264733 0.0207086 0.0245018 -0.0346327 -0.0379978 -0.0233607 0.0171088 0.0208513 -0.0174257 0.00815718 0.0157919 0.00674622 -0.0368304 -0.0523727 0.0296664 0.0476079 0.0506919 0.0161555 -0.0502935 -0.0144308 -0.0541456
internal_weight=1385.37 621.236 764.137 717.416 502.775 478.16 238.221 544.832 491.918 52.9134 118.461 106.196 88.0569 46.7205 239.94 24.615 172.585 157.707 9.42544 37.2951 6.56206 35.0017
internal_count=31849 24835 7014 5088 22319 22163 8902 4323 3203 1120 2516 1915 1812 1926 13261 156 765 700 161 1765 81 1707
is_linear=0
shrinkage=0.05


Tree=29
num_leaves=28
num_cat=0
split_feature=46 44 5 2 31 31 25 2 25 36 22 4 3 2 19 29 22 36 3 36 13 32 46 4 13 29 26
split_gain=250.517 84.9815 59.9692 49.9019 41.7678 38.2287 29.9527 26.2628 25.3373 22.4502 21.1596 19.2355 17.8743 16.6505 17.0474 15.3697 11.5724 11.2403 9.49632 8.53338 8.07474 8.03673 3.73857 9.35176 2.37249 1.41839 0.9842
threshold=0.00045468582538887864 1.9848732352256777 0.0031198643846437339 0.14297941327095035 0.068412400782108321 0.034772275015711791 -1.0000000180025095e-35 0.10114151239395143 -0.00020348942780401555 0.00058120902394875895 1.0000000180025095e-35 -0.0024257149780169125 -0.00027558175497688348 0.12122971192002298 0.01629695296287537 0.59580504894256603 1.0000000180025095e-35 0.00072699916199781011 0.0017889196751639249 0.0006573236023541541 0.10376304015517236 0.0023022526875138287 0.00041732733370736247 -0.0032622184371575709 0.85249087214469921 -1.9463468790054319 0.19154971837997439
decision_type=2 2 2 2 2 2 2 2 2 2 2 2 2 2 2 2 2 2 2 2 2 2 2 2 2 2 2
left_child=2 5 3 4 16 9 12 25 15 10 -2 -11 -5 14 -7 -9 -1 -10 -15 22 -21 -6 24 -24 -4 -3 -22
right_child=1 7 19 6 21 13 -8 8 17 11 -12 -13 -14 18 -16 -17 -18 -19 -20 20 26 -23 23 -25 -26 -27 -28
leaf_value=-0.054706041233495539 -0.02620933195333652 0.0096044265173407667 -0.055594920643374061 -0.017127043706907565 -0.020634512641597949 0.024602948842721496 -0.062286852728431923 0.040950521742254192 0.00082453982872792179 0.045742664290638099 0.031461046173058733 -0.0045483068970462318 0.039743610781512805 0.038566764242451902 -0.056793160166595628 -0.0022391524828291177 0.030705043977344967 0.028528573323365725 -4.9085482293968687e-05 -0.045969390329206335 0.0076355320564729309 0.046275039131705768 0.03308053792400284 -0.046379424935523959 0.017857794175209215 -0.05583181916116834 0.052734651438969583
leaf_weight=80.869845399167389 184.39647119189613 0.61196243856102128 188.20369318826124 17.374403989408165 5.596447198418903 12.371073638089003 9.8395296880044025 300.38664367212914 84.044767546001822 23.715502973645926 16.560820486396551 81.786193831358105 58.394758745562285 77.006269288249314 11.52415507333353 22.001941290218383 3.5555054396390906 63.958358225412667 20.00020697992295 4.977361452765761 2.4033356131985784 14.791470995172856 3.9447692183312055 16.158747171517462 0.67665484175085922 8.6971289054490608 2.6364638158120215
leaf_count=4033 6134 12 12068 556 236 169 281 1694 838 109 118 1132 570 465 448 171 23 302 268 345 76 125 84 1066 10 446 12
internal_value=-0.000600659 0.0140522 -0.0330187 -0.0123996 -0.0353856 -0.00216528 0.0158264 0.0284747 0.0301527 -0.0115548 -0.0213245 0.00707985 0.0266495 0.0215346 -0.0153571 0.0380052 -0.0507917 0.0129077 0.0306859 -0.0508092 -0.00517572 0.0278024 -0.0529615 -0.0299589 -0.0552391 -0.0510158 0.0360532
internal_weight=1316.48 907.061 409.423 190.422 104.813 427.361 85.6087 479.701 470.392 306.459 200.957 105.502 75.7692 120.902 23.8952 322.389 84.4254 148.003 97.0065 219.001 10.0172 20.3879 208.984 20.1035 188.88 9.30909 5.0398
internal_count=31791 12306 19485 5824 4417 8843 1407 3463 3005 7493 6252 1241 1126 1350 617 1865 4056 1140 733 13661 433 361 13228 1150 12078 458 88
is_linear=0
shrinkage=0.05


Tree=30
num_leaves=23
num_cat=0
split_feature=44 31 46 2 24 22 1 3 2 31 2 24 3 2 5 31 37 29 31 12 6 40
split_gain=244.118 92.9512 58.0914 41.4155 34.1354 26.9091 26.0996 24.5777 23.117 19.2046 14.7702 15.0769 11.6027 11.1518 11.3193 9.5005 8.93943 7.83923 1.9115 1.06629 0.941938 0.491406
threshold=1.7288231849670412 0.034772275015711791 0.00074229470919817697 0.10669768974184991 0.36609348654747015 1.0000000180025095e-35 0.91170522570610057 0.0033272119471803312 0.14405217021703723 0.048042146489024169 0.11981283873319627 0.10714414715766908 -0.0041826786473393432 0.11136212572455408 0.0030923159793019299 0.11900128424167634 0.078043173998594298 -0.39569383859634394 0.12875780463218692 7.0394289650721489e-05 0.49194628000259405 0.26409988105297094
decision_type=2 2 2 2 2 2 2 2 2 2 2 2 2 2 2 2 2 2 2 2 2 2
left_child=1 2 5 15 13 8 7 9 -1 -5 12 -12 -4 18 -15 21 -9 -7 -3 -8 -6 -2
right_child=3 4 10 6 20 17 19 16 -10 -11 11 -13 -14 14 -16 -17 -18 -19 -20 -21 -22 -23
leaf_value=-0.05200839042740163 -0.056821432770177108 -0.044306928195720366 0.038879557531908304 0.025401790976057659 -0.053463364740636156 0.057152809906843939 -0.071965301890400166 -0.03531280545877484 -0.027671756921185543 0.046653516582696196 -0.035881238926077218 0.0087338365682130669 -0.059005388942463315 0.041181543028942523 0.0088701056679510396 0.025836345443520776 0.034359680334879752 -0.0093964058559978299 0.014233173664136687 -0.025039853099783668 0.0010197920993356327 -0.01130214146872769
leaf_weight=199.68132025265368 16.978948278352625 5.449055155273526 2.9383022533729699 316.34334008954465 14.464314648183059 7.9234049953520325 4.4225537804886681 18.196642379742119 199.38136257743463 164.27426747372374 21.072387753520161 132.40603326191194 16.380240311846137 77.330632225144655 42.465700460132211 3.9101655669510356 5.1818880746141067 8.2989442711696011 1.2606033235788343 3.6107847588136792 0.7971497345715769 1.1981995473615814
leaf_count=12820 945 244 45 2253 824 22 51 313 9696 993 347 1331 628 572 534 59 34 113 21 44 19 47
internal_value=0.000280757 -0.018507 -0.0272605 0.0259401 0.0177409 -0.0373768 0.0288493 0.0303096 -0.0399488 0.0327474 -0.00287258 0.00241562 -0.0429366 0.0263341 0.029896 -0.0398302 -0.0190938 0.0245391 -0.0328889 -0.0559803 -0.0507298 -0.0545667
internal_weight=1263.97 729.849 588.082 534.117 141.767 415.285 512.029 503.996 399.063 480.618 172.797 153.478 19.3185 126.506 119.796 22.0873 23.3785 16.2223 6.70966 8.03334 15.2615 18.1771
internal_count=31955 27216 25002 4739 2214 22651 3688 3593 22516 3246 2351 1678 673 1371 1106 1051 347 135 265 95 843 992
is_linear=0
shrinkage=0.05


Tree=31
num_leaves=29
num_cat=0
split_feature=45 32 24 5 2 2 31 0 39 5 0 36 37 20 0 1 6 1 29 4 40 34 24 37 6 34 46 24
split_gain=230.034 77.402 37.5649 67.9332 44.4305 27.4602 36.2592 22.1495 27.362 21.6539 21.8825 26.2152 16.9237 16.8408 16.4352 13.6199 13.3598 11.9874 11.9257 11.4872 8.75608 7.74294 7.01812 6.9392 6.87431 5.75957 5.63835 1.04876
threshold=0.0026059532538056378 0.0027532156091183428 0.30491694808006292 0.0034515790175646548 0.13902801275253299 0.12903869897127154 0.096260275691747679 0.41834877431392675 0.0018164769280701878 0.0028767164330929522 0.42171847820281988 0.00043039042793679988 0.023782276548445228 0.90306708216667186 0.079943321645259871 0.90529265999794017 0.2038148567080498 0.54541853070259105 0.14348573982715609 -0.0021151815308257933 0.17162900418043139 0.075614370405673995 0.21116916090250018 0.0017485066200606527 0.079304751008749022 0.30098859965801245 0.0017137265531346204 0.33960299193859106
decision_type=2 2 2 2 2 2 2 2 2 2 2 2 2 2 2 2 2 2 2 2 2 2 2 2 2 2 2 2
left_child=1 2 3 4 -1 6 12 14 21 18 19 -12 22 -5 -3 -14 -16 -10 23 -11 26 -9 -2 -7 -22 -20 -4 -8
right_child=5 7 20 13 -6 9 27 8 17 10 11 -13 15 -15 16 -17 -18 -19 25 -21 24 -23 -24 -25 -26 -27 -28 -29
leaf_value=-0.039431189730972885 -0.0042188020939694952 -0.049513388547792761 -0.052466324570128689 0.013707351312558692 0.017494378041893809 0.0085181555230799035 0.05068810069692728 0.043189598336249933 -0.010131942616537042 0.055145671785476781 -0.068172704521547819 0.011446166278505258 0.0079821482655456615 -0.047712972518876913 0.010379666357763332 -0.069660531781916571 0.044189953335216019 0.048267615949300346 -0.018225228647114202 0.017960926816438655 -0.047885852437847411 -0.04224713284314334 -0.065201166947550585 0.049396822455139149 0.026485859571335282 0.029651808133177551 0.018787353030684687 0.020706819679489643
leaf_weight=45.753506730310619 6.8158613191917565 7.1188053870573631 155.69656881067203 11.662806748878209 127.47448405751493 11.498568721115587 32.111333400709555 2.0303985364735118 16.233490322483703 37.090605199337006 11.802416575141249 52.785198148339987 66.543544269865379 144.48999084264506 72.252824456896633 5.1641018851660183 49.0376324984245 17.441186554264277 10.262630317360165 48.984516818076372 4.2813838149886561 44.966150829102844 15.469486474525182 181.51998852659017 6.5664893281646073 13.37742800451815 2.3618944277986875 5.3365754741244009
leaf_count=2127 75 315 9936 191 2083 45 250 23 390 117 176 294 915 9979 1010 57 346 122 62 256 258 1424 390 869 121 59 23 77
internal_value=-0.000168776 -0.0184944 -0.0291912 -0.0192631 0.002319 0.0258065 0.00613485 0.00701616 -0.0134142 0.0328099 0.018074 -0.00392057 -0.0104961 -0.0430676 0.0198557 0.00150944 0.0242987 0.0206348 0.042927 0.0344335 -0.0483245 -0.0377331 -0.0475322 0.047018 -0.00443106 0.00897127 -0.0512901 0.0470653
internal_weight=1206.13 707.368 498.287 329.381 173.228 498.762 131.441 209.08 80.6712 367.321 150.663 64.5876 93.993 156.153 128.409 71.7076 121.29 33.6747 216.659 86.0751 168.906 46.9965 22.2853 193.019 10.8479 23.6401 158.058 37.4479
internal_count=31990 28348 24718 14380 4210 3642 1764 3630 1959 1878 843 470 1437 10170 1671 972 1356 512 1035 373 10338 1447 465 914 379 121 9959 327
is_linear=0
shrinkage=0.05


Tree=32
num_leaves=25
num_cat=0
split_feature=46 34 22 0 5 0 29 5 2 0 24 2 40 22 24 32 32 29 41 17 9 6 5 20
split_gain=182.063 67.0537 55.6371 47.5523 33.9486 40.5631 33.0072 32.8732 33.4668 45.0861 23.6543 22.8327 17.8074 16.0116 14.6553 11.7038 9.04243 8.0465 6.50248 5.04595 4.54437 3.88 2.72088 1.95138
threshold=0.00045468582538887864 0.27977168560028082 1.0000000180025095e-35 0.72657334804534923 0.0035201334394514565 0.15678255259990695 -0.33873300254344935 0.0031655923230573539 0.1426937207579613 0.37640704214572912 0.17543803900480273 0.14640488475561145 0.17569567263126376 1.0000000180025095e-35 0.22155421227216723 0.0058475439436733731 0.017553722485899929 0.32181531190872198 0.0012707816786132755 0.12499999627470972 0.0084517067298293131 -0.48620580136775965 0.0040494154673069724 0.99959206581115734
decision_type=2 2 2 2 2 2 2 2 2 2 2 2 2 2 2 2 2 2 2 2 2 2 2 2
left_child=2 3 7 4 5 -2 16 8 14 -10 -6 13 21 -8 -1 23 22 -14 -18 -13 -4 -5 -3 -9
right_child=1 6 20 12 10 -7 11 15 9 -11 -12 19 17 -15 -16 -17 18 -19 -20 -21 -22 -23 -24 -25
leaf_value=0.0070138057403164259 -0.016431216539396779 0.054155061888531246 0.004091350693710155 0.013550213192387653 -0.027291471686641817 0.027795218574033737 -0.055735733439373783 -0.053789650069205233 0.031504276849362293 -0.05493112545942265 0.0079735144278325776 -0.0023881532863565757 0.018729099240187057 0.026030231068002126 -0.050021497438074727 0.028106228159725924 -0.023701960315822283 -0.03998656565626324 0.033789852406108427 0.040939033103715869 0.055021144471403341 -0.056988705752077831 0.019449868052217063 0.0047462081207979966
leaf_weight=13.185658961068837 64.351710971677676 131.44286781735718 5.9870951641351011 1.6804770231246937 84.915494773886167 254.14185120910406 17.894805199000984 165.00326300982852 50.126221290323883 20.412376632215455 105.73343710275367 8.7481064945459348 16.543069067411128 8.0518939718604106 68.055677794734947 3.9502401156350961 6.2941001038998392 7.7433978207409373 14.856215955689548 26.543026986066252 17.241723593324423 42.098915554000996 7.4188168700784436 1.2792346780188371
leaf_count=342 1768 781 63 41 1988 2307 210 13246 565 930 2153 40 200 65 4085 43 39 155 94 185 95 2289 64 87
internal_value=-0.000522502 0.0125951 -0.0308089 0.00360305 0.00886849 0.0188358 0.0359321 -0.0362202 -0.0191143 0.00607349 -0.00779404 0.00460832 -0.0353414 -0.0303374 -0.0407918 -0.0512712 0.0478169 -0.000832563 0.0163833 0.0304291 0.0426049 -0.0540389 0.0524532 -0.0533136
internal_weight=1143.7 798.458 345.241 577.208 509.142 318.494 221.25 322.013 151.78 70.5386 190.649 61.2378 68.0659 25.9467 81.2413 170.233 160.012 24.2865 21.1503 35.2911 23.2288 43.7794 138.862 166.282
internal_count=31835 12379 19456 10901 8216 4075 1478 19298 5922 1495 4141 500 2685 275 4427 13376 978 355 133 225 158 2330 845 13333
is_linear=0
shrinkage=0.05


Tree=33
num_leaves=31
num_cat=0
split_feature=46 34 5 7 2 45 7 3 1 19 25 29 2 24 36 25 43 2 41 7 24 38 41 46 4 31 37 36 45 7
split_gain=168.176 64.9231 49.2396 40.2833 36.0338 34.8995 28.0921 27.4834 26.8101 24.8411 23.1796 18.6313 17.8976 14.5474 13.01 12.2223 12.001 11.5116 16.6537 9.21996 7.17193 6.77179 9.00694 5.80009 5.72989 3.12948 2.62102 1.76188 1.32647 0.0394079
threshold=0.00045468582538887864 0.30098859965801245 0.0030767053831368689 0.96815675497055065 0.1426937207579613 0.0038653422379866247 0.93085125088691723 0.0014073042548261585 0.72311115264892589 0.028506964445114139 -1.0000000180025095e-35 -0.32648728787899012 0.12657731771469119 0.061387583613395698 0.0006573236023541541 -0.00059120162040926505 0.0030081837903708224 0.1578720957040787 0.0018915842520073058 0.84901127219200145 0.2307136878371239 0.010665965732187034 0.0012831420754082503 0.00041732733370736247 -0.0027138084406033154 0.038881113752722747 0.074674498289823546 0.0006773544300813229 0.0013909247936680915 0.99886229634284984
decision_type=2 2 2 2 2 2 2 2 2 2 2 2 2 2 2 2 2 2 2 2 2 2 2 2 2 2 2 2 2 2
left_child=2 3 4 7 6 9 25 12 10 -5 -6 21 -2 -7 23 -9 -8 18 -13 -10 28 29 -23 26 -25 -1 -4 -19 -16 -3
right_child=1 11 14 5 8 13 16 15 19 -11 -12 17 -14 -15 20 -17 -18 27 -20 -21 -22 22 -24 24 -26 -27 -28 -29 -30 -31
leaf_value=-0.004974971990344447 0.00088319501250705337 0.051881953732971636 -0.054199257313899185 0.011790099523006189 0.042516383202105559 -0.046340619491440888 -0.054042584090734952 0.014526196094121755 0.030218076677946123 -0.022778405464638905 -0.058257993944276477 -0.064612580808060802 0.04092306450103509 0.02413223536658874 0.0031659160334349687 -0.035866565918684999 0.011657677720250746 0.020821539061981705 0.016651428576665319 -0.056256178676461627 -0.041824418087394184 -0.014303570556545506 0.041811541680308782 0.014876002899748561 -0.041877187631550475 0.041461912546906787 0.010985856822717183 0.05371981786370688 0.052918079601045859 0.064605953744993214
leaf_weight=4.990564653184264 35.530747722834349 67.868210562504828 146.8201427195454 69.22659722995013 53.025770116248168 6.961099497973918 56.224982649204321 23.088362814858556 3.2477091443724957 201.31701094063465 5.5059773577377191 8.22282866202295 129.87893728725612 103.45801861071959 1.9988725890871117 23.227811902761459 7.5488352603279045 9.4862862164154667 19.050613435450941 13.189985596574841 3.4428105666302145 8.3658148236572725 35.408961395733058 6.3983296568039831 11.036010346957481 10.612147665116934 1.2468824863899488 10.414937391877173 4.0963418330065906 26.926765777170658
leaf_count=187 676 493 12385 1672 557 64 3720 393 42 5865 145 91 1171 730 88 615 175 70 161 592 333 67 204 210 984 115 32 45 29 94
internal_value=0.000897163 0.0135684 -0.0289992 0.00545838 -0.00832483 -0.00426376 -0.031617 0.0228894 0.0164282 -0.0139222 0.0322174 0.0392789 0.0323793 0.0193134 -0.0470785 -0.01097 -0.0462058 0.0118218 -0.00926804 -0.0384177 0.0088598 0.0484747 0.0310074 -0.0503361 -0.0213719 0.0272039 -0.0535803 0.0397847 0.039348 0.0561329
internal_weight=1107.82 778.433 329.385 592.689 154.346 380.963 79.3765 211.726 74.9694 270.544 58.5317 185.744 165.41 110.419 175.039 46.3162 63.7738 47.1747 27.2734 16.4377 9.53802 138.57 43.7748 165.501 17.4343 15.6027 148.067 19.9012 6.09521 94.795
internal_count=32005 12411 19594 11186 5533 8331 4197 2855 1336 7537 702 1225 1847 794 14061 1008 3895 367 252 634 450 858 271 13611 1194 302 12417 115 117 587
is_linear=0
shrinkage=0.05


Tree=34
num_leaves=30
num_cat=0
split_feature=44 46 25 24 6 2 31 25 1 1 24 0 6 36 0 33 2 0 7 31 39 24 21 46 24 13 24 35 0
split_gain=154.427 63.9489 37.1773 39.4521 34.8994 29.3674 29.0615 19.2509 16.8475 19.4305 25.2328 16.1554 13.5524 12.133 19.1886 11.7254 9.13272 14.665 8.38974 7.22364 6.70746 6.25099 12.3428 4.57341 4.01378 3.35017 2.82769 2.21707 2.0739
threshold=1.9848732352256777 0.00059112763847224425 -3.8838443288113915e-05 0.15672602504491809 0.11719202250242235 0.12330029159784318 0.096260275691747679 -1.0000000180025095e-35 0.79274797439575206 0.54541853070259105 0.17543803900480273 0.22207731008529666 0.0033492343500256543 0.00058120902394875895 0.42171847820281988 0.0030386134749278431 0.16362600773572925 0.29167352616786962 0.84901127219200145 0.034772275015711791 0.0025567337870597844 0.22558574378490451 0.59143283963203441 0.0048330212011933335 0.10399341955780984 0.76212245225906383 0.33960299193859106 0.0081992894411087053 0.37992922961711889
decision_type=2 2 2 2 2 2 2 2 2 2 2 2 2 2 2 2 2 2 2 2 2 2 2 2 2 2 2 2 2
left_child=1 2 3 28 -5 6 12 21 9 10 -3 -11 25 14 -9 18 19 -18 -10 -4 -14 24 -23 -15 -7 -2 -8 -28 -1
right_child=5 8 16 4 -6 7 26 13 15 11 -12 -13 20 23 -16 -17 17 -19 -20 -21 -22 22 -24 -25 -26 -27 27 -29 -30
leaf_value=0.062415799628169101 -0.056827951799340463 -0.031701592143721952 -0.053505333180059934 -0.040032492366330191 0.0076985486479848545 0.028995013811313582 0.048329384571599812 0.024407741142746998 0.022291281956046526 -0.021020427102966546 0.010004991825322537 0.03763313573149854 -0.01730084654083671 0.035211421863071621 -0.038204348154864953 0.028611568785448266 0.043684395639646087 -0.043454517239844309 -0.051050233721343187 -0.0010829631216110927 0.027859085345861012 -0.021638597348771341 0.034833334582405971 -0.0022939661714311498 0.052291229799900724 0.010283115688563362 0.033878589066081148 -0.029735762436898669 0.022678730820720791
leaf_weight=13.189612120855601 20.895916099427271 51.383733241120353 141.64125594159123 102.15072244137991 60.462863221066073 29.108265318442136 21.029964670073245 24.039786155335605 3.944901097565892 13.63526476593688 116.91312422289047 64.211929325945675 23.907413919223472 42.961567498743534 22.970852000173181 6.6040193489752701 6.4475768462289151 12.921962344436905 27.229751470033079 6.9326298316009334 11.280515450052915 10.068366808351128 96.865573398768902 9.8275367207825166 87.873387548141181 1.7261454216204573 1.5700588971376412 1.9324059588834641 6.4019929179921737
leaf_count=43 800 1000 12413 6651 1897 186 204 200 38 289 2159 728 520 221 422 74 129 1096 820 176 176 59 773 46 488 29 12 89 134
internal_value=-0.000291024 -0.0157002 -0.0299673 -0.0142064 -0.0223466 0.0237503 -0.00288562 0.0305137 0.00193813 0.00673924 -0.00284074 0.0272234 -0.0221912 0.0120882 -0.00634497 -0.0287102 -0.0468813 -0.0137278 -0.0413651 -0.0510828 -0.00245373 0.0386357 0.029365 0.0283164 0.0467894 -0.0514886 0.0416947 -2.82862e-05 0.0511628
internal_weight=1040.13 634.071 350.149 182.205 162.614 406.058 82.3424 323.715 283.923 246.144 168.297 77.8472 57.81 99.7997 47.0106 37.7787 167.943 19.3695 31.1747 148.574 35.1879 223.916 106.934 52.7891 116.982 22.6221 24.5324 3.50246 19.5916
internal_count=31872 27647 22539 8725 8548 4225 1830 2395 5108 4176 3159 1017 1525 889 622 932 13814 1225 858 12589 696 1506 832 267 674 829 305 101 177
is_linear=0
shrinkage=0.05


Tree=35
num_leaves=29
num_cat=0
split_feature=43 31 36 22 1 24 5 29 1 24 4 1 0 1 1 24 32 29 7 4 12 22 1 22 1 6 33 28
split_gain=137.287 64.1312 40.4753 30.001 31.9616 25.0335 21.7042 20.1405 15.3165 14.8285 13.9975 13.1945 12.3587 11.9027 11.3001 11.5393 8.52446 8.29295 8.29202 6.48645 6.33904 6.12396 4.8444 4.31589 4.16712 3.07747 3.00825 0.564791
threshold=0.002596154343336821 0.034772275015711791 0.00060187524650245916 1.0000000180025095e-35 0.34446594119071966 0.36830478906631475 0.0039616876747459182 0.075621783733367934 0.75575616955757152 0.13446247577667239 0.0010433344286866488 0.52033960819244396 0.13552708178758624 0.10371308773756029 0.90970960259437572 0.37410356104373937 0.0043040853925049314 -0.14597245305776593 0.92850330471992504 0.0012035170220769944 0.00020189583301544192 1.0000000180025095e-35 0.51242694258689891 1.0000000180025095e-35 0.30745695531368261 0.67048934102058422 0.00073530394001863908 3.0833146572113042
decision_type=2 2 2 2 2 2 2 2 2 2 2 2 2 2 2 2 2 2 2 2 2 2 2 2 2 2 2 2
left_child=1 2 3 4 -1 12 7 14 13 22 21 20 16 -4 15 -2 -3 -5 -14 -13 -9 -11 27 -10 -12 -7 -16 -8
right_child=6 5 8 17 -6 25 9 11 23 10 24 19 18 -15 26 -17 -18 -19 -20 -21 -22 -23 -24 -25 -26 -27 -28 -29
leaf_value=-0.014340294464625669 0.040403290829561359 -0.05568876272042287 -0.049447780365706302 0.046895601675833155 -0.044263263479423873 -0.052004803706782204 -0.064984378555222475 -0.057990472208210811 -0.045204943821089749 -0.027954585580240911 0.053366091929104312 0.039643780085422312 0.044300526744385317 0.018371953252679211 -0.059236671035538126 -0.0070536032258502745 0.034956679034497555 -0.010629834393212009 0.015870430682641896 -0.018354591826482337 -0.00065817565577081048 0.037250836629230177 0.0068871578467742502 0.024403832792718051 0.010156184710988522 0.023480187680254366 0.0084762349566922506 -0.019342758333118076
leaf_weight=148.19136201892979 229.09564283699729 6.6926495316438359 6.0361688463017336 14.434944711625578 228.53708785987692 12.210791875142601 9.1555697787553054 9.6493357152212429 15.441546791815199 18.666459396481518 14.69358316017315 16.175107607501563 52.27707882784307 85.757695465814322 2.8550104689784339 13.274342658463864 3.0931240534409881 10.022084089927374 52.815474855247885 6.0180730363354078 8.8522012089379114 3.5002019535750142 3.3167193597182623 1.9321476630866534 9.5305841341614705 0.93457568343728858 2.4710886562243104 1.8815413606353093
leaf_count=7844 1622 270 498 71 15383 888 184 162 660 267 71 170 368 1242 52 483 27 145 842 68 166 17 55 11 103 10 36 48
internal_value=-3.01288e-05 -0.0138122 -0.0217434 -0.0290733 -0.0325618 0.0177283 0.0251371 0.0308407 0.00521299 -0.00200238 0.0118657 -0.00172617 0.0252762 0.0134275 0.0361767 0.0377858 -0.0264526 0.0238311 0.0302969 0.0238032 -0.0319998 -0.0164949 -0.0446768 -0.0365568 0.0374425 -0.0453576 -0.0314469 -0.059457
internal_weight=987.512 638.377 510.353 401.185 376.728 128.024 349.135 288.391 109.168 60.7447 46.3908 40.6947 114.878 91.7939 247.696 242.37 9.78577 24.457 105.093 22.1932 18.5015 22.1667 14.3538 17.3737 24.2242 13.1454 5.3261 11.0371
internal_count=31763 28259 25854 23443 23227 2405 3504 2759 2411 745 458 566 1507 1740 2193 2105 297 216 1210 238 328 284 287 671 174 898 88 232
is_linear=0
shrinkage=0.05


Tree=36
num_leaves=25
num_cat=0
split_feature=45 22 46 0 0 34 36 7 5 29 31 1 0 1 1 31 3 32 29 25 33 4 31 0
split_gain=145.478 50.7204 47.124 24.4547 24.4527 22.0475 18.6551 14.2113 18.9608 14.0526 12.2674 10.6629 10.3657 10.2195 9.76748 9.59899 8.61712 7.29824 6.78757 4.40161 3.85619 2.5563 0.589267 0.380624
threshold=0.0025051285047084097 1.0000000180025095e-35 0.00059112763847224425 0.38532087206840521 0.15678255259990695 0.37249372899532324 0.00050628831377252947 0.98714569211006176 0.0032644715392962102 0.49825373291969305 0.030225844122469429 0.82054802775383007 0.20508433133363727 0.1062758155167103 0.33192814886569982 -0.0026793588185682888 -0.0029173004440963264 0.023359116166830066 0.58425384759902965 -8.8721630163490759e-05 0.00080137691111303877 0.00055780686670914303 -0.068463109433650957 0.56201362609863292
decision_type=2 2 2 2 2 2 2 2 2 2 2 2 2 2 2 2 2 2 2 2 2 2 2 2
left_child=1 2 3 4 -1 7 14 8 12 19 -5 13 -2 -9 -4 -8 -10 18 22 23 -13 -11 -7 -3
right_child=5 9 6 10 -6 17 15 11 16 21 -12 20 -14 -15 -16 -17 -18 -19 -20 -21 -22 -23 -24 -25
leaf_value=-0.049277830692210318 0.0090170317128873186 0.057228797272847437 0.0050525810515728827 -0.054076628311876644 -0.0068686053675532134 0.026344326547723659 -0.01153115229310969 -0.034582656604859208 0.026935002692568863 -0.05409724907116701 -0.013254180858256076 -0.057180466535158597 0.048634068999404513 0.01283117652417653 -0.025873305124185893 0.02872976209726591 -0.021255708656658674 -0.0013348051711129765 -0.0064973954973573753 0.0069863909346750477 -0.001045869084397391 0.0049271551375505863 0.052175092985950827 0.032728947047471792
leaf_weight=48.69352020486258 22.067683384288102 23.390788286924366 38.819608310121112 132.89846072095679 108.8484873137204 5.5373516809195271 19.980740567203611 11.35122607112862 14.152254973538218 3.6569934133440247 22.231858175247908 7.6214311928488296 71.393588741775602 147.44637246476486 72.019287614151835 51.503168589901179 22.940331461839378 8.446454272605477 5.3005783762782803 6.7088802531361571 4.8008925970643759 2.7718716040253639 75.243428410496563 7.0950819682329884
leaf_count=3634 192 131 1122 12921 5453 39 452 224 121 75 1047 233 569 1481 2506 593 240 60 30 62 87 36 580 59
internal_value=-0.00105668 -0.0179613 -0.0225276 -0.0342778 -0.0202047 0.021906 -0.0022997 0.0152147 0.0275785 0.0331957 -0.0483487 0.00568203 0.0394743 0.00924672 -0.0150937 0.0174724 -0.00264468 0.0428847 0.0471891 0.0448925 -0.0371802 -0.0314107 0.0507482 0.0527474
internal_weight=934.92 538.619 494.995 312.672 157.542 396.302 182.323 301.774 130.554 43.6236 155.13 171.22 93.4613 158.798 110.839 71.4839 37.0926 94.5278 86.0814 37.1948 12.4223 6.42887 80.7808 30.4859
internal_count=31947 28091 27728 23055 9087 3856 4673 3147 1122 363 13968 2025 761 1705 3628 1045 361 709 649 252 320 111 619 190
is_linear=0
shrinkage=0.05


Tree=37
num_leaves=24
num_cat=0
split_feature=46 34 22 2 5 2 1 7 1 5 31 36 38 6 41 31 7 31 41 46 5 27 17
split_gain=119.23 44.9333 36.2178 29.46 26.3738 27.5695 25.818 24.0067 30.3221 22.2413 10.2619 10.2593 7.47471 9.41921 5.80346 5.58877 5.08925 3.14505 2.42646 1.6931 1.34981 0.483583 0.350423
threshold=0.00044673070078715687 0.34218244254589086 1.0000000180025095e-35 0.10825660452246667 0.0031655923230573539 0.14073991775512698 0.65195709466934215 0.96815675497055065 0.80577921867370617 0.0031952154822647576 0.052358649671077735 0.0010203495039604606 0.010665965732187034 0.10368685051798822 0.0018338892841711643 0.16639116406440738 0.99782264232635509 0.0041683805175125608 0.0063155777752399453 0.00041732733370736247 0.00061753133195452403 3.2327084541320805 0.20833333581686023
decision_type=2 2 2 2 2 2 2 2 2 2 2 2 2 2 2 2 2 2 2 2 2 2 2
left_child=2 3 4 15 5 10 -7 9 -9 -5 -1 19 18 16 -15 21 -14 -4 20 -6 -3 -2 -13
right_child=1 12 17 7 11 6 -8 8 -10 -11 -12 22 13 14 -16 -17 -18 -19 -20 -21 -22 -23 -24
leaf_value=-0.051297077305820019 -0.053690682050460653 0.02368126488216904 0.0068459095169521051 0.037162738201405525 -0.053990754993185924 0.024157298969188345 -0.043862771156668257 0.0054482706904136896 -0.042666229789700874 0.001584787121580002 0.006732572324524129 0.039524146066302085 -0.050136315904003297 0.00045728513502912849 0.050129693716243921 0.020168316123632735 0.011662613558317656 0.053776342845178626 0.013862952348598032 -0.027391906289244917 0.054334520732174221 -0.0018576630865757759 0.0061312495543502862
leaf_weight=47.136176184925716 23.118276358814917 6.1510631581768385 5.4008786492049721 107.12039737554733 109.32481849350734 48.496615257114172 18.436028432217427 290.77428029093426 35.884705691714771 74.143565466627479 8.7945550021249783 1.8150182366371148 4.6856071890797448 8.0242993384599703 21.199356608092785 2.4283130108378819 7.3465630002319813 11.791636001784353 5.3782038837671271 9.7338670038152468 62.097574272658676 0.53297331882640619 1.6906317614484576
leaf_count=3799 1892 54 64 1083 12175 863 838 5936 1280 1548 391 4 59 58 128 36 56 89 38 906 521 20 94
internal_value=9.71519e-05 0.0116018 -0.0282649 0.00546622 -0.0332061 -0.0166322 0.00505186 0.00816051 4.86296e-05 0.0226986 -0.0422145 -0.0495514 0.0398283 0.0219913 0.0369569 -0.0453712 -0.0144038 0.0402202 0.0493943 -0.0520624 0.0519537 -0.0526454 0.0283551
internal_weight=911.505 648.885 262.62 534.003 245.428 122.863 66.9326 507.923 326.659 181.264 55.9307 122.564 114.883 41.2558 29.2237 26.0796 12.0322 17.1925 73.6268 119.059 68.2486 23.6512 3.50565
internal_count=31932 12709 19223 11795 19070 5891 1701 9847 7216 2631 4190 13179 914 301 186 1948 115 153 613 13081 575 1912 98
is_linear=0
shrinkage=0.05


Tree=38
num_leaves=31
num_cat=0
split_feature=45 46 5 7 1 24 3 32 1 25 42 1 45 29 1 19 29 21 9 17 5 38 24 32 29 36 36 45 22 7
split_gain=116.799 49.4946 27.1046 25.5821 25.09 24.5556 29.8055 23.9332 20.3149 17.2464 17.4304 16.1011 12.7301 12.477 10.8125 10.9886 9.9929 8.53479 7.95401 16.0409 8.99307 7.93703 7.16497 6.77416 5.74985 5.74035 4.47751 4.027 2.30364 0.287713
threshold=0.0028478305321186785 0.00041732733370736247 0.0031062887283042078 0.9165293574333192 0.34446594119071966 0.14227212965488437 0.002029021037742496 0.0027532156091183428 0.60620898008346569 -0.0008697205630596726 0.90625000000000011 0.096782498061656966 0.0040398789569735536 -0.022818647325038906 0.49862530827522283 0.026477396488189701 0.46520495414733892 0.87202185392379772 -0.013954258989542721 0.70833334326744091 0.005232125287875534 0.0066596576943993577 0.33672602474689489 0.017553722485899929 1.0000000180025095e-35 0.0006573236023541541 0.00034487512311898177 0.0013818482402712109 1.0000000180025095e-35 0.99975532293319713
decision_type=2 2 2 2 2 2 2 2 2 2 2 2 2 2 2 2 2 2 2 2 2 2 2 2 2 2 2 2 2 2
left_child=1 2 5 8 11 29 -7 -6 13 10 14 -5 17 -3 24 -16 23 21 19 -14 -20 -11 -10 -12 -2 28 -19 -27 -4 -1
right_child=9 3 25 4 7 6 -8 -9 22 12 16 -13 18 -15 15 -17 -18 26 20 -21 -22 -23 -24 -25 -26 27 -28 -29 -30 -31
leaf_value=0.029874975801024474 0.037780766139334683 0.025763343948483369 -0.053568235703115898 -0.036758775984168733 -0.044632939211764415 -0.040219652561246794 0.025127766410575725 -0.0037369633909803512 0.050522571782355821 -0.0084739249273393831 0.047747264322060654 0.01573668944848897 -0.035734227567701761 -0.032038604593860577 0.021300631332173824 -0.058753073697441829 -0.013372826954301762 -0.029811796444882924 0.039496424666038983 0.043674722987916054 -0.0055744957780972573 -0.064318299936072604 -0.015730226903747854 0.0074861336828880125 -0.028669712510820518 -0.038299439553118944 0.024469365638877305 0.035494079147113694 -0.0084506137642840033 0.057180797256753138
leaf_weight=6.1716341464780253 17.015760782873262 16.153207860304974 103.73681569530163 16.258664482971653 69.243730396381579 66.8600504725473 22.722745356848463 73.313069720752537 40.702410182682797 18.960144716314975 127.03186780074611 94.995542692602612 14.416139564011248 19.535001727519557 6.5107564649079022 9.5909124126192165 7.4797674498986444 3.8988267639651921 52.339750358834863 9.8295397218316776 13.677836827700956 8.8685456812381727 4.0671647111885241 11.822428201790897 3.2003043675795189 2.5278580794110885 17.169529622420669 2.8845461616292596 3.3302843244746319 6.9804991027340293
leaf_count=55 166 303 12214 1060 4535 4267 555 1711 406 172 1148 2675 139 526 130 215 77 65 337 55 126 87 141 113 139 334 140 57 39 28
internal_value=-0.000225883 -0.0142283 -0.0328702 -0.00216372 -0.009955 -0.0140996 -0.0235498 -0.0237738 0.022235 0.0236528 0.0337254 0.0078059 0.010286 -0.00588714 0.0026251 -0.0270304 0.0413738 -0.0101271 0.0213339 -0.00308594 0.0302146 -0.0278843 0.0442915 0.0443974 0.0264058 -0.0497393 0.0135286 0.000430946 -0.0522561 0.0473839
internal_weight=871.295 549.483 215.214 334.269 253.811 102.735 89.5828 142.557 80.4578 321.812 182.652 111.254 139.16 35.6882 36.3177 16.1017 146.334 48.897 90.2633 24.2457 66.0176 27.8287 44.7696 138.854 20.2161 112.48 21.0684 5.4124 107.067 13.1521
internal_count=32015 28906 17549 11357 9981 4905 4822 6246 1376 3109 1988 3735 1121 829 650 345 1338 464 657 194 463 259 547 1261 305 12644 205 391 12253 83
is_linear=0
shrinkage=0.05


Tree=39
num_leaves=27
num_cat=0
split_feature=46 34 5 0 38 24 0 9 1 1 7 6 38 40 7 22 29 29 0 46 41 44 0 4 34 36
split_gain=108.536 37.7314 33.0045 23.1907 31.291 22.7098 21.8489 23.4669 19.4896 19.2674 10.1865 9.12526 7.41484 6.42308 5.77996 5.53112 5.32201 4.3283 4.29767 2.82297 3.23765 2.5567 1.70864 1.66732 1.44469 0.802691
threshold=0.00044673070078715687 0.35556218028068548 0.0031062887283042078 0.71085646748542797 0.0039043368306010966 0.30491694808006292 0.079943321645259871 0.065967332571744933 0.73448938131332409 0.12119881063699724 0.94805049896240245 0.16342544555664065 0.0040404677856713542 0.26409988105297094 0.8819531798362733 1.0000000180025095e-35 0.32181531190872198 0.60859662294387828 0.17458572983741763 0.0048330212011933335 0.0018536819843575361 -1.4933327436447141 0.32055780291557318 -0.0034156941110268231 0.37249372899532324 0.00021997887233737859
decision_type=2 2 2 2 2 2 2 2 2 2 2 2 2 2 2 2 2 2 2 2 2 2 2 2 2 2
left_child=2 3 5 6 14 8 13 -8 9 -1 -10 21 15 -2 -5 23 -6 19 -13 24 -21 -7 -14 -4 -3 -24
right_child=1 17 12 4 16 11 7 -9 10 -11 -12 18 22 -15 -16 -17 -18 -19 -20 20 -22 -23 25 -25 -26 -27
leaf_value=-0.049350126474812406 -0.05506007659872128 0.022601910113541269 -0.0062384713335632627 0.0049172866721208068 0.033990688997613365 0.018556253392235014 0.0069768103861786715 0.035590815819923925 0.021892140307174159 0.033891773144921165 -0.056274418853304892 0.02130863748136972 0.032622587397804763 0.03128435078229156 -0.054099305023665778 0.0083382109115451835 -0.018964716740205251 -0.0019473396718799902 -0.035477605996935509 -0.01079596283290591 0.039920393331501144 -0.054179742598788327 0.012469729891041281 -0.0528371383191664 0.050938499077913625 -0.033932774972170419
leaf_weight=7.195540817687287 14.552703937049957 7.3099398771300903 2.247034301981329 4.4949170661857343 19.874404976144437 0.79757236689329403 336.45027183054481 90.30744634673465 5.1632286920212236 48.061135478317738 13.897928464459254 7.6184085125569236 2.7163040919695041 1.8391429146286089 35.938750038738362 3.6830350444652131 5.430315700126811 5.1944810026325277 4.4321376397274435 4.8347033928148431 6.4836433120071888 30.256469996995293 0.86361097241751883 103.70642176119145 64.750254640821368 1.3671043342910705
leaf_count=490 962 64 208 113 256 21 6846 927 121 700 799 223 33 27 2586 41 93 48 357 54 50 2926 28 13189 601 64
internal_value=0.000782386 0.0120534 -0.0281699 0.00677162 -0.020734 -0.00940964 0.0108894 0.013101 0.00736707 0.0223674 -0.0350651 -0.037846 -0.0471472 -0.0441306 -0.0475782 -0.0498352 0.0223377 0.0419851 -0.000695197 0.0447128 0.0191388 -0.051791 0.0107872 -0.0519165 0.0484127 -0.0176691
internal_weight=829.467 597.461 232.006 508.888 65.7384 117.422 443.15 426.758 74.3178 55.2567 19.0612 43.1046 114.584 16.3918 40.4337 109.636 25.3047 88.573 12.0505 83.3785 11.3183 31.054 4.94702 105.953 72.0602 2.23072
internal_count=31827 12627 19200 11810 3048 5637 8762 7773 2110 1190 920 3527 13563 989 2699 13438 349 817 580 769 104 2947 125 13397 665 92
is_linear=0
shrinkage=0.05


Tree=40
num_leaves=25
num_cat=0
split_feature=45 22 38 0 2 38 34 2 25 6 9 0 1 7 31 2 16 32 20 2 31 31 4 31
split_gain=93.3054 49.0475 37.2037 29.0673 29.7045 17.2449 17.1031 12.9004 18.6043 11.9834 11.6887 10.5059 9.90635 9.24 6.21562 5.48865 5.48507 5.26413 5.14668 2.56081 3.31382 1.19035 1.21424 0.162189
threshold=0.0029156608507037167 1.0000000180025095e-35 0.0056284519378095874 0.71085646748542797 0.1426937207579613 0.028546675108373169 0.37249372899532324 0.12725310027599337 -0.0008697205630596726 -0.042975792661309235 0.027238592505455021 0.73028257489204418 0.78859341144561779 0.91380706429481517 -0.068463109433650957 0.18305422365665439 0.67210444808006298 0.031177734024822715 0.3376691341400147 0.12391385063529016 0.058328818529844291 -0.014338031876832245 0.0015697871567681434 -0.035422883927822106
decision_type=2 2 2 2 2 2 2 2 2 2 2 2 2 2 2 2 2 2 2 2 2 2 2 2
left_child=1 2 3 4 -1 12 7 10 18 -10 14 21 -4 -13 -2 -5 -12 19 -9 20 -8 -3 -23 -21
right_child=6 11 5 15 -6 -7 17 8 9 -11 16 13 -14 -15 -16 -17 -18 -19 -20 23 -22 22 -24 -25
leaf_value=-0.032619532461538536 0.022261073716633259 0.018954092508375996 0.034181346630243033 -0.051562785180115735 -0.0024302145982070412 -0.054552470122494603 -0.021908018256730864 0.0011541916858276784 0.034008960767096523 -0.0063135966660419936 -0.015324222829424323 0.031863045149289566 -0.036483552818886288 -0.054594353017065514 -0.038034076686077778 0.033435583137712069 0.034047636586849894 -0.0025320931122832465 0.044574009689902702 0.033027003122149651 0.038278789593952749 0.055778835827867912 0.022337697160621575 0.054111342895841755
leaf_weight=149.59965385950636 4.508960191858935 4.8353409469127646 50.482793589588255 78.999511222471483 177.91601818526397 6.261440400267019 2.6148453806526941 7.61571848578751 25.835391500033438 58.047084791585803 7.4832782950252321 5.8040253864601237 4.673131502699106 4.6895815562456846 22.928302831714973 1.3026430755853642 17.014909017598256 5.4447904638946047 69.529407318681479 7.0160920470952979 5.9953298848122358 26.948680737987161 5.0879091974347821 49.376949427649379
leaf_count=11235 82 45 533 8474 7808 310 50 42 176 484 158 49 129 98 604 4 277 49 508 53 103 193 62 439
internal_value=3.18454e-05 -0.01261 -0.0175203 -0.0229816 -0.0162771 0.0185308 0.0230387 0.0158414 0.0227959 0.0063599 -0.00574455 0.0353912 0.0276511 -0.00816298 -0.027691 -0.0497897 0.0189569 0.0442696 0.0403573 0.0481687 0.0196228 0.0476748 0.0513048 0.0521093
internal_weight=800.012 516.601 469.235 407.818 327.516 61.4174 283.411 212.963 161.028 83.8825 51.9355 47.3655 55.1559 10.4936 27.4373 80.3022 24.4982 70.448 77.1451 65.0032 8.61018 36.8719 32.0366 56.393
internal_count=31965 28940 28493 27521 19043 972 3025 2331 1210 660 1121 447 662 147 686 8478 435 694 550 645 153 300 255 492
is_linear=0
shrinkage=0.05


Tree=41
num_leaves=24
num_cat=0
split_feature=45 7 1 32 6 0 31 24 1 38 1 1 25 0 22 20 45 22 24 17 24 38 19
split_gain=97.5111 40.0126 26.1382 31.2132 25.7108 30.4414 24.4225 23.2253 18.9339 17.8743 12.0769 11.9944 14.0332 11.2219 10.856 9.43839 9.08896 8.12118 6.59162 5.92322 5.72771 5.09676 2.33115
threshold=0.0029156608507037167 0.9165293574333192 0.34446594119071966 0.0027532156091183428 0.031863288953900344 0.23390356451272967 0.0050317246932536372 0.14650183916091922 0.53546753525733959 0.0066596576943993577 0.62139987945556652 0.90763583779335033 -0.00068745922180823971 0.064517084509134306 1.0000000180025095e-35 0.48342262208461767 0.0042359046638011941 1.0000000180025095e-35 0.087388560175895705 0.14166666567325595 0.33012114465236669 0.0043388425838202247 0.015481680631637575
decision_type=2 2 2 2 2 2 2 2 2 2 2 2 2 2 2 2 2 2 2 2 2 2 2
left_child=1 6 4 7 9 -6 17 -4 -5 -3 14 12 13 -2 -8 -15 18 21 -14 -18 -12 -1 -13
right_child=11 2 3 8 5 -7 10 -9 -10 -11 20 22 16 15 -16 -17 19 -19 -20 -21 -22 -23 -24
leaf_value=-0.044940405655498068 -0.048617034354488525 -0.039209153879064713 -0.0094515802932678989 -0.039480453338443008 0.03963891026915764 -0.017236513087790999 -0.023194125599511336 -0.055665477850656599 0.011859360442903637 0.03235746015311327 0.05445275007082051 0.0016097605530870558 -0.049214775675864741 0.0063625764892947696 0.040173974551711289 0.041669961896556001 0.0056106211437649319 0.019506599977192035 0.0020499894680525905 0.035593473172645572 -0.01399164598961305 0.010690174316043001 -0.067832200620037614
leaf_weight=19.836926335236061 3.1380652207881203 57.480840189848095 36.00853627291508 26.385315853636712 46.745762407896109 45.542353110737167 14.299035719945095 116.13071893947199 51.279780800687149 9.4749665374401939 36.675994156277739 1.6324580830987532 6.5581391593441358 22.55817628512159 11.127069771755487 131.13488427747507 29.751334709580988 8.9353241529315692 36.388928190805018 37.162678129971027 2.9318065252155057 4.7107850746251634 3.2031289241276681
leaf_count=1780 258 5331 1763 1015 998 2941 556 12329 1101 197 456 46 131 183 116 1495 264 78 314 270 155 87 63
internal_value=-0.000444696 -0.0138108 -0.0210097 -0.0317633 -0.00538978 0.0116881 0.0145435 -0.0448607 -0.00586257 -0.0287546 0.0322394 0.0235185 0.0249926 0.0345608 0.00500811 0.0365624 0.011145 -0.0197653 -0.00672002 0.0225414 0.0491666 -0.0342642 -0.0481305
internal_weight=759.093 487.565 389.048 229.804 159.244 92.2881 98.5169 152.139 77.6651 66.9558 65.0339 271.528 266.692 156.831 25.4261 153.693 109.861 33.483 42.9471 66.914 39.6078 24.5477 4.83559
internal_count=31927 28903 25675 16208 9467 3939 3228 14092 2116 5528 1283 3024 2915 1936 672 1678 979 1945 445 534 611 1867 109
is_linear=0
shrinkage=0.05


Tree=42
num_leaves=31
num_cat=0
split_feature=44 38 5 24 37 2 31 33 2 3 5 24 24 2 20 13 9 30 44 39 45 1 19 1 6 24 2 7 34 7
split_gain=75.5351 34.9151 25.9656 42.61 21.9166 19.9016 21.0789 12.5949 14.7273 12.2658 11.8408 11.9819 9.63779 9.18032 9.13852 7.0279 6.735 6.55176 6.20405 6.01372 5.94294 5.25962 5.05677 3.89325 3.89293 3.32415 2.56923 1.9052 0.956296 0.0540566
threshold=1.7749657034873965 0.002181798568926752 0.003499650396406651 0.30491694808006292 0.0066231018863618383 0.12587991356849673 0.096260275691747679 0.0032917702337726955 0.16655644774436953 1.0000000180025095e-35 0.0038731930544599895 0.11435057595372201 0.23466990888118747 0.12199999764561655 0.48342262208461767 0.087777435779571547 -0.057546827942132943 0.0016517496551387014 7.4069509506225595 0.0062388284131884584 0.0029156608507037167 0.24189387261867526 0.010165959130972626 0.45411902666091924 0.28606480360031133 0.346490427851677 0.11353842541575433 0.89787140488624584 0.30817763507366186 0.98682603240013134
decision_type=2 2 2 2 2 2 2 2 2 2 2 2 2 2 2 2 2 2 2 2 2 2 2 2 2 2 2 2 2 2
left_child=1 2 3 4 -1 6 9 8 13 12 14 15 -2 -3 17 -12 22 -7 -13 -11 -16 -5 -4 -10 -18 -8 27 -9 -27 -28
right_child=5 7 16 21 -6 10 25 26 23 19 11 18 -14 -15 20 -17 24 -19 -20 -21 -22 -23 -24 -25 -26 28 29 -29 -30 -31
leaf_value=-0.042343620252772982 0.026459157819509679 -0.046534094652843805 0.054632361637504838 -0.022894638546183583 0.015018389149549272 -0.028965696686060135 0.048030263935463856 0.027477036624222562 -0.0091067574114263358 -0.054533041586472 -0.06216654574449515 0.0036003908249279772 -0.026339086616411996 -0.0016282429640266808 0.023185364462194828 0.0098219684166284821 -0.049283321604767713 0.02364277817250186 0.041943142783443632 0.016339869096529732 0.04485199649607758 -0.053820499496515385 -0.025101876011444542 0.048957050231000838 -0.016271787651607882 -0.032865225441980145 0.049925295475717557 -0.034268086899002591 0.015563985405614095 0.027424695728703097
leaf_weight=18.860031026881188 17.180598266306333 12.211148222209884 2.2225036580348378 23.210356305353343 102.47843833779916 8.7110399138182419 16.924541206331927 1.6247578915208607 3.1430667797103551 20.714042625273581 7.6524463052628544 26.946197655051947 15.478796321433036 82.763904169667512 52.964211581973359 5.1784056696342304 89.951420005876571 14.176412550732492 16.563700673170388 3.0098634781315914 95.397856637835503 43.713755995268002 4.2271536068292335 15.83061218401417 11.30211366212461 1.1670259542297565 15.432316108141096 1.3886018898338077 1.0945619624108074 4.7916301332879803
leaf_count=1117 209 779 48 1889 3206 52 262 24 100 701 199 363 853 1884 744 111 11727 98 91 89 847 4626 385 120 1010 86 113 96 25 62
internal_value=-0.000159623 -0.0135455 -0.0231858 -0.0118759 0.00582919 0.0189477 -0.00325593 0.00726977 0.00030527 -0.0186745 0.0263022 0.00627975 0.00139655 -0.00782658 0.0328148 -0.0345032 -0.0426641 0.00324545 0.0188114 -0.0452442 0.0373242 -0.0435899 0.00601929 0.0393642 -0.0457937 0.0407359 0.0399999 -0.00242496 -0.0118409 0.0461376
internal_weight=736.312 433.152 295.966 188.263 121.338 303.16 75.5694 137.186 113.949 56.3833 227.59 56.3408 32.6594 94.9751 171.25 12.8309 107.703 22.8875 43.5099 23.7239 148.362 66.9241 6.44966 18.9737 101.254 19.1861 23.2373 3.01336 2.26159 20.2239
internal_count=31916 27186 24008 10838 4323 4730 2225 3178 2883 1852 2505 764 1062 2663 1741 310 13170 150 454 790 1591 6515 433 220 12737 373 295 120 111 175
is_linear=0
shrinkage=0.05


Tree=43
num_leaves=29
num_cat=0
split_feature=46 5 34 2 5 36 2 29 19 24 24 25 2 3 22 36 2 32 46 37 5 2 31 21 24 21 27 27
split_gain=71.6991 28.8721 27.6631 20.2112 25.6505 20.3586 18.1016 16.3911 16.1437 15.6671 13.0178 12.4857 10.2799 9.9048 9.03657 7.3197 6.3001 5.28046 4.81554 4.1937 4.0321 3.57412 4.00722 3.01344 1.99216 1.45172 1.36255 0.854867
threshold=0.00045468582538887864 0.0031511094421148305 0.26831933856010443 0.11981283873319627 0.0035201334394514565 0.00058120902394875895 0.14073991775512698 -0.39569383859634394 0.01629695296287537 0.29565016925334936 0.21459157764911654 1.4806724266236417e-05 0.1578720957040787 -0.00027558175497688348 1.0000000180025095e-35 0.0006573236023541541 0.10825660452246667 0.0025919351028278474 0.0068815369158983239 0.023563195019960407 0.0038875832688063387 0.16486076265573504 -0.011932065244764088 0.87806457281112682 0.21459157764911654 0.83090016245841991 3.0242671966552739 2.1611330509185795
decision_type=2 2 2 2 2 2 2 2 2 2 2 2 2 2 2 2 2 2 2 2 2 2 2 2 2 2 2 2
left_child=1 6 3 8 9 -6 10 18 16 -5 19 13 14 -8 -9 21 -2 -12 20 -1 -4 26 -23 -17 -10 -14 -3 -25
right_child=2 15 7 4 5 -7 11 12 24 -11 17 -13 25 -15 -16 23 -18 -19 -20 -21 -22 22 -24 27 -26 -27 -28 -29
leaf_value=-0.031869687440877557 -0.033543055513263448 -0.052846919936892556 0.048719729537048173 0.028343651724920996 -0.027094741765319758 0.013117850142657067 -0.021870461835625465 -0.032985652509225305 -0.016758261211846506 -0.0035581980687623182 -0.052351217497698416 -0.052825948313982941 0.0070159064119069267 0.030290587126980184 0.025956473692713922 0.038478966315951081 0.022293107261382738 -0.0045807065418786872 0.0040730854288488806 0.039727636985380448 0.0028414191149221612 0.0316423872411754 -0.036176923867647863 -0.036140665567551356 -0.053273221286195174 0.041631055690911585 0.013846232614224484 0.016004465275386945
leaf_weight=1.9273350795265267 6.0221782852895585 77.694896231871098 75.302757436409593 139.47463182127103 70.119778641499579 55.635929329553619 10.794124555774031 18.714513208018616 5.7183910063467946 52.724308573990129 29.452403521980159 5.7845126496395087 4.4274826394394067 41.580449024215341 8.8225207584910113 2.8918914087116709 17.200116928899661 7.3927085381001225 7.7785692345350972 6.8749313352163881 5.2464322200976303 2.3511236440390348 5.584804863901808 2.1318141309311618 25.649279227596708 13.319546883925794 0.39835050934925575 0.41228621033951629
leaf_count=181 547 12331 859 1593 3590 639 716 353 94 1732 3562 245 35 751 105 48 474 445 78 123 87 113 710 362 2114 120 15 5
internal_value=0.000429975 -0.0252308 0.0103599 0.00333101 0.00817161 -0.00934104 -0.00705739 0.0297881 -0.0245024 0.0196192 -0.0302934 0.0113836 0.00516114 0.0193321 -0.0138535 -0.0455569 0.00702625 -0.0431407 0.0422148 0.0223988 0.045803 -0.0490824 -0.014792 0.00919408 -0.0473399 0.0338302 -0.052336 -0.0255588
internal_weight=701.428 195.272 506.156 372.545 317.955 125.756 103.806 133.612 54.59 192.199 45.6474 58.1591 45.2841 52.3746 27.537 91.4652 23.2223 36.8451 88.3278 8.80227 80.5492 86.0292 7.93593 5.43599 31.3677 17.747 78.0932 2.5441
internal_count=32027 19607 12420 10783 7554 4229 6023 1637 3229 3325 4311 1712 613 1467 458 13584 1021 4007 1024 304 946 13169 823 415 2208 155 12346 367
is_linear=0
shrinkage=0.05


Tree=44
num_leaves=31
num_cat=0
split_feature=43 7 38 1 35 5 31 2 29 1 7 20 13 2 35 2 29 21 30 31 45 34 29 1 5 29 16 35 2 45
split_gain=64.4031 32.857 34.489 26.3814 24.3716 15.6488 14.3957 13.3382 10.801 10.2571 8.77598 8.36877 8.45163 8.24005 9.64236 7.17452 6.79158 6.30238 5.52818 8.11134 5.48554 5.35564 4.25347 3.34028 3.09253 2.93495 2.20554 2.03003 1.30839 0.0201348
threshold=0.0028058466268703346 0.91380706429481517 0.0033547265920788054 0.34446594119071966 0.077722117304801955 0.0039153750985860833 0.0050317246932536372 0.14185636490583423 1.0000000180025095e-35 0.63262799382209789 0.99955391883850109 0.48342262208461767 0.04931211285293103 0.17218530178070071 0.035585610195994384 0.10922662168741228 -0.83381226658821095 0.65509775280952465 0.0045938123948872098 -0.03824199736118316 0.0010865281801670792 0.30817763507366186 0.4557109028100968 0.29692111909389501 0.0050198810640722522 0.6784842610359193 0.89034748077392589 0.036216691136360175 0.16806118190288546 0.0042359046638011941
decision_type=2 2 2 2 2 2 2 2 2 2 2 2 2 2 2 2 2 2 2 2 2 2 2 2 2 2 2 2 2 2
left_child=1 6 3 4 -3 8 20 23 11 16 -5 12 -2 14 -4 -13 -8 29 24 -20 28 -19 -22 26 -9 -11 -7 -25 -1 -10
right_child=5 2 13 10 -6 7 9 18 17 25 -12 15 -14 -15 -16 -17 -18 21 19 -21 22 -23 -24 27 -26 -27 -28 -29 -30 -31
leaf_value=-0.048140333429120885 -0.028405020525996645 -0.04027936472236604 0.020594858937064989 -0.047458072616595071 0.006129399966802636 -0.027829471104279947 0.039549696557178195 0.042278037506853834 -0.022111983874504946 0.052399534867476318 -0.017782848392211389 -0.019339604373808734 0.030414538865693948 0.047406843830010981 -0.014837081090427209 0.041486390290309129 -0.013147487846354684 -0.010729449599521629 0.04332486688684966 -0.051419923594997696 0.013787099743338188 0.037067626604695994 -0.037432989341309057 -0.01778337176708723 -0.0027812210134538543 -0.00069101527302099341 0.020011736444544695 -0.070288910158111395 0.008037987108677527 -0.065466048830346485
leaf_weight=8.1387258406030014 9.5215860030148196 41.84552916593384 37.883861768059433 115.37478252022993 82.642929424881004 5.5973258218728024 8.4353786375140789 14.704069970175629 1.5472131634596764 30.316417343565263 33.819598696078174 4.5020260214805594 13.613472992787136 11.259008978959171 36.963681490509771 117.46834112145007 16.456307626329362 13.321953134960497 2.7181586092337966 4.9402234973385921 17.010606859927069 9.0253553041256946 4.2336850214051074 3.6203397831413877 4.8707372387871137 2.8110195213230318 2.9161902540363371 6.2870805310085416 0.87406644783914167 1.9306888941209761
leaf_count=1059 87 5560 754 12147 3335 77 151 132 84 444 2937 303 131 70 1007 1371 537 280 13 155 536 83 188 89 54 117 43 98 46 32
internal_value=-0.000600279 -0.0114171 -0.0181173 -0.0267772 -0.0096671 0.0217269 0.0157883 -0.00420851 0.0286382 0.0301935 -0.0408944 0.0339071 0.00603256 0.00939881 0.00313177 0.0391022 0.00554849 -0.00112712 0.0178248 -0.0166725 -0.0119165 0.0093351 0.00235573 -0.0360228 0.0314758 0.0480063 -0.0110611 -0.0544919 -0.0424335 -0.0554243
internal_weight=664.65 448.066 359.789 273.683 124.488 216.585 88.2762 45.6541 170.931 58.0191 149.194 145.105 23.1351 86.1066 74.8475 121.97 24.8917 25.8252 27.2332 7.65838 30.2571 22.3473 21.2443 18.4209 19.5748 33.1274 8.51352 9.90742 9.01279 3.4779
internal_count=31920 28888 25810 23979 8895 3032 3078 661 2371 1249 15084 1892 218 1831 1761 1674 688 479 354 168 1829 363 724 307 186 561 120 187 1105 116
is_linear=0
shrinkage=0.05


Tree=45
num_leaves=27
num_cat=0
split_feature=46 9 2 5 25 0 2 0 1 0 7 0 5 1 22 45 45 2 6 17 17 35 25 38 34 19
split_gain=67.9383 29.6476 25.0005 24.4778 18.3142 19.3441 14.9562 15.8651 12.1321 11.7868 11.6994 10.3049 10.0224 7.7991 7.42989 4.67231 4.61403 3.15862 2.21247 2.13009 5.65294 2.00716 1.24544 1.18755 0.808144 0.407125
threshold=0.00044673070078715687 0.048724573105573661 0.11673445627093317 0.0031799726421013479 -0.0011471228208392856 0.41136083006858831 0.14297941327095035 0.40783654153347021 0.90055435895919811 0.90531975030899059 0.92590758204460155 0.15842524915933612 0.0040494154673069724 0.1062758155167103 1.0000000180025095e-35 0.0027738856151700024 0.0032789640827104454 0.1756609529256821 0.86583974957466137 0.47499999403953558 0.82499998807907116 0.015761760994791988 -0.00012946659262524915 0.0040404677856713542 0.23387677967548373 0.0034932494163513188
decision_type=2 2 2 2 2 2 2 2 2 2 2 2 2 2 2 2 2 2 2 2 2 2 2 2 2 2
left_child=3 2 19 6 8 -6 10 11 -4 12 21 -8 13 -3 -9 -12 -14 18 24 25 -21 -1 -20 -19 -5 -2
right_child=1 9 4 17 5 -7 7 14 -10 -11 15 -13 16 -15 -16 -17 -18 23 22 20 -22 -23 -24 -25 -26 -27
leaf_value=0.042891169273162381 -0.0042529007747911995 -0.030048293574807955 0.026535095686709326 -0.051744099701149182 0.012187177133790934 -0.018189815455258596 -0.032408760303003638 -0.049696014520390561 -0.047837473762308513 -0.045761637230766171 -0.049701752892581809 0.039302110733293816 -0.04101000561002191 0.03970329784387662 0.039000455911767623 0.005981018169294478 0.013584835412100531 -0.023877396773411302 0.030578796922976589 0.019815789409214763 -0.0476301507290465 -0.0043960220607019542 -0.026503463342136574 0.031506999357907288 0.0014503807947362087 -0.055324478614428553
leaf_weight=4.0381483351811758 0.57739404309541598 3.4646218121051779 100.2702441062429 71.877323138469364 104.8801733070286 102.80835481960094 5.2370528434403232 11.625936246826312 4.9001468985807142 4.1848384900949887 30.630791299859993 28.677504451014102 4.9308863505721083 109.54587956808973 2.1190289026126257 4.0479737580171777 10.220755562651901 0.77094375400338266 0.92190808220766485 4.2877410984365252 7.1895187670597807 3.7413819649955258 0.90801053238101193 1.2428347468376157 0.66675755777396162 16.25260981277097
leaf_count=54 30 172 1601 12738 2365 3792 288 901 124 453 3958 334 329 1637 20 206 116 123 7 175 691 249 146 5 55 1336
internal_value=-0.000207129 0.00945691 0.0016384 -0.0275824 0.00575766 -0.00286491 -0.00974811 0.00942135 0.022652 0.0294481 -0.0309875 0.0276175 0.0322392 0.0373201 -0.0343043 -0.0432166 -0.00562132 -0.0482243 -0.0498893 -0.0425317 -0.0228646 0.0222391 0.00289787 0.00941657 -0.0512421 -0.0539091
internal_weight=640.019 473.513 341.166 166.506 312.859 207.689 90.1178 47.6595 105.17 132.347 42.4583 33.9146 128.162 113.011 13.745 34.6788 15.1516 76.3878 74.374 28.3073 11.4773 7.77953 1.82992 2.01378 72.5441 16.83
internal_count=31905 12821 10114 19084 7882 6157 6010 1543 1725 2707 4467 622 2254 1809 921 4164 445 13074 12946 2232 866 303 153 128 12793 1366
is_linear=0
shrinkage=0.05


Tree=46
num_leaves=28
num_cat=0
split_feature=44 38 0 5 0 27 24 35 24 2 22 3 1 30 31 6 1 5 31 34 4 0 38 29 29 34 6
split_gain=51.1817 20.0427 20.1455 22.0558 24.0964 14.9239 15.8061 18.5695 17.6622 13.5856 6.83547 6.66298 5.88295 5.80202 8.45352 6.21787 5.53936 5.46599 3.94412 3.79436 2.92143 2.50232 2.25118 1.539 0.34746 0.220366 0.0991012
threshold=1.4018009305000307 0.003795489552430809 0.73028257489204418 0.0034515790175646548 0.15842524915933612 1.8422023653984072 0.11834894493222238 0.050068955868482597 0.22359500080347064 0.13048212975263598 1.0000000180025095e-35 0.0033272119471803312 0.48638190329074865 0.0044841971248388299 -0.022256237454712387 -0.2832034677267074 0.11209464818239213 0.0040664596017450103 -0.05943199805915355 0.21452873945236209 -0.001188857539091259 0.3661517351865769 0.0088070593774318712 -0.65028041601181019 -0.33873300254344935 0.34218244254589086 -0.48620580136775965
decision_type=2 2 2 2 2 2 2 2 2 2 2 2 2 2 2 2 2 2 2 2 2 2 2 2 2 2 2
left_child=1 2 3 4 -1 6 7 17 11 -10 -5 -8 -9 14 22 -16 24 -2 -15 21 -20 -18 -3 -21 -7 26 -4
right_child=5 13 25 10 -6 16 8 12 9 -11 -12 -13 -14 18 15 -17 19 -19 20 23 -22 -23 -24 -25 -26 -27 -28
leaf_value=-0.039980898450802438 0.028444522123701767 -0.0016303467417361946 -0.019787509947055016 -0.037191673219084176 0.010051440460742293 -0.0016485008304721331 0.03640417467752613 -0.074094137040974381 -0.023710674543122527 0.015903875480561304 0.028074066268386363 -0.016477527099178876 -0.015659945246289445 0.033053966000501339 -0.04554006937570812 0.027117070063955379 0.033356337612503027 -0.024747701096120317 0.0096010068363298444 0.051070469204978666 -0.052210549374036443 -0.0093934444615504185 -0.045591870591983379 0.03094589388303149 -0.040403327270953096 -0.002385899066931822 -0.052077931130230154
leaf_weight=30.114859360386617 15.26913216058165 5.9048186528962088 1.8748989184387017 78.217634407890728 105.22962131584063 0.86976983130443875 73.50676142598968 11.826302493689584 35.335476313252002 52.522563614067622 3.5256340559571973 5.9121602035593233 7.4715611753053954 1.688814760185777 2.2365480739390469 50.467205952038057 5.513541911612263 5.9852816462516776 2.1965695605613282 32.430633743759245 6.4822303305845699 6.5073287161067128 4.897763000568375 23.269019725034013 1.475953077781013 0.33372371504083176 41.167606103757862
leaf_count=2982 241 155 225 10657 4076 34 782 158 1960 959 39 170 121 12 25 867 101 193 50 443 301 165 166 288 67 23 6595
internal_value=-0.000419882 -0.0135818 -0.020085 -0.0137349 -0.0012926 0.0154072 0.00859563 -0.0190873 0.0153802 -0.000116168 -0.0340715 0.0323116 -0.0533563 0.00930918 0.0150078 0.0232432 0.0352062 0.0130265 -0.0238471 0.0379085 -0.0371907 0.0112702 -0.0237361 0.0433573 -0.0308212 -0.0508396 -0.0511526
internal_weight=612.233 334.338 260.464 217.088 135.344 277.895 207.829 40.5523 167.277 87.858 81.7433 79.4189 19.2979 73.874 63.5063 52.7038 70.0662 21.2544 10.3676 67.7205 8.6788 12.0209 10.8026 55.6997 2.34572 43.3762 43.0425
internal_count=31855 26173 24597 17754 7058 5682 4584 713 3871 2919 10696 952 279 1576 1213 892 1098 434 363 997 351 266 321 731 101 6843 6820
is_linear=0
shrinkage=0.05


Tree=47
num_leaves=29
num_cat=0
split_feature=45 7 38 6 0 9 46 24 21 35 45 27 24 37 6 30 22 29 0 38 3 16 41 5 5 24 20 7
split_gain=43.1722 32.8178 22.1364 23.2835 20.9793 14.248 9.83176 11.2974 8.44819 6.83141 6.06984 8.01875 5.99528 5.77323 5.56405 5.47016 5.4315 5.40126 5.14499 3.25521 3.25224 1.87463 2.97851 1.31334 1.24276 0.371207 0.20507 0.0601245
threshold=0.0032789640827104454 0.91380706429481517 0.0056284519378095874 -1.0000000180025095e-35 0.52781984210014354 0.010741776321083309 0.0013523608795367183 0.070523668080568327 0.91772279143333446 0.029477892443537716 0.0055435129906982192 -0.064919337630271898 0.3330527544021607 0.032977590337395675 -0.052481489256024354 0.004454393172636629 1.0000000180025095e-35 0.1200368106365204 0.454249918460846 0.018278700299561027 0.0008365678950212897 0.63380259275436412 0.00030464256997220224 0.0026955537032336001 0.002930026152171195 0.34269174933433538 0.69806826114654552 0.99988946318626415
decision_type=2 2 2 2 2 2 2 2 2 2 2 2 2 2 2 2 2 2 2 2 2 2 2 2 2 2 2 2
left_child=1 5 3 8 -5 13 21 18 -3 19 15 -12 20 16 -11 -9 -1 -15 -8 -4 -7 22 27 -14 25 -23 -24 -2
right_child=6 2 9 4 -6 12 7 10 -10 14 11 -13 23 17 -16 -17 -18 -19 -20 -21 -22 24 26 -25 -26 -27 -28 -29
leaf_value=-0.04518185775175898 -0.0066579724653283105 -0.024378404953188132 0.04571419572715419 0.001047765453727083 -0.038311105468852941 0.048735186879996742 0.0021207831128125239 0.011753919371748901 -0.05238788155720845 -0.041800357786177252 -0.016223873687228028 0.035795749998130365 0.0066554785702480001 0.027625984491046418 0.010500097215126554 -0.034044011506225443 0.017943942180522813 -0.031187092909461318 -0.056902694397945625 -0.011017729623956354 0.0089131045043802076 0.053417248893226313 0.040873247666768919 -0.03783536430312974 0.017936538053252151 0.019414071684040964 0.012953639272108429 -0.032823027313555936
leaf_weight=11.132636470953001 0.95340953115373794 52.853116042388137 15.722020467743279 116.95790112647228 46.621357378491666 34.057489628670737 6.9386409418657404 57.617946274578571 61.459709277027287 5.5551620745100108 7.9933950353879473 53.054154288256541 3.5239972835406652 13.72726146806963 21.691111743333749 6.3630477394908658 4.1075221393257371 4.3914273059926918 6.7261720021488145 2.5752731733955434 6.6011575763113788 23.938774280017249 3.6077720896573737 1.7760850223712621 4.7370667811483136 2.3918267234694204 2.2794393034419045 1.0964511242927981
leaf_count=1456 39 4242 152 6196 5706 513 58 677 9138 233 151 612 112 456 422 94 50 212 131 168 217 361 55 140 73 104 62 47
internal_value=-0.0011326 -0.0101869 -0.01725 -0.0225385 -0.0103344 0.018471 0.0193311 0.0129177 -0.0397613 0.0148096 0.0176732 0.0288327 0.0362309 -0.00633938 -0.00126563 0.0067454 -0.0281109 0.0124858 -0.0288312 0.0375722 0.042639 0.0412429 0.0166719 -0.0118927 0.0468046 0.0511518 0.0335136 -0.0268267
internal_weight=580.451 402.753 323.436 277.892 163.579 79.3176 177.698 138.693 114.313 45.5436 125.029 61.0475 45.9587 33.3588 27.2463 63.981 15.2402 18.1187 13.6648 18.2973 40.6586 39.0047 7.93707 5.30008 31.0677 26.3306 5.88721 2.04986
internal_count=31877 29413 26257 25282 11902 3156 2464 1723 13380 975 1534 763 982 2174 655 771 1506 668 189 320 730 741 203 252 538 465 117 86
is_linear=0
shrinkage=0.05


Tree=48
num_leaves=27
num_cat=0
split_feature=45 2 31 0 6 2 29 24 0 31 46 22 6 16 32 46 24 6 26 3 24 46 35 22 5 36
split_gain=42.9571 18.2369 16.4083 23.3048 26.2967 15.9288 15.3552 17.9107 12.7373 10.23 9.16192 8.96488 7.174 7.00733 6.69194 5.77095 5.27031 5.01495 4.83959 3.63878 3.55607 2.62793 2.51654 2.21403 1.10998 0.724051
threshold=0.0016422782209701838 0.11673445627093317 0.038881113752722747 0.38286139070987707 -0.0029955791542306538 0.13149087876081469 -1.1674335598945615 0.070523668080568327 0.70548158884048473 0.11077342182397844 0.0068815369158983239 1.0000000180025095e-35 -0.36629755795001978 0.97411623597145092 0.0015396530507132413 0.00065029249526560317 0.21116916090250018 0.14015149325132373 -0.52511304616928089 0.0017889196751639249 0.36609348654747015 0.0012152952258475127 0.016673097386956218 1.0000000180025095e-35 0.0013624408748000862 0.00081964844139292847
decision_type=2 2 2 2 2 2 2 2 2 2 2 2 2 2 2 2 2 2 2 2 2 2 2 2 2 2
left_child=2 9 3 4 13 -6 10 18 -9 16 19 15 -4 -1 24 -5 21 -13 -8 -3 -16 -2 -11 -18 -14 -24
right_child=1 6 12 11 5 -7 7 8 -10 22 -12 17 14 -15 20 -17 23 -19 -20 -21 -22 -23 25 -25 -26 -27
leaf_value=0.0033840929214191888 0.029961516853234685 0.048872690061069562 0.058300875589443295 -0.050420320135406982 -0.039396860916132259 0.022083514913308983 0.0041959882869922905 0.018251867002173551 -0.01808349876692773 0.039440261913248717 -0.019425715435342609 0.045669684785100348 0.0061472023934322668 -0.049582636650647334 0.026115520907760998 -0.01577655082701266 -0.052231164773690109 -0.029581480303079291 -0.055515551953145371 -0.0060450810488393777 -0.03534184704324074 -0.024504683148229921 -0.032213302107377183 0.00051546258942532707 -0.050810560002805573 0.013933374683521536
leaf_weight=7.6662018265342331 3.3764954665675786 48.375129811698571 7.1793289061170098 68.409225845709443 11.719689376826862 61.616113447234966 4.4879616361577055 203.54421546193771 26.533361234643962 6.3349984677042794 5.4835383156314483 3.9405308575369409 0.78250697755720722 29.995674275502097 15.863572206464598 15.952507627545854 19.123664666782137 3.0995974165853113 11.40171125740744 2.9919917018851256 1.848145595518871 3.492071743356064 1.3292293190024791 2.1861422357615075 4.253947101184167 0.631708763539791
leaf_count=301 62 639 51 12420 1753 2409 95 2796 1220 187 47 36 51 4690 339 1024 2404 92 327 101 242 87 128 51 356 8
internal_value=0.000547665 0.0118768 -0.0159775 -0.0210845 -0.00558808 0.0118606 0.0159075 0.0104061 0.0140014 -0.0211183 0.0391182 -0.0396391 0.0181264 -0.0389924 0.00352632 -0.0441309 -0.035245 0.0129799 -0.0394004 0.0456195 0.0181567 0.00267516 0.0254947 -0.0470394 -0.0424088 -0.0176623
internal_weight=571.619 339.292 232.327 202.4 110.998 73.3358 302.818 245.967 230.078 36.4743 56.8507 91.4019 29.9275 37.6619 22.7482 84.3617 28.1784 7.04013 15.8897 51.3671 17.7117 6.86857 8.29594 21.3098 5.03645 1.96094
internal_count=31916 8152 23764 22725 9153 4162 5225 4438 4016 2927 787 13572 1039 4991 988 13444 2604 128 422 740 581 149 323 2455 407 136
is_linear=0
shrinkage=0.05


Tree=49
num_leaves=25
num_cat=0
split_feature=45 45 7 25 0 19 36 31 6 16 24 24 1 35 5 17 19 27 37 4 16 6 14 39
split_gain=40.8725 23.8483 23.0352 17.5806 15.9431 25.3605 11.9585 9.7496 7.70735 7.26656 6.36038 5.38901 5.87435 4.69623 4.5985 4.19992 2.68153 2.43451 2.37073 1.57551 1.32048 0.927039 0.489793 0.112971
threshold=0.00080742774298414599 0.0038653422379866247 0.91380706429481517 -0.00045714307634625578 0.51733002066612255 0.015251011122018101 0.00037858114228583878 0.0050317246932536372 0.11719202250242235 0.74310594797134411 0.33391320705413824 0.065389156341552748 0.84790217876434337 0.036216691136360175 0.0050664418376982221 0.97500002384185802 0.0015148222446441653 -0.72068718075752247 0.063438963145017638 0.00062201303080655645 0.99621373414993297 0.12301691994071008 0.0034814705140888695 0.0048411139287054547
decision_type=2 2 2 2 2 2 2 2 2 2 2 2 2 2 2 2 2 2 2 2 2 2 2 2
left_child=3 2 7 8 6 -6 -4 15 22 11 -9 13 -13 -3 17 -2 -5 -11 23 -16 21 -10 -1 -18
right_child=1 9 4 16 5 -7 -8 10 20 14 -12 12 -14 -15 19 -17 18 -19 -20 -21 -22 -23 -24 -25
leaf_value=-0.042859057076542174 0.011275693886617867 0.015201871828071712 -0.014097998994874607 0.025626816106013257 0.026342450678159171 -0.040874149628165914 0.010980835710870707 0.039844756684157309 0.027551688225115459 -0.0042435851042799599 -0.0092244567230667547 0.020332601341705454 -0.034588307167912204 -0.05578581333667313 -0.035563005432892696 -0.030499194773266031 -0.053776895219448541 0.041285469109169866 0.011647436848510811 0.015016848214273723 0.047740789671544909 -0.019461163907390427 0.0072982482282947696 -0.0028358761941141963
leaf_weight=3.6611481731524687 14.456817325379234 3.562318767886608 90.412236147501972 0.57731501758098502 16.938646805821918 67.000267570838332 98.034893182397354 46.491518237337004 0.94446064042858635 2.9168813102878621 7.2821116616250938 62.654001307324506 4.3739345718640825 4.2688344307243824 2.1628430197015396 8.8916236351360567 49.158009173930623 53.252980744582601 1.0984351786319155 2.1877091946080327 6.7761377678252757 1.2886687516001982 0.24850409012287844 0.22383627737872203
leaf_count=612 509 38 6467 2 954 7536 3231 898 6 56 278 700 107 46 51 682 8831 821 50 31 46 127 15 23
internal_value=-0.000406581 0.00457467 -0.00233849 -0.0376496 -0.00917439 -0.0271596 -0.00106227 0.0216135 0.0136226 0.0223086 0.0331526 0.0116506 0.016293 -0.0254293 0.035088 -0.00523238 -0.0506353 0.0388883 -0.0519883 -0.0120755 0.037992 0.00279389 -0.0388338 -0.0536069
internal_weight=548.864 484.888 349.508 63.9765 272.386 83.9389 188.447 77.1221 12.9189 135.38 53.7736 74.8591 67.0279 7.83115 60.5204 23.3484 51.0576 56.1699 50.4803 4.35055 9.00927 2.23313 3.90965 49.3818
internal_count=32117 22405 20555 9712 18188 8490 9698 2367 806 1850 1176 891 807 84 959 1191 8906 877 8904 82 179 133 627 8854
is_linear=0
shrinkage=0.05


Tree=50
num_leaves=24
num_cat=0
split_feature=46 34 5 9 2 2 1 3 24 24 0 2 30 29 3 22 32 32 22 22 2 7 39
split_gain=37.7634 23.987 19.4665 15.3011 14.3714 11.7958 11.6958 11.1392 10.1267 8.86081 8.04279 7.8221 7.4901 4.66744 4.64143 4.00624 4.00821 3.71574 3.63138 2.09517 1.59382 1.50296 0.178028
threshold=0.00041732733370736247 0.35556218028068548 0.0031511094421148305 0.050592703744769103 0.1426937207579613 0.11743079870939256 0.65195709466934215 0.0016609486192464831 0.34163901209831243 0.21459157764911654 0.35550124943256384 0.13010288774967196 0.0045006712898612031 0.7652343511581422 -0.0030196813168004151 1.0000000180025095e-35 0.0058475439436733731 0.031177734024822715 1.0000000180025095e-35 1.0000000180025095e-35 0.12199999764561655 0.9986761510372163 0.0070016754325479278
decision_type=2 2 2 2 2 2 2 2 2 2 2 2 2 2 2 2 2 2 2 2 2 2 2
left_child=2 3 4 5 9 14 10 -7 12 21 -6 -10 -5 17 -2 16 22 20 -8 -11 -3 -1 -4
right_child=1 13 15 8 6 7 18 -9 11 19 -12 -13 -14 -15 -16 -17 -18 -19 -20 -21 -22 -23 -24
leaf_value=0.034952327192292888 0.0076222282963192877 0.011784995929471322 -0.052087612031800547 0.032549121173365933 0.041089852706537172 0.0053434911347601524 -0.047979743414386204 -0.020781597989844133 -0.048204837608893998 -0.048168512034303869 -0.02205943952675259 0.022828359505852432 -0.03021020151630795 -0.020570194378651763 -0.045064606033453386 0.010097582484104785 0.023512995092337115 -0.0049987511277085565 0.031347346720174703 0.013340598377398741 0.047455168763376895 -0.01630774570495749 -0.0029926979560791923
leaf_weight=4.1744059246266287 4.8365066294791204 4.2100541586987665 50.528426239034161 65.467933867184911 23.681871049921032 187.4776262868545 7.2362668821588141 51.075362176692579 7.7713606770266761 22.779521181248132 5.6532043837942174 6.1274977799039334 4.3531314289430147 2.700331049039959 20.993046891933773 2.6440430483780792 1.2856897440506134 3.883230064995586 1.0267795138061044 1.0637350659817446 43.580544814700261 1.2988088603597132 0.31149420503061165
leaf_count=160 443 149 12302 1174 313 5508 646 2977 767 3662 356 211 232 33 2084 41 35 53 14 25 603 108 38
internal_value=-0.000456513 0.00693074 -0.0247475 0.00206226 -0.00646039 -0.00384992 0.0138807 -0.00031342 0.0205576 -0.032145 0.0285942 -0.0174586 0.0282649 0.0374986 -0.0352828 -0.0465733 -0.0495839 0.040866 -0.0358025 -0.0449978 0.0446188 0.0221481 -0.0518503
internal_weight=524.161 402.477 121.684 348.102 66.9146 264.383 37.5981 238.553 83.7199 29.3165 29.3351 13.8989 69.8211 54.3742 25.8296 54.7697 52.1256 51.6738 8.26305 23.8433 47.7906 5.47321 50.8399
internal_count=31934 14234 17700 13396 5284 11012 1329 8485 2384 3955 669 978 1406 838 2527 12416 12375 805 660 3687 752 268 12340
is_linear=0
shrinkage=0.05


Tree=51
num_leaves=28
num_cat=0
split_feature=46 5 9 2 24 2 1 0 4 24 6 31 2 4 5 22 41 24 3 20 22 24 6 20 2 30 2
split_gain=36.4939 17.8934 17.3194 17.7204 19.0633 14.0478 10.5429 10.0768 9.47825 9.37353 9.04063 7.25983 5.56212 5.43678 4.30483 4.24123 4.14182 3.77389 3.61782 3.33285 2.84184 2.79263 2.75483 2.18605 2.03965 1.47453 1.35371
threshold=0.00045468582538887864 0.0031655923230573539 0.07134424522519113 0.11981283873319627 0.10714414715766908 0.1426937207579613 0.87450128793716442 0.40783654153347021 -0.0038553237682208415 0.36139622330665594 -0.018540342338383194 0.05532681196928025 0.16569620370864871 0.0018844261649064722 0.0047541756648570308 1.0000000180025095e-35 0.009868301451206209 0.21459157764911654 -0.00087406893726438273 0.95025146007537853 1.0000000180025095e-35 0.180885024368763 0.58033692836761486 0.99959206581115734 0.11217000335454942 0.0039860177785158166 0.13773247599601748
decision_type=2 2 2 2 2 2 2 2 2 2 2 2 2 2 2 2 2 2 2 2 2 2 2 2 2 2 2
left_child=1 5 3 16 8 11 -6 10 -5 13 -7 20 19 14 -4 -9 17 -2 -15 -3 -1 -14 26 -21 -13 -23 -11
right_child=2 12 9 4 6 7 -8 15 -10 22 -12 24 21 18 -16 -17 -18 -19 -20 23 -22 25 -24 -25 -26 -27 -28
leaf_value=-0.045065101387577612 -0.0042493855904505639 0.022344564728657992 0.042762865022974848 0.039023922008061047 0.015381274473233397 -0.042885497416139701 -0.026396544223462159 -0.037963178191131125 -0.033304843739430288 -0.05141037619119402 0.038353698366240641 -0.025975932845374805 -0.036904512313614649 -0.033783789663525556 -0.01377043101240652 0.035530012985947684 0.040803595329417665 -0.046355323825682561 0.023419487561289171 -0.050870195517491071 0.020942658182924623 0.035252511347885339 0.027074257135444792 0.021097333771842447 0.030982854993381242 -0.022221036265320477 0.008262698642581133
leaf_weight=24.394957374024678 7.1796359140425983 1.1200075554079365 58.415163830446545 4.3221965229604384 213.53907968394924 3.0697556133382049 15.347358540631829 9.4660019674920441 35.380208158050664 4.1528074199450193 26.579989082063548 1.3027562140487123 2.0376537460251702 3.8295537123922259 3.1204817600082597 1.5849089082330472 1.0302995240781445 22.262679859180935 5.4648443846963328 50.790058385056909 1.1812120806425799 3.5833581896149553 1.1717675272375343 0.56901549687608977 4.8060005402658135 0.72498760290909547 0.85776843200437713
leaf_count=4046 258 61 1044 31 5937 265 526 907 1188 449 339 257 384 117 94 21 16 2451 133 12672 23 181 34 87 192 175 42
internal_value=0.000338031 -0.0222664 0.00826275 0.00277997 0.00691581 -0.00546286 0.0124773 0.0138554 -0.0246655 0.0292454 0.0288179 -0.0299427 -0.0425065 0.0344183 0.0397217 -0.0253492 -0.0327353 -0.0365645 -0.00114211 -0.0477588 -0.0413433 0.00151657 -0.0265594 -0.0496851 0.0168905 0.023217 -0.0415197
internal_weight=507.285 131.211 376.074 299.061 268.589 72.3856 228.886 40.7007 39.7024 77.0124 29.6497 31.6849 58.8251 70.83 61.5356 11.0509 30.4726 29.4423 9.2944 52.4791 25.5762 6.346 6.18234 51.3591 6.10876 4.30835 5.01058
internal_count=31930 19610 12320 10407 7682 6050 6463 1532 1219 1913 604 4518 13560 1388 1138 928 2725 2709 250 12820 4069 740 525 12759 449 356 491
is_linear=0
shrinkage=0.05


Tree=52
num_leaves=27
num_cat=0
split_feature=45 7 6 0 1 5 2 32 25 1 0 7 46 22 3 29 0 39 32 9 31 32 31 3 35 13
split_gain=32.5823 16.1569 15.8578 15.8142 14.4265 14.3375 11.6207 10.4087 10.2028 14.9115 13.1227 11.0684 9.49454 9.23208 8.14347 8.08348 7.47759 5.58539 5.53344 5.11655 3.94407 1.6245 1.16703 0.529858 0.373594 0.15962
threshold=0.0020854691974818711 0.9165293574333192 -0.0011371077271178363 0.38532087206840521 0.63262799382209789 0.0034892614930868153 0.10825660452246667 0.0028798455605283384 -0.00097520547569729377 0.90763583779335033 0.41136083006858831 0.99847304821014415 0.00089128705440089117 1.0000000180025095e-35 -0.0040608134586364022 0.33356796205043798 0.73028257489204418 0.0019855591235682373 0.0055059795267879972 0.0066311294212937364 -0.022958280518651005 0.0021394554059952502 0.11900128424167634 0.00013162798131816092 0.012132368981838228 0.67465353012084972
decision_type=2 2 2 2 2 2 2 2 2 2 2 2 2 2 2 2 2 2 2 2 2 2 2 2 2 2
left_child=1 4 12 5 13 -4 22 -5 9 15 14 -12 18 17 -10 -8 19 -1 -3 -6 -14 -18 25 -15 -24 -2
right_child=6 2 3 7 16 -7 8 -9 10 -11 11 -13 20 23 -16 -17 21 -19 -20 -21 -22 -23 24 -25 -26 -27
leaf_value=-0.052971370355456987 -0.049590210519596133 -0.048704935818899245 0.018699430490722379 -0.041878173834283709 0.0020363434323511674 -0.037378480463902873 0.034002105935086735 0.010433191113304166 -0.036687397942707776 -0.063015415584552217 0.0017319598752192616 -0.045734175508627836 -0.041894311891064573 0.040630236633252666 0.026383571763671027 -0.0076860980977959438 -0.040581882024509415 0.016291684327689827 0.0057254167116325399 0.059601031127049113 0.019085250569911946 0.010246053277213223 0.013112972338110688 0.0085861875965569153 -0.018208257800425325 -0.0022038607874197403
leaf_weight=11.887674748606516 6.8366060164989886 58.559872063808143 56.503224202664569 37.193607986380812 4.9449334932141999 13.24460789648583 99.267113625770435 12.20176699903095 4.7445227992720893 3.6425588172860435 43.633613571058959 16.055689356988296 2.5692507823696351 3.6460558380931607 57.066393785411492 12.780268752539994 2.387386407412122 3.2471371784340581 4.8514230228029183 17.854743722127751 9.367159382789394 2.3313943411922082 0.99519665283150949 2.7065267348662019 0.83950665988959372 0.27958636049879704
leaf_count=1372 1201 11886 2260 6130 521 2131 1861 614 95 102 794 332 155 36 594 267 353 131 209 287 316 83 37 62 64 21
internal_value=0.000269622 -0.0126721 -0.0191208 -0.00764842 0.0127914 0.00767283 0.0130718 -0.0290055 0.0152372 0.0258019 0.00504916 -0.011579 -0.0369236 -0.0174715 0.0210353 0.0292212 0.0362059 -0.0380224 -0.0445164 0.0477262 0.00373585 -0.018069 -0.0400738 0.0300024 -0.00258625 -0.0482294
internal_weight=489.638 243.497 194.491 119.143 49.0059 69.7478 246.141 49.3954 237.19 115.69 121.5 59.6893 75.3477 21.4874 61.8109 112.047 27.5185 15.1348 63.4113 22.7997 11.9364 4.71878 8.9509 6.35258 1.8347 7.11619
internal_count=31914 26546 23701 11135 2845 4391 5368 6744 4045 2230 1815 1126 12566 1601 689 2128 1244 1503 12095 808 471 436 1323 98 101 1222
is_linear=0
shrinkage=0.05


Tree=53
num_leaves=21
num_cat=0
split_feature=34 45 24 38 25 25 24 1 7 37 2 16 29 4 1 2 38 22 24 27
split_gain=28.5936 22.4209 19.9592 19.7842 16.2303 15.3723 13.3823 11.8073 8.20585 6.85682 5.04766 4.73385 3.78641 2.75402 2.71185 2.49446 2.62432 1.87591 0.698973 0.415505
threshold=0.35556218028068548 0.00079775386257097136 0.28098160028457647 0.003795489552430809 -3.8838443288113915e-05 -0.00045714307634625578 0.11435057595372201 0.89807710051536571 0.87377294898033153 1.0000000180025095e-35 0.128637470304966 0.99210864305496227 0.33356796205043798 -0.00046332986676134164 0.23797897249460223 0.12304872274398805 0.010665965732187034 1.0000000180025095e-35 0.10064480453729631 -1.1810274124145506
decision_type=2 2 2 2 2 2 2 2 2 2 2 2 2 2 2 2 2 2 2 2
left_child=1 5 4 8 7 11 -6 -3 -4 -2 -5 19 15 -14 -13 16 -11 -7 -17 -1
right_child=9 2 3 10 6 17 -8 -9 -10 12 -12 14 13 -15 -16 18 -18 -19 -20 -21
leaf_value=0.007158324989879907 -0.034561890857209072 0.022853201359369774 0.0095171850909825106 -0.01670116164385552 -0.03428999845158797 -0.052948286723771748 0.0036004259903848427 -0.048590198800000178 -0.038150693533843871 0.032408984669278988 0.023435367179784918 0.044685089104170232 0.032725786645742459 -0.026302843284614571 -0.021479643367057797 0.021490228649344661 -0.033522635549173611 0.0060087627431427496 0.051325153107420945 -0.039237029261822112
leaf_weight=0.23962545616086517 2.6096081197028971 124.23912891856162 9.9918706075404753 10.11304566595936 29.565033479768317 36.696610084502026 97.440359426720534 5.1458229504059991 67.523233938030899 2.7323216316290191 26.611977306660265 6.9444269876694289 2.7261472803656943 3.2098528505302957 1.2857158642727879 4.246927408501505 1.5581998989218844 1.1992975422181178 33.09850793145597 2.4706341352430172
leaf_count=8 32 2702 493 679 1768 8588 6100 397 9109 121 370 100 42 46 238 65 42 26 520 412
internal_value=-0.000420467 -0.00471481 -0.000479672 -0.0177725 0.00726461 -0.0362017 -0.00541889 0.0196609 -0.0319632 0.0348666 0.0122332 0.0149574 0.0393083 0.00161621 0.0331415 0.0445181 0.006654 -0.050976 0.0485812 -0.0343113
internal_weight=469.648 419.467 370.63 114.24 256.39 48.8363 127.005 129.385 77.5151 50.1816 36.725 10.9404 47.572 5.936 8.23014 41.636 4.29052 37.8959 37.3454 2.71026
internal_count=31858 30990 21618 10651 10967 9372 7868 3099 9602 868 1049 758 836 88 338 748 163 8614 585 420
is_linear=0
shrinkage=0.05


Tree=54
num_leaves=26
num_cat=0
split_feature=45 45 34 25 0 0 9 38 2 1 33 2 1 21 38 6 37 29 2 2 19 9 6 27 16
split_gain=30.8967 13.4152 11.9906 10.2632 10.2466 13.5241 15.0844 8.39217 8.09827 10.5907 7.99472 7.843 6.3517 4.76799 4.74833 4.57853 4.03524 3.18331 2.77525 1.80466 1.64146 1.4377 1.26878 1.14232 1.10755
threshold=0.001990227610804141 0.00079775386257097136 0.35556218028068548 -0.00045714307634625578 0.7199884057044984 0.14562085270881656 0.014164833351969721 0.0039043368306010966 0.12903869897127154 0.20209068804979327 0.0042084543965756902 0.17218530178070071 0.4629622101783753 0.84345039725303661 0.0061127783264964828 0.11719202250242235 1.0000000180025095e-35 0.86437135934829723 0.10825660452246667 0.12199999764561655 0.0015148222446441653 0.0014431521994993093 -0.48620580136775965 1.8422023653984072 0.99614232778549205
decision_type=2 2 2 2 2 2 2 2 2 2 2 2 2 2 2 2 2 2 2 2 2 2 2 2 2
left_child=1 3 8 15 5 14 -7 22 10 13 12 -11 -2 -10 -3 -1 -4 19 -12 -18 -5 -9 -6 -22 -17
right_child=2 4 16 20 7 6 -8 21 9 11 18 -13 -14 -15 -16 24 17 -19 -20 -21 23 -23 -24 -25 -26
leaf_value=-0.038119670542447741 -0.0026028890863733696 -0.043592671154379058 -0.021513466103596224 0.019699888017036288 0.0050646100167285393 -0.0081415943034222789 0.028671796849672082 0.031389848987387607 0.051670869306958404 0.00029199957612242638 -0.020586209638655602 0.041947422886941477 -0.041285267086646406 0.012231633002683236 0.019605171861741707 -0.0014428405677920598 0.0061954431480699054 -0.013169735879779269 0.040506050509221486 0.045251022203585206 -0.051896433828738736 -0.015078524622390453 -0.05222041161557376 0.00012563018140842965 0.043414977159605038
leaf_weight=2.457079590414649 25.278640235599596 20.734629288024738 2.3414631640771395 0.36395642161369224 0.83773447474232554 75.719062615564326 42.713057633547578 3.8266227755229911 20.685248643858358 93.832683159678709 1.6722495341673482 11.84940693923272 17.474084495508578 13.05600822996348 2.8555487382691345 1.7602974306792019 3.5804012431763104 2.3402346267830572 8.1310028269072046 37.209602923132479 34.654502749239327 1.8042447260813785 19.528883027553093 1.0824543295020692 4.4183290899964049
leaf_count=562 1199 2680 29 1 102 7578 1955 80 180 1832 214 116 1128 175 101 128 150 28 206 629 8542 75 4028 91 36
internal_value=0.000141797 -0.0136623 0.0125157 -0.0376884 -0.00708001 -0.00170019 0.00526422 -0.035318 0.00695855 0.0132394 -0.00963961 0.00531196 -0.0189956 0.0372014 -0.0354565 0.0103232 0.0353231 0.0388262 0.0291439 0.0420531 -0.0491419 0.0164719 -0.0497374 -0.0503602 0.0322142
internal_weight=450.207 212.756 237.451 44.7366 168.02 142.022 118.432 25.9975 191.979 139.423 52.556 105.682 42.7527 33.7413 23.5902 8.63571 45.4717 43.1302 9.80325 40.79 36.1009 5.63087 20.3666 35.737 6.17863
internal_count=31845 25959 5886 9360 16599 12314 9533 4285 5050 2303 2747 1948 2327 355 2781 726 836 807 420 779 8634 155 4130 8633 164
is_linear=0
shrinkage=0.05


Tree=55
num_leaves=24
num_cat=0
split_feature=46 29 2 25 0 17 24 34 24 0 6 24 45 19 0 9 25 32 20 34 7 5 7
split_gain=26.0136 15.3015 16.993 13.6113 13.7888 12.5161 10.2244 8.98689 8.46499 8.28506 7.67119 6.24305 5.3261 4.90599 4.83312 4.21412 4.15681 3.75736 2.73931 1.98759 2.43733 1.5558 1.49092
threshold=0.00036336717312224215 -1.1983573436737058 0.12941937148571017 -0.0017471874598413704 0.41834877431392675 0.70833334326744091 0.22359500080347064 0.22762667387723926 0.14227212965488437 0.88124960660934459 0.11719202250242235 0.087388560175895705 0.0027738856151700024 0.015700548887252811 0.23390356451272967 0.021931098774075512 -0.002105196006596088 0.017553722485899929 0.69806826114654552 0.13135586678981784 0.9045553207397462 0.0039459539111703643 0.99215447902679454
decision_type=2 2 2 2 2 2 2 2 2 2 2 2 2 2 2 2 2 2 2 2 2 2 2
left_child=5 7 6 9 -5 8 11 15 -1 -4 12 -3 -10 -8 -12 18 -7 21 -2 -18 -21 -9 -17
right_child=1 2 3 4 -6 16 13 17 10 -11 14 -13 -14 -15 -16 22 19 -19 -20 20 -22 -23 -24
leaf_value=0.041193019801231662 0.023235572725006599 -0.048592458679714116 0.035919780946860616 0.012780768827585607 -0.014629595871756882 0.027820383338125605 -0.0034627201947095864 0.053029260222441782 -0.047910681833535862 -0.036092535519256314 0.035568911012699642 0.014120589661447594 0.022644758774892318 -0.045224961733692136 -0.033413718480785642 0.033689167393976524 -0.052433609038935562 0.0029826688014300568 -0.036985291946725278 0.023628479432744397 -0.038435429659498442 0.0069659920345650538 -0.012751196868571211
leaf_weight=7.0315743256360284 1.7389092758530766 3.7825786125031327 47.291949193633627 108.57910513036768 77.93699507904239 1.2612657421268512 9.1945514970575442 29.188994238211311 14.625678823387721 3.5611954827327272 7.6301591934170556 22.423571910563624 2.6057034280966027 31.534989272273378 2.6999913106847089 6.5182621940330119 34.124004532059189 5.0444283919641739 6.7986479137325659 1.853130533301736 2.7680360363738146 2.3006074440199873 1.6636181109934112
leaf_count=87 43 150 683 3759 5251 46 1053 558 2945 267 165 782 159 3581 434 243 9659 77 727 99 773 66 147
internal_value=8.03888e-05 0.00570007 0.00133428 0.00761717 0.00131023 -0.0265741 -0.0207304 0.030163 -0.00429316 0.030278 -0.0169337 0.00361526 -0.0365845 -0.0361062 0.0161812 -0.000309009 -0.0452656 0.0437449 -0.0235695 -0.0482848 -0.0137713 0.0499819 0.0238861
internal_weight=432.158 357.558 304.305 237.369 186.516 74.5995 66.9357 53.2535 34.5931 50.8531 27.5615 26.2062 17.2314 40.7295 10.3302 16.7194 40.0064 36.534 8.53756 38.7452 4.62117 31.4896 8.18188
internal_count=31754 17387 15526 9960 9010 14367 5566 1861 3790 950 3703 932 3104 4634 599 1160 10577 701 770 10531 872 624 390
is_linear=0
shrinkage=0.05


Tree=56
num_leaves=29
num_cat=0
split_feature=34 0 37 0 30 24 24 29 2 2 40 22 3 3 46 10 28 2 29 6 1 40 6 21 2 6 46 20
split_gain=30.634 20.2294 15.4694 15.9744 15.7292 12.2648 10.4426 9.93486 8.08254 7.26031 7.21032 6.628 6.41371 5.99735 4.23487 2.53356 2.10499 1.91898 1.90242 1.84382 1.30912 1.02068 0.757419 0.50437 0.287862 0.236095 0.170973 0.135292
threshold=0.25441154837608343 0.73028257489204418 0.030343387275934223 0.5921093523502351 0.0036774191539734606 0.30491694808006292 0.10399341955780984 -0.58186009526252735 0.16069215536117556 0.1756609529256821 0.17162900418043139 1.0000000180025095e-35 0.0028033189009875063 -0.0037486768560484047 0.0048330212011933335 0.0021215876331552867 0.91832453012466442 0.12249197438359262 0.2729835063219071 0.10192713513970376 0.44014853239059454 0.19922770559787753 -0.17994819581508634 0.78871858119964611 0.16443767398595813 -0.48620580136775965 0.0068815369158983239 0.97417533397674572
decision_type=2 2 2 2 2 2 2 2 2 2 2 2 2 2 2 2 2 2 2 2 2 2 2 2 2 2 2 2
left_child=1 2 4 6 5 -1 -4 14 11 -6 24 13 -5 -9 17 18 -16 19 -12 -2 -13 -19 -17 -10 26 -26 -3 -25
right_child=7 10 3 12 9 -7 -8 8 23 -11 15 20 -14 -15 16 22 -18 21 -20 -21 -22 -23 -24 27 25 -27 -28 -29
leaf_value=0.0056256998476121416 -0.015335117826750708 -0.052953555312203082 -0.034963309476469161 0.053229266317745987 -0.044847665062195549 -0.039318949155949766 0.0077616287339344657 0.047892973769831093 0.013862229420865266 0.022090968776023567 0.038617884814804528 -0.0035303461593939166 -0.027139739774261276 -0.032834756304607554 -0.02325322980612329 0.0065731832721099906 0.026009253859583012 0.016386275354059104 -0.022666406503257141 0.03388467898285525 0.037649685226797083 0.051687897724769227 -0.034707066924971948 0.04851067366687413 0.0063900462956985359 -0.023144282727993952 -0.0001422885231933337 0.020714991582408821
leaf_weight=82.395996475737775 2.3368164693238205 28.547041855708819 15.640443007519933 22.478161772916796 39.288421356701292 17.561348763498245 100.84531479381258 1.7247153252828891 3.1401722412556401 3.9056380260153665 3.5319525873055664 2.4359081774018723 2.1653812686272422 18.051640119636431 3.2471748139942056 1.1261170032084917 3.4378273063339293 3.4038281831890336 1.0046460771700365 3.9683290531393141 6.0536158275790513 36.273996158502996 3.2374043635500129 7.2479045731015486 0.52974129962967709 0.79955501153017283 0.15947832679375906 2.9002995622577146
leaf_count=4709 100 7388 677 580 7704 2594 5033 45 30 189 109 43 257 589 61 53 47 81 113 150 111 631 227 82 54 225 13 63
internal_value=0.000579517 -0.00674488 -0.00205631 0.00965669 -0.0135907 -0.0025818 0.00177622 0.0255118 0.00697165 -0.0384321 -0.0400686 -0.00825619 0.0453844 -0.0238281 0.0397373 -0.000355169 0.00216839 0.0450367 0.0234036 0.0160407 0.026707 0.0491368 -0.0248144 0.0376738 -0.0514457 -0.0136841 -0.0526748 0.0431375
internal_weight=417.439 323.217 284.281 141.129 143.151 99.9573 116.486 94.2222 41.5543 43.1941 38.9359 28.2659 24.6435 19.7764 52.668 8.90012 6.685 45.983 4.5366 6.30515 8.48952 39.6778 4.36352 13.2884 30.0358 1.3293 28.7065 10.1482
internal_count=31958 29925 21743 6547 15196 7303 5710 2033 963 7893 8182 788 837 634 1070 502 108 962 222 250 154 712 280 175 7680 279 7401 145
is_linear=0
shrinkage=0.05


Tree=57
num_leaves=20
num_cat=0
split_feature=45 2 22 1 5 7 25 30 6 16 9 22 44 7 7 37 6 44 40
split_gain=24.4152 16.8482 12.9795 13.1986 14.0775 10.314 10.2944 4.96646 4.15862 2.86313 1.74 1.50284 1.11535 0.87842 0.779421 0.758685 0.36924 0.325257 0.0516867
threshold=0.00080742774298414599 0.1087399832904339 1.0000000180025095e-35 0.79874795675277721 0.0013624408748000862 0.96706482768058788 -0.00045714307634625578 0.0040310644544661054 0.11719202250242235 0.24595766514539721 0.16416320949792865 1.0000000180025095e-35 3.2514079809188847 0.98745033144950878 0.58655452728271495 0.063438963145017638 0.16342544555664065 1.1305918693542483 0.34914551675319677
decision_type=2 2 2 2 2 2 2 2 2 2 2 2 2 2 2 2 2 2 2
left_child=6 10 3 4 -3 -5 8 9 17 -4 14 15 -12 16 -2 -8 -10 -1 -16
right_child=1 2 7 5 -6 -7 11 -9 13 -11 12 -13 -14 -15 18 -17 -18 -19 -20
leaf_value=-0.038199006749318767 0.0087964132322468948 0.033357627912029952 -0.0059106699880053792 0.014364265025875561 0.0022620528255788298 -0.039804474408377574 -0.051901588566462036 -0.034668453516669612 0.015866439522527732 0.038439592174141141 -0.028427318940083764 0.0048767494199251265 0.023913900209317093 0.040382901100734614 -0.050040316646912546 0.0046746992364787203 -0.017839446304008254 0.0063691190258516363 -0.0023206795176596308
leaf_weight=2.3933572800597163 0.30418828513939189 42.720060242165346 3.7074791658669701 12.116199422773205 218.36068223550683 27.346574474649969 29.745942194596871 1.9490517650265236 0.53412514482624807 41.79628219420556 0.86305221664952059 1.0807870335411269 1.2434516231878658 4.8837653912778478 14.429609097016506 0.44299251353368063 0.75306404789444059 0.17175152921117831 0.15712797408923584
leaf_count=599 16 715 54 553 13210 2789 8815 65 8 892 146 32 61 49 3642 48 137 10 16
internal_value=0.00073081 0.00482814 0.00724849 0.00336498 0.00745802 -0.0232292 -0.0358574 0.0312677 0.0111453 0.0347767 -0.0423743 -0.0489273 0.000221503 0.0321674 -0.0480347 -0.0509481 -0.00303105 -0.0342654 -0.0497081
internal_weight=405 364.994 347.996 300.544 261.081 39.4628 40.0058 47.4528 8.73606 45.5038 16.9974 31.2697 2.1065 6.17095 14.8909 30.1889 1.28719 2.56511 14.5867
internal_count=31857 22159 18278 17267 13925 3342 9698 1011 803 946 3881 8895 207 194 3674 8863 145 609 3658
is_linear=0
shrinkage=0.05


Tree=58
num_leaves=26
num_cat=0
split_feature=46 45 7 0 4 37 1 5 1 17 6 0 1 0 29 25 44 0 30 19 45 22 7 7 32
split_gain=23.8122 13.5073 12.4055 10.9902 16.2953 12.8783 8.46009 7.1951 7.05482 6.62854 5.06145 6.02719 5.15194 4.80455 4.75996 4.73053 4.37028 4.07326 3.35422 2.9548 2.00754 1.89556 0.818503 0.736698 0.5365
threshold=0.00035788904642686253 0.0038653422379866247 0.91380706429481517 0.38286139070987707 -0.0026418661000207062 0.032723335549235351 0.63262799382209789 0.0031062887283042078 0.84790217876434337 0.22500000149011615 0.0088141821324825304 0.33964709937572485 0.65621289610862743 0.20245205610990527 -0.3611097633838653 -0.00068745922180823971 6.936556577682496 0.27931636571884161 0.0013260885607451203 0.032738506793975837 0.0028478305321186785 1.0000000180025095e-35 0.30233164131641393 0.99703854322433483 0.0065449539106339225
decision_type=2 2 2 2 2 2 2 2 2 2 2 2 2 2 2 2 2 2 2 2 2 2 2 2 2
left_child=7 2 6 4 -4 -5 14 10 15 17 20 12 -12 -8 -2 18 -17 -10 -3 -13 22 24 -1 -22 -9
right_child=1 8 3 5 -6 -7 13 21 9 -11 11 19 -14 -15 -16 16 -18 -19 -20 -21 23 -23 -24 -25 -26
leaf_value=0.01091796569189921 0.027802692943522323 0.015374407983735391 0.04609274142433234 -0.040014442591980837 -0.0063278425039527721 -0.0025708311837471139 -0.010836652291806562 -0.050408039885692313 0.0047525712604213552 0.035279348513233007 0.035271236402900384 0.012008025185848495 -0.03905409504580612 0.046802184894561852 -0.017230369136710631 -0.00052417899559683439 0.030864725599676068 -0.074340957079523221 0.044345710402467604 -0.046780040021195117 0.025543520549098232 0.0062041855357510105 -0.04828537437291322 -0.014941963065642126 0.0057310064355574619
leaf_weight=0.26759991981089015 7.938691786053826 16.49679941253271 17.872049978788709 41.622513857582817 68.326956660661381 50.10862279907451 3.8574644300970276 26.209677598526476 2.3032694500288908 2.7680464237928391 11.536529456556311 2.6237534342217241 1.9933463687193569 23.229280744650168 16.09399256168399 27.404757774900645 17.588704312569462 3.7487268003169447 31.875757489411626 5.7507608470041305 0.88948002475080934 1.3832809277810145 9.708272024523465 1.7820295894052833 0.23599257756722991
leaf_count=7 371 363 522 5187 4620 3688 160 10121 85 61 339 277 231 623 815 377 220 63 684 840 28 28 2065 96 15
internal_value=-0.000208542 0.00514981 -0.00161011 -0.00785632 0.00494472 -0.019809 0.0198645 -0.0282932 0.0201709 -0.0208137 -0.0124756 0.00231352 0.0223867 0.0385002 -0.00183824 0.0242221 0.0121506 -0.0478341 0.034977 -0.0290454 -0.0363819 -0.0468181 -0.0458472 0.0018235 -0.0497165
internal_weight=393.616 331.236 229.05 177.93 86.199 91.7311 51.1194 62.3807 102.186 8.82004 34.5518 21.9044 13.5299 27.0867 24.0327 93.366 44.9935 6.052 48.3726 8.37451 12.6474 27.829 9.97587 2.67151 26.4457
internal_count=31886 17839 15986 14017 5142 8875 1969 14047 1853 209 3883 1687 570 783 1186 1644 597 148 1047 1117 2196 10164 2072 124 10136
is_linear=0
shrinkage=0.05


Tree=59
num_leaves=26
num_cat=0
split_feature=46 25 2 24 24 29 1 31 2 32 4 24 1 43 7 41 7 31 2 4 21 16 22 4 2
split_gain=21.0668 13.428 10.9625 10.8645 9.86274 11.7849 10.5067 7.90092 6.23248 5.88146 5.11327 4.8316 4.19955 3.28033 2.41667 2.38789 2.33078 1.66266 1.54613 1.2747 0.931091 0.440773 0.302939 0.36552 0.0849521
threshold=0.00044673070078715687 -1.0000000180025095e-35 0.1426937207579613 0.37410356104373937 0.10399341955780984 0.52230322360992443 0.87684962153434765 0.096260275691747679 0.17218530178070071 0.0020018692594021563 -0.0038553237682208415 0.30491694808006292 0.75056001543998729 0.0039742316585034141 0.90810120105743419 0.0029263891046866779 0.93085125088691723 -0.11524029076099394 0.16612013429403308 -0.0027138084406033154 0.92185488343238842 0.99190980195999157 1.0000000180025095e-35 -0.0011640054290182886 0.11824106797575952
decision_type=2 2 2 2 2 2 2 2 2 2 2 2 2 2 2 2 2 2 2 2 2 2 2 2 2
left_child=1 2 9 4 7 6 -6 10 -7 13 -2 12 -4 -1 22 -13 -11 -16 -3 -19 21 -20 23 -5 -9
right_child=3 18 11 14 5 8 -8 24 -10 16 -12 15 -14 -15 17 -17 -18 19 20 -21 -22 -23 -24 -25 -26
leaf_value=-0.04931175821596491 0.03237189865763853 -0.050989363258510889 0.035863203565672297 0.014221481863592275 0.020016666862569223 -0.023687188867229019 -0.023038194069809701 0.011486080555342554 0.03411439849374872 0.032707354450384502 -0.030471113677481367 -0.038708605131514494 -0.021279583414861171 0.025163157107558776 0.014598049662524225 0.017019320023306871 -0.014571526265756085 0.010757834307992117 -0.014833711204549621 -0.050898803161166788 -0.031654296923407911 0.022030720050565951 0.024642865338966084 -0.02036972245252017 0.041634352289415671
leaf_weight=17.233963551087079 2.8025988128501913 27.882975448810615 18.053387213993126 0.53023049072362471 191.54401968553429 28.574824235402048 14.474066057970047 1.2659991299733508 4.6275225127465083 3.322422477824146 29.489276256237645 4.346945633966242 3.1754260405723462 1.0115874654147763 0.74325754004530509 2.2825660009402782 5.6205173342023045 0.56353170337388192 0.39541950760758426 10.880691214551915 1.4150236308632882 1.4032360580749808 0.84715455537661899 0.58083882386563246 3.9893140641506761
leaf_count=4812 31 10529 721 21 6331 1839 829 73 91 137 1315 801 358 21 24 194 1043 32 104 1829 338 151 18 87 99
internal_value=3.24867e-05 -0.0215414 -0.00642799 0.00647273 0.00870094 0.0124429 0.0168951 -0.0148439 -0.0148693 -0.028509 -0.0242085 0.0153633 0.026743 -0.0440897 -0.0348194 -0.0198054 0.00451617 -0.0426499 -0.0472611 -0.0472422 -0.0104897 0.0115219 0.0118585 -0.00494494 0.0373689
internal_weight=377.057 86.1435 55.0468 290.913 276.768 239.22 206.018 37.5472 33.2023 27.1885 32.2919 27.8583 21.2288 18.2456 14.1457 6.62951 8.94294 12.1875 31.0967 11.4442 3.21368 1.79866 1.95822 1.11107 5.25531
internal_count=31828 19209 8087 12619 10608 9090 7160 1518 1930 6013 1346 2074 1079 4833 2011 995 1180 1885 11122 1861 593 255 126 108 172
is_linear=0
shrinkage=0.05


Tree=60
num_leaves=24
num_cat=0
split_feature=34 0 2 25 29 24 37 2 19 37 3 22 3 3 5 38 34 24 6 36 37 14 21
split_gain=19.8601 18.6722 13.0401 21.2234 11.96 11.7902 9.42233 8.62743 8.438 6.57423 5.99107 4.3 5.62722 4.08588 3.30402 3.08316 2.108 1.68144 1.27534 1.57899 0.522758 0.153164 0.0435081
threshold=0.25069467723369604 0.73028257489204418 0.12941937148571017 -0.00178476155269891 -0.56130871176719654 0.21566296368837359 0.029798674397170547 0.16612013429403308 0.0049973130226135263 0.0017485066200606527 0.00039403008122462785 1.0000000180025095e-35 -0.003704214701429009 0.0015360183897428217 0.0044545177370309838 0.0026924398262053732 0.35556218028068548 0.12694765627384189 -0.18377802520990369 0.00031965668313205248 0.018256118521094326 0.0049758499953895816 0.99053800106048595
decision_type=2 2 2 2 2 2 2 2 2 2 2 2 2 2 2 2 2 2 2 2 2 2 2
left_child=1 2 5 13 9 10 -5 11 -7 -2 -1 12 -6 -4 17 21 -13 -11 -17 -20 -9 22 -3
right_child=4 15 3 6 7 8 -8 20 -10 14 -12 16 -14 -15 -16 18 -18 -19 19 -21 -22 -23 -24
leaf_value=0.021741041808524084 -0.036450436784764735 -0.050874159009232013 0.049002904446116581 -0.01376094573961621 0.041536120054673373 0.033256845304529922 0.010765531792759948 0.01644398962817353 -0.044612111096598232 0.01986511844590624 -0.027480633350039044 -0.013859734552347234 -0.032515529800647543 -0.006887794666005316 -0.015977059720576389 0.01900280562488163 0.034805242511004697 0.047931469446374254 0.011519705052914013 -0.041263482201172583 0.050099085690984424 -0.0021262946709933949 -0.002667370930773745
leaf_weight=17.264820382057227 2.2012810086016534 24.431560326076589 26.429952565114949 86.594265179723152 2.0504700086894472 3.1148315033351528 69.859938275098102 3.0659860976738837 36.665037889586529 8.5921744892839325 8.3700182422180642 2.8833588683046392 20.286397262971153 3.4527814697357817 2.0007571505848309 1.856875105469953 4.8705360465683043 36.825931642495561 1.7023025961825613 2.7678544954978861 5.4753297173301689 0.25367333082249288 0.16096651289262709
leaf_count=1120 33 7605 384 8848 55 150 2854 29 7307 213 858 77 687 139 67 79 90 807 143 193 79 45 67
internal_value=-0.000234417 -0.00670091 -0.0021085 0.00464907 0.0203391 -0.0211379 -0.00281056 -0.00059703 -0.0378488 0.0363288 0.00524134 -0.0133458 -0.0242292 0.0425311 0.0403904 -0.0425704 0.0171927 0.0431642 -0.00956136 -0.0227315 0.0410079 -0.050281 -0.0506752
internal_weight=371.177 282.925 251.752 186.337 88.2522 65.4147 156.454 38.6321 39.7799 49.6201 25.6348 30.0908 22.3369 29.8827 47.4189 31.1732 7.75389 45.4181 6.32703 4.47016 8.54132 24.8462 24.5925
internal_count=31929 29792 21660 12225 2137 9435 11702 1017 7457 1120 1978 909 742 523 1087 8132 167 1020 415 336 108 7717 7672
is_linear=0
shrinkage=0.05


Tree=61
num_leaves=31
num_cat=0
split_feature=7 1 32 1 29 2 29 9 30 0 1 1 25 3 9 9 2 39 17 1 39 2 24 24 6 3 2 3 4 45
split_gain=16.0287 14.4334 16.259 10.8273 11.7567 10.203 12.2582 10.0601 9.64181 8.00657 7.83358 7.19134 6.95263 7.95526 6.29914 6.06901 4.97391 4.42351 3.68674 3.66739 3.42644 3.12359 2.70771 2.35746 1.96631 1.6482 1.38313 1.22057 0.631372 0.59193
threshold=0.91380706429481517 0.34008847177028662 0.0027532156091183428 0.1062758155167103 0.065006341785192504 0.16402689367532733 -0.57121208310127247 0.019736363552510742 0.00076521301525644969 0.42842167615890508 0.50689861178398143 0.65195709466934215 -0.0010021238122135399 -0.0028208490693941708 -0.077645044773817049 0.020428469404578212 0.13773247599601748 0.0026653243694454436 0.59166666865348827 0.45411902666091924 0.00031364778988063341 0.16806118190288546 0.33498856425285345 0.24060026556253436 0.49194628000259405 0.0026169597404077653 0.12171111628413202 0.0017017101054079833 0.0018438420956954362 0.0030764973489567642
decision_type=2 2 2 2 2 2 2 2 2 2 2 2 2 2 2 2 2 2 2 2 2 2 2 2 2 2 2 2 2 2
left_child=7 3 8 14 9 6 -4 12 11 -5 20 -3 26 18 23 -10 -16 -6 -14 -7 24 -15 28 -2 -9 -22 -1 -28 -12 -24
right_child=1 2 5 4 17 19 -8 10 15 -11 22 -13 13 21 16 -17 -18 -19 -20 -21 25 -23 29 -25 -26 -27 27 -29 -30 -31
leaf_value=-0.011990892823058251 0.054296392573484988 0.019500756295456171 0.011060742072469031 0.033770697772800021 -0.037540580737411719 -0.016784221930429173 -0.031693712320375621 -0.057524042855782345 -0.051582683339356651 0.0031898523153742644 0.057603084404363625 -0.044940698227338149 0.052904660430259709 -0.042354171175073896 -0.046565225916093834 -0.014832525595390231 0.030150939440086167 0.018960961137382042 -0.012470244048101882 0.042241714539422603 0.027557542521211387 0.020522987365635705 -0.022481638154798606 -0.020548398475541043 0.004537302910286904 -0.024360904405125575 0.041512473464350629 -0.0039871387235812057 0.02312944640082807 0.017855415665483217
leaf_weight=1.3030722045805294 2.1721086639445306 12.999359829496827 33.972369492141297 48.600850495015038 12.953863156726586 2.6074770634004407 31.387224303354742 1.9000110040651628 43.382075182220433 38.051673054462299 22.963414308673244 5.267661117395618 3.9243548101221704 14.406309626923759 15.540301773085959 16.426004615175771 1.7273748029256228 3.9178066529275375 3.2790932222851552 14.424201780086149 8.0848818056401779 1.6601633064274199 1.1051855779660389 0.93420788255752985 2.0378757827566005 1.0335758026340034 8.999885481753152 1.5345203971955914 3.3905700500763478 0.65953103452920903
leaf_count=119 31 314 1114 1604 2829 118 1577 51 11299 2483 495 802 74 1429 2865 2230 45 280 574 196 348 98 98 155 78 50 263 77 103 19
internal_value=-0.000810073 -0.00627826 -0.0161343 0.00651374 0.0130978 -0.000583454 -0.00963916 0.0193916 -0.0323299 0.0205313 0.0358506 -0.000450249 -0.00037024 -0.0161009 -0.0259886 -0.0418993 -0.0376605 -0.0240934 0.0252528 0.0327754 0.00339922 -0.0350352 0.0502846 0.0322647 -0.0309923 0.0198466 0.0293982 0.0351136 0.0541756 -0.0064008
internal_weight=360.647 284.365 160.466 123.898 103.524 82.3913 65.3596 76.2824 78.0751 86.6525 41.175 18.267 35.1074 23.2699 20.374 59.8081 17.2677 16.8717 7.20345 17.0317 13.0563 16.0665 28.1187 3.10632 3.93789 9.11846 11.8375 10.5344 26.354 1.76472
internal_count=31818 27942 17650 10292 7196 3005 2691 3876 14645 4087 1242 1116 2634 2175 3096 13529 2910 3109 648 314 527 1527 715 186 129 398 459 340 598 117
is_linear=0
shrinkage=0.05


Tree=62
num_leaves=25
num_cat=0
split_feature=22 46 1 7 24 24 35 17 29 2 24 25 20 30 46 30 43 2 16 25 9 2 33 37
split_gain=17.8348 16.3035 12.417 12.9796 9.98973 13.6382 9.51981 7.53203 6.5914 5.73331 4.29838 4.21874 4.21812 4.19388 3.43203 2.46544 2.07631 1.73308 1.50549 1.16768 1.04452 0.97134 0.579868 0.495852
threshold=1.0000000180025095e-35 0.0003772465570364148 0.79274797439575206 0.96706482768058788 0.10714414715766908 0.28098160028457647 0.05175472982227803 0.70833334326744091 0.010401027742773296 0.1670140624046326 0.17903463542461398 -0.0008697205630596726 0.99723586440086376 0.0022033506538718943 0.0068815369158983239 0.0038509962614625697 0.0024662176147103314 0.16612013429403308 0.81812724471092235 -4.5672361011384048e-05 -0.06233656965196132 0.11051005497574808 0.0044417965691536674 0.0194179080426693
decision_type=2 2 2 2 2 2 2 2 2 2 2 2 2 2 2 2 2 2 2 2 2 2 2 2
left_child=1 7 4 11 6 -6 -3 10 14 -5 19 -4 -12 18 15 21 17 -15 -10 -1 23 -2 -22 -9
right_child=8 2 3 9 5 -7 -8 20 13 -11 12 -13 -14 16 -16 -17 -18 -19 -20 -21 22 -23 -24 -25
leaf_value=0.035604267636440277 0.0046861833249886081 0.0062837795669967531 0.036581594855305391 -0.05249530997807958 0.018291676274271165 -0.011424122043127498 -0.047040801986631325 0.020036112751395597 -0.065921974575303424 0.032186504615882176 -0.03584630266248693 -0.026448118576776137 0.012875142505414029 -0.033729262219395637 -0.011220942690789236 -0.0082355633295372425 0.041554717268392924 0.02654920581481603 -0.0051434531635921946 -0.012614545013457101 -0.05106657484902144 0.049902761859100697 0.0012250040471370549 -0.019727581975375223
leaf_weight=4.5094191138050519 1.4694054512074277 16.311382307612803 7.6541506858193316 23.133738320437264 126.7793626737257 54.533990471594734 15.75316176828346 0.52345810466795473 1.8096792132128015 1.5244402420939867 13.149550716174419 2.9900935679615923 5.8561638405808472 1.8838984335307034 2.6673229811713091 1.8145846882835019 3.1483082305639982 1.1031377539038656 1.8868775496957821 1.070418528746816 25.551421186755764 26.830682787112892 0.49374360375804727 0.61597533524036407
leaf_count=85 86 772 230 2453 5560 5374 795 16 19 8 3011 294 776 106 34 41 52 15 65 154 10716 703 77 293
internal_value=-0.000838196 -0.00515953 0.00019612 -0.0268468 0.00477461 0.00934036 -0.0205447 -0.0304018 0.0290492 -0.0462096 -0.00972789 0.018125 -0.0209408 -0.00638129 0.0395498 0.0442627 0.0183518 -0.0103925 -0.0425989 0.0258428 -0.0480906 0.0477951 -0.0500666 -0.000633396
internal_weight=343.064 300.45 248.68 35.3024 213.378 181.313 32.0645 51.7702 42.6139 24.6582 24.5856 10.6442 19.0057 9.8319 32.782 30.1147 6.13534 2.98704 3.69656 5.57984 27.1846 28.3001 26.0452 1.13943
internal_count=31735 30614 15486 2985 12501 10934 1567 15128 1121 2461 4026 524 3787 257 864 830 173 121 84 239 11102 789 10793 309
is_linear=0
shrinkage=0.05


Tree=63
num_leaves=29
num_cat=0
split_feature=43 2 2 37 0 27 1 7 30 0 20 21 38 1 3 21 21 32 40 39 25 1 7 31 43 31 34 35
split_gain=15.7641 8.59575 7.77725 9.23371 8.03247 7.21594 10.1847 10.6741 6.62463 6.46728 5.83708 5.43107 4.33138 3.70727 3.41683 3.24031 2.511 2.2502 2.22668 2.22148 2.13002 1.3846 1.33607 0.976874 0.34155 0.271962 0.266068 0.0138584
threshold=0.0013918955228291454 0.1087399832904339 0.13706316053867343 0.047963431105017669 0.38532087206840521 1.0029018521308901 0.30242420732975012 0.91380706429481517 0.0036659907782450323 0.89921107888221752 0.98805412650108349 0.84087085723876964 0.0041851773858070382 0.68742844462394725 -0.0006892025121487676 0.56912806630134594 0.91285482048988353 0.0040293310303241023 0.20370239764451983 0.0019855591235682373 -4.5672361011384048e-05 0.75828197598457348 0.67930427193641674 0.11900128424167634 0.0031767425825819377 0.061415445059537895 0.573562651872635 0.01499452441930771
decision_type=2 2 2 2 2 2 2 2 2 2 2 2 2 2 2 2 2 2 2 2 2 2 2 2 2 2 2 2
left_child=2 23 10 4 8 6 11 -8 -4 15 14 -3 -6 20 16 -7 -1 22 -11 -16 -5 -15 -12 26 27 -19 -2 -25
right_child=1 5 3 13 12 9 7 -9 -10 18 17 -13 -14 21 19 -17 -18 25 -20 -21 -22 -23 -24 24 -26 -27 -28 -29
leaf_value=0.028697385348425156 -0.046992593159069201 0.034278531134810518 0.012487196817782873 0.022316008362800906 -0.041510106896981064 -0.0082041797679374816 0.021808453308910274 -0.01775291481517979 -0.036359059518032762 -0.058455419296582017 0.006895414301412009 0.0031148744671357191 0.0058750589996685422 0.064086720383467605 -0.040903156336586449 0.03358165547070488 -0.019484391495349859 -0.010091020367425629 0.016062959340577023 0.0075364204366141635 -0.022162368274859331 0.016156041253160339 -0.054369183057641185 -0.0011885502237292975 0.017304225321821822 0.016022205274327017 0.0030854504647773069 -0.017069700626587397
leaf_weight=6.0817300167691446 6.6285521465906623 31.542499608098296 31.136072447508923 5.3870411625830457 23.452068423139284 4.7250117890071115 22.865414132465958 59.042833933315706 7.8562303197541032 2.0959766478044908 0.70830766821746394 24.892793170292862 5.7229574909433714 5.0476925721159187 7.8808788282331061 49.36025207885541 3.4986483505781507 1.2983242454647546 0.95709974458441127 2.8500271169032203 3.6729691505170212 3.1599092789692804 20.150958500205888 0.32934260240290292 0.56515043723629788 0.77093640854582179 0.15165554522536684 0.43595913238823414
leaf_count=392 2189 538 1739 285 6127 104 863 4006 1790 130 70 1511 238 68 996 1437 560 146 24 225 229 145 7863 19 31 16 14 66
internal_value=0.00011189 0.00875607 -0.0135272 -0.00465635 -0.0129573 0.0109189 0.00466971 -0.00657917 0.00198251 0.0257089 -0.0305532 0.0208263 -0.0323284 0.0270289 -0.0102606 0.0298485 0.0109234 -0.0473493 -0.0368954 -0.0284923 0.00387367 0.0493923 -0.0520686 -0.038849 0.000425811 0.00168831 -0.0456199 -0.0147801
internal_weight=332.267 203.593 128.675 85.4349 68.1673 195.482 138.344 81.9082 38.9923 57.1383 43.2398 56.4353 29.175 17.2676 20.3113 54.0853 9.58038 22.9285 3.05308 10.7309 9.06001 8.2076 20.8593 8.11066 1.33045 2.06926 6.78021 0.765302
internal_count=31821 10932 20889 10621 9894 8613 6918 4869 3529 1695 10268 2049 6365 727 2173 1541 952 8095 154 1221 514 213 7933 2319 116 162 2203 85
is_linear=0
shrinkage=0.05


Tree=64
num_leaves=20
num_cat=0
split_feature=46 1 34 0 24 1 17 9 24 40 6 29 22 27 0 45 34 25 9
split_gain=15.0174 11.456 11.1727 12.4509 8.89293 5.57082 5.28957 4.75838 4.54597 4.45686 4.32901 4.13194 3.43765 3.37973 1.80235 0.776655 0.494326 0.191083 0.022415
threshold=0.00034099339973181492 0.90763583779335033 0.25069467723369604 0.7079855501651765 0.17543803900480273 0.84790217876434337 0.69166666269302379 0.092557728290557875 0.14227212965488437 0.17569567263126376 0.11719202250242235 -0.69761627912521351 1.0000000180025095e-35 -0.10867371037602423 0.23390356451272967 0.0027738856151700024 0.20394910871982577 -0.0021826107986271377 0.015781466849148277
decision_type=2 2 2 2 2 2 2 2 2 2 2 2 2 2 2 2 2 2 2
left_child=6 2 3 4 -2 11 8 -3 18 -5 15 -4 16 -7 -12 -10 17 -8 -1
right_child=1 7 5 9 -6 13 12 -9 10 -11 14 -13 -14 -15 -16 -17 -18 -19 -20
leaf_value=0.014756350202107447 -0.011202602550103536 -0.06452870818023311 0.04070532907974652 -0.047947227958955785 0.011919414840793398 -0.046341880389777872 0.002431995017041633 0.020721021223342326 -0.045703031266370833 0.0018574209432176804 0.02741200414337442 0.014740526021385859 0.016922358796891451 0.009843889806752942 -0.023685249786238326 -0.0018161647902226006 0.00071834918382197377 -0.050700229600517871 0.038396213940457218
leaf_weight=2.1858414476009811 63.540403187769698 7.3898249421763449 29.630686387652531 16.330696662640552 116.12018708929827 3.3938905129616614 0.080503953271555129 1.5251638293848371 8.2170061697979673 5.9654052629048229 4.1758303349779444 34.318857033154927 1.6693764613009978 6.1578139511402679 1.6879723609890787 1.2272041662363324 0.45515053631970559 20.580983888663468 2.2637903661234304
leaf_count=65 3567 995 819 4357 7620 70 11 66 2542 402 153 911 47 164 351 159 70 9597 17
internal_value=-0.000670507 0.00350486 0.00538691 -0.000714623 0.00372513 0.0219364 -0.0280193 -0.0493254 -0.00841844 -0.0351141 -0.0212825 0.0272127 -0.0439466 -0.0126198 0.0113952 -0.0407202 -0.0493062 -0.0503905 0.0316221
internal_weight=326.917 284.373 275.458 201.957 179.661 73.5012 42.5437 8.91499 19.7576 22.2961 15.308 63.9495 22.786 9.5517 5.8638 9.44421 21.1166 20.6615 4.44963
internal_count=31983 18971 17910 15946 11187 1964 13012 1061 3287 4759 3205 1730 9725 234 504 2701 9678 9608 82
is_linear=0
shrinkage=0.05


Tree=65
num_leaves=28
num_cat=0
split_feature=46 2 29 9 2 35 25 33 17 24 33 0 25 0 2 2 31 22 9 35 13 43 22 9 31 24 25
split_gain=13.7866 10.7463 10.9466 11.767 10.549 11.0595 6.72397 6.0445 5.76608 5.30395 5.12098 4.88404 4.57032 3.37981 2.45781 2.06948 1.68469 0.924172 0.904137 0.744359 0.709587 0.680926 0.533532 0.465242 0.238241 0.155736 0.0183786
threshold=0.00035788904642686253 0.12249197438359262 0.75231909751892101 0.024349199607968334 0.1756609529256821 0.032617669552564628 -0.0012368396855890749 0.0044417965691536674 0.25833334028720861 0.21116916090250018 0.0013471433776430788 0.449525997042656 0.00071131362346932303 0.7079855501651765 0.14185636490583423 0.10969382524490358 0.12875780463218692 1.0000000180025095e-35 -0.06233656965196132 0.072330571711063399 0.36784218251705175 0.0026448977878317241 1.0000000180025095e-35 0.0038033097516745333 0.0048721991479396829 0.22155421227216723 0.00076723677921108912
decision_type=2 2 2 2 2 2 2 2 2 2 2 2 2 2 2 2 2 2 2 2 2 2 2 2 2 2 2
left_child=8 7 3 6 5 -4 -3 11 9 24 17 16 -5 -13 21 22 -2 18 -10 -16 25 -12 -9 -17 -1 -11 -6
right_child=1 2 4 12 26 -7 -8 15 10 20 14 13 -14 -15 19 23 -18 -19 -20 -21 -22 -23 -24 -25 -26 -27 -28
leaf_value=0.012458652952206925 -0.05062451808847588 0.021749144543539038 0.031844954880342745 0.033499646315141761 0.019841649972438785 -0.047437502603718477 -0.0030336488952264901 -0.028452563460390358 0.00078999790249131916 0.00037437165173948505 -0.03431487870920575 0.0062612605390032997 -0.0062520089494848543 -0.040083180112988809 -0.0059273116696048414 0.0015748984435312214 0.015497938928875965 -0.0014207329465293012 -0.048481272686762382 0.036625900303975618 0.0089359057525387094 0.013172634966574502 0.013670491834523887 0.039986302924536227 0.041002464709867209 -0.041076598170715142 0.04846399909202611
leaf_weight=2.2459352951263991 15.173950452139248 37.269228054763516 4.7640878905658672 63.669082513108151 2.3776377068425054 20.724777141047525 95.419577690598089 1.5432601856591635 0.93346373084932821 0.2198517840879507 2.6298360343062082 11.865145482530354 7.818351339083164 4.7328785689169299 1.0606945086765338 1.0216567084717096 0.59001139993779439 1.2435296855401237 24.431686085488767 2.8673849993356271 0.53218357090372581 0.38691378635121498 0.37615006696432818 4.4040690350811929 4.0065761976875365 3.443712174979737 2.8642403002013452
leaf_count=60 2459 1228 198 2144 66 1944 6329 362 263 22 1261 955 365 1488 311 61 28 42 11010 75 36 27 19 216 41 858 32
internal_value=0.000458515 0.00464667 0.00872531 0.012921 -0.0186796 -0.0319762 0.00403788 -0.0191041 -0.0252021 0.00675539 -0.0350609 -0.0282776 0.0291259 -0.0084805 0.00291309 0.0198586 -0.0473728 -0.0447186 -0.0467068 0.0262642 -0.0324081 -0.0264612 -0.0183426 0.0341242 0.0338809 -0.0390422 0.0407401
internal_weight=318.616 274.614 234.907 204.176 30.7307 25.4889 132.689 39.7071 44.0018 10.4483 33.5535 32.362 71.4874 16.598 6.94483 7.34514 15.764 26.6087 25.3651 3.92808 4.19575 3.01675 1.91941 5.42573 6.25251 3.66356 5.24188
internal_count=31900 17894 12306 10066 2240 2142 7557 5588 14006 1017 12989 4930 2509 2443 1674 658 2487 11315 11273 386 916 1288 381 277 101 880 98
is_linear=0
shrinkage=0.05


Tree=66
num_leaves=26
num_cat=0
split_feature=43 46 1 24 38 0 24 2 17 5 45 37 6 24 17 24 24 27 38 6 22 3 24 30 37
split_gain=14.3193 9.12215 8.92535 7.07681 11.0491 9.70854 7.76494 6.15252 5.48157 4.72237 4.20333 3.42957 3.41424 3.06818 2.97977 3.54312 2.62577 2.60622 2.42823 2.39545 2.37574 1.97423 1.42895 1.04973 0.321766
threshold=0.0030795731581747536 0.00033176051510963594 0.84790217876434337 0.28098160028457647 0.0053900324273854503 0.37992922961711889 0.17543803900480273 0.15541445463895801 0.22500000149011615 0.0044245817698538312 0.0033727566478773956 0.044760059565305717 0.46763075888156896 0.11082521826028825 0.72500002384185802 0.14650183916091922 0.079630140215158476 1.0377998352050783 0.021482250653207306 0.11719202250242235 1.0000000180025095e-35 0.0002017185324802995 0.18243534117937091 0.0026612040819600229 0.07336346805095674
decision_type=2 2 2 2 2 2 2 2 2 2 2 2 2 2 2 2 2 2 2 2 2 2 2 2 2
left_child=1 14 9 5 12 7 -7 -3 21 10 13 17 -5 -2 15 -1 -12 -11 -6 -17 24 -4 -13 -10 -16
right_child=2 3 8 4 18 6 -8 -9 23 11 16 22 -14 -15 20 19 -18 -19 -20 -21 -22 -23 -24 -25 -26
leaf_value=0.032245512798235114 -0.031022887272934237 0.0054760559878084753 -0.070223997766417537 -0.03529862260818193 0.028388689866589968 -0.024585830027358591 0.0074589210295831574 0.041746055677399932 0.032304375912464794 -0.043583181993467411 0.0027026004074442219 -0.0063532947432235129 0.013206030832033781 0.015545570302338356 -0.050498991925210325 -0.041443517602221334 0.037497014546500014 0.017389832560084157 -0.020966898104629338 0.0035469300235128776 0.011866534286174795 -0.005341576737865881 0.038437656077910019 -0.014317816844261809 -0.00042782059062120313
leaf_weight=2.5255040017364072 3.6662011789158013 28.940964433990302 4.1783227642881666 38.041354960630997 11.602609087130984 35.869101292802952 38.071534524744493 19.034725304984022 2.4578301194123928 5.3211324147996475 6.3422515331767491 2.659848137293011 3.4904828369180896 13.775969375186831 16.950767178968825 7.0006963596679253 44.387765447259881 1.7980232674162833 2.3316721738374317 4.4610373897303361 1.3444707607850421 1.7418054186273364 3.2089591613039374 1.1462000750470904 0.344170669792219
leaf_count=67 114 1661 98 7634 299 2753 3599 678 90 190 165 72 224 491 8925 2571 1103 51 282 505 34 42 38 50 41
internal_value=-0.00100198 -0.00816723 0.0154996 -0.0036191 -0.0182568 0.00313468 -0.00820684 0.020425 -0.0282506 0.020915 0.0261187 -0.0063131 -0.0310075 0.00460585 -0.0320512 -0.0132463 0.0332834 -0.0279386 0.0192789 -0.0250533 -0.0447697 -0.0546649 0.020168 0.0175877 -0.0495804
internal_weight=300.693 210.009 90.6843 177.382 55.4661 121.916 73.9406 47.9757 9.52416 81.1602 68.1722 12.988 41.5318 17.4422 32.6266 13.9872 50.73 7.11916 13.9343 11.4617 18.6394 5.92013 5.86881 3.60403 17.2949
internal_count=31777 29273 2504 17130 8439 8691 6352 2339 280 2224 1873 351 7858 605 12143 3143 1268 241 581 3076 9000 140 110 140 8966
is_linear=0
shrinkage=0.05


Tree=67
num_leaves=28
num_cat=0
split_feature=46 7 1 36 29 4 24 29 1 5 39 29 24 3 0 2 19 43 9 7 4 27 40 24 46 2 2
split_gain=12.1424 8.19895 8.36548 14.2024 8.85236 8.15431 7.607 6.85878 5.746 5.64529 5.58798 4.95206 3.98423 3.91374 3.76122 2.94773 2.43194 1.87261 1.30644 0.854435 0.719109 0.571822 0.531476 0.406497 0.371785 0.343781 0.145588
threshold=0.00036336717312224215 0.91380706429481517 0.34008847177028662 0.00050041946815326821 -1.2182081937789915 -0.0019191756146028636 0.37410356104373937 0.010401027742773296 0.50689861178398143 0.0013624408748000862 0.0011528530158102515 0.72684144973754894 0.21116916090250018 0.0002017185324802995 0.70548158884048473 0.13348329067230227 0.033285170793533332 0.0028058466268703346 -0.06233656965196132 0.99313086271286022 -0.0027138084406033154 1.8422023653984072 0.19263194501399997 0.180885024368763 0.00034479841997381305 0.16244622319936755 0.15609824657440188
decision_type=2 2 2 2 2 2 2 2 2 2 2 2 2 2 2 2 2 2 2 2 2 2 2 2 2 2 2
left_child=9 8 6 4 -4 -5 7 -3 13 12 18 14 -1 17 -10 23 -15 -2 24 -17 -8 -20 26 -12 -11 -13 -14
right_child=1 2 3 5 -6 -7 20 -9 11 10 15 25 22 16 -16 19 -18 -19 21 -21 -22 -23 -24 -25 -26 -27 -28
leaf_value=0.03543448279197435 -0.0023758996972472186 0.020461189690843505 0.01503503156547307 0.041071866240890938 -0.035727465428587901 -0.0026814381613793916 0.0080526938286214697 -0.018751975276509892 0.043752002324693257 -0.015120277077753902 0.0056098095138046138 -0.034897325869305391 -0.037642001231182963 0.016070439653209055 -0.0079863720826773392 0.032543259596925674 -0.038092290961785784 0.038041704794019367 -0.047973032682112969 -0.016155039179860806 -0.04784435741095637 0.00071289539728173991 0.0079627844692993412 -0.036159702151021565 0.020371777938953794 0.002747510815745043 0.0016695701265242871
leaf_weight=5.2628348494181392 5.1890632247814228 73.663887329981662 9.902185990373253 13.600691524974534 46.294333541576634 38.943815984355751 0.34778655861737195 12.301507926225893 29.956483889603987 0.41667335448437259 0.40690381648892016 1.8344102227711112 2.4500226826494336 2.2205666829249804 3.6450035784800994 4.3198798785160761 6.4765141772513743 5.1099742559017614 23.474726364518581 0.45430165161087632 4.7342829388071541 0.58855222239799232 0.48115653431159433 2.4986435895698378 0.61595279115135781 0.59644936342374411 0.1642004542518406
leaf_count=87 324 2797 687 263 6569 1766 25 1753 851 235 130 123 641 188 290 395 460 213 11316 213 1086 107 45 1226 42 45 12
internal_value=0.000553443 0.00464799 -9.18306e-05 -0.00941509 -0.0266763 0.00919928 0.0110246 0.0146987 0.021551 -0.0243198 -0.0334703 0.0330194 0.0113048 -0.000765768 0.0380709 0.00357321 -0.0240321 0.0192697 -0.0445087 0.025914 -0.043324 -0.0468013 -0.0283558 -0.0303715 0.00565738 -0.027552 -0.0353941
internal_weight=295.951 254.817 199.788 108.741 56.1965 52.5445 91.0475 85.9654 55.0285 41.1338 32.7756 36.0323 8.35821 18.9961 33.6015 7.67973 8.69708 10.299 25.0959 4.77418 5.08207 24.0633 3.09538 2.90555 1.03263 2.43086 2.61422
internal_count=31889 17440 14946 9285 7256 2029 5661 4550 2494 14449 13664 1309 785 1185 1141 1964 648 537 11700 608 1111 11423 698 1356 277 168 653
is_linear=0
shrinkage=0.05


Tree=68
num_leaves=30
num_cat=0
split_feature=2 5 0 37 24 3 24 7 40 4 6 31 0 29 43 33 22 7 29 41 21 7 7 7 7 2 35 21 22
split_gain=11.0268 10.9248 11.4819 9.79658 9.14816 9.62891 9.52487 8.22684 7.5807 7.4629 9.72499 6.69042 5.8185 4.34875 3.176 2.63647 2.73851 2.55248 2.38255 2.20146 1.56881 1.45561 1.37265 1.02864 0.921138 0.471261 0.44279 0.440268 0.140222
threshold=0.12973552942276004 0.0012988719972781839 0.42501328885555273 0.027318176813423637 0.23884790390729907 -0.00023813241568859664 0.11435057595372201 0.99847304821014415 0.18403173983097079 -0.0029985235305503006 0.25236733257770544 0.058328818529844291 0.5921093523502351 0.043180560693144805 0.0059593180194497117 0.0048503074795007714 1.0000000180025095e-35 0.98714569211006176 0.098206922411918654 0.0016715686651878061 0.95134294033050548 0.84901127219200145 0.97795733809471141 0.88550838828086864 0.99998989701271068 0.11136212572455408 0.0024890005588531498 0.76995748281478893 1.0000000180025095e-35
decision_type=2 2 2 2 2 2 2 2 2 2 2 2 2 2 2 2 2 2 2 2 2 2 2 2 2 2 2 2 2
left_child=4 18 9 14 5 6 23 -5 21 17 -11 12 -7 -8 -4 16 -10 -3 20 -20 24 27 -22 -1 -2 -17 -13 -6 -23
right_child=1 2 3 7 8 11 13 -9 15 10 -12 26 -14 -15 -16 25 -18 -19 19 -21 22 28 -24 -25 -26 -27 -28 -29 -30
leaf_value=0.01085788055357992 0.047083536804802331 -0.00078918885633321833 -0.041650835050573244 0.0089424983289891312 0.015592153091698958 -0.055194774748659019 0.047954358209158443 -0.050338427773984666 -0.030144397233507886 -0.0051127245368673448 0.028873917807676393 -0.0017527513841096719 0.013217827557763684 -0.030334587817606812 0.0095398105145980596 -0.0022647908038205752 0.031834119162802772 0.05140752356430818 -0.029620373904763294 0.02754402612700891 0.030184909998162979 -0.054118111849074738 -0.023934388701194392 -0.052142090664253293 0.01445965456210787 0.038151550853958417 0.034734481753505915 -0.018394146029061198 -0.01236484091920537
leaf_weight=0.41169445213745648 19.708421711198763 2.7858501957962281 25.630629139144734 40.815414946657256 0.67997311434010299 11.488712099126134 15.013024626779954 5.8051131087413514 6.2998407371051126 63.424736601766199 30.331178991007619 0.92087799357250233 3.6916311620152547 1.316543777953483 3.0435476517304769 0.75940829428145695 1.4658132777549324 12.775917557359206 2.2229017209028816 2.527846427867189 1.212708329316228 21.29001638706541 1.494676216621883 2.9188905992341461 3.6748845805414012 2.7613450983189978 3.2047458177548833 1.3069199304009087 0.89661420346237619
leaf_count=43 373 288 6414 2969 37 1249 1055 784 776 5495 1188 61 342 516 70 77 44 401 67 49 32 8805 81 234 57 102 118 216 55
internal_value=0.000235893 0.0059719 0.00129963 -0.0136214 -0.0162281 0.000600412 0.024618 0.000658867 -0.0342299 0.0116071 0.00607105 -0.0238657 -0.0387692 0.0402562 -0.036079 -0.000165699 -0.0161485 0.0425799 0.0330203 0.000296925 0.0387478 -0.0494958 0.0019102 -0.0436456 0.0427597 0.0308613 0.0278372 -0.0054369 -0.0530368
internal_weight=289.88 215.454 184.612 75.2947 74.4261 38.9661 19.6602 46.6205 35.4599 109.318 93.7559 19.306 15.1803 16.3296 28.6742 11.2864 7.76565 15.5618 30.8414 4.75075 26.0907 24.1735 2.70738 3.33059 23.3833 3.52075 4.12562 1.98689 22.1866
internal_count=31998 18268 17609 10237 13730 3618 1848 3753 10112 7372 6683 1770 1591 1571 6484 999 820 689 659 116 543 9113 113 277 430 179 179 253 8860
is_linear=0
shrinkage=0.05


Tree=69
num_leaves=26
num_cat=0
split_feature=43 46 4 39 29 29 16 39 6 34 24 35 5 1 36 5 30 24 2 24 2 22 24 0 35
split_gain=12.2587 8.23962 7.69341 6.41278 6.37874 5.28021 7.32352 4.26535 4.24673 3.94242 3.6306 7.10487 2.98274 2.61245 2.29719 2.20915 2.02729 1.99514 1.92175 1.69493 1.58195 0.867199 0.662435 0.482955 0.313662
threshold=0.0030795731581747536 0.00034099339973181492 -0.002945872256532311 0.0002938689867733047 0.79513022303581249 -0.49949845671653742 0.98264595866203319 0.0012490562512539329 0.14727812260389331 0.25069467723369604 0.11082521826028825 0.053027248010039336 0.001104805327486247 0.84790217876434337 0.00058120902394875895 0.0044245817698538312 0.0033460421254858379 0.25334334373474127 0.13348329067230227 0.14650183916091922 0.16612013429403308 1.0000000180025095e-35 0.22558574378490451 0.15284644812345508 0.041323186829686172
decision_type=2 2 2 2 2 2 2 2 2 2 2 2 2 2 2 2 2 2 2 2 2 2 2 2 2
left_child=1 7 3 8 10 9 -7 12 -3 -4 11 16 19 15 -5 -12 -2 -15 22 -1 24 -14 -9 -20 -6
right_child=4 2 5 14 20 6 -8 18 -10 -11 13 -13 21 17 -16 -17 -18 -19 23 -21 -22 -23 -24 -25 -26
leaf_value=0.026873489618545784 0.031143562632368699 0.049628182753015615 -0.0033051441328448071 -0.030474894522479864 -0.0082909747218620038 -0.0014348452210353525 -0.02802889937810309 0.010372033826190237 -0.030215537526808795 0.030521622377316399 0.031940699811172889 -0.050660632778688722 -0.049746699411975716 -0.028288019423390116 0.02071078791577503 0.006326976336131402 -0.020526298056446016 0.020073272835718178 -0.011308954029314755 -0.028390262197852956 0.0049446137872816986 -0.00052680081226465475 -0.034181887114090113 0.030853755798866483 -0.058731221452599472
leaf_weight=1.9798113580909622 7.4545380342751724 13.620123069747935 23.934844285198778 5.0617711355007478 0.74294131029455401 58.38633957944694 45.673210945329629 0.63638426520628799 1.211372621677582 12.310116803855633 45.961589504382573 4.3681549520697436 19.42913517954003 3.3940781268756828 2.573650814476423 10.952011054323519 1.6917867740266954 3.1843506049481221 0.27968611754477057 1.598067063707276 1.497249830747023 0.95842097932472725 1.9020698590247773 3.3389213500558981 2.4960261292289943
leaf_count=27 232 502 3086 807 71 3183 8434 169 132 399 1391 122 10718 101 62 209 100 156 93 429 26 40 1009 354 106
internal_value=-0.00083949 -0.00771228 -0.00318457 0.0233535 0.0152759 -0.0075693 -0.013263 -0.0312899 0.0416102 0.00869468 0.0188625 -0.00440265 -0.0404958 0.023806 -0.0128215 0.0272062 0.0205052 -0.00531854 0.0051941 0.00138014 -0.0361612 -0.0475657 -0.0232377 0.025852 -0.0518467
internal_weight=274.637 192.894 162.771 22.4669 81.7427 140.305 104.06 30.1225 14.8315 36.245 77.0065 13.5145 23.9654 63.492 7.63542 56.9136 9.14632 6.57843 6.15706 3.57788 4.73622 20.3876 2.53845 3.61861 3.23897
internal_count=31958 29444 16605 1503 2514 15102 11617 12839 634 3485 2311 454 11214 1857 869 1600 332 257 1625 456 203 10758 1178 447 177
is_linear=0
shrinkage=0.05


Tree=70
num_leaves=20
num_cat=0
split_feature=2 29 9 1 24 24 4 37 1 2 13 35 6 36 25 34 29 25 45
split_gain=13.3475 16.934 11.4536 9.06751 8.95863 8.30931 5.83706 5.26451 4.15512 3.69287 3.44294 3.30656 5.36053 2.43263 1.52904 1.67865 0.868786 0.325341 0.0627445
threshold=0.17380877584218982 0.5092851221561433 0.027238592505455021 0.76115500926971447 0.10399341955780984 0.35415525734424597 0.0025756714167073373 0.064491268247365965 0.55834957957267772 0.13010288774967196 0.6300388276576997 0.034981053322553642 0.2038148567080498 0.00064860921702347707 0.00090242060832679283 0.25849823653697973 0.80717387795448314 -0.00084188737673684944 0.0020854691974818711
decision_type=2 2 2 2 2 2 2 2 2 2 2 2 2 2 2 2 2 2 2
left_child=1 2 3 4 -1 6 -4 -5 14 -7 11 13 -13 -3 15 17 -12 -2 -10
right_child=8 10 5 7 -6 9 -8 -9 18 -11 16 12 -14 -15 -16 -17 -18 -19 -20
leaf_value=-0.037979987010505013 0.0032342714466230883 -0.025070182899835366 0.029618969872558305 -0.042457578586730278 0.0044729213172582279 -0.049782556306615253 -0.02013911725774601 0.015688844358046041 0.027488768464391918 0.011415430368302552 0.031951822772554782 -0.061699237306248704 -0.01193290442279548 0.027590863624823842 0.034804990114617414 0.020308436496903559 -0.012944044736327162 -0.038480662152071285 0.069748315337025343
leaf_weight=12.948451512704194 0.38692872738465567 5.9777238043970993 57.112172012784868 20.927531493915016 112.93169882387883 4.9972015729144896 5.8622052539285496 4.1862721052748375 1.9962368621781914 3.6569766776301549 1.650175453803967 17.714971648703798 8.4078805463795998 2.2571651815087534 2.7026429630059283 1.9945732713676987 1.0949841878173172 1.7588677972526059 6.8286657596472651
leaf_count=1048 10 2415 2988 4866 12830 1125 349 337 124 343 37 3969 755 191 66 32 69 226 48
internal_value=-0.000398738 -0.00317045 0.00209215 -0.00572245 -0.000158847 0.0184174 0.0247447 -0.0325354 0.0429812 -0.0254185 -0.0339729 -0.0382385 -0.046712 -0.00921124 0.0112212 -0.00794928 0.0153693 -0.0323217 0.0639598
internal_weight=275.393 259.725 222.623 150.994 125.88 71.6286 62.9744 25.1138 15.6679 8.65418 37.1029 34.3577 26.1229 8.23489 6.84301 4.14037 2.74516 2.1458 8.8249
internal_count=31828 31322 23886 19081 13878 4805 3337 5203 506 1468 7436 7330 4724 2606 334 268 106 236 172
is_linear=0
shrinkage=0.05


Tree=71
num_leaves=26
num_cat=0
split_feature=2 40 5 0 45 37 4 6 3 1 24 33 17 29 19 25 31 46 2 12 0 3 29 31 6
split_gain=10.2839 11.5547 9.32831 10.2988 11.6742 8.72745 6.52562 6.48776 5.90881 6.21149 7.47539 6.01416 4.10681 3.40904 3.39777 2.95768 2.91118 2.47905 1.93553 1.62023 1.42294 0.790157 0.552515 0.247011 0.202998
threshold=0.12973552942276004 0.24441879242658618 0.0012988719972781839 0.41136083006858831 0.0055435129906982192 0.078043173998594298 -0.0033287173137068744 0.23865492641925815 -0.00042916159145534033 0.27447719871997839 0.24060026556253436 0.0035539456875994806 0.091666668653488173 -1.5849825739860532 0.021855473518371586 -1.0000000180025095e-35 0.1429480388760567 0.0048330212011933335 0.13249418139457705 0.0035968957236036663 0.15678255259990695 -5.1487359087332145e-05 0.14348573982715609 0.0053861904889345178 0.43173274397850042
decision_type=2 2 2 2 2 2 2 2 2 2 2 2 2 2 2 2 2 2 2 2 2 2 2 2 2
left_child=1 8 15 6 5 -5 20 -8 9 10 -1 -11 -3 -14 -15 18 19 -6 21 -10 -4 -2 -20 -17 -18
right_child=2 12 3 4 17 -7 7 -9 16 11 -12 -13 13 14 -16 23 24 -19 22 -21 -22 -23 -24 -25 -26
leaf_value=0.044729295476927437 -0.020308098853352014 -0.026999700921786059 0.0040994880412110494 -0.029323602557145563 0.043889133319165184 0.030917250289283573 -0.0023136736333244827 0.026512153532380112 -0.050034074657154072 -0.048611354264031431 -0.024717406898300352 0.025607118068751773 0.064964898049398326 0.03672698552392354 -0.028789834535707166 -0.029956952783602955 0.022644608530376586 0.0024106072258885764 0.044598828934475851 -0.0050240673931691232 0.058754465356045907 0.019264305202903512 0.016393318071421244 0.0020063668052266626 -0.0043871974230959695
leaf_weight=7.4878694967337669 1.5644784452160823 2.4418124133953816 1.5779667000169846 53.440851169150847 7.674045355524866 5.9387463597813612 59.558154844824458 27.93422775324143 24.550791053508881 10.854332011083896 6.252582575987617 2.8545288149034596 4.620349363773129 3.5626601620897409 2.5488405578071252 1.1097541963681568 1.0307233365310811 6.3703436627984047 18.974978905229367 2.426657435244123 7.1818992242333479 1.4847815438406602 3.6303548805008168 0.68111595429945726 0.63443954230751831
leaf_count=628 44 122 58 10132 132 170 5583 1209 5455 3904 2143 350 94 186 210 85 71 91 409 546 173 43 72 21 46
internal_value=-0.000593779 -0.0170264 0.0052372 0.000790249 -0.0132136 -0.0228865 0.0114988 0.00708532 -0.0268685 -0.00974225 0.0135947 -0.0324669 0.0238188 0.0366973 0.00919668 0.0317353 -0.0423988 0.0264858 0.0361122 -0.0463097 0.0503379 -0.00104021 0.0409555 -0.0214374 0.0145636
internal_weight=266.387 69.2656 197.122 169.676 73.424 59.3796 96.2522 87.4924 56.0919 27.4493 13.7405 13.7089 13.1737 10.7319 6.1115 27.4455 28.6426 14.0444 25.6546 26.9774 8.75987 3.04926 22.6053 1.79087 1.66516
internal_count=31977 13755 18222 17548 10525 10302 7023 6792 13143 7025 2771 4254 612 490 396 674 6118 223 568 6001 231 87 481 106 117
is_linear=0
shrinkage=0.05


Tree=72
num_leaves=24
num_cat=0
split_feature=45 22 46 4 24 19 29 25 24 21 1 3 16 24 17 31 7 37 25 3 5 29 2
split_gain=9.58514 8.58739 6.76835 6.70301 7.27354 5.83756 5.32164 4.55561 6.38153 4.25682 3.03001 2.60085 2.59993 2.42103 2.2155 1.84202 1.72848 1.31316 1.19851 1.06635 0.64075 0.562253 0.248964
threshold=0.0038653422379866247 1.0000000180025095e-35 0.00051999892457388352 -0.0029742111219093199 0.16203753650188449 0.028896898031234745 -0.011144007090479134 -3.8838443288113915e-05 0.17543803900480273 0.51395443081855785 0.86708810925483715 0.0033272119471803312 0.99741530418396007 0.070523668080568327 0.22500000149011615 -0.0045084257144480935 0.95840761065483104 0.07336346805095674 -1.0000000180025095e-35 -3.0384333513211456e-05 0.0028767164330929522 -0.97394382953643788 0.11403447762131692
decision_type=2 2 2 2 2 2 2 2 2 2 2 2 2 2 2 2 2 2 2 2 2 2 2
left_child=1 2 7 4 -4 -5 18 8 -1 15 11 13 -9 -11 21 -2 20 -13 22 -17 -8 -12 -3
right_child=9 6 3 5 -6 -7 16 12 -10 10 14 17 -14 -15 -16 19 -18 -19 -20 -21 -22 -23 -24
leaf_value=0.034672749328754075 0.016392080876137929 0.010849846881506635 -0.026560773997180948 0.016637486750347753 0.049415828649091213 -0.013283810465052212 0.023275039040695784 -0.046260703221377111 -0.020394786100005877 -0.007143981529376885 -0.004394083615406586 -0.030294915723937901 0.00048512077245477887 0.029997291827924051 0.025102379560027539 -0.042543178262043013 -0.047219183973156262 0.019221159208394203 0.0017033618200391267 -0.0029340434436012568 -0.012893813066166149 -0.052873720765810733 0.048855571070018866
leaf_weight=5.4134583654231383 2.6759720931004267 1.1408608192577965 3.6416662617993998 19.802243787140469 10.26692896496388 75.487559989473084 1.489904168294742 20.150427631386268 29.557815167638182 4.4523707828484467 1.0336140051076657 2.564445046940818 3.4372920684982082 46.849667512084125 1.196463754866272 3.6516417098464444 1.6524464439717119 1.298000674229115 1.7974665849469609 2.9265393352543452 1.508498021867126 1.580269125872291 10.583422162802888
leaf_count=252 60 97 296 1554 301 5676 51 11116 8384 147 57 93 1963 1269 46 65 100 27 37 72 64 42 293
internal_value=-0.000102377 -0.00598796 -0.00956165 -0.00214586 0.0290757 -0.00695763 0.02578 -0.0231221 -0.0111436 0.0157912 0.0207148 0.0237266 -0.039706 0.0266989 -0.018757 -0.0145462 -0.0176324 -0.0131239 0.0408978 -0.0276341 0.00640469 -0.0402239 0.0463007
internal_weight=254.159 185.93 167.757 109.198 13.9086 95.2898 18.1726 58.559 34.9713 68.229 58.9748 55.1645 23.5877 51.302 3.81035 9.25415 4.65085 3.86245 13.5217 6.57818 2.9984 2.61388 11.7243
internal_count=32062 30184 29542 7827 597 7230 642 21715 8636 1878 1681 1536 13079 1416 145 197 215 120 427 137 115 99 390
is_linear=0
shrinkage=0.05


Tree=73
num_leaves=30
num_cat=0
split_feature=40 24 9 1 9 29 7 1 24 46 4 24 1 39 17 33 1 6 30 24 40 29 9 13 34 31 32 6 3
split_gain=8.69404 13.101 6.27023 10.2688 8.74638 5.73005 5.50848 5.26355 6.79168 4.68174 4.46457 4.41718 4.1434 3.75643 3.65628 3.0277 2.67245 2.37827 2.31792 2.23632 2.22646 2.05582 2.01416 1.78446 1.58625 1.26149 0.911085 0.544679 0.364207
threshold=0.17569567263126376 0.30491694808006292 0.011504209134727718 0.26239226758480078 -0.010591664817184208 -0.71256694197654713 0.97795733809471141 0.53546753525733959 0.23265603184700015 0.0026941637042909865 -0.0030543224420398469 0.22965359687805179 0.69140890240669262 0.00078455879702232789 0.22500000149011615 1.0000000180025095e-35 0.20641668140888217 0.49194628000259405 0.0044394670985639104 0.10064480453729631 0.10522130131721498 0.57061570882797252 0.0038033097516745333 0.35036447644233709 0.39375120401382452 0.038881113752722747 0.02007418125867844 -0.10211719200015067 -0.0017726586665958164
decision_type=2 2 2 2 2 2 2 2 2 2 2 2 2 2 2 2 2 2 2 2 2 2 2 2 2 2 2 2 2
left_child=1 2 3 4 -1 14 18 11 15 -5 16 24 -10 -8 22 -9 -3 20 -4 25 -12 -13 23 -2 -7 -16 -24 -21 -19
right_child=5 10 6 9 -6 7 13 8 12 -11 17 21 -14 -15 19 -17 -18 28 -20 27 -22 -23 26 -25 -26 -27 -28 -29 -30
leaf_value=0.033808628545240901 -0.026059869371783125 0.04251462377611516 0.037325323877556861 -0.030926974977220047 -0.017571802552051277 -0.045332960128574282 0.0073282370238619042 -0.02715229645675838 0.024183637873465613 0.014154564665403324 -0.05283138061025372 0.015756912648060208 -0.035370220602399242 -0.039049922417509458 -0.024491698396727581 0.041236578692366077 -0.029300785987995005 -0.012915652324884914 -0.025295373289029408 0.012799958939080695 -0.020940416685164779 -0.023520170022672836 0.030652395965503555 0.019962266096704425 0.01130291528396774 0.026130948690185615 -0.0073576399442351189 0.051533708099610109 0.020586188267675543
leaf_weight=18.452381106551911 4.8579605223349054 2.2271115890252982 18.681634948559807 38.388764660863671 13.58991996347322 9.2150355115882139 25.491057165359965 1.1148746740073026 3.7263613647373841 6.1461899176356374 20.308398427507203 9.264715879908179 7.0267442517797463 4.2276847818066008 1.4923660314525506 15.082737400443873 1.2751020703872198 0.42413288942771021 0.91784905934764438 1.8052841882163218 10.011560448168892 3.9460236000522846 6.9641091515222779 2.3984222986618988 1.0066565707093094 1.4314917977899311 1.5445880877377929 14.248210319026837 1.3617725144722488
leaf_count=997 186 83 873 9056 2459 588 1765 8 140 111 8249 557 416 671 103 387 730 58 267 157 2229 422 251 88 38 55 64 637 103
internal_value=-0.00116809 -0.00797035 -0.000312338 -0.00922612 0.0121446 0.0116801 0.0134365 0.0008014 0.0156048 -0.0245311 -0.0342978 -0.0161665 -0.0144308 -0.000325793 0.0269925 0.0352243 0.0156672 -0.0400567 0.0333072 0.0412567 -0.0433059 0.00319539 0.00838525 -0.010273 -0.0392451 0.000635831 0.0237043 0.0481839 0.0108497
internal_weight=246.629 161.504 125.895 76.5773 32.0423 85.1256 49.3182 50.3831 26.9507 44.535 35.6081 23.4324 10.7531 29.7187 34.7424 16.1976 3.50221 32.1059 19.5995 18.9774 30.32 13.2107 15.7651 7.25638 10.2217 2.92386 8.5087 16.0535 1.78591
internal_count=31748 27651 16199 12623 3456 4097 3576 2556 951 9167 11452 1605 556 2436 1541 395 813 10639 1140 952 10478 979 589 274 626 158 315 794 161
is_linear=0
shrinkage=0.05


Tree=74
num_leaves=28
num_cat=0
split_feature=34 0 0 2 25 37 29 3 0 2 1 40 39 2 1 7 29 39 34 21 6 41 35 31 32 6 36
split_gain=9.91604 9.50603 8.38344 10.5192 9.76338 5.87841 5.22247 5.1573 4.10641 4.04742 5.06218 3.29138 3.19017 2.7488 2.70963 2.25697 2.04661 1.17425 1.11712 1.05731 0.752531 0.528276 0.477193 0.314768 0.278766 0.233068 0.143634
threshold=0.25069467723369604 0.73028257489204418 0.59804528951644909 0.12903869897127154 -0.00178476155269891 0.027318176813423637 -0.71256694197654713 0.0028033189009875063 0.449525997042656 0.13486734032630923 0.78859341144561779 0.1819427311420441 0.0024843000574037437 0.12249197438359262 0.54541853070259105 0.99950224161148082 0.48672457039356237 0.0055348058231174955 0.077558141201734557 0.51395443081855785 -0.19444953650236127 0.0011846956913359465 0.017201649025082592 0.045672580599784858 0.043698083609342582 -0.48620580136775965 0.00077895945287309598
decision_type=2 2 2 2 2 2 2 2 2 2 2 2 2 2 2 2 2 2 2 2 2 2 2 2 2 2 2
left_child=1 2 3 8 -5 15 13 -7 -1 12 14 24 26 17 -11 -4 -12 23 -13 -15 -20 -21 -14 -2 25 -3 -8
right_child=6 11 5 4 -6 7 9 -9 -10 10 16 18 22 19 -16 -17 -18 -19 20 21 -22 -23 -24 -25 -26 -27 -28
leaf_value=-0.040097623464008046 -0.031111443223463466 -0.0071728433462733823 -0.032822976955979487 0.03544751255566405 -0.0040218590710023932 0.053498948653847724 -0.053527875048230422 -0.027072520333360519 -0.004028287866596687 0.0038793142766022689 0.010165088354764089 0.036902952053381566 0.027925037008499666 -0.0023002511485426843 0.040041968438051967 0.023167948028344491 -0.053610596414050221 0.024970545833492078 0.015951552249027452 0.018217418643749327 -0.024847490639956032 0.04900868642295126 -0.006511189456971116 0.0027387851981982435 0.0040236326018485979 -0.050507606137448147 -0.0084774477493831171
leaf_weight=23.421961106767412 1.5194629352772642 0.68666856761410677 3.8403413600826779 17.864714825627743 91.628388177370653 13.59905093074485 3.5100467101146959 1.6756305765447894 12.015747282857772 9.2741684034699627 1.5567563055083149 0.68098492315038983 1.3370445657055827 1.1464178534224654 11.450110565259818 1.9886624289356403 2.4167250481550582 1.1737204379169268 0.92930853026337068 3.2663498549954992 2.1418076281624958 16.772441032197094 1.2249225539999313 0.73686197027564038 0.10389085579663593 13.443563335000361 0.62601839425042261
leaf_count=6169 121 261 1814 511 9977 682 236 319 1741 381 61 4 50 26 197 447 45 107 69 119 324 554 117 48 2 7397 43
internal_value=0.00108797 -0.00453454 -0.000697822 -0.00504023 0.00268043 0.0280028 0.0193159 0.0435399 -0.0283139 0.00545682 0.014834 -0.0380499 -0.0265552 0.0360894 0.0247826 -0.0131254 -0.0316042 -0.00436751 0.00310236 0.0425413 -0.0116161 0.0450941 0.0142548 -0.0226105 -0.0483892 -0.049015 -0.0496874
internal_weight=240.032 184.021 166.034 144.931 109.493 21.1037 56.011 15.2747 35.4377 31.3958 24.6978 17.9862 6.69803 24.6153 20.7243 5.829 3.97348 3.43005 3.7521 21.1852 3.07112 20.0388 2.56197 2.25632 14.2341 14.1302 4.13607
internal_count=31822 29717 21660 18398 10488 3262 2105 1001 7910 1130 684 8057 446 975 578 2261 106 276 397 699 393 673 167 169 7660 7658 279
is_linear=0
shrinkage=0.05


Tree=75
num_leaves=28
num_cat=0
split_feature=34 2 5 24 0 29 5 2 4 0 34 31 32 31 36 30 45 36 38 6 4 38 1 1 2 7 1
split_gain=9.57535 10.1193 7.94115 7.34857 7.03121 6.37206 6.48586 5.89989 5.25696 4.83117 4.28378 4.26894 3.52709 3.5082 2.8845 2.32072 2.20944 2.15033 2.01611 1.83645 1.54465 1.2404 0.97969 0.876802 1.10706 0.863502 0.786598
threshold=0.25069467723369604 0.12973552942276004 0.003499650396406651 0.24060026556253436 0.73370134830474865 -0.33873300254344935 0.0041220791172236213 0.16972421854734424 0.0023989870678633456 0.56201362609863292 0.37249372899532324 -0.041175095364451401 0.00088731289724819373 0.022765060886740688 0.00077895945287309598 0.0045006712898612031 0.0032789640827104454 0.00055357374367304157 0.0092901401221752184 0.11719202250242235 0.00086222367826849233 0.0026924398262053732 0.87450128793716442 0.55834957957267772 0.1756609529256821 0.72937968373298656 0.89587822556495678
decision_type=2 2 2 2 2 2 2 2 2 2 2 2 2 2 2 2 2 2 2 2 2 2 2 2 2 2 2
left_child=1 3 4 9 8 15 10 11 -3 13 14 -4 -11 -1 -7 18 25 -9 22 -20 -12 -6 -2 24 -8 -5 -18
right_child=5 2 7 16 21 6 23 17 -10 12 20 -13 -14 -15 -16 -17 26 -19 19 -21 -22 -23 -24 -25 -26 -27 -28
leaf_value=-0.039049937782094396 0.046765283350420891 0.019408817155136988 0.02537655564337989 -0.0012370427487727667 -0.045446632041764176 -0.044929469207664344 -0.023280051222905468 -0.0088990999316272603 -0.020772472892348834 0.052838112480152258 0.032804459348813118 -0.02707294941189918 -0.01121551328552252 0.0061482816918589167 0.011003206023037115 -0.017112852990231915 -0.021456503878655386 0.046433104663042714 -0.0097777276758671712 0.031555009903194396 -0.015521151758302402 0.0041470280836183948 -0.0020340083577664795 0.051864469027993569 0.030967789182767332 -0.05438065684352919 0.017250584938804929
leaf_weight=9.6579599754841237 18.153138432971911 64.67462591304502 3.516154411219758 0.84397320575954538 5.2672698533933717 9.6321542625519267 0.83222563870367483 2.3231548073672448 8.4604947518891986 3.8733100935278335 3.679804718529339 38.702522545670945 3.3217247447755653 6.7871516432787748 2.506465809303335 1.7070271192933422 2.4412806022592117 3.8258006605610717 4.1313854996697028 5.1197716785827652 1.8193066757376071 1.3810542477149281 1.0007915705355106 3.7019448286737315 0.97945801168680191 18.873466378627199 1.2080059538857311
leaf_count=2089 756 3735 222 114 2216 460 93 483 725 201 117 9375 787 352 77 79 373 62 151 193 60 93 63 36 6 9001 69
internal_value=-0.00139138 -0.0070426 0.000289899 -0.0266222 0.00994259 0.0169801 -0.0027678 -0.0155113 0.014543 -0.00646461 -0.0176714 -0.0222186 0.0255064 -0.0211128 -0.0334217 0.0317639 -0.0459135 0.0272073 0.0351833 0.0139434 0.0168884 -0.0359493 0.0442411 0.0403015 0.0066313 -0.0522754 -0.00768902
internal_weight=228.421 175.158 128.151 47.0069 79.7834 53.2635 23.1514 48.3676 73.1351 23.6401 17.6377 42.2187 7.19503 16.4451 12.1386 30.1121 23.3667 6.14896 28.4051 9.25116 5.49911 6.64832 19.1539 5.51363 1.81168 19.7174 3.64929
internal_count=31988 29897 16911 12986 6769 2091 849 10142 4460 3429 714 9597 988 2441 537 1242 9557 545 1163 344 177 2309 819 135 99 9115 442
is_linear=0
shrinkage=0.05


Tree=76
num_leaves=26
num_cat=0
split_feature=40 24 2 45 24 29 29 5 29 37 41 25 2 32 7 24 22 46 6 21 30 2 35 33 32
split_gain=9.44034 8.72556 7.03557 6.81352 7.0427 7.44306 5.4726 3.76144 3.75663 3.06754 3.77401 3.05912 4.56496 2.93076 2.48881 2.08112 2.04845 1.78313 1.76377 1.709 1.65499 0.895959 0.829954 0.480831 0.423967
threshold=0.23751655220985415 0.27758213877677923 0.12941937148571017 0.00081734248669818055 0.10714414715766908 0.2729835063219071 -0.37166315317153925 0.0045231035910546788 -1.6552061438560484 0.067676059901714339 0.00066486475407145928 -0.00047817530867177988 0.17077687382698062 0.0041191743221133956 0.99981370568275463 0.20981206744909289 1.0000000180025095e-35 0.0048330212011933335 0.51459828019142162 0.73135498166084301 0.0020726773655042057 0.12391385063529016 0.027382565662264827 0.00060996346292085956 0.003205438377335668
decision_type=2 2 2 2 2 2 2 2 2 2 2 2 2 2 2 2 2 2 2 2 2 2 2 2 2
left_child=1 3 13 16 8 -6 7 17 -5 10 -4 15 14 18 -13 -8 24 21 -3 -17 -11 -2 -15 -19 -1
right_child=6 2 9 4 5 -7 11 -9 -10 20 -12 12 -14 22 -16 19 -18 23 -20 -21 -22 -23 -24 -25 -26
leaf_value=-0.046631995591214351 0.013357252291959358 -0.058312073166105573 -0.033942519468639687 0.021345146490245062 0.016108372218665488 -0.023536054194860483 0.039389405145955639 -0.032252891137676494 -0.031179717311172434 -0.017338573390403424 0.00035974371960884386 -0.050094476758966146 0.036397092436621183 0.015941857437278151 0.019321481781855714 -0.037176063420688292 0.019514177552623302 -0.01468959954866393 0.0083794041573994633 0.013476611891568244 0.041550643708127971 0.048233329680773485 -0.021246255161297981 0.017507774684204818 0.00010126423817085943
leaf_weight=8.0935629616142197 3.0813441502978192 14.777023403134081 12.648622631659235 3.4836511975736384 84.338902519131807 12.843409729321136 4.4844619313953462 1.2445690800523141 16.327797996847949 1.0083485154464131 19.388855208322639 5.9289528148074151 1.840418395004235 1.6766468230343878 1.0258758281415792 1.4674794507154727 0.87845535483211357 1.4772598790877958 0.80849251684412671 4.1580329933640314 3.3380639020469971 18.173302884533769 2.5384665459423559 1.1805830975936258 0.50809948985988818
leaf_count=5010 254 7275 3165 151 5903 2357 93 64 1599 121 3575 322 31 203 45 62 22 50 98 226 128 618 408 41 65
internal_value=-0.000583511 -0.00561267 -0.0218215 0.00170261 0.00512129 0.0106827 0.0199266 0.0347402 -0.0213619 -0.00830589 -0.0138005 -0.000540815 -0.0208853 -0.0450633 -0.0387135 0.0174448 -0.0369501 0.0393817 -0.0545558 -0.00335346 0.0272009 0.0440046 -0.00623351 0.000488594 -0.0441484
internal_weight=226.721 182.658 56.1845 126.474 116.994 97.1823 44.0623 25.1571 19.8114 36.3839 32.0375 18.9052 8.79525 19.8006 6.95483 10.11 9.48012 23.9125 15.5855 5.62551 4.34641 21.2546 4.21511 2.65784 8.60166
internal_count=31886 30080 14973 15107 10010 8260 1806 1027 1750 6989 6740 779 398 7984 367 381 5097 963 7373 288 249 872 611 91 5075
is_linear=0
shrinkage=0.05


Tree=77
num_leaves=24
num_cat=0
split_feature=2 24 45 4 29 39 1 3 5 24 33 17 29 22 3 21 42 2 6 4 2 5 40
split_gain=9.87486 8.10311 6.93188 7.18988 7.94426 5.65093 10.3602 9.1243 5.55475 5.47402 4.47889 3.72774 2.63815 2.37885 1.9036 2.16487 1.85708 1.55029 0.859276 0.810156 0.693338 0.372351 0.0122436
threshold=0.12941937148571017 0.34163901209831243 0.0046606811229139575 -0.0031329359626397486 -0.49949845671653742 0.0041434669401496657 0.29692111909389501 -0.00042916159145534033 0.0012988719972781839 0.17218782007694247 0.0001584511483088136 0.99166667461395275 -1.6187077760696409 1.0000000180025095e-35 -0.0040247542783617965 0.32759258151054388 0.90625000000000011 0.1756609529256821 0.67048934102058422 0.0026519984239712362 0.10669768974184991 0.0034701240947470073 0.16783888638019565
decision_type=2 2 2 2 2 2 2 2 2 2 2 2 2 2 2 2 2 2 2 2 2 2 2
left_child=1 5 3 9 11 6 7 -1 -6 17 -11 -5 -8 18 -4 -16 -17 -2 19 -3 22 -22 -7
right_child=2 13 14 4 8 20 12 -9 -10 10 -12 -13 -14 -15 15 16 -18 -19 -20 -21 21 -23 -24
leaf_value=0.04031963994101586 -0.031998550809683758 -0.059576065567137064 -0.0081419841241265733 0.034544706336525198 0.018520293042156383 -0.011895432769210479 0.00040919730553782462 -0.027263746746323508 -0.014940976723286948 0.061199447098958498 -0.012094523063732621 -0.0078580687267742321 -0.048058617122425498 0.010879801642860938 -0.020134862458728552 -0.0069966952697339676 0.038441866414309946 0.021210961249694207 0.0086950508522053698 0.0016281354163369373 0.040025235474740434 0.00015016647345038122 0.00040526320996595939
leaf_weight=10.702354273882522 2.9455346160248181 12.055803265640854 3.0082470378838506 16.500580894105955 13.802206408785421 0.29890607200650166 3.3712301630148422 7.8021013031466273 78.87168922685305 9.7309858257140132 2.221176583589112 6.9085191083213422 15.306715975038971 1.1762295976514003 1.3060589171946073 2.1615791087970235 24.029881077934981 1.2579413841012863 0.25982872831809878 0.50936784057921691 5.6706698650523322 0.6500509803809108 0.16400526944198646
leaf_count=1702 519 4870 53 940 394 104 330 1305 13361 471 434 1343 4668 67 11 36 665 46 29 74 333 94 19
internal_value=-6.71426e-05 -0.0176114 0.00625125 0.00122037 -0.00321834 -0.0066221 -0.0144054 0.0118874 -0.00981298 0.0314423 0.0476964 0.0222215 -0.0397343 -0.0493776 0.0273286 0.0313586 0.0345724 -0.0150588 -0.0552913 -0.0571578 0.0324095 0.036505 -0.0102394
internal_weight=220.712 57.9673 162.744 132.239 116.083 43.966 37.1824 18.5045 92.6739 16.1556 11.9522 23.4091 18.6779 14.0012 30.5058 27.4975 26.1915 4.20348 12.825 12.5652 6.78363 6.32072 0.462911
internal_count=31868 13595 18273 17508 16038 8555 8005 3007 13755 1470 905 2283 4998 5040 765 712 701 565 4973 4944 550 427 123
is_linear=0
shrinkage=0.05


Tree=78
num_leaves=28
num_cat=0
split_feature=2 0 24 4 30 24 45 6 40 4 19 6 31 37 32 2 6 0 38 31 16 1 24 22 38 4 43
split_gain=9.18827 8.4527 7.33609 6.84477 6.80825 7.71697 6.424 6.68054 5.29841 4.90646 4.08656 4.6631 3.63835 3.62183 3.02075 2.11736 2.10332 2.04586 1.99394 1.5544 1.32091 1.05915 0.986077 0.959049 0.851209 0.33684 0.190947
threshold=0.12941937148571017 0.41834877431392675 0.34269174933433538 -0.0029985235305503006 0.0044841971248388299 0.22359500080347064 0.0055435129906982192 -0.4033179879188537 0.17569567263126376 -0.00051148008788004507 0.011377453338354828 0.10368685051798822 -0.0058925594203174106 0.033558772876858718 0.0041191743221133956 0.15132474899291995 0.51459828019142162 0.57312738895416271 0.0023811828577890997 -0.068463109433650957 0.99171900749206554 0.30745695531368261 0.10714414715766908 1.0000000180025095e-35 0.0066596576943993577 -0.00046332986676134164 0.0086175226606428641
decision_type=2 2 2 2 2 2 2 2 2 2 2 2 2 2 2 2 2 2 2 2 2 2 2 2 2 2 2
left_child=2 3 9 12 5 -5 7 13 -9 14 17 -12 20 -3 19 25 23 -11 -14 -1 -2 -16 -17 26 -6 -8 -4
right_child=1 6 16 4 24 -7 15 8 -10 10 11 -13 18 -15 21 22 -18 -19 -20 -21 -22 -23 -24 -25 -26 -27 -28
leaf_value=0.016710041306859377 0.024037044728913558 -0.022831661092964559 -0.058794947096182118 0.032718607083393685 -0.045870804513685352 0.00013069850896220672 0.012185346418067677 -0.033642232170358187 0.0032881779047584021 0.0051655060487025024 -0.02498083215266482 0.02465251544391725 -0.026878235101387205 0.043679014630801358 0.029357117384584398 -0.02839296298988719 0.012778789550233038 0.057253906079884266 0.029840928044490806 -0.046861298830162344 0.075194903752057951 -0.012197671958140902 0.014975225980219796 0.0016428301483767717 -0.0014394081021108004 0.043554464795256563 -0.0059077316847940507
leaf_weight=0.56534049783658602 3.0498777942848374 2.1941010717528107 10.891231484169104 30.900392365903826 4.6878468651702851 42.215493767937005 2.1110880372580132 31.11785565820901 13.683453655161427 3.4690033569568213 11.35299537537867 6.710083589241548 1.7081577771023138 5.7983005319983931 1.5874498221091915 1.558146660216152 0.910489475019859 3.7853170227899682 2.6910504397237673 9.792984739677193 6.5564430923841428 2.8492132096580463 1.7821176801808176 0.66808689024765122 1.4117900036508215 5.9493528632447115 0.4139792908390526
leaf_count=33 92 641 4848 1337 1475 3953 39 8554 994 558 3109 912 416 304 68 32 76 541 76 3061 93 227 53 40 61 107 39
internal_value=0.000174572 0.00624504 -0.0176384 0.0157917 0.00978622 0.0141587 -0.00764795 -0.0150244 -0.0225372 -0.00661747 0.00678439 -0.006217 0.0468432 0.0249117 -0.0285285 0.0249675 -0.0490027 0.0359888 0.0069184 -0.042226 0.0627506 0.00533574 -0.00713563 -0.0543237 -0.0372382 0.0375903 -0.0574958
internal_weight=210.412 157.415 52.9962 93.2211 79.2155 73.1159 64.1944 52.7937 44.8013 40.1124 25.3174 18.0631 14.0055 7.9924 14.795 11.4007 12.8838 7.25432 4.39921 10.3583 9.60632 4.43666 3.34026 11.9733 6.09964 8.06044 11.3052
internal_count=31739 18227 13512 7503 6826 5290 10724 10493 9548 8509 5120 4021 677 945 3389 231 5003 1099 492 3094 185 295 85 4927 1536 146 4887
is_linear=0
shrinkage=0.05


Tree=79
num_leaves=28
num_cat=0
split_feature=40 24 37 24 39 1 4 30 29 2 5 1 4 25 40 1 0 37 40 6 13 6 0 2 19 39 9
split_gain=7.98124 10.1177 6.73381 6.796 5.81907 5.7302 5.58817 4.42386 3.94863 5.14123 4.99588 3.74436 3.37126 3.35703 2.40664 2.40125 1.92588 1.86102 1.67552 1.66995 1.42122 1.36777 1.34426 1.08327 1.02739 0.8846 0.112344
threshold=0.17569567263126376 0.30491694808006292 0.032723335549235351 0.19036559015512469 0.00035420201311353599 0.50689861178398143 -0.0033287173137068744 0.0037661431124433879 -0.49949845671653742 0.15562078356742862 0.0041953860782086858 0.56616753339767467 -0.0029742111219093199 -0.0012075340491719542 0.17987054586410525 0.20641668140888217 0.36320692300796514 0.0021593773271888499 0.10522130131721498 0.49194628000259405 0.34172105789184576 -0.22423476725816724 0.23390356451272967 0.17878455668687823 0.07490894198417665 0.00041568081360310322 0.054755080491304405
decision_type=2 2 2 2 2 2 2 2 2 2 2 2 2 2 2 2 2 2 2 2 2 2 2 2 2 2 2
left_child=1 2 6 5 -5 -4 16 -8 10 13 17 23 15 20 -15 -3 -1 -2 19 -14 -10 -19 -20 -11 -13 -12 -27
right_child=8 12 3 4 -6 -7 7 -9 9 11 25 24 18 14 -16 -17 -18 21 22 -21 -22 -23 -24 -25 -26 26 -28
leaf_value=0.04880699065190771 -0.014311946868652468 0.041114314001784891 -0.027189516119932467 0.043751806651726399 -0.010910933051023667 0.022758705715196476 -0.0065898758751265678 -0.038245453384676206 -0.0085523600805868221 -0.02240374378868069 0.011580659327228517 0.046925381677951176 -0.050974868752692443 0.024692582777314672 -0.036436177110542728 -0.029133549394056709 -0.013472879309057143 -0.0081523177731139471 -0.0028477494905968436 0.0077503691544356214 0.028048961116840989 0.037288278910875973 -0.042184052582258658 0.02093653588312834 0.0014064030809859377 -0.041875466972091255 -0.0054169462531006955
leaf_weight=3.966625919827492 1.529575190666949 1.8811376232442882 12.613683987998231 19.674286685651172 5.9157630326226345 8.9769053155032434 39.108923930049059 14.69480098905842 4.7941854932942061 3.7477623754602964 0.70925354423525222 8.2146966099389811 16.247839797648346 1.1447673166403571 11.228123981745737 1.1943048824541618 1.1677023352822287 1.4135760653589411 6.1425758509831194 1.0390307842244499 4.1009792503464269 27.730875917419326 2.5015944093938742 1.1714251368539406 1.5051124580786552 2.0240881844656546 0.58280467512668099
leaf_count=186 52 109 879 890 1135 548 5385 6956 417 404 42 192 8191 58 962 799 296 113 1092 121 196 1428 1155 23 53 143 41
internal_value=0.000163511 -0.00692232 0.000323241 0.0142379 0.0311801 -0.00633397 -0.0108673 -0.0157757 0.0137662 0.00205808 0.0257224 0.0239799 -0.0325572 -0.0134301 -0.0293569 0.0133797 0.0347554 0.0320592 -0.0382999 -0.0472144 0.0094514 0.034887 -0.0174252 -0.0102895 0.0406655 -0.0267402 -0.0374863
internal_weight=205.022 135.125 106.119 47.1806 25.59 21.5906 58.9381 53.8037 69.8972 35.9071 33.9902 14.639 29.0065 21.2681 12.3729 3.07544 5.13433 30.674 25.931 17.2869 8.89516 29.1445 8.64417 4.91919 9.71981 3.31615 2.60689
internal_count=31866 27742 16275 3452 2025 1427 12823 12341 4124 2305 1819 672 11467 1633 1020 908 482 1593 10559 8312 613 1541 2247 427 245 226 184
is_linear=0
shrinkage=0.05


Tree=80
num_leaves=26
num_cat=0
split_feature=45 45 33 34 0 3 2 3 7 20 31 4 3 28 32 2 25 37 39 5 6 17 39 5 7
split_gain=6.95827 7.04874 8.47324 6.89746 6.68671 5.42141 4.82102 4.32285 4.12899 2.74538 1.81978 1.56692 1.34318 1.19916 1.15529 1.00705 0.78981 0.623367 0.527967 0.289743 0.167571 0.145248 0.110484 0.0379334 0.0231531
threshold=0.00080742774298414599 0.0010143769322894516 0.00026078002701979136 0.35556218028068548 0.09588495641946794 0.00031419223523698753 0.13010288774967196 -0.0010958926868624983 0.96901842951774608 0.99717742204666149 0.031328799203038223 0.0012035170220769944 0.0041266011539846667 1.5075684785842898 0.015647846274077896 0.14375565946102145 0.00042676003067754214 0.064491268247365965 0.0012490562512539329 0.0030923159793019299 0.11998001113533975 0.39166666567325598 0.0013535211328417065 0.0031198643846437339 0.72937968373298656
decision_type=2 2 2 2 2 2 2 2 2 2 2 2 2 2 2 2 2 2 2 2 2 2 2 2 2
left_child=9 2 5 4 6 7 -3 -2 -6 13 17 16 -7 18 -13 24 -5 -4 -1 -17 -15 -12 -20 -21 -11
right_child=1 3 10 11 8 12 -8 -9 -10 15 21 14 -14 20 -16 19 -18 -19 22 23 -22 -23 -24 -25 -26
leaf_value=-0.047597467599678506 -0.00066308904063713716 -0.059984591530668999 -0.035578164713816966 0.039460249857423108 0.011688073044988513 -0.021151426115902011 0.0080372891671348784 0.072815217547847907 -0.0067457719358962331 0.00097163549690461011 0.026204326944336016 0.021393159779320263 0.030941691681966296 -0.009114919521287455 -0.023674643198412906 0.033347039964835075 -0.0052776721748432369 0.011869145449295754 0.0087686378281501692 0.0044191282052782931 0.016943785417000506 -0.0016534964670753367 -0.011163199279562969 -0.0093280045687623558 -0.022276515337158583
leaf_weight=10.345290250417742 2.3856392288289507 7.4873569541305169 4.7087649355162275 12.47657522620284 44.558502496351139 2.9340703265625048 3.4480351019010413 10.881300297056445 90.173517600193009 0.028008158609736156 1.1111380334477869 1.9966321933752618 0.82572242255628214 0.2150783063516436 1.706145991978701 1.5922066020139025 0.8269313935015824 0.30592658368550463 0.27293869705317853 0.092086188495159038 0.60433439184635063 0.45627198344300257 0.65195026995934313 0.22487000856926898 0.74116144881918444
leaf_count=7539 945 1600 2811 652 3508 591 377 200 10851 5 48 99 141 131 44 43 33 45 82 1 42 103 450 330 1011
internal_value=0.000884131 0.00356553 0.0285052 -0.000206005 -0.00379024 0.0463852 -0.0396602 0.0604821 -0.000608144 -0.0310201 -0.0177647 0.0290003 -0.00561374 -0.0405802 8.58865e-06 0.0114331 0.0365048 -0.0311915 -0.044603 0.0274453 0.00885349 0.0206095 -0.00378157 -0.00501119 -0.0213593
internal_weight=201.05 186.283 23.6088 162.674 145.667 17.0267 10.9354 13.2669 134.732 14.7679 6.5821 17.0063 3.75979 12.0896 3.70278 2.67833 13.3035 5.01469 11.2702 1.90916 0.819413 1.56741 0.924889 0.316956 0.76917
internal_count=31682 22048 4884 17164 16336 1877 1977 1145 14359 9634 3007 828 732 8244 143 1390 685 2856 8071 374 173 151 532 331 1016
is_linear=0
shrinkage=0.05


Tree=81
num_leaves=25
num_cat=0
split_feature=29 40 2 21 0 4 2 40 30 41 1 19 4 17 7 31 5 6 31 0 4 1 5 13
split_gain=8.1139 9.08073 7.66792 6.83521 6.16048 5.74113 5.36483 5.21233 3.3835 3.99344 3.06087 2.56929 2.4894 3.18553 2.41743 2.25188 2.17648 1.5859 1.5064 1.07903 0.560681 0.503543 0.244101 0.175022
threshold=0.63222214579582225 0.18819149583578113 0.12903869897127154 0.81982851028442394 0.46871817111969 -0.0032622184371575709 0.1756609529256821 1.0000000180025095e-35 0.0044841971248388299 0.0010458157048560681 0.16986846178770068 0.05472806096076966 -0.00013729410420637575 0.54166665673255932 0.86662113666534435 -0.068463109433650957 0.0045518488623201856 0.31653828918933874 0.031328799203038223 0.5921093523502351 0.0020780341001227502 0.55834957957267772 0.0044815721921622762 0.85249087214469921
decision_type=2 2 2 2 2 2 2 2 2 2 2 2 2 2 2 2 2 2 2 2 2 2 2 2
left_child=1 2 4 10 14 -5 11 -6 9 18 -4 12 13 -2 -1 -10 -11 23 -3 -14 -19 22 -8 -13
right_child=6 8 3 5 7 -7 21 -9 15 16 -12 17 19 -15 -16 -17 -18 20 -20 -21 -22 -23 -24 -25
leaf_value=0.010888338376420083 0.03399925592608858 -0.021480028632047569 0.050458470174280207 0.033196859526284581 0.023839352375125133 -0.0087618043467030376 -0.016467485977633128 -0.031341606544337729 0.026318673059116834 0.034246746994567895 0.011583877150545215 -0.060881394892246393 -0.045362232919006457 -0.030105916063518392 -0.049111912333113468 -0.041219394489573957 -0.020394386370690496 -0.021569666554754684 0.018283812734530693 0.00086693350256748358 0.019050095731862188 0.038103157843816071 0.01280253538380258 -0.00064906148761464868
leaf_weight=1.5067213205184113 3.3890911312191774 4.9705417616278273 8.3438564539028466 8.3826314123289176 8.7520221201266377 61.549682381100865 0.40080348373885444 6.6262174099883842 1.0522432400903201 37.465813978073129 12.835404406589076 8.192921410169216 5.1206076826529197 2.4978551036874705 15.533804140515711 2.6142519780114517 1.2843972375267174 0.69891618507972342 3.0212387785941246 1.5435449613869421 0.70440289686666802 2.2659675670583965 0.46600319624121767 0.14418106846278611
leaf_count=169 360 352 148 666 1435 11363 55 3748 18 1849 473 2363 1367 1567 4387 319 65 179 206 679 22 53 44 16
internal_value=0.000244561 0.00414415 -0.00318058 0.00429012 -0.0236768 -0.00333521 -0.0255814 -0.000399067 0.0218067 0.0254706 0.0284836 -0.0341805 -0.0170849 0.00637724 -0.0434972 -0.0203504 0.0319681 -0.0525674 -0.00608598 -0.0359387 -0.0017376 0.0290712 -0.00230295 -0.0600208
internal_weight=199.363 173.939 123.53 91.1116 32.4188 69.9323 25.4243 15.3782 50.4085 46.742 21.1793 22.2915 12.5511 5.88695 17.0405 3.6665 38.7502 9.74042 7.99178 6.66415 1.40332 3.13277 0.866807 8.3371
internal_count=31903 25198 22389 12650 9739 12029 6705 5183 2809 2472 621 6553 3973 1927 4556 337 1914 2580 558 2046 201 152 99 2379
is_linear=0
shrinkage=0.05


Tree=82
num_leaves=26
num_cat=0
split_feature=29 46 2 29 1 7 24 2 46 3 17 34 30 31 1 35 35 41 34 33 43 29 25 2 27
split_gain=8.7156 6.21426 4.50806 6.74364 5.25824 4.48532 4.48105 4.26939 3.58293 3.41789 2.99773 2.1739 1.93871 1.10576 0.839714 0.823225 0.987462 0.751931 0.543848 0.536135 0.264143 0.260665 0.165378 0.162489 0.0893364
threshold=-1.2546402215957639 0.00033729591814335441 0.16362600773572925 0.075621783733367934 0.52301603555679332 0.99920359253883373 0.15252587199211123 0.12096652761101724 0.0068815369158983239 0.0014073042548261585 0.72500002384185802 0.25069467723369604 0.0044841971248388299 0.064631838351488127 0.86121997237205516 0.072330571711063399 0.086386922746896758 0.0043910511303693065 0.20394910871982577 0.0090300305746495741 0.0059593180194497117 -1.9463468790054319 -0.0021826107986271377 0.11560932546854021 2.2325670719146733
decision_type=2 2 2 2 2 2 2 2 2 2 2 2 2 2 2 2 2 2 2 2 2 2 2 2 2
left_child=7 10 3 5 -5 -3 11 13 9 14 15 -4 -8 17 -9 19 -17 20 22 -2 -1 -15 -12 -19 -11
right_child=1 2 6 4 -6 -7 12 8 -10 24 18 -13 -14 21 -16 16 -18 23 -20 -21 -22 -23 -24 -25 -26
leaf_value=-0.035573775227601662 -0.034290984414203397 0.0081553216696478616 -0.027171394269056709 -0.044651819551148324 -0.0021302460183937502 -0.016582424843755838 0.039582981115492945 0.055800878239727084 -0.014934579305179264 -0.025718257974739912 0.0023978730398640517 0.025946460416461394 -0.021232929996034808 -0.0076672205064979146 0.0047599010465618746 0.025878979007964289 -0.010076813203729877 -0.0076325695092105657 0.0041391114234066058 0.011303114415467393 0.0025349515992059142 0.024595000248804299 -0.050199348536869207 0.019333892492371194 0.0018394738806995399
leaf_weight=2.7870290764476557 2.2709361057641222 73.705397972629726 5.2065771337838695 14.938021292466148 13.562064756290054 23.291382657207578 13.796323232054416 14.019433607441902 2.2694730036891988 0.93235787566300021 0.061412737384670346 1.8831055875634772 0.82186584555529485 0.32462785534153216 1.0590321499621485 1.8679974020051302 4.7420609780747327 0.21353328448458331 0.33700586964550971 0.29229998445953231 0.37241048579744518 1.3691039478071614 9.6933900397871167 0.53678558159299428 0.19793261092854664
leaf_count=973 1875 7897 704 3295 2167 2291 789 618 42 208 11 56 260 57 255 165 1056 115 68 34 33 170 8752 27 21
internal_value=-2.1419e-05 -0.00413807 -0.000560588 -0.0042392 -0.0251756 0.00210656 0.0199563 0.0274662 0.0385855 0.0465115 -0.030097 -0.0115993 0.0350232 -0.0094917 0.052735 -0.00798143 0.00214968 -0.0225653 -0.0476678 -0.0273787 -0.0315523 0.0178607 -0.049676 0.0116834 -0.0222943
internal_weight=190.552 166.47 147.205 125.497 28.5001 96.9968 21.7079 24.0817 18.4782 16.2088 19.2651 7.08968 14.6182 5.60349 15.0785 9.17329 6.61006 3.90976 10.0918 2.56324 3.15944 1.69373 9.7548 0.750319 1.13029
internal_count=31939 29420 17459 15650 5462 10188 1809 2519 1144 1102 11961 760 1049 1375 873 3130 1221 1148 8831 1909 1006 227 8763 142 229
is_linear=0
shrinkage=0.05


Tree=83
num_leaves=28
num_cat=0
split_feature=44 6 2 29 2 24 1 3 0 0 38 0 24 29 30 30 27 20 19 14 5 5 35 2 3 6 6
split_gain=6.14437 4.41047 4.20178 4.0816 5.28891 3.87791 7.04553 4.15214 3.48173 3.81184 3.3895 3.11965 4.1028 2.47279 2.27001 2.20586 1.8444 1.72499 1.12937 1.09977 0.957367 0.889 0.785015 0.779622 0.287586 0.282901 0.197844
threshold=0.28250513970851904 -0.0011371077271178363 0.1087399832904339 0.075621783733367934 0.16612013429403308 0.11435057595372201 0.50689861178398143 -0.00013417755690170449 0.61252990365028392 0.69671961665153515 0.003795489552430809 0.38532087206840521 0.30587318539619451 -0.49949845671653742 0.0036659907782450323 0.0038961432874202733 1.4069509506225588 0.97114104032516491 0.034704864025115974 0.00064323385595344018 0.000900770100997761 0.004468276398256422 0.0024890005588531498 0.16806118190288546 -0.0054690020624548188 0.86583974957466137 -0.7904456853866576
decision_type=2 2 2 2 2 2 2 2 2 2 2 2 2 2 2 2 2 2 2 2 2 2 2 2 2 2 2
left_child=1 8 24 5 16 6 -4 -7 10 21 22 12 14 19 -3 -14 -5 -15 -12 -13 -6 -10 -1 -11 -2 26 -26
right_child=2 11 3 4 20 7 -8 -9 9 23 18 13 15 17 -16 -17 -18 -19 -20 -21 -22 -23 -24 -25 25 -27 -28
leaf_value=0.0085053911398252757 0.0054064005653665995 0.032454393156143138 -0.035597113773585001 -0.03256574393603838 -0.013531491333117002 0.027375121260398844 0.026330354716612964 0.0045487963605662209 0.049184634127261817 -0.033054824953121911 0.020001951485060669 0.029217995108641166 -0.038076333683135767 -0.0010794818555882166 -0.0080127788974805637 0.020096914508067533 -0.0010387321373630071 -0.044773544064951848 -0.022480090269715612 -0.014005758213102307 0.03543761902698709 -0.012100894776871436 -0.053047126548862816 0.013138169470472277 0.0035619608823675335 0.0051208032301296516 -0.043163856360129288
leaf_weight=0.27188920875779032 0.14085682929726306 12.014020567654375 9.7147183642882755 13.083190983194077 0.64738085749559005 41.230196985703515 7.1061736553165238 38.614321331635438 2.2908376806699375 3.8375895526241948 2.2268755527911699 2.2779681413376229 4.7279985549539552 3.2230665125971409 4.2584974259480068 1.5529767645966783 7.0186037802559431 6.9662580227013677 2.0376208274392411 1.8507523772459533 5.1470748043284402 0.30638694756271423 13.7942678322579 0.55660588869795891 0.084861893905326613 0.1259924757760017 4.1353220226919793
leaf_count=11 10 763 674 2261 13 2823 388 2950 160 3182 156 404 1253 274 1185 455 377 4045 225 705 269 347 6158 94 13 13 2590
internal_value=-0.00090449 -0.0136577 0.00539642 0.00725846 -0.0100911 0.0119621 -0.00942571 0.0165287 -0.0292956 0.000825319 -0.0402324 -0.00242807 0.00906162 -0.0199365 0.0220134 -0.0229082 -0.0221289 -0.032284 -0.000710834 0.0108894 0.0287803 0.0406008 -0.0513718 -0.0258527 -0.0375179 -0.0396601 -0.0417219
internal_weight=189.242 62.1936 127.049 122.562 25.8963 96.6654 16.8209 79.8445 25.3221 6.99142 18.3307 36.8715 22.5535 14.318 16.2725 6.28098 20.1018 10.1893 4.2645 4.12872 5.79446 2.59722 14.0662 4.3942 4.48703 4.34618 4.22018
internal_count=31798 19417 12381 9755 2920 6835 1062 5773 10333 3783 6550 9084 3656 5428 1948 1708 2638 4319 381 1109 282 507 6169 3276 2626 2616 2603
is_linear=0
shrinkage=0.05


Tree=84
num_leaves=29
num_cat=0
split_feature=29 31 45 4 16 17 2 29 3 35 30 5 2 21 36 3 46 4 34 3 20 35 17 2 32 34 34 19
split_gain=5.81437 5.05145 4.90313 6.37296 4.31363 4.21632 5.57126 3.79434 3.09431 2.8585 2.44505 2.00217 1.8915 1.80457 1.67219 1.58879 1.72168 1.54218 0.910809 0.880181 0.994939 0.819697 0.692427 0.636995 0.426112 0.249386 0.184753 0.146293
threshold=-1.1820359826087949 0.00023443908139597627 0.0055435129906982192 -0.0029985235305503006 0.99171900749206554 0.99166667461395275 0.15705665200948718 -0.27144747972488398 -0.00010312237282050772 0.026421820744872097 0.0017275141435675325 0.0050059745553880939 0.12122971192002298 0.61352831125259411 0.00060847192071378242 0.0017889196751639249 0.0068815369158983239 0.00057895164354704331 0.1695869788527489 0.0018311053281649949 0.95025146007537853 0.04675871133804322 0.99166667461395275 0.13674368709325793 0.009054528549313547 0.24025053530931476 0.35556218028068548 0.02612555027008057
decision_type=2 2 2 2 2 2 2 2 2 2 2 2 2 2 2 2 2 2 2 2 2 2 2 2 2 2 2 2
left_child=1 9 3 4 14 7 -7 -5 -6 23 13 21 18 -4 -2 16 -14 -13 22 20 -11 -12 -3 26 -15 -17 -1 -20
right_child=2 12 10 5 8 6 -8 -9 -10 19 11 17 15 24 -16 25 -18 -19 27 -21 -22 -23 -24 -25 -26 -27 -28 -29
leaf_value=-0.049242377853898317 -0.019196255211950897 -0.037015383104528787 -0.043367251116305239 0.016132500842407999 0.058774296387639258 -0.037027908816309546 0.0026445991318824291 -0.0098170051136032242 -0.0073631098219609382 0.035463487226785238 0.0087795010116814842 -0.025469784918576058 0.055604592868014259 0.020004858017976451 0.02137476698084639 -0.022855556789348919 -0.0070199383911320468 0.025002709064743694 0.026843184187878372 -0.021367948008842775 -0.010037619231732809 0.04428191104857801 0.010319704813557781 0.0055456444607838162 -0.011144421671268223 0.008967668547584939 -0.0017597741167048753 -0.00081039342168418526
leaf_weight=2.5658366969946682 5.6787596586946183 0.78302631360202501 1.5033037188986806 16.985406424164466 6.5595248414902017 26.149309569986144 12.940966858535829 64.567219217391539 2.0406349774530081 2.9936777611437719 2.6249325256940201 2.2224438715493298 11.038991000386881 2.3247838869574484 3.1222804200369865 0.41358476154710011 0.97700037690810937 1.8587617831944951 1.5236213095049609 0.57973650129497389 1.1951653093201455 9.1260089005518221 0.76058261537036742 0.47269385638355732 0.86945073332026357 0.36912153312005103 0.297977867478039 0.51946704398142163
leaf_count=463 1316 263 37 2700 480 11150 2481 9488 683 126 145 61 604 109 68 131 23 36 159 83 523 257 304 30 58 31 15 74
internal_value=0.000200766 0.0223741 -0.00334248 -0.00676127 0.0207499 -0.0108674 -0.0241558 -0.00428241 0.043949 -0.00921107 0.0188922 0.0279005 0.037629 -0.011037 -0.00409083 0.0460561 0.0503646 -0.00208576 0.00407264 0.0148806 0.0230486 0.0376619 -0.0188043 -0.0391346 0.0108906 -0.011236 -0.046036 0.0218563
internal_weight=183.064 24.4905 158.574 138.044 17.4012 120.643 39.0903 81.5526 8.60016 8.10509 20.5297 15.8321 16.3854 4.69754 8.80104 12.7987 12.016 4.08121 3.5867 4.76858 4.18884 11.7509 1.54361 3.33651 3.19423 0.782706 2.86381 2.04309
internal_count=31898 2829 29069 28366 2547 25819 13631 12188 1163 1240 703 499 1589 204 1384 789 627 97 800 732 649 402 567 508 167 162 478 233
is_linear=0
shrinkage=0.05


Tree=85
num_leaves=28
num_cat=0
split_feature=29 4 16 16 1 17 40 33 45 37 32 45 34 4 33 22 5 35 21 37 1 24 9 33 32 1 1
split_gain=6.28369 5.74808 6.80553 5.59895 3.62586 4.21533 3.47032 3.02877 3.02142 3.58513 2.92219 3.60805 2.56335 2.41346 2.39424 2.49132 1.69009 1.68445 1.2567 1.17311 1.01469 0.972239 0.881975 0.587057 0.514297 0.338927 0.0451688
threshold=-0.49949845671653742 -0.0032622184371575709 0.98329460620880138 0.99741530418396007 0.30242420732975012 0.50833332538604747 0.20580574125051501 9.9459975899662836e-05 0.0055435129906982192 0.024338367395102981 0.0028460574103519325 0.0030764973489567642 0.24333363026380542 0.00045570495421998208 0.0031659476226195697 1.0000000180025095e-35 0.0041953860782086858 0.065156243741512312 0.90825822949409496 0.0018934189574792983 0.56616753339767467 0.32917442917823797 -0.010591664817184208 0.00037998145853634929 0.0024942761519923811 0.25467909872531896 0.17890915274620059
decision_type=2 2 2 2 2 2 2 2 2 2 2 2 2 2 2 2 2 2 2 2 2 2 2 2 2 2 2
left_child=4 3 8 18 5 12 14 -7 9 -3 11 -4 25 -12 15 -6 19 -10 20 -8 -2 -16 -20 -18 -9 -1 -14
right_child=1 2 10 -5 6 7 16 24 17 -11 13 -13 26 -15 21 -17 23 -19 22 -21 -22 -23 -24 -25 -26 -27 -28
leaf_value=-0.034441838684433866 -0.032543947862741431 -0.021573113427920565 -0.033007844654450731 0.068245697258178389 -0.032088529982863212 0.084600461726832388 -0.015288326719128479 -0.0054309754079382598 -0.0081264502871721926 0.004834596383909727 0.02093954698691107 0.021889165079070225 0.0062392279553494107 -0.023051957901548438 0.032496609658649186 0.014597463764936165 0.010830086945211884 0.03096062718540914 0.032198135295994579 0.029658339192177214 0.015849625570342626 -0.016380659572665417 -0.0057294074330903307 -0.031665430737253468 0.028456118681789773 0.0056686921889151877 0.035722947005060728
leaf_weight=2.2088904524607629 2.5353489296830944 18.003230989856092 36.176898286539654 3.9446753963056826 9.2939431708673528 4.0299980342242634 0.98652130989649478 1.2771485605971977 3.1760037927815548 38.897339115865179 5.7431763560962263 2.5773787441285085 0.65678155221394297 4.7996301435123314 3.0239728190135788 3.2816082938807076 0.67768854794849076 10.277433380164439 2.4432265631694454 15.721528037800452 0.85296884573472187 0.67761055250593916 2.2986318364637564 1.1299611842841839 2.2905828839247988 0.32568310172064219 1.7096760635613462
leaf_count=639 224 1815 16398 56 4102 65 29 721 143 3024 766 94 82 604 234 145 32 263 134 886 48 335 634 96 259 19 70
internal_value=0.000351404 -0.00526976 -0.00864616 0.0262897 0.0157935 0.0378509 0.00703364 0.058947 0.00137552 -0.00374904 -0.0226915 -0.0288981 0.000699785 0.000650295 -0.00952309 -0.0197279 0.0213308 0.0218094 0.00068793 0.026291 -0.0195258 0.0219682 0.0160168 -0.0175508 0.0177922 -0.0291422 0.0318242
internal_weight=179.018 131.726 119.651 12.0749 47.2916 12.4988 34.7928 7.59773 70.354 56.9006 49.2971 38.7543 4.90103 10.5428 16.2771 12.5756 18.5157 13.4534 8.13018 16.708 3.38832 3.70158 4.74186 1.80765 3.56773 2.53457 2.36646
internal_count=31917 24203 23107 1096 7714 1855 5859 1045 5245 4839 17862 16492 810 1370 4816 4247 1043 406 1040 915 272 569 768 128 980 658 152
is_linear=0
shrinkage=0.05


Tree=86
num_leaves=24
num_cat=0
split_feature=46 2 29 9 0 2 17 7 22 12 24 41 2 3 9 24 3 33 6 7 46 5 2
split_gain=7.92726 4.61525 4.77312 4.4324 5.75955 4.29582 3.84656 3.48845 1.89074 1.84886 1.73775 1.50372 1.0953 0.818709 0.610065 0.398227 0.333161 0.224382 0.207765 0.155714 0.110522 0.0679396 0.0199354
threshold=0.00035597787064034497 0.10825660452246667 0.80717387795448314 0.029286806471645836 0.35550124943256384 0.1756609529256821 0.72500002384185802 0.91380706429481517 1.0000000180025095e-35 0.0028552791336551313 0.21116916090250018 0.0015965887578204276 0.14073991775512698 0.00047301307495217776 -0.06233656965196132 0.05038577318191529 -0.0054690020624548188 0.0044417965691536674 0.91976016759872448 0.88993513584136974 0.00034653485636226838 0.0041657532565295705 0.14826082438230517
decision_type=2 2 2 2 2 2 2 2 2 2 2 2 2 2 2 2 2 2 2 2 2 2 2
left_child=6 15 3 4 -3 9 10 -5 14 -4 13 19 -13 22 20 -2 -17 -16 -18 -12 -8 -7 -1
right_child=1 2 5 7 -6 21 8 -9 -10 -11 11 12 -14 -15 17 16 18 -19 -20 -21 -22 -23 -24
leaf_value=0.031437067536919459 0.0069531383002847938 0.017827988165226925 -0.038178427781375278 0.042417311716465587 -0.007402306601508462 0.0086200115120213631 -0.010141032963746173 0.011966852598533296 0.012455081094091767 0.01264871262732107 0.0011666531026354448 -0.024018095007291993 0.024807335288603027 -0.017839977486781081 -0.054587755383027917 0.0056303729183543802 -0.0458372841048817 9.5307729249241832e-05 0.0029464266238097988 -0.038714657368206354 0.010839621992405592 0.034499648050810176 0.0077479114722295355
leaf_weight=2.4277849454629186 0.16650660266168316 37.58670041932055 11.150324995742265 13.739414118332204 53.748284296372731 1.2358672121918055 0.24709986992092936 29.472111420818692 0.91230750491377044 1.6026538607002283 0.19840460692648809 0.9131691824186422 1.9855167137029637 0.50735361006081792 9.8865054637244576 0.13168512945412647 4.3130857656142325 0.18734103383758416 0.10623034881427873 3.3875092909802333 0.26665622632935992 1.7366744981845839 0.93449663908540959
leaf_count=105 10 3140 2148 845 6566 47 271 2252 52 144 78 703 313 250 9730 9 2677 68 13 2222 19 49 78
internal_value=0.000650592 0.0046763 0.00631477 0.00938808 0.00306124 -0.0189694 -0.0268551 0.0223892 -0.0455408 -0.0313358 -0.00391872 -0.0187519 0.00721064 0.0196846 -0.0511817 -0.0394919 -0.0421377 -0.0536541 -0.0443373 -0.0367348 0.000715567 0.0286183 0.0281384
internal_weight=176.844 154.99 150.272 134.547 91.335 15.7255 21.8541 43.2115 11.4999 12.753 10.3542 6.4846 2.89869 3.86964 10.5876 4.71751 4.551 10.0738 4.41932 3.58591 0.513756 2.97254 3.36228
internal_count=31789 17900 15191 12803 9706 2388 13889 3097 10140 2292 3749 3316 1016 433 10088 2709 2699 9798 2690 2300 290 96 183
is_linear=0
shrinkage=0.05


Tree=87
num_leaves=20
num_cat=0
split_feature=2 45 4 29 20 45 25 13 1 20 28 2 39 24 3 6 5 36 13
split_gain=5.44206 5.50297 4.43455 6.56755 5.95981 5.31262 3.70145 2.9228 2.23859 2.1707 0.845661 0.648137 0.576201 0.423346 0.353931 0.273824 0.135583 0.113632 0.0773442
threshold=0.10825660452246667 0.00080742774298414599 -0.0029742111219093199 -0.49949845671653742 0.99234288930892955 0.005963801173493267 0.00087821934721432637 1.0000000180025095e-35 0.56616753339767467 0.99723586440086376 1.5075684785842898 0.14375565946102145 0.0012490562512539329 0.05038577318191529 -0.0054690020624548188 0.91976016759872448 0.0030767053831368689 0.00011598329729167746 0.72112372517585765
decision_type=2 2 2 2 2 2 2 2 2 2 2 2 2 2 2 2 2 2 2
left_child=13 9 4 6 8 -5 -4 -6 -3 10 12 -11 -2 -1 -15 18 -13 -12 -16
right_child=1 2 3 5 7 -7 -8 -9 -10 11 17 16 -14 14 15 -17 -18 -19 -20
leaf_value=0.0056770872072931869 -0.046133257399618884 -0.012575387833593608 0.023763577565236199 -0.0092905238753944307 0.063227288306959034 0.025518821426941091 -0.037009406466941196 -0.010804666281918457 0.029773489607988663 -0.017635193110422647 0.014410821810453445 0.029230434905773761 -0.00017870593867849166 0.0054216380950017681 -0.049666252999870861 0.0034367785248502199 -0.0018035876472164388 -0.0076734424713104576 -0.00050894449743459828
leaf_weight=0.20912947010947291 8.0985490023722324 8.4579239642116608 33.507341169935899 88.79074084783133 8.1270057903166144 11.51272342080483 1.8209070837528987 1.2505468912640925 3.6597371447169271 0.50975826490139242 0.45587545258240503 1.2793992623919619 0.74582382728112939 0.13065705954795692 5.2635327220523322 0.12827172726974811 0.28499112140889327 0.1764121602391242 0.1021566422714385
leaf_count=14 7359 801 3703 12439 180 307 318 383 280 699 43 43 482 9 4304 21 308 145 45
internal_value=0.000615854 0.00237429 0.00489027 0.00146909 0.0254525 -0.00508268 0.0196987 0.0532649 0.00150938 -0.0295136 -0.0389537 0.0122588 -0.0426698 -0.0431352 -0.0455331 -0.0473932 0.0250782 0.00732299 -0.0489573
internal_weight=174.511 168.678 157.127 135.632 21.4952 100.303 35.3282 9.37755 12.1177 11.5508 9.47666 2.07415 8.84437 5.83375 5.62462 5.49396 1.56439 0.632288 5.36569
internal_count=31883 27490 18411 16767 1644 12746 4021 563 1081 9079 8029 1050 7841 4393 4379 4370 351 188 4349
is_linear=0
shrinkage=0.05


Tree=88
num_leaves=27
num_cat=0
split_feature=29 2 25 4 2 19 24 4 2 24 0 31 19 16 3 45 38 31 31 39 1 31 40 43 29 25
split_gain=6.62218 4.5407 4.53554 6.00023 4.85198 4.45954 4.34148 4.13191 3.88167 2.51121 2.48546 2.33494 2.29354 1.78461 1.7476 1.33299 1.30129 0.901762 0.733306 0.584914 0.445771 0.417542 0.406239 0.263388 0.262784 0.146302
threshold=-1.2546402215957639 0.12973552942276004 -0.0016839840100146828 -0.0029985235305503006 0.1670140624046326 0.013701796531677248 0.16885050386190417 -0.00024913618108257646 0.12021922320127489 0.21566296368837359 0.57312738895416271 0.024481086060404781 0.017654567956924442 0.99848288297653209 0.0002017185324802995 0.0034769721096381549 0.021482250653207306 0.061415445059537895 0.064631838351488127 0.0025567337870597844 0.87213703989982616 -0.048891060054302209 0.26797817647457128 0.0043744000140577563 -1.7819991111755369 -0.0027758056530728932
decision_type=2 2 2 2 2 2 2 2 2 2 2 2 2 2 2 2 2 2 2 2 2 2 2 2 2 2
left_child=8 5 12 6 -5 7 -4 19 18 11 -9 -7 -3 -14 16 -11 20 21 22 -2 -10 -16 23 -1 25 -20
right_child=1 2 3 4 -6 9 -8 10 14 15 -12 -13 13 -15 17 -17 -18 -19 24 -21 -22 -23 -24 -25 -26 -27
leaf_value=-0.036497136065904712 -0.038315237903676864 -0.037211027879817671 -0.015808798779701625 -0.014115314897168005 0.021796791429309292 -0.024466891499398485 0.038522095256299536 -0.011142103200089345 0.054986357974913407 -0.047492627872106952 0.053514552887306083 0.025848902160087957 0.027976130900310866 -0.024926332135096565 0.013359790659598851 -0.011766952767550087 -0.0013907781943100933 0.028477204832983924 -0.018798713127586963 0.0058754554279618907 0.0035175953449481621 -0.02089109278124536 0.0074051848319846266 0.0034337885094990806 0.021284222658545383 0.0072683468496292777
leaf_weight=2.0346580802233838 2.4174339515575416 0.73174988303799438 4.5203482322067456 66.757388539921521 10.009114330419832 4.7989441545469189 11.745765407897123 1.7208106547623154 9.719788313734167 12.820253934636641 3.8023687500390224 2.8510651051910827 20.94928028006689 0.96366243591182765 0.50173274657572675 4.215605968151066 1.1804494622629125 1.4874420185806227 0.18168653582688421 0.65197258460830187 0.58572968175030915 1.8134276154924001 0.41008225189580105 0.29114443442085747 0.87910039351481806 0.25936172675574198
leaf_count=1006 1448 32 680 13360 1049 980 1198 706 523 7367 667 112 1169 78 43 430 43 106 34 192 195 261 37 41 128 56
internal_value=0.000522632 -0.00311213 0.00161076 -0.00332576 -0.00921288 -0.0190972 0.0233824 0.0109926 0.027288 -0.0295909 0.0347501 -0.00489437 0.0211747 0.0246633 0.0383158 -0.0397947 0.0474122 0.00668859 -0.0136365 -0.0297915 0.0526309 -0.0116775 -0.0256648 -0.0319691 0.0116089 -0.00906334
internal_weight=168.3 148.956 115.677 93.0326 76.7665 33.2785 16.2661 8.59259 19.3446 24.6859 5.52318 7.65001 22.6447 21.9129 15.2886 17.0359 11.486 3.8026 4.05603 3.06941 10.3055 2.31516 2.73588 2.3258 1.32015 0.441048
internal_count=31941 29468 17566 16287 14409 11902 1878 3013 2473 8889 1373 1092 1279 1247 1171 7797 761 410 1302 1640 718 304 1084 1047 218 90
is_linear=0
shrinkage=0.05


Tree=89
num_leaves=27
num_cat=0
split_feature=46 29 1 24 1 7 35 1 24 24 2 36 36 25 41 0 9 43 0 33 33 30 2 25 21 6
split_gain=5.31896 3.82657 3.94839 8.07661 6.13108 3.9179 3.90134 3.59261 3.43283 2.89434 3.46931 2.79665 2.76526 2.49681 2.17727 2.00197 1.33299 1.04198 1.02434 0.988334 0.890758 0.452605 0.435128 0.340787 0.310539 0.232635
threshold=0.00041986530413851147 -0.94398248195648182 0.51242694258689891 0.22466973215341571 0.30745695531368261 0.96901842951774608 0.056291302666068084 0.11433785408735277 0.24599030613899234 0.14227212965488437 0.15705665200948718 0.00048975582467392098 3.8753289118176333e-05 -1.0000000180025095e-35 0.0021824286086484794 0.49840131402015692 0.011504209134727718 0.0032724877819418912 0.20508433133363727 0.001382161630317569 0.00043686742719728505 0.0033358441432937984 0.16806118190288546 -0.0014134831144474445 0.63429540395736705 0.13253859430551532
decision_type=2 2 2 2 2 2 2 2 2 2 2 2 2 2 2 2 2 2 2 2 2 2 2 2 2 2
left_child=9 6 4 11 7 -5 15 -3 -6 13 12 -4 24 23 25 16 -2 -17 21 -14 -16 -12 -20 -1 -11 -8
right_child=1 2 3 5 8 -7 14 -9 -10 10 18 -13 19 -15 20 17 -18 -19 22 -21 -22 -23 -24 -25 -26 -27
leaf_value=0.0023665926016733924 5.4959154483437869e-05 -0.024379716179085562 0.011171474835836947 0.010725778648514789 -0.042849833792545818 -0.031903120916036427 -0.020255402412507131 0.011540607316165144 -0.004081740371123764 -0.010986930483089298 -0.0072751749759796397 0.045864847959129873 -0.04646336198913522 -0.030871519730624977 0.073285068165396566 -0.031156044903065283 0.0327983035510655 0.0094103384879515254 -0.024673976434793118 -0.010177542221631622 0.014690414141381981 0.03661652265808632 0.010568101488521971 0.037706207590811079 0.022902284864351162 0.0084385592655977209
leaf_weight=0.99061390128917981 5.2569427750677331 7.6964457065914749 11.248076198193305 9.8727565325862106 13.155107804537694 9.9496782963342394 0.46269257793755858 34.276692263174482 9.956903357175177 0.24707027401382831 0.36803982417040915 13.197169207021942 14.048245453543133 1.4684594783211675 4.2363076736073708 2.9515593203468589 6.6166506827721605 2.0253506165245199 1.1459819201463686 2.8980004084023667 1.4174938669530091 1.9950409244192995 0.74176554549921991 3.0273318736763031 1.6059775083413113 0.57608207195153227
leaf_count=46 521 1299 1421 887 1645 2260 79 2596 1321 141 117 363 12070 1112 62 665 532 207 1342 2107 199 122 228 119 341 23
internal_value=0.00067839 0.00491084 0.000898031 0.0122664 -0.00690276 -0.0111759 0.0227535 0.00453999 -0.0270101 -0.0185313 -0.0261001 0.0309677 -0.0349953 0.0123892 0.052379 0.00871189 0.0194318 -0.0158352 0.0124119 -0.041171 0.0630102 0.02965 -0.0119618 0.0312013 0.0161166 -0.00800852
internal_weight=161.432 132.896 109.353 44.2677 65.0851 19.8224 23.5431 41.9731 23.112 28.5365 23.0501 24.4452 18.7993 5.48641 6.69258 16.8505 11.8736 4.97691 4.25083 16.9462 5.6538 2.36308 1.88775 4.01795 1.85305 1.03877
internal_count=31825 14080 11792 4931 6861 3147 2288 3895 2966 17745 16468 1784 14659 1277 363 1925 1053 872 1809 14177 261 239 1570 165 482 102
is_linear=0
shrinkage=0.05


Tree=90
num_leaves=22
num_cat=0
split_feature=46 41 2 7 0 0 25 24 2 39 0 24 24 21 15 35 26 26 2 40 22
split_gain=4.71433 3.85355 3.55946 3.28081 3.44226 2.97547 2.74241 4.39083 2.02828 1.88974 1.71072 1.69192 1.34185 1.27596 0.935014 0.551458 0.318124 0.259571 0.256911 0.20052 0.0158441
threshold=0.00044673070078715687 0.77810069918632518 0.12451204657554628 0.99275910854339611 0.41136083006858831 0.7079855501651765 1.4806724266236417e-05 0.30491694808006292 0.14434310793876651 0.0064749675802886495 0.40783654153347021 0.22155421227216723 0.21116916090250018 0.87357336282730114 3.2854846722329974e-05 0.02333016321063042 -0.86231017112731922 1.9716512560844424 0.16569620370864871 0.15201202780008319 1.0000000180025095e-35
decision_type=2 2 2 2 2 2 2 2 2 2 2 2 2 2 2 2 2 2 2 2 2
left_child=6 2 9 5 -5 -4 7 8 12 11 -10 -2 -1 18 16 -11 -9 -15 -8 -16 -19
right_child=1 -3 3 4 -6 -7 13 14 10 15 -12 -13 -14 17 19 -17 -18 20 -20 -21 -22
leaf_value=0.012528598344112331 -0.0033071022554283279 0.065746381082336589 0.019921971787490392 0.0097606738985239541 -0.015971744282421541 -0.012350990990643374 -0.011219111490342956 0.0027206488448018062 0.033410275113493045 0.030778162487759515 -0.01364216876729296 -0.033886323890113444 -0.029675412851795525 -0.045731533841725139 -0.011977194254547956 -0.011611739723109122 -0.04608545547796572 -0.0030896321907437066 0.020164218336920489 0.013055853532067181 0.0058807575620969318
leaf_weight=2.5340300466268735 8.3247043476731104 1.5634816032543302 49.557735208451049 27.769708170038939 22.722622006986057 7.6251681012799954 0.28108198339759649 0.238427195803525 7.0963463835432758 1.8375029360977344 1.9258438973411101 9.5687777379443997 3.396937862436971 7.7103338650322257 0.51016016968424061 0.45630900748074044 5.45467722088142 0.065203503610973601 0.60549068441832787 0.72029962378474011 0.10675887018442154
leaf_count=578 653 42 3248 1595 2209 1239 523 98 508 250 720 3274 2087 9300 504 219 4514 120 50 112 1
internal_value=0.00080788 0.00500351 0.00375632 0.00738531 -0.00190475 0.0154802 -0.0165098 -0.00635332 0.00905036 -0.015035 0.0230076 -0.0205878 -0.0124376 -0.0386041 -0.036565 0.0213803 -0.0439404 -0.0444839 0.00954157 0.00196036 0.00274539
internal_weight=160.072 129.426 127.863 107.675 50.4923 57.1829 30.6456 21.8767 14.9532 20.1873 9.02219 17.8935 5.93097 8.76887 6.92356 2.29381 5.6931 7.8823 0.886573 1.23046 0.171962
internal_count=31844 12729 12687 8291 3804 4487 19115 9121 3893 4396 1228 3927 2665 9994 5228 469 4612 9421 573 616 121
is_linear=0
shrinkage=0.05


Tree=91
num_leaves=24
num_cat=0
split_feature=45 0 32 24 0 37 27 16 13 25 0 16 46 25 41 5 30 0 6 19 31 40 27
split_gain=4.40774 3.38837 4.38218 3.98528 3.67393 5.1378 3.99293 1.87795 1.33726 1.258 0.659642 0.535995 0.532423 0.515966 0.410073 0.241288 0.182496 0.162584 0.155909 0.136057 0.0985049 0.0392382 0.0302922
threshold=0.00079775386257097136 0.73028257489204418 0.0046003295574337253 0.070523668080568327 0.59804528951644909 0.027318176813423637 1.6965348124504092 0.99250119924545299 0.039913190528750427 -0.00045714307634625578 0.80469119548797619 0.99210864305496227 0.0048330212011933335 -0.00076010558404959727 0.0074725244194269189 0.00061753133195452403 0.0015273490571416917 0.17458572983741763 -0.46536426246166224 0.0015148222446441653 0.12875780463218692 0.15491821616888049 -1.1810274124145506
decision_type=2 2 2 2 2 2 2 2 2 2 2 2 2 2 2 2 2 2 2 2 2 2 2
left_child=9 3 15 7 6 -6 -5 8 -2 11 13 22 -12 -4 19 21 -9 -13 -17 -11 -21 -3 -1
right_child=1 2 10 4 5 -7 -8 16 -10 14 12 17 -14 -15 -16 18 -18 -19 -20 20 -22 -23 -24
leaf_value=0.00130396762302966 -0.054290027453880563 -0.0069092103928048727 0.014021631411971602 -0.0012072961333373245 -0.020185316092021018 0.044363484226119548 0.026623390215244375 0.025350636246099435 -0.010670842964993956 0.0026052777752238908 0.025157771056415791 -0.0064701092636357573 -0.012332439808210825 -0.026988586102412972 0.0062591736711773028 -0.0030168690772480328 -0.0042731832650342166 0.022634815503095509 -0.047154523192978005 -0.044778437363211257 0.0018439815395856374 0.0060625090817674945 -0.020891484758444448
leaf_weight=0.046128242705890332 3.7269815340987389 0.15854671178749224 0.47524553470429964 92.145432308663658 3.4745618765318786 11.12576739088763 13.969802197916577 0.89134655694942899 3.766761230341217 0.047813646495340367 3.836902630609984 0.14571420623360598 0.5368159351783105 0.95120334108651128 0.18765762284601795 0.35082493748996046 0.36856914232703275 1.0718547267806569 7.1599505964259151 6.8665977678356285 0.036487502045929321 0.17912645123215043 0.65896004034584621
leaf_count=7 329 328 46 12268 1524 907 1049 62 456 1 312 149 37 86 36 163 163 168 4619 8613 3 56 406
internal_value=-0.00120527 0.00103642 -0.0217735 0.0035895 0.0060281 0.028693 0.00267089 -0.0272098 -0.0362023 -0.0331958 0.0104054 0.00211764 0.0191177 -0.0131776 -0.0417985 -0.0440428 0.0186284 0.0178047 -0.0456896 -0.0437199 -0.0443299 -0.00064005 -0.0195263
internal_weight=152.179 143.118 13.6486 129.469 120.716 14.6003 106.115 8.75366 7.49374 9.06121 5.80017 1.92266 4.37372 1.42645 7.13856 7.84845 1.25992 1.21757 7.51078 6.9509 6.90309 0.337673 0.705088
internal_count=31788 22405 5647 16758 15748 2431 13317 1010 785 9383 481 730 349 132 8653 5166 225 317 4782 8617 8616 384 413
is_linear=0
shrinkage=0.05


Tree=92
num_leaves=26
num_cat=0
split_feature=46 3 32 31 21 0 0 45 40 45 9 46 39 19 2 2 6 5 28 7 34 21 2 31 6
split_gain=5.06949 3.56729 3.94355 3.14095 3.08429 2.7195 6.79814 2.18547 2.09807 1.85195 1.59819 1.74756 1.57565 1.36599 1.29441 0.952696 0.764324 0.575688 0.369661 0.291148 0.258616 0.253813 0.221499 0.208745 0.111906
threshold=0.00034099339973181492 0.00039403008122462785 0.0078911394812166708 0.025864740833640102 0.59143283963203441 0.69929018616676342 0.5921093523502351 0.0055435129906982192 0.16598320752382281 0.0027738856151700024 -0.034357300028204911 0.0013031570706516506 0.00095657477504573773 0.044984966516494758 0.12827207893133166 0.13348329067230227 0.51459828019142162 0.00082748100976459693 0.23887279629707339 0.99313086271286022 0.16124150156974795 0.63429540395736705 0.12689898163080218 0.0041683805175125608 0.41632828116416937
decision_type=2 2 2 2 2 2 2 2 2 2 2 2 2 2 2 2 2 2 2 2 2 2 2 2 2
left_child=9 4 3 7 10 6 -6 -3 -7 12 22 -12 17 -5 18 24 -16 23 -4 -17 -19 -11 -2 -1 -14
right_child=1 2 14 13 5 8 -8 -9 -10 21 11 -13 15 -15 16 19 -18 20 -20 -21 -22 -23 -24 -25 -26
leaf_value=-0.016610035125281666 -0.0044041047006952733 -0.026245536161539608 -0.024448524251148282 -0.016298862838964128 0.010112762041795106 -0.036685914695077447 0.055962397937389621 0.016479649233542257 0.012122470320135456 -0.0058663213180465187 0.011980425114199895 -0.038847839960790186 -0.028060451811027655 0.016108188458378751 0.035203254274661651 0.022681515574574884 -0.00630421644822147 -0.046947363222366138 0.0081239158629851128 -0.01021948799376074 -0.0011771979542345848 0.024696363855547208 0.027206152043450772 0.0094629093658535283 0.0027652179932432181
leaf_weight=0.47153646733022359 0.41494871512986709 26.36532557581268 0.96838489685614859 3.7269870897180217 61.722671421721316 3.6961414596680688 8.4462851232165104 2.6840017979266113 3.4358920594149822 0.5246600446444053 1.7681610959698426 5.3778219078740221 1.3031451294764331 9.8405627822576189 6.6537871625623666 1.8348838716283355 0.97573503642342974 8.3078300624765653 0.88620583107694983 0.24932355972669018 0.37319801594821989 1.1445037208141 1.1451972447684964 0.67651755437691463 0.14568496192805458
leaf_count=272 117 5855 172 670 6707 2553 712 91 398 79 263 173 1678 768 251 490 69 9639 71 308 252 116 30 76 60
internal_value=0.000863691 0.00392652 -0.00632281 -0.0128374 0.0101366 0.0133386 0.0163405 -0.0218809 -0.014573 -0.0257672 -0.0167389 -0.0263444 -0.0318267 0.00669827 0.021383 -0.00218997 0.0297795 -0.0412936 -0.0114905 0.0167083 -0.0453045 0.016491 0.0203625 -0.00399317 -0.0250974
internal_weight=153.139 138.108 52.101 42.6169 86.0071 77.301 70.169 29.0493 7.13203 15.0313 8.70613 7.14598 13.3621 13.5675 9.48411 3.53304 7.62952 9.82908 1.85459 2.08421 8.68103 1.66916 1.56015 1.14805 1.44883
internal_count=31870 18900 7947 7384 10953 10370 7419 5946 2951 12970 583 436 12775 1438 563 2536 320 10239 243 798 9891 195 147 348 1738
is_linear=0
shrinkage=0.05


Tree=93
num_leaves=22
num_cat=0
split_feature=29 46 24 17 0 2 17 3 19 22 24 0 0 0 45 37 31 17 4 25 36
split_gain=6.25106 5.04846 4.16143 4.75966 4.79691 3.93052 3.58116 4.69379 3.53967 2.83942 2.42354 2.30857 3.83717 2.19112 1.65443 0.692184 0.500407 0.311236 0.236451 0.165875 0.0892807
threshold=0.97532781958580028 0.00051999892457388352 0.17043682932853702 0.57499998807907116 0.42842167615890508 0.1756609529256821 0.45833332836627966 0.0011576405959203841 0.028257817029953006 1.0000000180025095e-35 0.21772087365388873 0.35550124943256384 0.15842524915933612 0.62849757075309765 0.0027738856151700024 0.07336346805095674 0.00099186896113678835 0.34166666865348821 0.00047707920020911848 -0.0034010069211944933 0.0011786453542299571
decision_type=2 2 2 2 2 2 2 2 2 2 2 2 2 2 2 2 2 2 2 2 2
left_child=1 9 3 4 -3 8 10 -8 16 11 -4 12 -1 -5 -13 20 19 -18 -11 -2 -10
right_child=5 2 6 13 -6 -7 7 -9 15 18 -12 14 -14 -15 -16 -17 17 -19 -20 -21 -22
leaf_value=-0.039268173997868569 0.0073124503453949261 0.034485161862330367 0.019935338108180493 -0.038833140896092334 -0.012060719044818933 0.024352928305865332 0.034394495161253841 -0.0069070359313405357 -0.059227111959048645 0.033660103390871512 -0.0070347728206092783 -0.039493975422340344 0.010234674098085254 0.023047518305110395 0.012443620298979706 0.0030258143242814415 0.028949592607368593 -0.0079182746731619232 0.00050776016801267181 -0.0203304941229808 -0.0024732267322854769
leaf_weight=4.7154113715605588 0.19982719327163068 8.5219862411468075 12.272521569277158 9.8671241407064372 12.368341637993579 1.9833311499132822 29.987659662492661 8.4589841130327823 8.3471443325706733 2.1080412723531476 21.457310734243947 11.531330560976128 11.545562352672276 0.9783905781296206 1.2783732791103819 0.37932125205043199 1.2367790971729844 0.28978604058829649 0.68786860309774045 0.65548503904392363 0.1597710760834169
leaf_count=3112 55 300 447 1370 552 94 2169 1410 2991 127 2505 11674 3571 102 159 63 91 530 71 498 18
internal_value=-6.19876e-05 0.0032219 0.00855771 -0.00639275 0.00763513 -0.0315749 0.0151289 0.0253626 -0.0426016 -0.0139084 0.0030697 -0.0187091 -0.00556365 -0.0317764 -0.033785 -0.0558655 0.00876963 0.021587 0.0277862 -0.0134118 -0.0585335
internal_weight=149.03 135.779 103.912 31.7358 20.8903 13.2514 72.1765 38.4466 11.2681 31.8666 33.7298 29.0707 16.261 10.8455 12.8097 8.88624 2.38188 1.52657 2.79591 0.855312 8.50692
internal_count=31909 27569 8855 2324 852 4340 6531 3579 4246 18714 2952 18516 6683 1472 11833 3072 1174 621 198 553 3009
is_linear=0
shrinkage=0.05


Tree=94
num_leaves=28
num_cat=0
split_feature=29 2 45 37 29 41 24 12 2 0 38 29 5 39 5 0 34 1 0 2 1 4 27 40 34 25 31
split_gain=5.76528 3.88582 4.42648 3.7637 3.97835 3.59518 3.01947 2.66063 2.63318 2.29896 2.2575 2.20133 2.1117 1.72339 1.45296 1.23731 1.01619 1.01078 0.935646 0.907454 0.486878 0.346947 0.272574 0.254597 0.254199 0.0432426 0.0151916
threshold=-1.0044149756431577 0.16174234449863437 0.0055435129906982192 0.031400160863995559 0.97532781958580028 0.0048623182810843 0.16736242175102237 0.00014502117846859622 0.12249197438359262 0.41136083006858831 0.0027640202315524225 0.075621783733367934 0.0050059745553880939 0.0050212685018777856 0.0040664596017450103 0.69387525320053112 0.27977168560028082 0.80577921867370617 0.62849757075309765 0.16754776984453204 0.47545631229877477 0.0011801808141171934 -0.090962368994951234 0.14004287868738177 0.31807482242584234 -0.0022200392559170719 0.034772275015711791
decision_type=2 2 2 2 2 2 2 2 2 2 2 2 2 2 2 2 2 2 2 2 2 2 2 2 2 2 2
left_child=5 2 3 9 -5 8 10 -7 13 -2 18 12 -4 21 17 16 -8 -10 -3 -17 -12 -1 25 -15 -16 -9 -24
right_child=1 6 11 4 -6 7 15 22 14 -11 20 -13 -14 23 24 19 -18 -19 -20 -21 -22 -23 26 -25 -26 -27 -28
leaf_value=-0.035160482093959701 -0.013666021317994041 -0.039219841886913784 0.033775896954569555 0.0012353836697202233 -0.041673191677733833 0.070326198266666098 0.039359525628287373 0.00076755209883267719 0.033350686307850631 -0.038206853793670767 -0.0066360964693891319 -0.02490808614076391 -0.015881591557964529 -0.007612729731090645 -0.026913442090638846 -0.027362460988338572 -0.0036703682971622412 -0.0020887792945192599 0.016615523094403669 0.017804648028627086 0.026117003851139037 0.0036803369901165397 -0.00057172772721746307 0.027219021708880027 0.0076891265173460984 -0.023004625192547656 0.01178837629276192
leaf_weight=3.8817050115740193 23.443529921814843 3.8182354433465688 9.4530827743437822 42.478238386509474 5.1805904965640357 3.9269560419634209 9.3526708044300886 0.14824888091970911 9.4016838079351128 17.539260831622414 1.196631128783338 1.9204323041049054 2.0541840692167161 0.21121619229779742 0.97167634893230459 1.0461747108402044 1.3953503323427856 2.3540125134277323 0.31731237977146509 1.4582235966445294 2.3975294917690917 0.45009061155178631 0.19523651477720705 1.2208205553615696 0.2277740438003093 0.44302839392184978 0.3805487989775429
leaf_count=1504 7411 986 418 6919 1121 126 818 14 677 9074 117 77 58 141 278 650 64 489 24 194 110 280 73 163 9 126 47
internal_value=-0.0014196 -0.00581108 -0.00984202 -0.0139023 -0.00418943 0.0205926 0.0133535 0.0541137 0.00918886 -0.0248286 -0.0106448 0.0160673 0.0243504 -0.0170138 0.0212304 0.0271157 0.0339363 0.0266467 -0.0325345 -0.00348721 0.0161414 -0.0311914 -0.00771732 0.0210638 -0.0198341 -0.0203076 0.00989416
internal_weight=146.864 123.051 102.069 88.6416 47.6588 23.813 20.9821 5.09402 18.719 40.9828 7.72971 13.4277 11.5073 5.76383 12.9551 13.2524 10.748 11.7557 4.13555 2.5044 3.59416 4.3318 1.16706 1.43204 1.19945 0.591277 0.575785
internal_count=31968 28041 25078 24525 8040 3927 2963 386 3541 16485 1237 553 476 2088 1453 1726 882 1166 1010 844 227 1784 260 304 287 140 120
is_linear=0
shrinkage=0.05


Tree=95
num_leaves=16
num_cat=0
split_feature=41 45 29 1 1 12 2 20 2 25 20 31 30 2 24
split_gain=4.96942 3.91521 3.6101 4.13837 4.39459 2.95515 1.63132 1.51977 1.41775 0.985771 0.368203 0.315671 0.113548 0.0328691 0.0302115
threshold=0.77810069918632518 0.00079775386257097136 0.63222214579582225 0.10124753043055536 0.87684962153434765 4.1407231492485161e-06 0.16069215536117556 0.99175381660461437 0.13773247599601748 -0.00045714307634625578 0.99620342254638683 0.032394660636782653 0.0030411391053348784 0.17077687382698062 0.18822446465492251
decision_type=2 2 2 2 2 2 2 2 2 2 2 2 2 2 2
left_child=1 9 3 8 -5 6 -4 -7 -3 10 12 13 -1 -11 -13
right_child=-2 2 5 4 -6 7 -8 -9 -10 11 -12 14 -14 -15 -16
leaf_value=-0.019548342260382847 0.065400684779717971 -0.039364156199585734 -0.060810120111707403 0.0098967748974531713 -0.028378130799202601 0.0055358325228291065 0.0073092945384255481 -0.029117001898522683 0.018301939423975715 -0.043748097009306264 0.017353780218485805 0.0070402163418787468 0.0047016278741636858 -0.0010953067343338766 -0.0047115891825362313
leaf_weight=0.71220222208103201 1.9102518069412315 5.6750662112135606 3.7687369456798505 101.98112567590579 7.1288696557221547 9.4204347635004506 0.83392826876661263 3.5909381325127461 0.66274333978071798 5.7165902263977832 0.74498678154850495 0.1871185307172708 0.22195058491342934 0.0979534138314192 0.10197888231778052
leaf_count=533 99 2153 409 13440 2634 1824 59 2006 21 8415 140 19 81 86 126
internal_value=0.000727729 -0.000604309 0.00151871 0.00477615 0.00716101 -0.0189412 -0.0493663 -0.00542335 -0.0316616 -0.0329416 0.000954246 -0.0410881 -0.0143347 -0.0432957 0.00245559
internal_weight=142.755 140.845 133.062 115.448 109.11 17.614 4.60267 13.0114 6.33781 7.78278 1.67914 6.10364 0.934153 5.81454 0.289097
internal_count=32045 31946 22546 18248 16074 4298 468 3830 2174 9400 754 8646 614 8501 145
is_linear=0
shrinkage=0.05


Tree=96
num_leaves=17
num_cat=0
split_feature=41 32 24 7 30 1 0 29 2 41 25 21 1 2 0 6
split_gain=7.34123 4.50976 5.52341 5.66652 4.61108 3.81239 2.40688 2.4197 2.96085 2.29792 2.11295 2.21861 1.39561 2.32467 0.826375 0.319145
threshold=0.77810069918632518 0.0027532156091183428 0.28874336183071142 0.97145026922225963 0.0036659907782450323 0.26239226758480078 0.42171847820281988 0.97532781958580028 0.14405217021703723 0.0010132747120223942 -0.00014006055425852534 0.92922288179397594 0.26625956594944006 0.13010288774967196 0.90531975030899059 0.41632828116416937
decision_type=2 2 2 2 2 2 2 2 2 2 2 2 2 2 2 2
left_child=1 2 3 4 -1 -5 7 9 -9 -3 14 -12 13 -4 -8 -14
right_child=-2 6 12 5 -6 -7 10 8 -10 -11 11 -13 15 -15 -16 -17
leaf_value=0.03358203682863644 0.071015731269272894 -0.0088626440429790936 -0.039711681333092101 0.0040484537388771153 -0.02359038861040668 -0.025186770689841133 0.017539826621370051 -0.047302499092302733 0.014947319720873467 0.026873372507911976 -0.0338317207518187 0.014010435268726444 -0.047607793029858167 0.0082638895395639213 -0.017593679659989505 -0.0021345618327743184
leaf_weight=14.54993004629978 2.6378404046408823 4.8074504970682019 3.8530048464908777 20.90759689985407 3.78178215092339 22.323749774189309 8.0018661655267369 2.2141858917420896 3.8827390562619257 28.566654549202212 7.021104060160722 2.8143414636906527 8.6017581946462052 4.679747682609559 1.2093088493566018 0.5024700129379206
leaf_count=1331 93 428 2632 3352 1721 7301 799 250 303 2057 1174 427 7946 1421 529 221
internal_value=0.000905487 -0.000939666 -0.00867174 -0.00142838 0.0211773 -0.0112761 0.00949509 0.0164076 -0.0111394 0.0216176 -0.00493379 -0.0201124 -0.0325219 -0.015293 0.011656 -0.0455577
internal_weight=140.356 137.718 79.2 61.5631 18.3317 43.2313 58.5177 39.471 6.09692 33.3741 19.0466 9.83545 17.637 8.53275 9.21118 9.10423
internal_count=31985 31892 25925 13705 3052 10653 5967 3038 553 2485 2929 1601 12220 4053 1328 8167
is_linear=0
shrinkage=0.05


Tree=97
num_leaves=26
num_cat=0
split_feature=29 45 2 9 24 2 24 37 3 2 36 30 3 35 31 41 1 1 35 27 40 37 2 29 16
split_gain=4.17693 4.94324 3.21791 3.89026 3.22556 2.56025 2.55706 2.19735 1.65991 1.38097 1.24951 1.14579 1.06359 0.892285 0.83618 0.885198 0.832791 0.722874 0.623029 0.265535 0.232994 0.202898 0.136329 0.105782 0.160902
threshold=-1.1820359826087949 0.0055435129906982192 0.16069215536117556 0.07134424522519113 0.31295092403888708 0.12096652761101724 0.16736242175102237 0.067676059901714339 0.0017452143365517261 0.17218530178070071 0.0016177166253328326 0.0017275141435675325 -0.0011940145632252095 0.047402359545230872 0.045672580599784858 0.0043910511303693065 0.80577921867370617 0.40528741478919988 0.020860919728875164 1.0029018521308901 0.28627975285053259 0.016219383105635646 0.11605701968073846 -2.0993624925613399 0.89034748077392589
decision_type=2 2 2 2 2 2 2 2 2 2 2 2 2 2 2 2 2 2 2 2 2 2 2 2 2
left_child=5 2 3 7 -5 14 9 -2 16 -4 11 17 -8 -13 15 20 18 -3 -7 -10 -1 -18 -17 -16 -25
right_child=1 10 6 4 -6 8 12 -9 19 -11 -12 13 -14 -15 23 22 21 -19 -20 -21 -22 -23 -24 24 -26
leaf_value=-0.036999390767493444 -0.019078443055523822 0.020311758582036696 -0.031952911310804889 0.029700485873388749 -0.021029467412391683 0.011663193492317954 0.0010430807473335232 0.0095968858696380017 -0.024628446236092279 0.010876328736431835 -0.015783552006337825 0.0048478700248106681 0.032401373081437958 0.040763701180789744 -0.0038232797459354464 -0.0055326024781162039 -0.014887283923716996 -0.015707687544638631 0.048477344377105935 0.0075383829861038684 0.0031803151736717935 0.010497966975675559 0.022982005846514334 -0.0055559568271405999 0.023942706386335142
leaf_weight=2.1595600893515474 64.387714607466478 1.5840593921020603 3.3654741630543894 8.4277250069044367 3.8410149184192042 2.1888770126934096 3.8832111706797159 6.8351400704104881 0.71766740540260687 2.6231422097989707 1.3534006686386426 2.487661589664639 8.4512842320436867 8.2846684639080177 0.27442025048367202 0.14396266822404857 0.38143872421824088 2.0253009283042047 8.2783740447921428 0.43693056141637499 0.23845050985983096 0.83183601868768164 0.37521762543110526 0.18180439677962557 1.0735073632895362
leaf_count=1082 22219 82 928 656 1182 250 944 1116 197 353 53 169 998 300 26 125 171 116 432 47 31 191 21 41 227
internal_value=-0.000110067 -0.00353984 -0.00761422 -0.0117657 0.0134304 0.0221363 0.0109322 -0.0162317 0.0328278 -0.0143209 0.0217033 0.0260278 0.0233476 0.033586 -0.00908405 -0.0223852 0.0382987 0.00107744 0.0424673 -0.0146066 -0.0332439 -0.000603322 0.016638 0.0151031 0.0191013
internal_weight=134.832 117.55 101.815 83.4916 12.2687 17.282 18.3231 71.2229 12.8351 5.98862 15.7351 14.3817 12.3345 10.7723 4.44692 2.91719 11.6805 3.60936 10.4673 1.1546 2.39801 1.21327 0.51918 1.52973 1.25531
internal_count=31957 29116 28396 25173 1838 2841 3223 23335 1288 1281 720 667 1942 469 1553 1259 1044 198 682 244 1113 362 146 294 268
is_linear=0
shrinkage=0.05


Tree=98
num_leaves=30
num_cat=0
split_feature=32 35 6 1 4 30 22 46 0 6 1 5 41 10 37 12 24 39 31 0 3 34 1 17 4 35 35 9 1
split_gain=3.58552 7.0279 5.19503 4.58658 5.22025 3.91938 3.56511 1.98623 1.967 2.20386 1.99527 2.0594 1.76489 1.74396 1.57283 1.52542 1.25532 1.00558 0.947918 0.852288 0.766841 0.686996 0.546324 0.539987 0.411529 0.357825 0.203196 0.200284 0.185973
threshold=0.0027532156091183428 0.077722117304801955 -0.23468530178070066 0.34446594119071966 -0.00084301564493216563 0.0034556519240140919 1.0000000180025095e-35 0.018538957461714748 0.43168073892593389 -0.17645307630300519 0.55834957957267772 0.0027780152158811693 0.00093904606183059524 0.015822987072169784 0.0055896723642945298 0.0048856211360543975 0.2307136878371239 0.0018975601997226479 0.043609214946627624 0.5921093523502351 0.00013162798131816092 0.19786725938320163 0.58768749237060558 0.82499998807907116 -0.00020569159823935476 0.022569322958588604 0.015193110331892969 -0.081995178014039979 0.32735091447830206
decision_type=2 2 2 2 2 2 2 2 2 2 2 2 2 2 2 2 2 2 2 2 2 2 2 2 2 2 2 2 2
left_child=1 6 5 4 -4 16 15 -5 9 25 11 21 14 -14 -11 19 -3 22 -13 -1 -8 -10 -12 -22 -19 -2 -17 -7 -27
right_child=8 2 3 7 -6 27 20 -9 10 12 17 18 13 -15 -16 26 -18 24 -20 -21 23 -23 -24 -25 -26 28 -28 -29 -30
leaf_value=-0.054646204238228115 0.005224950950408494 0.053770077704610258 -0.020104315600887303 -0.029378228984072836 0.020948815000738932 0.0049160498530400071 0.030164213538711661 0.028065734523543343 -0.018479474392990698 0.022443714511771722 0.019508141966518261 -0.040579070327335751 0.027786464963975011 -0.0096232202801070713 -0.027468296100039209 0.01786360789325148 0.0059297655696121596 -0.0030350258238334787 0.0035585507660627633 -0.020375336794439716 -0.029450848168173893 0.020827239782934923 -0.014979061792895043 0.013149502194107821 0.037133694611722196 0.0015020240925119335 -0.0089223205107863048 -0.032606420290886229 -0.034169069564561956
leaf_weight=9.9435755188624189 0.61781643354333882 6.8136325385985383 11.217175803973079 16.469555497210425 20.311434517052476 0.13987377991725125 1.6599202878132922 0.86650530155748029 0.67749654401632353 1.7392079793789879 0.74121272043703301 5.2578133079514373 27.243072800429221 3.00827606099483 2.8451638785372779 0.67054791914051637 1.9894980991593909 0.59165698839206049 1.3208720120674113 4.2260937552719033 0.56964266416616716 2.9419930534677405 2.4840929486945242 0.60702917934395373 2.8852619201061316 0.3289206885601742 0.42998728540624143 1.3812656658828926 1.6654898359993238
leaf_count=8695 73 150 1356 5802 2328 19 119 7 194 62 40 1282 2135 117 333 117 456 81 93 5902 33 405 573 61 164 70 465 611 252
internal_value=0.00016292 -0.00672411 0.00175809 -0.00521428 0.00617399 0.0323046 -0.0330922 -0.025133 0.00990236 0.016163 -0.00409784 -0.0173757 0.0195911 0.0238775 -0.00790458 -0.0422505 0.044666 0.0157387 -0.0324169 -0.0464419 0.0143718 0.0110622 -0.00431226 -0.0115294 0.0311472 -0.0223209 0.00813279 -0.0285747 -0.0297492
internal_weight=131.644 77.2957 59.1889 48.8647 31.5286 10.3243 18.1068 17.3361 54.3483 37.4479 16.9004 10.1982 34.8357 30.2513 4.58437 15.2702 8.80313 6.70222 6.57869 14.1697 2.83659 3.61949 3.22531 1.17667 3.47692 2.61223 1.10054 1.52114 1.99441
internal_count=31995 26121 10729 9493 3684 1236 15392 5809 5874 3042 2832 1974 2647 2252 395 15179 606 858 1375 14597 213 599 613 94 245 395 582 630 322
is_linear=0
shrinkage=0.05


Tree=99
num_leaves=15
num_cat=0
split_feature=41 45 29 7 1 2 2 20 25 2 25 29 7 40
split_gain=5.32782 3.67766 3.26378 3.44551 3.23248 2.33469 2.02881 1.73057 1.01172 0.980052 0.918822 1.71698 0.944726 0.294213
threshold=0.77810069918632518 0.0038653422379866247 -1.6552061438560484 0.91380706429481517 0.60265079140663158 0.16102363169193271 0.12973552942276004 0.65665337443351757 0.0011543766595423224 0.12249197438359262 -0.00063985821907408525 0.59580504894256603 0.99809086322784435 0.20796205103397372
decision_type=2 2 2 2 2 2 2 2 2 2 2 2 2 2
left_child=1 2 9 4 -4 -5 7 -3 -9 13 11 -8 -12 -1
right_child=-2 6 3 5 -6 -7 10 8 -10 -11 12 -13 -14 -15
leaf_value=-0.014480665091318345 0.06321071073952729 -0.036683971141298725 -0.013275303306049016 -0.018212317041797262 0.02905302381073609 0.0068176961801757353 0.035443390861405542 0.014165733226145278 -0.027667191837436059 0.04171834273439845 -0.0014505652253769341 -0.019308440082349068 0.024666488922771353 0.01377960150912535
leaf_weight=0.99595541670896526 2.2668347699654978 2.3485802121322177 7.2577106011794994 56.854182181104989 9.2396186740652393 10.561351088283116 10.506486172671428 6.1800824911115342 0.84159394830930967 3.2989336782884493 8.1204664095421304 0.99652899987995702 4.9056498473510155 0.72152542657568119
leaf_count=510 86 193 1680 23361 1415 2493 602 585 52 249 277 25 132 58
internal_value=0.000185057 -0.00147917 -0.0068143 -0.00926796 0.010737 -0.0142488 0.0123108 -0.00695063 0.00632778 0.0289481 0.0196529 0.0295352 0.00944252 -0.00190648
internal_weight=125.095 122.829 88.9293 83.9129 16.4973 67.4155 33.8994 9.37026 7.02168 5.01641 24.5291 11.503 13.0261 1.71748
internal_count=31718 31632 29766 28949 3095 25854 1866 830 637 817 1036 627 409 568
is_linear=0
shrinkage=0.05


Tree=100
num_leaves=22
num_cat=0
split_feature=45 2 3 1 1 35 19 9 17 16 28 2 39 24 3 6 5 2 39 5 9
split_gain=2.81657 2.59714 2.58489 3.44103 2.52903 2.28803 2.86644 2.42481 2.18346 1.21341 0.757144 0.34059 0.284561 0.229691 0.227137 0.160685 0.106215 0.0748634 0.0484491 0.0097046 0.00832805
threshold=0.00081224605673924099 0.10825660452246667 0.00088190136011689912 0.51242694258689891 0.26239226758480078 0.0088420244865119475 0.0292334258556366 0.014164833351969721 0.37500000000000006 0.99718040227890026 1.5075684785842898 0.14375565946102145 0.0012490562512539329 0.056804586201906211 -0.0054690020624548188 0.91976016759872448 0.0030923159793019299 0.14484228193759921 0.0013535211328417065 0.0031198643846437339 0.13467903435230258
decision_type=2 2 2 2 2 2 2 2 2 2 2 2 2 2 2 2 2 2 2 2 2
left_child=9 13 5 4 -4 7 -7 -3 -5 10 12 20 -1 -2 -15 -16 -13 -12 -14 -18 -11
right_child=1 2 3 8 -6 6 -8 -9 -10 11 17 16 18 14 15 -17 19 -19 -20 -21 -22
leaf_value=-0.043319713252757033 0.0042350848588238073 -0.052627289518837564 -0.0017981055521393897 0.026609644565267487 -0.037969933091511025 0.032318104036092483 0.006207468373864526 0.014139054781926647 -0.0097391939789618579 -0.013894073305175964 -0.0056021067277094395 0.023742492098095543 0.006570741573975818 0.0045760862524640098 -0.040982464046769793 0.0030173653986360562 0.0020539784566667068 0.013520825144362605 -0.0074325981230697518 -0.0054773451564610982 0.00064429789521927366
leaf_weight=5.2686047220804531 0.15353975462494363 2.0686487875609596 9.0102298332276423 7.8235444503843592 9.6879526693010103 11.824992143780944 62.764582680134481 1.8364946879046327 7.019309044028887 0.36868408612554038 0.12345495864883549 0.89965808659326263 0.18808539302517591 0.10607325535966161 3.1720251520009697 0.080256107670720556 0.041668292135000229 0.42834126013258356 0.30854997568076215 0.12113678597961552 0.014319532900117338
leaf_count=7623 13 216 1781 534 2170 1774 8870 247 2832 1047 134 47 87 10 3738 14 1 69 454 341 2
internal_value=0.000211456 0.00226519 0.00373135 -0.00773371 -0.0215157 0.00866607 0.0107197 -0.0247474 0.00989025 -0.0271288 -0.0355957 0.00929812 -0.0404233 -0.0349684 -0.0373212 -0.0394424 0.0199283 0.0083894 -0.00128243 -0.00344107 -0.0132777
internal_weight=123.31 115.548 112.036 33.541 18.6982 78.4947 74.5896 3.90514 14.8429 7.7625 6.31704 1.44547 5.76524 3.51189 3.35835 3.25228 1.06246 0.551796 0.496635 0.162805 0.383004
internal_count=32004 22199 18424 7317 3951 11107 10644 463 3366 9805 8367 1438 8164 3775 3762 3752 389 203 541 342 1049
is_linear=0
shrinkage=0.05


Tree=101
num_leaves=19
num_cat=0
split_feature=34 21 41 0 37 2 39 4 2 32 38 6 4 31 41 35 32 0
split_gain=3.15957 2.62891 2.27679 2.26606 3.32968 2.44486 1.47838 1.36054 1.2089 0.790806 0.77793 0.413789 0.305423 0.19593 0.126077 0.106169 0.0940313 0.008516
threshold=0.37249372899532324 0.96111521124839794 0.77810069918632518 0.41136083006858831 0.087353538721799864 0.12304872274398805 0.0012490562512539329 -0.003381502465344965 0.12391385063529016 0.02007418125867844 0.0058516415301710376 0.018362256698310379 0.0024487392511218791 0.058328818529844291 0.0010799200972542169 0.047054933384060867 0.0063436534255743035 0.16261499375104907
decision_type=2 2 2 2 2 2 2 2 2 2 2 2 2 2 2 2 2 2
left_child=1 2 3 5 -5 -1 7 17 13 12 -9 16 -10 -2 -13 -15 -8 -3
right_child=8 6 -4 4 -6 -7 11 10 9 -11 -12 14 -14 15 -16 -17 -18 -19
leaf_value=-0.022253858137959395 -0.021580707623933212 0.018846290638880887 0.050330625379632392 -0.013269642320186315 0.027974505623388709 0.010063204779607832 -0.017977471113673281 -0.041449927188045667 0.04176125898517509 -0.0031248417149869604 0.0076765067563043191 -0.00328210142050095 0.0021588352094955173 0.013361682737670515 0.021610739082140017 -0.0076250153247537341 0.0045739859696991682 0.0011513845227222761
leaf_weight=5.7272221127204821 0.65710703707008888 0.47608958774617249 1.2057654639647797 42.97312677134596 4.5629700341087291 46.188027396992766 0.67320585090237672 8.1061620991276833 6.172713585125166 1.1494676020229233 0.57263044298451937 0.34001813615213894 0.64318855002056796 0.34882762501365505 1.5265765551603179 0.23245711359777488 0.17493985159671865 0.21579443432347034
leaf_count=3402 65 24 92 13175 399 5650 703 7195 509 63 69 167 22 95 244 18 19 115
internal_value=-0.000269536 -0.00265841 8.15227e-05 -0.00102269 -0.00881584 0.00614485 -0.023741 -0.0324144 0.0263859 0.0330574 -0.0377503 0.00686381 0.0387785 -0.0121232 0.0175132 0.00545449 -0.0133679 0.0172699
internal_weight=121.946 112.743 100.657 99.4513 47.5361 51.9152 12.0854 9.37068 9.20376 7.96537 8.67879 2.71474 6.8159 1.23839 1.86659 0.581285 0.848146 0.691884
internal_count=32026 31254 22718 22626 13574 9052 8536 7403 772 594 7264 1133 531 178 411 113 722 139
is_linear=0
shrinkage=0.05


Tree=102
num_leaves=17
num_cat=0
split_feature=41 40 3 19 0 43 16 21 25 2 2 36 38 31 30 2
split_gain=3.42729 2.97788 2.83529 2.8005 2.76636 2.74037 2.12059 1.40468 1.22227 1.11237 1.08581 1.08055 0.632594 0.588268 0.582794 0.0663614
threshold=0.77810069918632518 0.23751655220985415 0.00031419223523698753 0.0088317692279815691 0.69929018616676342 0.002313282922841609 0.99190980195999157 0.71140611171722423 -0.00020348942780401555 0.16612013429403308 0.12973552942276004 0.0006573236023541541 0.010665965732187034 -0.007999486289918421 0.001940195157658309 0.13318147510290149
decision_type=2 2 2 2 2 2 2 2 2 2 2 2 2 2 2 2
left_child=1 2 3 6 -5 9 -1 13 12 -4 -7 -10 -9 15 -15 -3
right_child=-2 7 5 4 -6 10 -8 8 11 -11 -12 -13 -14 14 -16 -17
leaf_value=-0.049672959989625634 0.05360352532786538 0.00040651989734196851 -0.02857855421666541 0.008686692261867324 -0.02731006272641644 -0.016620404857657121 0.01848920178743426 0.035792243338689821 -0.021570787104175315 0.0052474313701476672 0.011659102132063068 0.016987970751474943 0.0054526617524192139 -0.026307254564790186 0.010382494904792681 0.019856849945363894
leaf_weight=3.2290896353670169 1.8998804745788209 0.65529204570339039 22.269761546470367 49.608870579445465 4.9899058448991118 4.072176604960986 0.96737829338235304 8.9354243780253473 2.0657523680201821 2.3982620258502712 9.3284778254383109 3.468318720755633 2.564970954437741 2.7212827776311346 0.8987135702773229 0.65073285903781652
leaf_count=412 95 51 10983 11587 4818 552 384 790 326 559 726 155 239 132 93 32
internal_value=-0.000108307 -0.00140729 -0.00519826 0.00171155 0.00496484 -0.0156408 -0.0334258 0.0148122 0.0213384 -0.0252136 0.00250816 0.00149631 0.030003 -0.00754842 -0.0169228 0.014506
internal_weight=120.724 118.824 96.8639 58.7952 54.5988 38.0687 4.19647 21.9605 17.0345 24.668 13.4007 5.53407 11.5004 4.92602 3.62 1.30602
internal_count=31934 31839 30021 17201 16405 12820 796 1818 1510 11542 1278 481 1029 308 225 83
is_linear=0
shrinkage=0.05


Tree=103
num_leaves=17
num_cat=0
split_feature=41 32 19 6 1 30 22 0 0 6 5 1 14 46 19 34
split_gain=3.73736 3.81444 5.15507 4.44357 3.34153 3.15037 2.1308 1.89378 1.71879 2.10825 1.5734 1.55362 1.29387 0.838555 0.637903 0.473492
threshold=0.77810069918632518 0.0026956780347973113 0.076023131608963027 -0.23468530178070066 0.34446594119071966 0.0034556519240140919 1.0000000180025095e-35 0.5921093523502351 0.42842167615890508 -0.17994819581508634 0.0028767164330929522 0.56616753339767467 0.012915176805108787 0.00061521129100583505 0.030726671218872074 0.17877984046936038
decision_type=2 2 2 2 2 2 2 2 2 2 2 2 2 2 2 2
left_child=1 2 6 5 -5 -4 7 -1 9 14 15 -12 -11 -8 -3 -10
right_child=-2 8 3 4 -6 -7 13 -9 10 12 11 -13 -14 -15 -16 -17
leaf_value=-0.053851960626795536 0.05515584961929703 0.0087851239359473966 0.042602150509577615 0.0018495183887877284 -0.026155903669702552 -0.026900756925434661 0.024334029559998999 -0.010715764102008926 -0.014862035418817596 0.021547488936865641 -0.030862377466101588 0.0078721079745649354 -0.01245939175528897 -0.017628479881490054 -0.03507498115904608 0.017759926115974926
leaf_weight=8.8308891363603816 1.9229144672426617 0.70836542386314194 6.9230554661262413 29.311800156570825 15.62423672738896 1.3220824472000456 1.434076655597891 4.2307819975917473 0.54571844325437169 28.246786545738363 5.9655081874825537 3.5820120274347573 2.4484952466445966 1.3671908674878066 1.7341931824303172 5.7724290861879126
leaf_count=8718 91 92 616 3783 5777 636 114 6026 242 2592 1391 541 123 82 297 809
internal_value=-0.000708401 -0.00207406 -0.00958895 -0.0019137 -0.00824537 0.0297533 -0.0336812 -0.0416355 0.00849417 0.0148321 -0.00483804 -0.0169615 0.0185273 0.00460397 -0.0234981 0.0132964
internal_weight=119.971 118.048 69.0441 53.1812 44.936 8.24514 15.8629 13.0617 49.0035 33.1378 15.8657 9.54752 30.6953 2.80127 2.44256 6.31815
internal_count=31930 31839 25752 10812 9560 1252 14940 14744 6087 3104 2983 1932 2715 196 389 1051
is_linear=0
shrinkage=0.05


Tree=104
num_leaves=17
num_cat=0
split_feature=35 19 31 45 30 24 17 24 36 30 2 17 12 30 32 40
split_gain=4.84612 7.0718 3.74919 3.19611 2.87511 2.95373 1.70049 1.13571 1.08843 1.28026 0.822355 0.395903 0.358198 0.22562 0.192862 0.14188
threshold=0.0090875700116157549 0.0034932494163513188 0.048042146489024169 0.0042359046638011941 0.0044841971248388299 0.27758213877677923 0.27500000596046453 0.024570011533796791 0.0016177166253328326 0.0022322398144751792 0.11136212572455408 0.82499998807907116 0.0055274600163102159 0.0030023575527593498 0.0026956780347973113 0.26409988105297094
decision_type=2 2 2 2 2 2 2 2 2 2 2 2 2 2 2 2
left_child=2 -2 7 4 5 -3 -6 -1 9 -5 11 14 15 -12 -4 -9
right_child=1 3 10 8 6 -7 -8 12 -10 -11 13 -13 -14 -15 -16 -17
leaf_value=0.012353622661535694 0.069837022316541514 0.005906706125773176 -0.041637786736592561 0.0048693739065998037 0.0063655584494246315 -0.014876732804910696 -0.040705387908558439 -0.064139105070576935 -0.01726262566140533 0.028103711870698087 0.030821892540446955 0.0097207113279755512 0.0012302309678187135 -0.0042362535943996733 0.0034087573741198177 -0.0022177570341071116
leaf_weight=0.24955407787638151 2.7438600588939144 47.706571370428719 0.15304609876693609 11.32146989781541 2.207447925120503 25.351131299305962 6.9384018698397085 4.9074262816302507 1.6421949548239343 12.726701675826915 1.6017651307047343 0.26509699894813821 0.18723881274854637 0.29030148211313633 0.1228923452727031 0.16831185880437249
leaf_count=8 28 9508 62 724 163 12857 5969 1488 66 643 213 55 47 57 28 24
internal_value=-0.000561738 0.00228038 -0.0359673 -6.32173e-05 -0.00489212 -0.00140868 -0.0298367 -0.055983 0.0149926 0.0177965 0.0124786 -0.0206906 -0.0606784 0.025838 -0.0346275 -0.0627888
internal_weight=118.583 110.638 7.94563 107.894 82.2036 73.0577 9.14585 5.51253 25.6904 24.0482 2.4331 0.541035 5.26298 1.89207 0.275938 5.07574
internal_count=31940 29958 1982 29930 28497 22365 6132 1567 1433 1367 415 145 1559 270 90 1512
is_linear=0
shrinkage=0.05


Tree=105
num_leaves=27
num_cat=0
split_feature=0 0 32 1 35 34 37 3 30 0 33 6 0 0 37 0 32 14 2 39 25 45 26 29 44 12
split_gain=2.47519 3.55044 3.07262 4.56146 6.64907 2.97192 2.85776 2.72034 2.634 1.67219 2.7386 1.61702 0.931766 0.91285 0.701318 0.573194 0.224493 0.17355 0.119367 0.115358 0.0967818 0.0903256 0.0864766 0.0546843 0.030736 0.00801057
threshold=0.73028257489204418 0.59804528951644909 0.0027239220216870312 0.26239226758480078 0.069729324430227294 0.23084913194179538 0.02185094449669123 0.0031112155411392455 0.000462396870716475 0.42842167615890508 0.0031659476226195697 -0.17994819581508634 0.69671961665153515 0.79849058389663707 0.0029759288299828772 0.91543772816658031 0.031177734024822715 0.002980129094794393 0.1756609529256821 0.0013344219187274577 -0.0010021238122135399 0.0034769721096381549 -1.1003259420394895 -0.56130871176719654 5.9831748008728036 2.6013031856564343e-05
decision_type=2 2 2 2 2 2 2 2 2 2 2 2 2 2 2 2 2 2 2 2 2 2 2 2 2 2
left_child=1 2 3 4 -1 16 14 12 -5 11 -11 -4 -8 20 21 17 18 -15 22 -16 23 -3 -2 -7 -9 -17
right_child=5 6 9 8 -6 13 7 24 -10 10 -12 -13 -14 15 19 25 -18 -19 -20 -21 -22 -23 -24 -25 -26 -27
leaf_value=-0.050586055061517858 0.001455622296418539 -0.0042081509306719283 -0.021806143021897803 0.0077022159772012367 0.014153945514251174 0.007922106975082964 0.055729838533681478 -0.024628287631961225 -0.032564835948406388 -0.031144324206114016 0.03130190781000583 0.017149231203361509 0.0082585371073453078 0.031778185649833555 -0.031395459726794049 4.1653154474996734e-05 0.0037786297922782703 0.00091125617764753475 0.0017014499637240531 0.0027498805563718818 -0.024541074838677866 0.019089038846832732 -0.044215165634121839 -0.0070801131056279325 0.0005168990955031756 -0.014273297929210544
leaf_weight=3.6803814677114159 0.041684039022584218 0.15486667483310101 2.0651663550415824 4.6711790389417756 25.185427220279962 0.20044392501586117 6.5562272325159903 0.8633024411210507 19.062444433963719 4.6063327897300033 1.6343582706176674 30.149501621808668 1.6479165115697467 2.352418957852934 1.6268041247194558 0.099019447978207498 0.10592913295113238 0.59678108314983536 0.072727155435131752 0.10543149571731181 0.82206079784373265 0.5138973196153529 6.0383948225708064 0.23279521199583542 0.086741475854068995 0.36399597555282526
leaf_count=2531 24 187 405 558 2174 41 544 445 10557 1060 96 2692 539 164 1600 31 13 59 19 88 78 12 7879 43 6 140
internal_value=-0.000151689 0.00233257 -0.0010926 -0.00887667 0.00448222 -0.0217211 0.0272601 0.0391609 -0.0246486 0.00950962 -0.012726 0.0140706 0.0481278 0.00787511 -0.0162867 0.0200729 -0.041837 0.0273445 -0.0430408 -0.0290714 -0.0194802 0.0144053 -0.0437407 0.000545419 -0.0232447 -0.013276
internal_weight=113.536 102.61 91.0548 52.5994 28.8658 10.9263 11.5552 9.15419 23.7336 38.4554 6.24069 32.2147 8.20414 4.66752 2.401 3.41222 6.25874 2.9492 6.15281 1.73224 1.2553 0.668764 6.08008 0.433239 0.950044 0.463015
internal_count=31985 23494 20073 15820 4705 8491 3421 1534 11115 4253 1156 3097 1083 556 1887 394 7935 223 7922 1688 162 199 7903 84 451 171
is_linear=0
shrinkage=0.05


Tree=106
num_leaves=15
num_cat=0
split_feature=41 34 2 0 37 24 39 0 2 4 2 32 31 32
split_gain=3.48875 3.00478 2.14055 2.19265 3.55244 2.1696 1.01514 0.884279 0.860612 0.659594 0.306944 0.29535 0.278453 0.011733
threshold=0.77810069918632518 0.37249372899532324 0.12147369608283044 0.41136083006858831 0.078043173998594298 0.20981206744909289 0.0064749675802886495 0.55553334951400768 0.12391385063529016 0.0012035170220769944 0.1087399832904339 0.015647846274077896 0.061415445059537895 0.023359116166830066
decision_type=2 2 2 2 2 2 2 2 2 2 2 2 2 2
left_child=1 2 6 5 -5 -4 7 -1 12 13 -8 -11 -3 -10
right_child=-2 8 3 4 -6 -7 10 -9 9 11 -12 -13 -14 -15
leaf_value=-0.036198558744945528 0.050452207152099374 -0.020817740945505911 0.019835421958730046 -0.015334523792433689 0.029202300835333341 -0.0019454355848806861 -0.010695221357125211 -0.0047591867173676881 0.040020001893414023 0.015078780376358953 0.021021354727682268 -0.013912227181671856 0.010664885078795981 0.0066575516902884768
leaf_weight=7.6527780525839244 2.298269575003359 0.64726778225303661 16.593172169921672 35.062477002390551 4.176194911946367 32.20997418290699 0.45952439934808254 3.4713477584941757 5.0220786695717834 0.79332434487878323 1.006539999223605 0.72688347432995215 0.41521026322152466 0.47713430679868896
leaf_count=5904 92 69 2098 12208 261 6206 446 3718 472 57 232 34 106 35
internal_value=-0.000217406 -0.00173868 -0.00418581 -0.00131942 -0.00998652 0.00570968 -0.0226581 -0.0275895 0.0258376 0.0316549 0.0107744 0.00119687 -0.00930887 0.0385951
internal_weight=111.012 108.714 100.632 88.0418 39.2387 48.8031 12.5902 11.1241 8.0819 7.01942 1.46606 1.52021 1.06248 5.49921
internal_count=31938 31846 31073 20773 12469 8304 10300 9622 773 598 678 91 175 507
is_linear=0
shrinkage=0.05


Tree=107
num_leaves=17
num_cat=0
split_feature=41 45 4 32 20 24 1 2 1 3 3 3 16 24 4 45
split_gain=2.86235 3.23919 2.26331 2.98846 3.19131 2.51055 2.19929 1.97805 2.08889 1.53008 0.871272 0.652828 0.524224 0.408003 0.213169 0.148839
threshold=0.77810069918632518 0.0038653422379866247 -0.0029742111219093199 0.0027239220216870312 0.912553369998932 0.16203753650188449 0.53546753525733959 0.12330029159784318 0.84790217876434337 -1.0019404726335777e-05 -0.0040608134586364022 -0.0010100398212671278 0.99506372213363659 0.24599030613899234 0.0009129710088018329 0.0032789640827104454
decision_type=2 2 2 2 2 2 2 2 2 2 2 2 2 2 2 2
left_child=1 2 5 4 -4 15 -5 11 10 -7 -9 13 -13 -3 -10 -1
right_child=-2 7 3 6 -6 9 -8 8 14 -11 -12 12 -14 -15 -16 -17
leaf_value=-0.028722595126463565 0.04889926834629086 0.019799105389923001 0.0090782959986101235 -0.012079604554389773 -0.02453573306977018 0.039825380814422516 0.015804628440555146 -0.0053786819845343357 -0.001905572750227548 -0.0059959121896307069 0.02601944140566393 -0.032055813296307509 0.011123196378928739 -0.015671592467665241 -0.032152543885001904 0.0025465160277402354
leaf_weight=1.8871076094474104 1.9139995541117958 1.1736166920309186 8.2817323113467847 11.954911221504519 34.045776174898037 5.5289542829996208 14.635566251610724 2.1224173207301709 1.0095074593555176 2.1994300936667059 20.134335288836155 2.7438079216917717 0.34209779414231878 0.39477332351088978 1.0066001340746877 0.26171301538124669
leaf_count=846 89 87 698 2636 22251 949 1698 67 71 953 1039 423 34 113 21 20
internal_value=-4.65577e-06 -0.00131535 -0.00656512 -0.00979701 -0.0179011 0.0148128 0.00328462 0.0127262 0.0183898 0.0275921 0.0229228 -0.0148392 -0.0257183 0.00824538 -0.0226605 -0.025315
internal_weight=109.636 107.722 78.7952 68.918 42.3275 9.87721 26.5905 28.9272 24.2729 7.72838 22.2568 4.6543 3.08591 1.56839 2.01611 2.14882
internal_count=31995 31906 30051 27283 22949 2768 4334 1855 1198 1902 1106 657 457 200 92 866
is_linear=0
shrinkage=0.05


Tree=108
num_leaves=16
num_cat=0
split_feature=41 45 32 29 24 1 29 1 24 24 5 38 17 14 24
split_gain=4.71213 4.21588 2.57326 3.46767 3.09268 1.63825 1.99883 1.49523 1.41986 1.30937 1.29598 0.758307 0.749892 0.623378 0.39597
threshold=0.77810069918632518 0.0038653422379866247 0.0024942761519923811 0.054197184741497047 0.28874336183071142 0.5405929982662202 -1.8258908987045286 0.84790217876434337 0.22155421227216723 0.070523668080568327 0.004693312570452691 0.00091218212037347268 0.22500000149011615 0.00019017921295017007 0.26816938817501074
decision_type=2 2 2 2 2 2 2 2 2 2 2 2 2 2 2
left_child=1 2 3 4 -1 6 -4 9 -7 13 -11 -5 14 -3 -9
right_child=-2 7 5 11 -6 8 -8 12 -10 10 -12 -13 -14 -15 -16
leaf_value=-0.00024945502325445521 0.056663993961232131 -0.029603912395632405 0.033130940742418645 -0.058589442376646754 -0.031922776276611796 0.029706474110464579 -0.015463055044845304 -0.040181484241200965 0.00032893539350564846 0.027082807247593255 -0.00190623334746078 -0.018664725559909539 0.015397528497473185 0.0083848491224943738 0.0024833618950920004
leaf_weight=29.239711392026948 2.5803119926495119 1.178538426465827 1.5410743356096634 3.9131800965651555 9.473356750504534 6.8850336555515232 12.726121619722109 1.2389465175001526 8.6450710740100458 19.031168798406728 4.6183437684958326 3.3462298065187497 0.57049891428323452 1.4722441041667478 0.57215763315980428
leaf_count=7981 93 73 87 4128 7911 663 3427 50 1446 1264 200 4320 62 111 101
internal_value=0.000254637 -0.001663 -0.0078353 -0.0151336 -0.00860881 0.00355062 -0.00838789 0.0143572 0.0143622 0.0178762 0.0215741 -0.0446741 -0.0182985 -0.0119875 -0.0306143
internal_weight=107.032 104.452 75.7698 45.9725 38.7131 29.7973 14.2672 28.6819 15.5301 26.3003 23.6495 7.25941 2.3816 2.65078 1.8111
internal_count=31917 31824 29963 24340 15892 5623 3514 1861 2109 1648 1464 8448 213 184 151
is_linear=0
shrinkage=0.05


Tree=109
num_leaves=28
num_cat=0
split_feature=29 2 45 7 3 0 1 1 17 25 30 25 36 30 27 37 24 3 37 7 17 39 2 25 34 6 40
split_gain=2.75704 2.60395 2.58495 2.07238 2.32624 2.79988 2.29095 2.36851 1.65891 1.83855 1.123 1.03698 1.00673 1.40965 0.937199 0.510815 0.450209 0.346339 0.248484 0.243681 0.238073 0.251588 0.21683 0.152743 0.0953397 0.0236547 0.0182483
threshold=-0.53026109933853138 0.11377789080142976 0.005963801173493267 0.96901842951774608 0.0015745374257676306 0.17207015305757525 0.73808082938194286 0.54541853070259105 0.99166667461395275 -8.8721630163490759e-05 0.001903801108710468 0.00087821934721432637 0.0016177166253328326 0.0016928296536207201 -0.28428702056407923 0.090890523046255126 0.34357011318206793 0.0018311053281649949 0.031400160863995559 0.99963113665580761 0.85833334922790538 0.0048411139287054547 0.13086953014135363 -0.002105196006596088 0.34218244254589086 -0.7904456853866576 0.11490640789270402
decision_type=2 2 2 2 2 2 2 2 2 2 2 2 2 2 2 2 2 2 2 2 2 2 2 2 2 2 2
left_child=1 20 3 4 5 -2 7 -5 10 17 14 -12 13 18 -3 -6 -11 -10 -4 -8 21 24 -15 -22 -1 -25 -23
right_child=2 8 12 6 15 -7 19 -9 9 16 11 -13 -14 22 -16 -17 -18 -19 -20 -21 23 26 -24 25 -26 -27 -28
leaf_value=-0.043968924544140343 -0.022297186679719645 -0.016883398806678603 0.0070816352490403744 -0.014652989886995703 -0.031310539329676666 0.020598905802701989 -0.045907342715070826 0.014896321525529742 0.025165518747606693 -0.034016033200133682 0.040323066532436558 -0.0097662272490288849 -0.015415298962575444 0.0060509270260599201 0.019188406453486975 0.0095851293810783351 0.0092451831749329125 -0.010232105595617561 -0.019264436427587555 -0.010143145408232884 0.011557715061303798 -0.0043965062107716724 0.039963158565641033 0.0018690412398434707 -0.00041892473326591521 -0.013519085401092501 0.0043911700343439988
leaf_weight=1.0914628699601991 3.9964056093986136 1.7015642026935891 0.90771837057036264 32.226364371932505 3.7324026775017947 16.210102218454267 4.479913404357375 7.6561092278375318 2.8570713262215635 2.4255346107647653 10.21876013245264 0.75702832360457328 1.0863260081969199 0.94319909688056203 4.9163536800824721 0.43692089871910855 0.28723958150067108 0.2729305434913839 0.98751733443350531 1.2673756108870291 0.30177362196263857 0.094429597076668759 5.0907015549892094 0.038599757943302393 0.15432737497030746 0.46586024010366589 0.29829762765439227
leaf_count=963 952 366 60 11046 1752 2661 3547 2994 601 1754 1285 126 41 75 638 66 300 153 51 1096 63 94 187 15 43 920 102
internal_value=0.000591107 0.0144399 -0.00406847 -0.00737668 0.0042837 0.0114636 -0.013564 -0.00875489 0.019747 -0.00300783 0.0270591 0.0363413 0.0197916 0.0258013 0.00891501 -0.0259997 -0.028179 0.0203488 -0.00855842 -0.0406929 -0.0273994 -0.0346989 0.036276 -0.001567 -0.0411628 -0.0118819 0.000638588
internal_weight=104.902 25.8812 79.0211 70.0056 24.3758 20.2065 45.6298 39.8825 23.4365 5.84278 17.5937 10.9758 9.01546 7.92914 6.61792 4.16932 2.71277 3.13 1.89524 5.74729 2.44475 1.63852 6.0339 0.806234 1.24579 0.50446 0.392727
internal_count=31951 7423 24528 24114 5431 3613 18683 14040 5223 2808 2415 1411 414 373 1004 1818 2054 754 111 4643 2200 1202 262 998 1006 935 196
is_linear=0
shrinkage=0.05


Tree=110
num_leaves=28
num_cat=0
split_feature=21 29 1 35 1 1 2 24 6 36 44 17 0 2 32 5 6 39 7 35 34 45 45 46 43 45 46
split_gain=2.68114 2.08172 2.02601 1.89045 1.81183 1.29416 1.27384 1.26795 1.16347 0.951934 0.786935 0.652129 0.509141 0.498474 0.488629 0.433762 0.328643 0.281207 0.215126 0.13906 0.126718 0.113132 0.102045 0.0752452 0.0556269 0.0506177 0.0474966
threshold=0.95719203352928173 -0.94398248195648182 0.10124753043055536 0.009331921115517618 0.25467909872531896 0.30242420732975012 0.11560932546854021 0.11435057595372201 -0.46536426246166224 0.00094888475723564636 2.5392954349517827 0.57499998807907116 0.23390356451272967 0.13962422311306003 0.0041191743221133956 0.0055854900274425754 0.033693840727210052 0.0060100313276052484 0.9045553207397462 0.069729324430227294 0.24333363026380542 0.0019442698685452344 0.0012105406494811179 0.000852889963425696 0.0075856801122426995 0.0028478305321186785 0.0013999470393173399
decision_type=2 2 2 2 2 2 2 2 2 2 2 2 2 2 2 2 2 2 2 2 2 2 2 2 2 2 2
left_child=1 6 13 20 -5 12 18 11 22 -9 17 -8 16 15 25 -3 23 -10 26 -18 -4 -12 -7 -2 -20 -14 -1
right_child=5 2 3 4 -6 8 7 9 10 -11 21 -13 14 -15 -16 -17 19 -19 24 -21 -22 -23 -24 -25 -26 -27 -28
leaf_value=0.0099919293449871414 -0.01379915858394818 -0.040437967172428715 -0.040595420907512947 0.015479570955861374 -0.0017217283180598804 -0.0058045016468482261 0.01159946368538621 0.038276064996151576 -0.044398522926271791 -0.00077577367282133023 -0.0086746566400269717 -0.024732589990328974 -0.026988852881653522 0.0095952119047084013 0.014235315922367819 0.0040242305228352848 -0.0024150371085400347 0.0017484019052416676 -0.0247904318552854 0.028705190320673198 0.00058976605727457661 0.011801615493625458 0.016488267747397152 0.0054314496458009193 0.0017965259910934204 0.0017392914011944947 -0.0047676075785915402
leaf_weight=0.36388883907602476 0.34997070947429154 3.2098649929830572 1.6494782783393009 21.687353333330975 46.549222155505504 0.14516576100595457 2.3713418291736157 8.9404382780967335 6.0706993438002419 1.8045658585460831 0.26304758030346409 0.9561831084647564 1.1037265990171361 0.28468067173162115 0.41461722001258738 0.43521703797159705 0.25189174682418514 0.26858418725714717 1.0331029371900511 1.326407728513004 0.1704348935818415 0.57680794825864723 0.79467864112848474 0.14651781988504808 0.075923338838037924 0.040688087523449101 0.15249182366824243
leaf_count=128 339 2069 517 3761 12655 248 158 1276 6717 157 82 218 1718 18 40 17 174 119 1075 85 42 136 116 15 20 6 33
internal_value=0.000726564 0.00373842 0.000137643 0.00228631 0.0038899 -0.0207475 0.0196847 0.0244836 -0.0308274 0.0322099 -0.0371748 -0.00214342 0.00356635 -0.0308607 -0.0136105 -0.0354058 0.0167021 -0.0424715 -0.0153635 0.0247282 -0.0378971 0.00415923 0.0118278 -0.00828687 -0.0229815 -0.0256327 0.0053636
internal_weight=101.437 89.6842 73.9863 70.0565 68.2366 11.7528 15.6979 14.0725 8.11898 10.745 7.17914 3.32752 3.63382 3.92976 1.55903 3.64508 2.07479 6.33928 1.62541 1.5783 1.81991 0.839856 0.939844 0.496489 1.10903 1.14441 0.516381
internal_count=31939 22144 19079 16975 16416 9795 3065 1809 7418 1433 7054 376 2377 2104 1764 2086 613 6836 1256 259 559 218 364 354 1095 1724 161
is_linear=0
shrinkage=0.05


Tree=111
num_leaves=24
num_cat=0
split_feature=45 2 29 45 25 24 1 31 16 30 25 2 21 36 33 3 39 28 24 35 12 35 38
split_gain=2.35059 1.96211 1.79498 1.77771 1.74643 1.32552 1.2653 1.04513 0.972849 0.579 0.4463 0.207894 0.191786 0.166737 0.150637 0.115748 0.0686567 0.0496915 0.0219732 0.017844 0.00622773 0.00487462 0.00390523
threshold=0.00079775386257097136 0.11323481053113939 -0.49949845671653742 0.0064679333008825788 -0.00178476155269891 0.11082521826028825 0.87920954823493969 0.015786736272275451 0.99718040227890026 0.0015273490571416917 0.00063540841802023362 0.14375565946102145 0.97934928536415111 2.7363884328224234e-05 0.012792968656867744 -0.0040247542783617965 0.0038466443074867134 1.6856942772865298 0.19036559015512469 0.087801776826381697 0.025670494884252552 0.090670585632324233 0.0040404677856713542
decision_type=2 2 2 2 2 2 2 2 2 2 2 2 2 2 2 2 2 2 2 2 2 2 2
left_child=8 10 5 4 -4 7 -7 -3 13 -5 12 20 14 -1 -2 -12 17 -15 -14 -13 -10 -21 -18
right_child=1 2 3 9 -6 6 -8 -9 11 -11 15 19 18 16 -16 -17 22 -19 -20 21 -22 -23 -24
leaf_value=0.0032037114464964441 -0.034966397506187255 -0.027056463970065961 0.011772815285799565 -0.0055706205017574985 -0.0079061367347740864 0.026195440643861562 -0.012238543806794103 0.012579375515923506 -0.010894638660587271 0.027900844821073235 0.01606612542971823 0.018786707352282585 0.0065335216347159443 -0.041111989315061673 0.0025545392889575005 -0.0072992704410808421 -0.0020994788129212231 -0.0015598346041468211 -0.0037226934100549921 0.0022781897892593449 0.00064185412200146814 -0.0025408847770640023 0.002209961600705009
leaf_weight=0.090183095748215147 3.8287721089659494 2.129246051481462 13.77777264983524 1.2378424390335556 47.059658056333774 15.697523101423942 1.8621613527725447 2.6616238754759252 0.26919494155481494 5.619170331992791 0.25212217222633626 0.62644321131847391 0.14238235724042159 4.0454338665736032 0.14510688741665934 0.16195762415372872 0.056739559069683199 0.16276149367740789 0.10142376551266352 0.051873574569071934 0.012418474943842739 0.052893829216372978 0.04697713213681709
leaf_count=18 4376 417 1513 47 11846 2619 661 299 1018 211 84 203 17 7844 103 56 83 162 229 5 2 139 5
internal_value=-9.38407e-05 0.0018716 0.00362446 -0.000491684 -0.00333116 0.0155784 0.0216798 -0.0066666 -0.0293932 0.0219185 -0.0267981 0.00849503 -0.0311548 -0.0380693 -0.0333582 0.00822818 -0.0393731 -0.0401754 0.00270421 0.0174887 -0.010282 -0.000252464 8.62331e-05
internal_weight=100.092 94.6768 90.045 67.6944 60.8374 22.3506 17.5597 4.79087 5.41492 6.85701 4.63176 1.01282 4.21769 4.4021 3.97388 0.41408 4.31191 4.2082 0.243806 0.731211 0.281613 0.104767 0.103717
internal_count=31957 22478 17613 13617 13359 3996 3280 716 9479 258 4865 1367 4725 8112 4479 140 8094 8006 246 347 1020 144 88
is_linear=0
shrinkage=0.05


Tree=112
num_leaves=28
num_cat=0
split_feature=29 0 0 37 2 0 38 2 36 30 1 7 6 46 31 4 2 31 6 6 39 7 36 34 19 26 21
split_gain=1.90871 2.20081 2.00558 2.5142 2.23329 2.69971 1.3717 1.29085 1.09085 0.990744 0.846821 0.686119 0.669724 0.599061 0.418038 0.406632 0.308732 0.238547 0.206139 0.195655 0.17791 0.0955132 0.0711342 0.0647981 0.033929 0.0201564 0.00531339
threshold=-1.1820359826087949 0.73028257489204418 0.59804528951644909 0.027318176813423637 0.12973552942276004 0.41136083006858831 0.0036782399984076623 0.11743079870939256 0.00081964844139292847 0.004218307090923191 0.80577921867370617 0.99950224161148082 -0.099401473999023424 0.0048330212011933335 0.012910767924040558 0.00027793283516075468 0.13385386019945147 0.068412400782108321 0.7127041518688203 -0.14379119127988813 0.0015433389926329257 -1.0000000180025095e-35 0.0016177166253328326 0.35556218028068548 0.030726671218872074 3.220788955688477 0.80363303422927868
decision_type=2 2 2 2 2 2 2 2 2 2 2 2 2 2 2 2 2 2 2 2 2 2 2 2 2 2 2
left_child=7 2 4 11 8 -6 21 17 -2 -5 12 -4 19 -14 -12 16 -8 22 26 -9 -17 -3 25 -23 -16 -1 -19
right_child=1 6 3 9 5 -7 15 10 -10 -11 14 -13 13 -15 24 20 -18 18 -20 -21 -22 23 -24 -25 -26 -27 -28
leaf_value=-0.02623682311054383 -0.027719071818650794 0.0019796611539342978 -0.028658160515640914 0.046285777407491985 0.0085419643805998684 -0.014896223490341094 -0.011617716562245044 0.009291729042322474 0.0032382550342829083 -0.0032666992640266834 -0.022800678046753863 0.013831761498568974 0.039370480307457184 -0.00371760186393909 0.01562734129974019 -0.023516769632637383 0.020186365841835623 0.00035367439985703231 -0.013178358597328382 -0.015587949951736691 0.0053590057230288391 -0.041506499996152524 0.00240866589823115 0.00075302263886939782 -0.0013478671917187934 0.00020741162740630089 0.015909067776260555
leaf_weight=1.0166629264267601 10.310421903896893 0.040669639711268135 1.7710986082420261 4.7337414118328525 40.506562118806869 16.461233669726425 0.33030285235872758 0.80972465588274645 3.5432128965621805 1.0712493201999675 0.71289146419076022 0.71618506621780387 6.6708831486485005 0.71881647198460985 0.48959775946059381 0.72589070968388092 1.6129827703116459 0.10525564932322584 0.15553096411167644 0.42314109473954598 0.32288692962174537 4.7746492076680616 0.076739944401197024 0.056332069274503627 0.18304036567769799 0.058558922703923488 0.45343135839175375
leaf_count=965 6943 6 1748 515 7097 3779 116 152 542 412 430 399 826 36 78 93 144 47 41 36 38 7281 9 30 75 43 121
internal_value=-3.38998e-05 -0.00266489 -1.76421e-05 0.0218405 -0.00284541 0.0016292 -0.026291 0.0179478 -0.0201164 0.0380051 0.0247887 -0.0159656 0.0301633 0.0352356 -0.00728191 0.000950268 0.01267 -0.0145881 0.00483348 -0.00240426 -0.0163502 -0.0403345 -0.02328 -0.0409691 0.0129639 -0.0253907 0.0150855
internal_weight=98.8517 86.9774 79.1137 8.29227 70.8214 56.9678 7.86371 11.8743 13.8536 5.80499 10.0081 2.48728 8.62257 7.3897 1.38553 2.99206 1.94329 1.86618 0.714218 1.23287 1.04878 4.87165 1.15196 4.83098 0.672638 1.07522 0.558687
internal_count=32002 29143 21435 3074 18361 10876 7708 2859 7485 927 1633 2147 1050 862 583 391 260 1226 209 188 131 7317 1017 7311 153 1008 168
is_linear=0
shrinkage=0.05


Tree=113
num_leaves=24
num_cat=0
split_feature=46 24 1 29 1 22 25 17 20 33 36 24 40 46 33 4 0 32 33 37 29 7 25
split_gain=2.15299 2.08693 2.00526 1.74839 1.93229 1.63788 1.4993 0.93222 0.920716 0.757075 0.581882 0.549877 0.413059 0.366074 0.447516 0.352186 0.346489 0.123226 0.100337 0.0743632 0.0319052 0.0293446 0.0102376
threshold=0.00041732733370736247 0.070523668080568327 0.87920954823493969 0.2729835063219071 0.51242694258689891 1.0000000180025095e-35 -0.00178476155269891 0.24166666716337207 0.99247220158576976 0.0026244961190968756 0.00044691609218716627 0.21239098161458972 0.26409988105297094 0.00036336717312224215 0.0014803134254179897 -0.0038553237682208415 0.20508433133363727 0.0065449539106339225 0.00074115340248681616 0.0055896723642945298 -1.5849825739860532 0.96706482768058788 0.0002201916140620597
decision_type=2 2 2 2 2 2 2 2 2 2 2 2 2 2 2 2 2 2 2 2 2 2 2
left_child=5 8 3 6 -5 7 -3 11 12 10 -4 19 15 14 -9 -2 -15 -13 -7 -1 -10 -11 -22
right_child=1 2 9 4 -6 18 -8 13 20 21 -12 17 -14 16 -16 -17 -18 -19 -20 -21 22 -23 -24
leaf_value=0.00037092450753661946 0.0047216383507253925 0.02638046248405735 -0.044667996122595095 -0.024802985426861792 0.010894855707040038 0.00059706535552029997 0.0074244383138618994 -0.04014462319150288 0.017250255449965276 0.014943547704977779 -0.0049348875272849681 -0.022235325476297901 0.00084994664565784812 0.0060112028832330633 -0.0019067006968576676 -0.04197527959366476 -0.021355294231910307 0.0042300911550373936 0.027728054321408315 0.020949620180769808 0.0029631313936089145 -0.00065942442067062684 -0.003944724843631179
leaf_weight=0.59836709752562223 0.2375337267294525 12.970146294846925 1.9983412772021432 6.7586674279127674 6.5788864567239216 0.46321869068924648 46.954384357923118 5.6734689710192452 0.47849313111510128 0.43842200030303491 1.7314267452475176 0.87678091077668774 0.73789130174554873 1.4359183703027159 0.98055501754151908 3.2137141381335819 1.6528222213210026 0.21185415026047849 1.0342578844865782 1.1399318945877892 0.095651904204714699 0.27853751998918597 0.084486895049849409
leaf_count=39 8 2181 806 2052 1321 47 6568 11903 51 69 338 977 71 715 1468 627 2256 65 80 75 33 77 94
internal_value=0.00097599 0.00410345 0.00619942 0.00827752 -0.0076629 -0.0164324 0.011893 -0.022467 -0.0248092 -0.0232722 -0.0311663 0.00230447 -0.0326743 -0.0292 -0.0354951 -0.0384226 -0.0102743 -0.0175256 0.022935 0.0165883 0.0147549 0.0120283 -0.000874
internal_weight=96.6238 82.5566 77.7088 73.2621 13.3376 14.0672 59.9245 12.5697 4.84777 4.44673 3.72977 2.82693 4.18914 9.74276 6.65402 3.45125 3.08874 1.08864 1.49748 1.7383 0.658632 0.71696 0.180139
internal_count=31921 14296 13412 12122 3373 17625 8749 17498 884 1290 1144 1156 706 16342 13371 635 2971 1042 127 114 178 146 127
is_linear=0
shrinkage=0.05


Tree=114
num_leaves=22
num_cat=0
split_feature=45 32 1 36 35 30 24 25 42 1 5 24 35 2 36 29 1 31 3 29 37
split_gain=2.38289 1.82847 2.65033 2.48246 2.74983 2.04402 2.50125 1.37306 1.28246 1.16018 1.87712 1.35776 1.56502 1.22852 0.834857 0.664083 0.662273 0.656193 0.521535 0.504329 0.0705682
threshold=0.0055435129906982192 0.0027239220216870312 0.34446594119071966 0.00047940360673237597 0.077722117304801955 0.0029409843264147644 0.22466973215341571 -0.0020017302595078941 0.90625000000000011 0.57206794619560253 0.0019533360609784727 0.22466973215341571 0.051478808745741851 0.16174234449863437 0.0016177166253328326 -0.21898853778839109 0.86964362859725963 0.05532681196928025 0.0031644519185647373 0.6784842610359193 0.004064342239871622
decision_type=2 2 2 2 2 2 2 2 2 2 2 2 2 2 2 2 2 2 2 2 2
left_child=1 2 3 4 -1 6 -4 -5 20 10 15 19 -13 -12 16 -3 18 -7 -10 -11 -2
right_child=8 9 5 7 -6 17 -8 -9 14 11 13 12 -14 -15 -16 -17 -18 -19 -20 -21 -22
leaf_value=-0.024559321470003628 -0.025187628012939001 0.03152096746444244 0.01144712261905264 0.019235156025790949 0.019870571633807191 -0.044968606773866077 -0.03068713083840386 -0.026703042537793698 0.031720014971603372 0.036432566987021714 -0.022591329204484339 -0.016312380321846617 0.023239598396918564 0.012268453533732768 -0.011244437336567371 -0.0040455960406988404 -0.0092801871106490044 0.001600510486451837 -0.0035676673396319147 0.0023883265198948586 -0.0018880859004167421
leaf_weight=3.5730662609748878 0.73627331364696036 2.896640799843226 6.4505738604084417 1.2114501722289777 14.542275471011635 7.9057882721067454 5.8487311315293482 8.5490069730094529 10.04935125922929 4.9097832346560599 9.4135599831479322 4.9600091372731168 3.3096463847941777 2.6284672572965055 1.1849841586008558 1.6688221008862516 0.80861114466824879 0.75308474328267028 0.94659428406157609 1.5138236867242083 0.61479348182911053
leaf_count=4296 51 395 769 313 2860 11978 3541 1633 702 373 2317 810 412 401 75 407 68 245 53 227 75
internal_value=-0.00144062 -0.00484317 -0.0108055 -0.000551585 0.0102809 -0.0237978 -0.00938999 -0.0197436 0.016649 0.00450557 -0.00447035 0.0142892 0.000316356 -0.0146251 0.021601 0.0201293 0.0255188 -0.041172 0.0286381 0.029812 -0.019898
internal_weight=94.4753 80.1347 48.834 27.8758 18.1153 20.9582 12.2993 9.76046 14.3406 31.3008 16.6075 14.6933 8.26966 12.042 12.9895 4.56546 11.8046 8.65887 10.9959 6.42361 1.35107
internal_count=32001 30977 25635 9102 7156 16533 4310 1946 1024 5342 3520 1822 1222 2718 898 802 823 12223 755 600 126
is_linear=0
shrinkage=0.05


Tree=115
num_leaves=17
num_cat=0
split_feature=2 2 5 4 2 46 24 17 1 36 34 24 6 5 6 27
split_gain=2.28161 2.00995 2.71691 2.1188 2.46598 1.7386 1.84076 1.54808 1.11904 0.344627 0.270951 0.181712 0.118144 0.115452 0.0655538 0.0406994
threshold=0.1087399832904339 0.17218530178070071 0.0035297344438731675 0.0012035170220769944 0.12973552942276004 0.00090733106480911385 0.18422307819128039 0.45833332836627966 0.3483570665121079 0.00041733177204150712 0.14108198881149295 0.024570011533796791 0.86583974957466137 0.003499650396406651 -0.7904456853866576 3.3471559286117558
decision_type=2 2 2 2 2 2 2 2 2 2 2 2 2 2 2 2
left_child=11 2 3 4 -2 7 -7 -4 -5 10 -3 -1 14 -11 -13 -16
right_child=1 9 5 8 -6 6 -8 -9 -10 13 -12 12 -14 -15 15 -17
leaf_value=0.0039477146615395104 -0.0085667734164183128 -0.014313745360961078 0.0091540177581858218 0.0050839601113756077 0.017347038019094246 -0.019407387412206406 0.011817078539897358 -0.037335568754312175 -0.02496178262305869 0.0082011586721068962 0.015339236788416536 0.0011109786100268989 0.0021604173888558863 0.041485516537683731 -0.042292835270572808 8.3498338717983978e-05
leaf_weight=0.074185259873046916 11.634439809933154 0.40408486930391407 1.8125339321386507 4.8605287664831831 34.994140595783392 7.7718269557626654 9.2524324072073778 7.9014297884934876 6.3529578154334558 0.90892348138004342 0.74377210114107584 0.039554447459523412 0.06522420737746859 2.7170133763320337 2.5460566696842766 0.053581059739371883
leaf_count=6 3814 353 479 1074 5356 882 670 12096 2473 70 94 15 22 113 4526 24
internal_value=0.000440755 0.00202798 7.86244e-05 0.00615898 0.0108371 -0.0128227 -0.00272324 -0.0286163 -0.0125884 0.0305705 0.0030963 -0.0376298 -0.0395281 0.0367185 -0.0408689 -0.0416389
internal_weight=92.1327 89.3541 84.5803 57.8421 46.6286 26.7382 17.0243 9.71396 11.2135 4.77379 1.14786 2.7786 2.70442 3.62594 2.63919 2.59964
internal_count=32067 27474 26844 12717 9170 14127 1552 12575 3547 630 447 4593 4587 183 4565 4550
is_linear=0
shrinkage=0.05


Tree=116
num_leaves=21
num_cat=0
split_feature=2 41 5 24 41 36 6 2 0 27 29 32 25 33 22 24 3 32 6 12
split_gain=1.84401 1.87927 1.89668 2.41096 2.98766 2.36221 1.83878 1.62573 1.52698 0.981509 1.06581 0.854423 0.784787 0.696586 0.580089 0.231055 0.194942 0.110014 0.0695399 0.0172554
threshold=0.10825660452246667 0.0009285569831263275 0.003499650396406651 0.28874336183071142 8.4309576777741327e-05 0.00072699916199781011 -0.15311333537101743 0.10922662168741228 0.46871817111969 -1.0000000180025095e-35 0.99182581901550304 0.0020018692594021563 -0.0024512271629646416 0.0028170597506687049 1.0000000180025095e-35 0.056804586201906211 -0.0054690020624548188 0.0025136317126452927 0.91976016759872448 0.025670494884252552
decision_type=2 2 2 2 2 2 2 2 2 2 2 2 2 2 2 2 2 2 2 2
left_child=15 2 3 4 -2 7 13 -4 -7 11 -11 -8 -5 14 -3 -1 -17 -15 19 -18
right_child=1 6 5 12 -6 8 9 -9 -10 10 -12 -13 -14 17 -16 16 18 -19 -20 -21
leaf_value=0.0043255768019222806 0.016625840369660954 -0.032874689252747148 0.030284032693463643 0.0079682811603116813 -0.023275501161463059 -0.022869570485471898 -0.020933894866625724 -0.039189346128741614 0.021094746743739751 0.023429923690462429 -0.0075597213377765361 0.0082823417544990712 -0.030852029296702183 -0.0058562316169534284 0.0088924101066289209 0.0039273581046051003 -0.041932204637222747 0.016199872531646571 0.001155465044026135 -0.00041290667822254398
leaf_weight=0.14279528774204608 21.5808914979898 3.1679633437488515 0.20221133251652545 1.198343058438694 4.9924638716593099 2.2890614426796665 2.1826541453001473 8.5076589314164703 3.9924990187046205 19.854989380553437 2.7184104546404333 10.829541286497713 5.2404015447909842 0.21524991042406305 0.5846862448088358 0.086565970166703088 2.1940834299389289 0.8780674745903525 0.043705104122636729 0.045401291213238326
leaf_count=15 1429 2461 45 344 1036 127 3675 7918 261 3253 673 2589 3158 230 52 9 4321 166 19 65
internal_value=0.000251687 0.00164468 -0.00500287 0.00179162 0.00855713 -0.0191412 0.00946743 -0.0346236 0.00413319 0.0134444 0.0195356 0.00223741 -0.0235271 -0.017041 -0.0258653 -0.0352878 -0.03825 0.0111343 -0.0405583 -0.0414778
internal_weight=90.9476 88.4351 48.0035 33.0121 26.5734 14.9914 40.4316 8.70987 6.28156 35.5856 22.5734 13.0122 6.43874 4.84597 3.75265 2.51255 2.36976 1.09332 2.28319 2.23948
internal_count=31846 27417 14318 5967 2465 8351 13099 7963 388 10190 3926 6264 3502 2909 2513 4429 4414 396 4405 4386
is_linear=0
shrinkage=0.05


end of trees

feature_importances:
radius_norm=256
distance_to_centroid_norm=203
x_norm=182
y_norm=167
history_mean_angular_velocity_norm=131
appearance_peer_z=128
orientation_cos=106
speed_minus_peer_median_norm=106
orientation_sin=104
history_mean_global_similarity_residual_norm=104
speed_norm=100
history_std_global_similarity_residual_norm=86
is_current_target=81
vx_norm=78
history_mean_direction_score_norm=72
vy_norm=68
history_std_speed_norm=63
history_mean_translation_residual_norm=62
history_std_translation_residual_norm=60
history_std_angular_velocity_norm=59
visible_streak_norm=55
history_mean_appearance_distance=55
history_mean_speed_norm=54
angular_velocity_norm=46
history_std_appearance_distance=46
history_std_rotation_score_norm=44
appearance_distance=42
history_std_direction_score_norm=40
yolo_confidence=34
history_mean_rotation_score_norm=29
motion_reliability=27
association_quality=25
direction_score_peer_z=24
global_similarity_residual_peer_z=22
global_similarity_residual_norm=19
rotation_score_norm=15
direction_score_norm=14
history_length_norm=11
rotation_score_peer_z=8
rigidity_score_peer_z=7
speed_score_norm=6
translation_residual_norm=2
rigidity_score_norm=2

parameters:
[boosting: gbdt]
[objective: lambdarank]
[metric: ndcg]
[tree_learner: serial]
[device_type: cpu]
[data_sample_strategy: bagging]
[data: ]
[valid: ]
[num_iterations: 200]
[learning_rate: 0.05]
[num_leaves: 31]
[num_threads: 0]
[seed: 20260911]
[deterministic: 0]
[force_col_wise: 0]
[force_row_wise: 0]
[histogram_pool_size: -1]
[max_depth: 5]
[min_data_in_leaf: 40]
[min_sum_hessian_in_leaf: 0.001]
[bagging_fraction: 0.8]
[pos_bagging_fraction: 1]
[neg_bagging_fraction: 1]
[bagging_freq: 1]
[bagging_seed: 22173]
[bagging_by_query: 0]
[feature_fraction: 0.85]
[feature_fraction_bynode: 1]
[feature_fraction_seed: 8630]
[extra_trees: 0]
[extra_seed: 5152]
[early_stopping_round: 0]
[early_stopping_min_delta: 0]
[first_metric_only: 0]
[max_delta_step: 0]
[lambda_l1: 0]
[lambda_l2: 1]
[linear_lambda: 0]
[min_gain_to_split: 0]
[drop_rate: 0.1]
[max_drop: 50]
[skip_drop: 0.5]
[xgboost_dart_mode: 0]
[uniform_drop: 0]
[drop_seed: 25851]
[top_rate: 0.2]
[other_rate: 0.1]
[min_data_per_group: 100]
[max_cat_threshold: 32]
[cat_l2: 10]
[cat_smooth: 10]
[max_cat_to_onehot: 4]
[top_k: 20]
[monotone_constraints: ]
[monotone_constraints_method: basic]
[monotone_penalty: 0]
[feature_contri: ]
[forcedsplits_filename: ]
[refit_decay_rate: 0.9]
[cegb_tradeoff: 1]
[cegb_penalty_split: 0]
[cegb_penalty_feature_lazy: ]
[cegb_penalty_feature_coupled: ]
[path_smooth: 0]
[interaction_constraints: ]
[verbosity: -1]
[saved_feature_importance_type: 0]
[use_quantized_grad: 0]
[num_grad_quant_bins: 4]
[quant_train_renew_leaf: 0]
[stochastic_rounding: 1]
[linear_tree: 0]
[max_bin: 255]
[max_bin_by_feature: ]
[min_data_in_bin: 3]
[bin_construct_sample_cnt: 200000]
[data_random_seed: 5056]
[is_enable_sparse: 1]
[enable_bundle: 1]
[use_missing: 1]
[zero_as_missing: 0]
[feature_pre_filter: 1]
[pre_partition: 0]
[two_round: 0]
[header: 0]
[label_column: ]
[weight_column: ]
[group_column: ]
[ignore_column: ]
[categorical_feature: ]
[forcedbins_filename: ]
[precise_float_parser: 0]
[parser_config_file: ]
[objective_seed: 11763]
[num_class: 1]
[is_unbalance: 0]
[scale_pos_weight: 1]
[sigmoid: 1]
[boost_from_average: 1]
[reg_sqrt: 0]
[alpha: 0.9]
[fair_c: 1]
[poisson_max_delta_step: 0.7]
[tweedie_variance_power: 1.5]
[lambdarank_truncation_level: 30]
[lambdarank_norm: 1]
[label_gain: ]
[lambdarank_position_bias_regularization: 0]
[eval_at: 1]
[multi_error_top_k: 1]
[auc_mu_weights: ]
[num_machines: 1]
[local_listen_port: 12400]
[time_out: 120]
[machine_list_filename: ]
[machines: ]
[gpu_platform_id: -1]
[gpu_device_id: -1]
[gpu_use_dp: 0]
[num_gpu: 1]

end of parameters

pandas_categorical:null
